source_row_id,like_count,love_count,care_count,haha_count,wow_count,sad_count,angry_count,source_total_reactions,calculated_total_reactions,record_id,model_text,privacy_masked,language_type,text_hash,duplicate_group_id,duplicate_count,is_duplicate,total_reactions,log_total_reactions,like_ratio,like_ratio_smoothed,love_ratio,love_ratio_smoothed,care_ratio,care_ratio_smoothed,haha_ratio,haha_ratio_smoothed,wow_ratio,wow_ratio_smoothed,sad_ratio,sad_ratio_smoothed,angry_ratio,angry_ratio_smoothed,dominant_reaction,dominant_ratio,dominance_margin,sentiment_label_v1,label_confidence_v1,fusion_score_v1,reaction_entropy_v1,is_ambiguous_v1,positive_anchor_mass_v1,negative_anchor_mass_v1,baseline_filtered_label,baseline_filtered_score,label_version_v1,split,quality_status,sentiment_label,candidate_sentiment_label,label_confidence,is_uncertain,is_ambiguous,reaction_entropy,mixed_evidence,sentiment_probability_negative,sentiment_probability_neutral,sentiment_probability_positive,sentiment_probability_mixed,emotion_probability_joy,emotion_probability_affection,emotion_probability_amusement,emotion_probability_surprise,emotion_probability_sadness,emotion_probability_anger,emotion_probability_care_empathy,emotion_probability_fear,emotion_probability_disgust,emotion_probability_approval,emotion_probability_sarcasm,decision_reason,prediction_source,label_version
1,51,8,1,16,1,0,2,79,79,RF_POST_000001,විනිසුරුවරුන්ගේ විශ්රාම වයස සංශෝධනය කිරීම ඇතුළු කරුණු ඇතුළත් 22වන ආණ්ඩුක්රම ව්යවස්ථා සංශෝධන පනත් කෙටුම්පත ගැසට් කර තිබේ.,False,sinhala,eff1bea08d1c1a413e584360a0f58368b3162521d47da157b8cae7b2ab295898,DUP_eff1bea08d1c1a41,1,False,79,4.382026634673881,0.6455696202531646,0.6046511627906976,0.1012658227848101,0.1046511627906976,0.0126582278481012,0.0232558139534883,0.2025316455696202,0.1976744186046511,0.0126582278481012,0.0232558139534883,0.0,0.0116279069767441,0.0253164556962025,0.0348837209302325,like,0.6455696202531646,0.4430379746835443,positive,0.1228865193250301,0.2113159013541824,0.5352350556429544,True,0.1082278481012658,0.0253164556962025,positive,0.6208530805687204,reactionfusion_v1_provisional,train,approved,uncertain,neutral,0.2895349453530586,True,True,0.6190749311798678,0.11517673138230099,0.18075114922322003,0.2895349453530586,0.2793794826402405,0.2503344227834809,0.6407984003158106,0.3919411545982906,0.29610528429401667,6.653153242071672e-05,0.23326503095258727,0.0011338290321611804,0.00010130971540874193,0.020076055908226823,0.012871326388276216,0.5266313697442557,0.0965878625716257,"candidate=neutral; anchor_balance=0.071; mixed_evidence=0.115; strongest=joy=0.64, approval=0.53",final_model,reactionfusion_v2_hybrid_development
4,326,1,0,177,4,9,8,525,525,RF_POST_000004,පල්ලන්සේන බන්ධනාගාරයේ නොසන්සුන්තාවක් මේ වනවිට රැඳවියන් පිරිසක් වහලය මත නැග ඇති බව ද සඳහන්ය,False,sinhala,bcf9f3cfa020b706dd61d62f40817879f36969367ad55b713d67422294952a9d,DUP_bcf9f3cfa020b706,1,False,525,6.26530121273771,0.6209523809523809,0.6146616541353384,0.0019047619047619,0.0037593984962406,0.0,0.0018796992481203,0.3371428571428571,0.3345864661654135,0.0076190476190476,0.0093984962406015,0.0171428571428571,0.018796992481203,0.0152380952380952,0.0169172932330827,like,0.6209523809523809,0.2838095238095238,neutral,0.1683205561575639,-0.0918331435268897,0.4342404852712776,True,0.0019047619047619,0.0323809523809523,negative,-0.8888888888888888,reactionfusion_v1_provisional,train,approved,negative,negative,0.34346949032290264,False,False,0.45523040590138614,0.008728101767282215,0.34346949032290264,0.3371381562424078,0.17981692523088225,0.1395754282038073,0.029231405817576498,0.08319216495416062,0.16903062369110855,0.04388687309795023,0.1432243032586283,0.8758947137873667,0.15312652867706664,0.3463032597594549,0.5873069364490668,0.1496229644387702,0.6413549863650158,"candidate=negative; anchor_balance=-0.031; mixed_evidence=0.009; strongest=anger=0.88, sarcasm=0.64",final_model,reactionfusion_v2_hybrid_development
5,35,0,1,0,0,0,0,36,36,RF_POST_000005,පේරාදෙණිය විශ්වවිද්යාලයේ කටයුතු 10 වැනිදා සිට යළි ඇරඹෙයි,False,sinhala,659262edefeae1b12d1557bde62b40b8986dcdeeafbd148479483513ff8c6202,DUP_659262edefeae1b1,1,False,36,3.610917912644224,0.9722222222222222,0.8372093023255814,0.0,0.0232558139534883,0.0277777777777777,0.0465116279069767,0.0,0.0232558139534883,0.0,0.0232558139534883,0.0,0.0232558139534883,0.0,0.0232558139534883,like,0.9722222222222222,0.9444444444444444,neutral,0.1912479595235908,0.0360466830032841,0.0652293968470351,True,0.0152777777777777,0.0,positive,1.0,reactionfusion_v1_provisional,train,approved,negative,negative,0.3269955822937009,False,False,0.37453184668626943,0.06968034356953849,0.3269955822937009,0.20549518804854294,0.2448947803714455,0.22261444928631072,0.11517092457151015,0.11343474837957214,0.011931407685960602,3.914409277651525e-05,0.872312005887622,0.3090886993470763,0.14183506834582787,0.15768972292114275,0.6584457575304437,0.44446174762237073,0.18034951695235948,"candidate=negative; anchor_balance=0.002; mixed_evidence=0.070; strongest=sadness=0.87, disgust=0.66",final_model,reactionfusion_v2_hybrid_development
6,1151,99,4,37,36,259,6,1592,1592,RF_POST_000006,කුරුවිට බන්ධනාගාරයේ ගැටුමෙන් දෙදෙනෙකු මරුට,False,sinhala,82b9390ddfc2e593ff118d4db41f1ec2aeb623384b8c8723a0f97f14e84e42fd,DUP_82b9390ddfc2e593,1,False,1592,7.373374309910049,0.7229899497487438,0.7204502814258912,0.0621859296482412,0.0625390869293308,0.0025125628140703,0.0031269543464665,0.0232412060301507,0.0237648530331457,0.0226130653266331,0.0231394621638524,0.1626884422110552,0.1626016260162601,0.0037688442211055,0.0043777360850531,like,0.7229899497487438,0.5603015075376885,negative,0.1618914133948254,-0.2114296090350496,0.4686022536418697,True,0.0635678391959799,0.1664572864321608,negative,-0.4472965592572365,reactionfusion_v1_provisional,train,approved,neutral,neutral,0.49213378294296284,False,False,0.4742070679149481,0.12188812064605607,0.29143613753789327,0.49213378294296284,0.13057150637719891,0.08585857314194496,0.022094182573890852,0.015013923466508112,0.0016812697997370292,0.5627740026840379,0.12004141771074789,0.00445112435401098,0.44445427132681214,0.0735237721193246,0.43706738822033137,0.018056440154187364,0.37691232317452444,"candidate=neutral; anchor_balance=-0.103; mixed_evidence=0.122; strongest=surprise=0.56, care_empathy=0.44",final_model,reactionfusion_v2_hybrid_development
7,26,8,1,0,0,0,0,35,35,RF_POST_000007,2025 වසරේ විස්සයි20 හොඳම පිතිකරු පැතුම් නිස්සංක ශ්රී ලංකා ක්රිකට් සම්මාන රාත්රිය,False,sinhala,89ae72a72afb070436af3e173fc15c2ff53a1b14c3421e64510dfcf5a44581ab,DUP_89ae72a72afb0704,1,False,35,3.58351893845611,0.7428571428571429,0.6428571428571429,0.2285714285714285,0.2142857142857142,0.0285714285714285,0.0476190476190476,0.0,0.0238095238095238,0.0,0.0238095238095238,0.0,0.0238095238095238,0.0,0.0238095238095238,like,0.7428571428571429,0.5142857142857142,positive,0.1838529611905408,0.4397605803054588,0.3390428137752312,True,0.2442857142857142,0.0,positive,1.0,reactionfusion_v1_provisional,train,approved,positive,positive,0.3715397684818404,False,False,0.5730359653158774,0.10914970767921474,0.10968954345766438,0.22072140396832435,0.3715397684818404,0.29804928409217085,0.8947207757050346,0.30432835020172244,0.5851620945787541,1.0878152086937657e-05,0.46732722924905523,6.4827560735883036e-06,0.00033191338050593175,0.0010996811994631367,0.0003645833151934406,0.9094321925995659,0.00968956829393345,"candidate=positive; anchor_balance=0.193; mixed_evidence=0.109; strongest=approval=0.91, joy=0.89",final_model,reactionfusion_v2_hybrid_development
8,55,13,2,1,0,0,0,71,71,RF_POST_000008,දුෂ්මන්ත චමීර 2025 වසරේ විස්සයි20 හොඳම පන්දු යවන්නා ශ්රී ලංකා ක්රිකට් සම්මාන රාත්රිය,False,sinhala,1ea83ccf689b0d511fbab1396db4384422f1039e1448f6a2ca928d4792c2d482,DUP_1ea83ccf689b0d51,1,False,71,4.276666119016055,0.7746478873239436,0.717948717948718,0.1830985915492957,0.1794871794871795,0.028169014084507,0.0384615384615384,0.0140845070422535,0.0256410256410256,0.0,0.0128205128205128,0.0,0.0128205128205128,0.0,0.0128205128205128,like,0.7746478873239436,0.5915492957746479,positive,0.2421673546066723,0.3856844357815048,0.3439232814446463,True,0.1985915492957746,0.0,positive,1.0,reactionfusion_v1_provisional,train,approved,positive,positive,0.38288326426697106,False,False,0.4794715015306629,0.04917656425955517,0.11391949381650068,0.22204972547016247,0.38288326426697106,0.28114751644636576,0.8839507598972909,0.6028651130633724,0.13314976737327858,0.00017856435006032096,0.4943170696110695,0.0003151745455443199,0.047405436897222694,0.012236527877993831,0.024719647567770838,0.936428332726712,0.06680225896562393,"candidate=positive; anchor_balance=0.175; mixed_evidence=0.049; strongest=approval=0.94, joy=0.88",final_model,reactionfusion_v2_hybrid_development
10,167,1,1,68,2,3,1,243,243,RF_POST_000010,කුරුවිට බන්ධනාගාරයේ රැඳවියන් පිරිසක් අතරද අද (07) නොසන්සුන්කාරී තත්ත්වයක් හටගෙන තිබේ.,False,sinhala,851546a718aa3d3885ff739b68c82f3d917ad15a23eac58075767946342b70d3,DUP_851546a718aa3d38,1,False,243,5.497168225293202,0.6872427983539094,0.672,0.0041152263374485,0.008,0.0041152263374485,0.008,0.279835390946502,0.276,0.0082304526748971,0.012,0.0123456790123456,0.016,0.0041152263374485,0.008,like,0.6872427983539094,0.4074074074074074,neutral,0.5236171176321816,-0.0294480872488016,0.3986419599552787,True,0.0063786008230452,0.0164609053497942,negative,-0.4414414414414415,reactionfusion_v1_provisional,train,approved,negative,negative,0.3442536962535855,False,False,0.44069051146855526,0.021858249368840343,0.3442536962535855,0.23217799285979437,0.20947890241734413,0.214089408469276,0.06228716831252795,0.1595847291834624,0.09928678704571858,0.015431302397925409,0.39993241705230453,0.7890213722391691,0.4612072316800699,0.5814270896578293,0.6566957926405718,0.33758259278129266,0.5907382608508329,"candidate=negative; anchor_balance=-0.012; mixed_evidence=0.022; strongest=anger=0.79, disgust=0.66",final_model,reactionfusion_v2_hybrid_development
11,75,1,0,52,0,0,0,128,128,RF_POST_000011,දිනෙන් දින කල්දමමින් තිබෙන පළාත් සභා මැතිවරණය ඉක්මනින් පවත්වන්න ශ්රී ලංකාවේ නිල සංචාරයක නිරත ඉන්දීය විදේශ ලේකම් මෙරට බලධාරීන් හමුවේ ප්රකාශ කරයි,False,sinhala,913b0ec4219ecd05612f6a202e5e82176878edcc38b9b11730a31d16dfdd6370,DUP_913b0ec4219ecd05,1,False,128,4.859812404361672,0.5859375,0.562962962962963,0.0078125,0.0148148148148148,0.0,0.0074074074074074,0.40625,0.3925925925925926,0.0,0.0074074074074074,0.0,0.0074074074074074,0.0,0.0074074074074074,like,0.5859375,0.1796875,neutral,0.4997857109030483,0.0250066103544757,0.3684955916740777,True,0.0078125,0.0,positive,1.0,reactionfusion_v1_provisional,train,approved,mixed,mixed,0.3684768125484157,False,True,0.4616124043621368,0.027354809147385886,0.2799807517724543,0.13952829951641327,0.2120141361627167,0.3684768125484157,0.14874294723614362,0.42685929268275147,0.49636435721456523,0.004547554969665587,0.5490255525705394,0.8051413207222985,0.31131700473970364,0.7112552325594211,0.6185611003701473,0.6052418934591453,0.7886493261195422,"candidate=mixed; anchor_balance=0.004; mixed_evidence=0.027; strongest=anger=0.81, sarcasm=0.79",final_model,reactionfusion_v2_hybrid_development
12,240,76,4,3,2,0,0,325,325,RF_POST_000012,බාල දක්ෂයෝ ලක්ෂයක් හෙට සිට ගෙන් ගෙට එනවා,False,sinhala,b4cf920016399b4a67e5e90c263be98e4383c8ce360ddd8c67f5724f564eed9d,DUP_b4cf920016399b4a,1,False,325,5.786897381366708,0.7384615384615385,0.7259036144578314,0.2338461538461538,0.2319277108433735,0.0123076923076923,0.0150602409638554,0.0092307692307692,0.0120481927710843,0.0061538461538461,0.0090361445783132,0.0,0.003012048192771,0.0,0.003012048192771,like,0.7384615384615385,0.5046153846153846,positive,0.3613901223771517,0.4402606306571992,0.3558181525271447,False,0.2406153846153846,0.0,positive,1.0,reactionfusion_v1_provisional,train,approved,positive,positive,0.40843301184517494,False,False,0.39332962979129765,0.009477822404609582,0.1755228134382449,0.2609414995147679,0.40843301184517494,0.15510267520181234,0.8514370308561451,0.5010166131144074,0.06269498490717336,0.002627628455158887,0.10947256034323029,0.0011200733910437589,0.5684674078112448,0.005044152138205537,0.18849765597784832,0.863042056273556,0.2677851042681494,"candidate=positive; anchor_balance=0.234; mixed_evidence=0.009; strongest=approval=0.86, joy=0.85",final_model,reactionfusion_v2_hybrid_development
14,841,187,7,7,5,2,0,1049,1049,RF_POST_000014,"මහ නගර සභාවට වරිපනම් නොගෙ වූ කොළඹ 7 ඉඩම් 30 පවරා ගන්න යනවා කොළඹ කොටුව දේපළ58 ක් ,වැල්ලවත්තේ දේපළ 67ක් කෝටි ගණන් දේපළ ඒ අතර",False,sinhala,cf009ce315a149434c57f0e800f7b09c76f726d183d80d5fb3c7ed35feb62231,DUP_cf009ce315a14943,1,False,1049,6.956545443151569,0.8017159199237369,0.7973484848484849,0.1782650142993327,0.178030303030303,0.0066730219256434,0.0075757575757575,0.0066730219256434,0.0075757575757575,0.0047664442326024,0.0056818181818181,0.0019065776930409,0.002840909090909,0.0,0.0009469696969696,like,0.8017159199237369,0.6234509056244042,positive,0.3033114267230498,0.3573883376624716,0.3026226936138019,True,0.1819351763584366,0.0019065776930409,positive,0.9792584910552242,reactionfusion_v1_provisional,train,approved,uncertain,neutral,0.29215521693247737,True,True,0.31575246539468427,0.0047841282635558225,0.28279793649239054,0.29215521693247737,0.2832293850172115,0.1418174615579206,0.5267630184957194,0.23397718826419467,0.02183108607671534,0.017250556383573475,0.13138554642816266,0.00798651395062015,0.7772967738346523,0.0048960126818105775,0.5685052187988978,0.6714406668985937,0.4980043366150344,"candidate=neutral; anchor_balance=0.178; mixed_evidence=0.005; strongest=care_empathy=0.78, approval=0.67",final_model,reactionfusion_v2_hybrid_development
15,80,1,0,0,0,0,0,81,81,RF_POST_000015,වයස අවුරුදු 50 සහ ඊට වැඩි වැඩිහිටියන් සඳහා ලොව ප්රථම වරට mRNA-පාදක සාමාන්ය සෘතුමය උණ එන්නත සඳහා අමෙරිකානු ආහාර හා ඖෂධ පරිපාලනය විසින් නිල අනුමැතිය ලබා දී තිබේ.,False,mixed,386d258ea90f0fb83d764f1354bbb0be170eb8211a8ac8bc4cc42b14c45dd532,DUP_386d258ea90f0fb8,1,False,81,4.406719247264253,0.9876543209876544,0.9204545454545454,0.0123456790123456,0.0227272727272727,0.0,0.0113636363636363,0.0,0.0113636363636363,0.0,0.0113636363636363,0.0,0.0113636363636363,0.0,0.0113636363636363,like,0.9876543209876544,0.9753086419753086,neutral,0.3131360910422586,0.029402384650099,0.0341853472967828,True,0.0123456790123456,0.0,positive,1.0,reactionfusion_v1_provisional,train,approved,negative,negative,0.3583674498182111,False,False,0.21413772392350308,0.019467065811227553,0.3583674498182111,0.31513433976978616,0.18102736924346008,0.14547084116854275,0.13555647932187032,0.06644464607739257,0.0016494791718027427,0.0004882189490623332,0.7119344601657307,0.45899361706791214,0.8416546489990115,0.09405153799763522,0.6859419179078821,0.16044720729993278,0.23856343638764602,"candidate=negative; anchor_balance=0.006; mixed_evidence=0.019; strongest=care_empathy=0.84, sadness=0.71",final_model,reactionfusion_v2_hybrid_development
16,60,0,0,34,0,0,0,94,94,RF_POST_000016,ගොවි විරෝධය සාධාරණයි! නිෂ්පාදන අලෙවි ගැටලු තිබෙනවා. කෘෂිකර්ම අමාත්ය කේඩී ලාල්කාන්ත,False,sinhala,fb449f1b2de61d044c06a50c71371569f13adc6a8bc9c8c5e3ee0dead4a5bb0b,DUP_fb449f1b2de61d04,1,False,94,4.553876891600541,0.6382978723404256,0.6039603960396039,0.0,0.0099009900990099,0.0,0.0099009900990099,0.3617021276595745,0.3465346534653465,0.0,0.0099009900990099,0.0,0.0099009900990099,0.0,0.0099009900990099,like,0.6382978723404256,0.2765957446808511,neutral,0.566192930032851,0.0,0.336290581168065,True,0.0,0.0,neutral,0.0,reactionfusion_v1_provisional,train,approved,mixed,mixed,0.3498475735091441,False,True,0.4626442807579876,0.02839994594752003,0.291494732304527,0.14530117246094393,0.213356521725385,0.3498475735091441,0.1194185811101045,0.3330369403967569,0.2936601608851686,0.003411510247580152,0.5650539651290611,0.8452346349781292,0.33604655409701106,0.7509013118618012,0.6816069367922876,0.5351520882284715,0.705021397699338,"candidate=mixed; anchor_balance=-0.004; mixed_evidence=0.028; strongest=anger=0.85, fear=0.75",final_model,reactionfusion_v2_hybrid_development
17,158,1,1,386,2,0,0,548,548,RF_POST_000017,විනිසුරු විශ්රාම වයස දීර්ඝ කිරීමට එරෙහිව වෘත්තීය සමිති 33 කින් ජනපතිට ලිපියක්,False,sinhala,cdf64f68d8b4abab139f422257bf56134d0d4c285548d9ffe7eaa3f865885aa9,DUP_cdf64f68d8b4abab,1,False,548,6.3080984415095305,0.2883211678832116,0.2864864864864865,0.0018248175182481,0.0036036036036036,0.0018248175182481,0.0036036036036036,0.7043795620437956,0.6972972972972973,0.0036496350364963,0.0054054054054054,0.0,0.0018018018018018,0.0,0.0018018018018018,haha,0.7043795620437956,0.4160583941605839,neutral,0.6069782627533428,0.0107540307421095,0.3334800030092029,True,0.0028284671532846,0.0,positive,1.0,reactionfusion_v1_provisional,train,approved,negative,negative,0.35693585545316175,False,False,0.360277695297483,0.005193192004288043,0.35693585545316175,0.23686655320274508,0.17888497124681713,0.22731262009727615,0.038158171972684854,0.20782148698218958,0.7604361089617953,0.22269932232738573,0.39030233833081013,0.8942997996546949,0.467266592138516,0.05588504270686623,0.7851984290969608,0.25928309315130443,0.7952785279258302,"candidate=negative; anchor_balance=0.002; mixed_evidence=0.005; strongest=anger=0.89, sarcasm=0.80",final_model,reactionfusion_v2_hybrid_development
18,105,2,0,166,0,0,0,273,273,RF_POST_000018,මහා භාණ්ඩාගාරයේ ඩොලර් මිලියන 2 . 5 අස්ථානගත වීම නිලධාරීන් අනූ එකකගෙන් ප්රකාශ අරන් - විමර්ශන දිගටම මහජන ආරක්ෂක ඇමැති,False,sinhala,16f94fc9dae2f169cbdff28cf9374016143b378ed34b8bf41d8ef4844cff434d,DUP_16f94fc9dae2f169,1,False,273,5.613128106388071,0.3846153846153846,0.3785714285714285,0.0073260073260073,0.0107142857142857,0.0,0.0035714285714285,0.608058608058608,0.5964285714285714,0.0,0.0035714285714285,0.0,0.0035714285714285,0.0,0.0035714285714285,haha,0.608058608058608,0.2234432234432234,neutral,0.5291774197269173,0.0264111000370621,0.3628229520996447,True,0.0073260073260073,0.0,positive,1.0,reactionfusion_v1_provisional,train,approved,negative,negative,0.3126274328679565,False,False,0.41371705655382907,0.011820487330109401,0.3126274328679565,0.18743981031040602,0.20744549910561794,0.29248725771601947,0.12134730143050941,0.4132312864944418,0.7858132699181971,0.03969086720738196,0.48780996664612125,0.8312661378202285,0.3249225073283641,0.2495942383997721,0.6323929867188269,0.5150961320878622,0.8288506005847412,"candidate=negative; anchor_balance=0.006; mixed_evidence=0.012; strongest=anger=0.83, sarcasm=0.83",final_model,reactionfusion_v2_hybrid_development
19,2569,367,10,22,18,3,3,2992,2992,RF_POST_000019,බැගේජ් ඖෂධ විකුණන පාමසි වටලනවා. දැනටමත් 108 ක් වටලලා,False,sinhala,93d5fe53bf9dd8035d1f7afc522698bc2fa24eab104311ef64fc5e1c3594e815,DUP_93d5fe53bf9dd803,1,False,2992,8.0040315078527,0.8586229946524064,0.8569523174391463,0.1226604278074866,0.1227075691897299,0.0033422459893048,0.0036678892964321,0.0073529411764705,0.0076692230743581,0.0060160427807486,0.0063354451483827,0.0010026737967914,0.0013337779259753,0.0010026737967914,0.0013337779259753,like,0.8586229946524064,0.7359625668449198,positive,0.2295896750852076,0.2625090082600464,0.2508053601134191,True,0.1244986631016042,0.0020053475935828,positive,0.9682959048877148,reactionfusion_v1_provisional,train,approved,neutral,neutral,0.3934752146598075,False,False,0.25559971135413245,0.002727306023118452,0.3363798122880357,0.3934752146598075,0.18182479428319662,0.08832017876896026,0.14833514943823095,0.052058782279288854,0.01000891110094168,0.06675975545809142,0.10235138165879575,0.03152270212697859,0.8147937506232066,0.0032778296787727514,0.6377781834013907,0.2791213466532019,0.5167524145226924,"candidate=neutral; anchor_balance=0.122; mixed_evidence=0.003; strongest=care_empathy=0.81, disgust=0.64",final_model,reactionfusion_v2_hybrid_development
22,381,10,2,7,1,77,2,480,480,RF_POST_000022,ඉදිරියේ දී පැවැත්වීමට නියමිත අපොස උසස් පෙළ විභාගය කල්දැමීමේ නියෝගයක් නිකුත් කරන ඉල්ලා ගොනුකර තිබූ මූලික අයිතිවාසිකම් පෙත්සමක් විභාගයට නොගෙන නිෂ්ප්රභ කිරීමට ශ්රේෂ්ඨාධිකරණය අද නියෝග කළේය.,False,sinhala,44013a559024115032e89e5a1bc3a0414c48dffe658620c05aeae7e482311a06,DUP_44013a5590241150,1,False,480,6.175867270105761,0.79375,0.784394250513347,0.0208333333333333,0.0225872689938398,0.0041666666666666,0.0061601642710472,0.0145833333333333,0.0164271047227926,0.0020833333333333,0.0041067761806981,0.1604166666666666,0.1601642710472279,0.0041666666666666,0.0061601642710472,like,0.79375,0.6333333333333333,negative,0.2398090256249805,-0.2903967603949825,0.3482923958159207,True,0.023125,0.1645833333333333,negative,-0.7536071032186461,reactionfusion_v1_provisional,train,approved,uncertain,neutral,0.30465242175336477,True,True,0.3711467939994117,0.03856268537242348,0.2916505073726967,0.30465242175336477,0.226235774004957,0.17746129686898157,0.23477421392506448,0.24639485848341933,0.0008633972380567573,0.14383451110575377,0.2877265007102015,0.06780317026542579,0.723379845498349,0.7574853138853889,0.3137490334148765,0.3057081700416898,0.1206689802405235,"candidate=neutral; anchor_balance=-0.140; mixed_evidence=0.039; strongest=fear=0.76, care_empathy=0.72",final_model,reactionfusion_v2_hybrid_development
23,167,2,1,0,1,1,0,172,172,RF_POST_000023,"හෙට ප්රදේශ කිහිපයකට මි.මී 100 ට වැඩි තද වැසි බස්නාහිර සහ සබරගමුව පළාත්වලත් මහනුවර, නුවර එළිය සහ ගාල්ල දිස්ත්රික්කවල",False,sinhala,937cf2a7d14aed19442cf95d6a9aeae3c40db901d5a5425b9185ea57e2a6c60f,DUP_937cf2a7d14aed19,1,False,172,5.153291594497779,0.9709302325581396,0.9385474860335196,0.0116279069767441,0.0167597765363128,0.005813953488372,0.0111731843575419,0.0,0.0055865921787709,0.005813953488372,0.0111731843575419,0.005813953488372,0.0111731843575419,0.0,0.0055865921787709,like,0.9709302325581396,0.9593023255813954,neutral,0.4328481795123945,0.0213082224608518,0.0874756233932113,True,0.0148255813953488,0.005813953488372,positive,0.4366197183098591,reactionfusion_v1_provisional,train,approved,negative,negative,0.3646220373169038,False,False,0.17300686490838757,0.011598225580450563,0.3646220373169038,0.3571821156341467,0.16615372874762716,0.11204211830132255,0.09288947879400795,0.0409601605748385,0.0015728205287130167,0.0014610899864043404,0.650136814223801,0.4691899800438883,0.9275992904483902,0.06083955903578827,0.6600851989457593,0.12422325791512732,0.2615710335339404,"candidate=negative; anchor_balance=0.006; mixed_evidence=0.012; strongest=care_empathy=0.93, disgust=0.66",final_model,reactionfusion_v2_hybrid_development
24,143,17,1,0,0,0,0,161,161,RF_POST_000024,කඳපොළ බෝමුරුඇල්ල ප්රදේශයේ සීතාඑළිය සංරක්ෂිත රක්ෂිතයට ඇතුලුවී එම රක්ෂිතයේ ගිනි තැබූ සැකකරුවෙකුට නුවරඑළිය මහෙස්ත්රාත් අධිකරණය විසින් ලක්ෂ 4කට අධික දඩයක් නියම කර තිබේ.,False,sinhala,4dc6f983a936cca955415a2487c5b4315c33b5cad46713dc43901d2d12740336,DUP_4dc6f983a936cca9,1,False,161,5.087596335232384,0.8881987577639752,0.8571428571428571,0.1055900621118012,0.1071428571428571,0.0062111801242236,0.0119047619047619,0.0,0.0059523809523809,0.0,0.0059523809523809,0.0,0.0059523809523809,0.0,0.0059523809523809,like,0.8881987577639752,0.782608695652174,positive,0.2052770117405833,0.2365696824172879,0.1923278711603454,True,0.1090062111801242,0.0,positive,1.0,reactionfusion_v1_provisional,train,approved,uncertain,positive,0.2698014074991784,True,True,0.28068591353394967,0.013365995882569032,0.2634124064611235,0.2675265962505675,0.2698014074991784,0.19925958978913058,0.5341952475068726,0.2179478272315623,0.008312226354343734,0.0016113127804305584,0.5387649994242586,0.03351827084609368,0.7137030336897572,0.026820986329123567,0.5163736732166369,0.6149967814858327,0.30909557009542116,"candidate=positive; anchor_balance=0.102; mixed_evidence=0.013; strongest=care_empathy=0.71, approval=0.61",final_model,reactionfusion_v2_hybrid_development
25,197,22,0,7,0,0,0,226,226,RF_POST_000025,දකුණේ බන්ධනාගාරවල ආරක්ෂාව තර කරයි ගාල්ල බූස්ස මාතර අගුණුකොළපැලැස්ස සහ වීරවිල,False,sinhala,b846f3849d754a6b4019ebfb4b3b34a39a56a41b479050e8c4432feecfed4822,DUP_b846f3849d754a6b,1,False,226,5.424950017481403,0.8716814159292036,0.8497854077253219,0.0973451327433628,0.0987124463519313,0.0,0.0042918454935622,0.0309734513274336,0.0343347639484978,0.0,0.0042918454935622,0.0,0.0042918454935622,0.0,0.0042918454935622,like,0.8716814159292036,0.7743362831858407,positive,0.1924266096895368,0.220242797989715,0.2333586683625141,True,0.0973451327433628,0.0,positive,1.0,reactionfusion_v1_provisional,train,approved,uncertain,negative,0.26622139646966936,True,True,0.2961271669975823,0.010167456377599393,0.26622139646966936,0.2601837019116636,0.26265892735594315,0.2109359742627237,0.5794145330209225,0.25260559444608094,0.006902950927176998,0.004231353494803964,0.5072081994135225,0.044907427718271484,0.7400036055658095,0.03366422372084258,0.5657197331727007,0.6263693849516275,0.3615709710655192,"candidate=negative; anchor_balance=0.092; mixed_evidence=0.010; strongest=care_empathy=0.74, approval=0.63",final_model,reactionfusion_v2_hybrid_development
26,1147,17,10,1,3,28,0,1206,1206,RF_POST_000026,"🔴ALERT කොත්මලේ ජලාශයේ වාන් දොරටු අද උදේ 8ට විවෘත කෙරේ. කටුගස්තොට,උලපනේ,ගම්පොළ,ගෙලිඔය සහ පේරාදෙණිය ජනතාව පරිස්සම් වන්න.",False,mixed,70f429435d66e7b4a507651dc4a3b488e1e519e62810081f77f78544a87db8be,DUP_70f429435d66e7b4,1,False,1206,7.095893221097532,0.951077943615257,0.94641384995878,0.0140961857379767,0.0148392415498763,0.0082918739635157,0.009068425391591,0.0008291873963515,0.0016488046166529,0.0024875621890547,0.0032976092333058,0.0232172470978441,0.0239076669414674,0.0,0.0008244023083264,like,0.951077943615257,0.927860696517413,neutral,0.5154614459898742,-0.0106564445240062,0.1313949551317859,True,0.0186567164179104,0.0232172470978441,negative,-0.1089108910891089,reactionfusion_v1_provisional,train,approved,neutral,neutral,0.43573792683727103,False,False,0.1448046331383726,0.01148409374106467,0.3493841605971889,0.43573792683727103,0.13498968438399747,0.0798882281815424,0.03127087682949651,0.033021441853389004,0.0016769846185787543,0.023061702431452273,0.5375189291225408,0.3031038988088245,0.9450185400124883,0.04053245162788399,0.48384395294602556,0.09531298745056735,0.3349475420899304,"candidate=neutral; anchor_balance=-0.005; mixed_evidence=0.011; strongest=care_empathy=0.95, sadness=0.54",final_model,reactionfusion_v2_hybrid_development
29,105,13,1,34,2,1,6,162,162,RF_POST_000029,ආණ්ඩුක්රම ව්යවස්ථාව සහ අධිකරණ සංවිධාන පනත සංශෝධනය කිරීමට කැබිනට් අනුමැතිය,False,sinhala,8e4d84b4fa688e950672e5b9c2b2442c1e056e3312f7d15b607cb08090697b55,DUP_8e4d84b4fa688e95,1,False,162,5.093750200806762,0.6481481481481481,0.6272189349112426,0.0802469135802469,0.0828402366863905,0.0061728395061728,0.0118343195266272,0.2098765432098765,0.2071005917159763,0.0123456790123456,0.0177514792899408,0.0061728395061728,0.0118343195266272,0.037037037037037,0.0414201183431952,like,0.6481481481481481,0.4382716049382716,neutral,0.0869086540252061,0.1059013798313124,0.5397433650088455,True,0.0836419753086419,0.0432098765432098,positive,0.3187347931873479,reactionfusion_v1_provisional,train,approved,neutral,neutral,0.3352805431440351,False,False,0.582482660034129,0.12407914651614582,0.17291466590662388,0.3352805431440351,0.26620921424615623,0.22559557670318486,0.35266591611518494,0.2741823699661895,0.29150657467476226,0.0002230714629716709,0.023051296439427948,0.15165310050234096,6.960213875678555e-05,0.055930775215812634,0.1474541107026717,0.4398316551826099,0.19526306308652974,"grouped_out_of_fold; candidate=neutral; mixed_evidence=0.124; strongest=approval=0.44, joy=0.35",grouped_out_of_fold,reactionfusion_v2_hybrid_development
30,258,8,2,452,3,3,2,728,728,RF_POST_000030,වයස 60 සම්පූර්ණ වූ යහපත් කල්ක්රියාවක් ඇති 👮♂️පොලීසියේ අයට අමතර සේවා දිගුවක් අමාත්ය ආනන්ද විජේපාල මහතා,False,sinhala,b1395894c422f54b5635ad3eb6b47e9febba1ff16c72ec1bb1d74f0c7ce0a7f5,DUP_b1395894c422f54b,2,True,728,6.591673732008658,0.3543956043956044,0.3523809523809524,0.0109890109890109,0.0122448979591836,0.0027472527472527,0.0040816326530612,0.6208791208791209,0.6163265306122448,0.0041208791208791,0.0054421768707482,0.0041208791208791,0.0054421768707482,0.0027472527472527,0.0040816326530612,haha,0.6208791208791209,0.2664835164835165,neutral,0.5840256469978317,0.020335673905999,0.4063830795682452,True,0.0125,0.0068681318681318,positive,0.2907801418439716,reactionfusion_v1_provisional,train,approved,negative,negative,0.34091805347194254,False,False,0.42211691386412986,0.016080644337681138,0.34091805347194254,0.2493715860159626,0.19015180684817246,0.21955855366392255,0.04443845785687378,0.2861297554759925,0.7869197560119058,0.139539737994253,0.3110731986829036,0.8145052811078693,0.2858247828140567,0.13279414304248005,0.6758546564527599,0.3380485065047789,0.8375227533513666,"candidate=negative; anchor_balance=0.005; mixed_evidence=0.016; strongest=sarcasm=0.84, anger=0.81",final_model,reactionfusion_v2_hybrid_development
31,32,0,0,0,0,0,0,32,32,RF_POST_000031,"නීතිවිරෝධි ධීවර කටයුතු කළ 36ක් නාවික හමුදා භාරයට ත්රිකුණාමලය සල්පෙආරු, තුඩුව, පරවි දූපත, සූඩයිකුඩා, අලම්පිල්, චිලාවත්තායි, යාපනය කඩ්ඩයිකාඩු කෙවිල්, කල්පිටිය ඉප්පන්තිව්",False,sinhala,24926cfc436d4c8f994821d76cb344400805c74a0941b1a143156f6fc134f181,DUP_24926cfc436d4c8f,1,False,32,3.49650756146648,1.0,0.8461538461538461,0.0,0.0256410256410256,0.0,0.0256410256410256,0.0,0.0256410256410256,0.0,0.0256410256410256,0.0,0.0256410256410256,0.0,0.0256410256410256,like,1.0,1.0,neutral,0.2363537879784757,0.0,-0.0,True,0.0,0.0,neutral,0.0,reactionfusion_v1_provisional,train,approved,negative,negative,0.3179965462857976,False,False,0.36228719256694686,0.05759437420295052,0.3179965462857976,0.3074439900491405,0.21516540439112578,0.15939405927393613,0.09761690204017487,0.05961346368514656,0.0032157119810396996,9.486252136574994e-05,0.642294110991507,0.44812960863715495,0.19153271141433778,0.1238610754932666,0.7581345471362556,0.14327709674510167,0.15740212569248932,"candidate=negative; anchor_balance=-0.012; mixed_evidence=0.058; strongest=disgust=0.76, sadness=0.64",final_model,reactionfusion_v2_hybrid_development
32,258,8,2,452,3,3,2,728,728,RF_POST_000032,වයස 60 සම්පූර්ණ වූ යහපත් කල්ක්රියාවක් ඇති 👮♂️පොලීසියේ අයට අමතර සේවා දිගුවක් අමාත්ය ආනන්ද විජේපාල මහතා,False,sinhala,b1395894c422f54b5635ad3eb6b47e9febba1ff16c72ec1bb1d74f0c7ce0a7f5,DUP_b1395894c422f54b,2,True,728,6.591673732008658,0.3543956043956044,0.3523809523809524,0.0109890109890109,0.0122448979591836,0.0027472527472527,0.0040816326530612,0.6208791208791209,0.6163265306122448,0.0041208791208791,0.0054421768707482,0.0041208791208791,0.0054421768707482,0.0027472527472527,0.0040816326530612,haha,0.6208791208791209,0.2664835164835165,neutral,0.5840256469978317,0.020335673905999,0.4063830795682452,True,0.0125,0.0068681318681318,positive,0.2907801418439716,reactionfusion_v1_provisional,train,approved,negative,negative,0.34091805347194254,False,False,0.42211691386412986,0.016080644337681138,0.34091805347194254,0.2493715860159626,0.19015180684817246,0.21955855366392255,0.04443845785687378,0.2861297554759925,0.7869197560119058,0.139539737994253,0.3110731986829036,0.8145052811078693,0.2858247828140567,0.13279414304248005,0.6758546564527599,0.3380485065047789,0.8375227533513666,"candidate=negative; anchor_balance=0.005; mixed_evidence=0.016; strongest=sarcasm=0.84, anger=0.81",final_model,reactionfusion_v2_hybrid_development
34,245,3,1,599,1,3,1,853,853,RF_POST_000034,"මීගමුවේ රැඳවියෝ දෙදෙනෙක් මියයාම ඇමති පහුවදා දන්නෙත් නැහැනේ? - ''මාව දැනුම්වත් කළේ පරක්කු වෙලා, බීලා බුදියගෙන හිටියා නෙවෙයි''අමාත්ය හර්ෂණ නානායක්කාර මහතා Derana360",False,mixed,b5a469d788cf09ae184224364b7b48e05dacf86d890eddff8fa473d964706564,DUP_b5a469d788cf09ae,1,False,853,6.74993119378857,0.287221570926143,0.2860465116279069,0.003516998827667,0.0046511627906976,0.0011723329425556,0.0023255813953488,0.7022274325908558,0.6976744186046512,0.0011723329425556,0.0023255813953488,0.003516998827667,0.0046511627906976,0.0011723329425556,0.0023255813953488,haha,0.7022274325908558,0.4150058616647127,neutral,0.6609600881457648,-0.001999863126902,0.3443240960842104,True,0.0041617819460726,0.0046893317702227,negative,-0.0596026490066225,reactionfusion_v1_provisional,train,approved,negative,negative,0.34279979842953895,False,False,0.3604717608677433,0.008550725490351121,0.34279979842953895,0.23266171197043364,0.16115657946647052,0.2633819101335568,0.023025291283658884,0.1898206486487236,0.7641589582222856,0.37150921157253713,0.3739708531522157,0.8939157928563992,0.4376302257018053,0.06019567413964459,0.7825929900252291,0.23527463849285848,0.823430034415275,"candidate=negative; anchor_balance=-0.001; mixed_evidence=0.009; strongest=anger=0.89, sarcasm=0.82",final_model,reactionfusion_v2_hybrid_development
35,229,61,1,0,0,0,0,291,291,RF_POST_000035,"වසර 15 කට පසු ශ්රී ලංකා එක්ස්පෝ යලි කොළඹදී ,විදේශීය ගැනුම්කරුවෝ 1500ක් මෙරටට පැමිණීමට නියමිතයි මංගල විජේසිංහ සභාපති(EDB)",False,mixed,8fcde0de1e7700bb439e4835c60b176339a29f7af2ad6e64097ce4aee5155ba7,DUP_8fcde0de1e7700bb,1,False,291,5.676753802268282,0.7869415807560137,0.7718120805369127,0.2096219931271477,0.2080536912751678,0.0034364261168384,0.0067114093959731,0.0,0.0033557046979865,0.0,0.0033557046979865,0.0,0.0033557046979865,0.0,0.0033557046979865,like,0.7869415807560137,0.5773195876288659,positive,0.3450333836683603,0.4012827882492014,0.2752295174900452,True,0.2115120274914089,0.0,positive,1.0,reactionfusion_v1_provisional,train,approved,positive,positive,0.3080205499537774,False,False,0.3271480153243486,0.00878249705568721,0.1861375481463218,0.23072782690063104,0.3080205499537774,0.27511407499926965,0.8052513382531954,0.5805738518873715,0.027794306387357196,0.00267296531496199,0.25651131533049276,0.004728528479864294,0.5938868710781418,0.008828099851943641,0.4818594613814995,0.8669601533024847,0.4432901945716818,"candidate=positive; anchor_balance=0.205; mixed_evidence=0.009; strongest=approval=0.87, joy=0.81",final_model,reactionfusion_v2_hybrid_development
36,2024,30,3,911,48,10,14,3040,3040,RF_POST_000036,හිර ගෙවල් පහක ගැටුම් හදන රහස් සැලසුමක් දේශපාලකයෝ නිලධාරීහු හා රැඳවියෝ හවුල් බුද්ධි අංශ හෙළි කර ගනී (අද දිවයින),False,sinhala,1b6bc5192b8a980469fddedd95b02d6692c1936f7728d176a0aac563e0358bea,DUP_1b6bc5192b8a9804,1,False,3040,8.019941687677365,0.6657894736842105,0.6645881194617657,0.0098684210526315,0.0101739415818838,0.0009868421052631,0.0013127666557269,0.2996710526315789,0.2993107975057433,0.0157894736842105,0.016081391532655,0.0032894736842105,0.003610108303249,0.0046052631578947,0.004922874958976,like,0.6657894736842105,0.3661184210526316,neutral,0.6600855520094243,0.0074655693051522,0.4077516676815157,True,0.0104111842105263,0.0078947368421052,positive,0.137466307277628,reactionfusion_v1_provisional,train,approved,negative,negative,0.3753278801394651,False,False,0.41156155183192517,0.014047391332628884,0.3753278801394651,0.37056699807637555,0.13941483237097063,0.11469028941318886,0.006808142524857679,0.039172694443497566,0.1564475758340086,0.16634586948431868,0.08392739929102541,0.8511866811579101,0.5097647630887425,0.14603512135202437,0.7656189637753293,0.09194769615856596,0.7569279011173579,"candidate=negative; anchor_balance=0.002; mixed_evidence=0.014; strongest=anger=0.85, disgust=0.77",final_model,reactionfusion_v2_hybrid_development
37,64,9,1,0,0,0,0,74,74,RF_POST_000037,කොළඹ - නුවර පාර කඩුගන්නාවෙන් යළි විවෘතයි,False,sinhala,6e50a778bbbb135b39af95efbde4a9369794f4f4937dc602e0f69cc15f24f933,DUP_6e50a778bbbb135b,1,False,74,4.31748811353631,0.8648648648648649,0.8024691358024691,0.1216216216216216,0.1234567901234567,0.0135135135135135,0.0246913580246913,0.0,0.0123456790123456,0.0,0.0123456790123456,0.0,0.0123456790123456,0.0,0.0123456790123456,like,0.8648648648648649,0.7432432432432432,positive,0.1868602761565533,0.2727695491732554,0.2260963700593327,True,0.129054054054054,0.0,positive,1.0,reactionfusion_v1_provisional,train,approved,positive,positive,0.3351869265078739,False,False,0.38195376096327366,0.03772382824328629,0.18430825604699855,0.2821501018727681,0.3351869265078739,0.1983547155723593,0.6342879322348723,0.2761588836400261,0.024777124072911813,0.0002993829363019852,0.5658932379486602,0.005982055014926098,0.2333177962681107,0.02510439439858505,0.18448670240174184,0.7152023971029035,0.1462741735158082,"candidate=positive; anchor_balance=0.112; mixed_evidence=0.038; strongest=approval=0.72, joy=0.63",final_model,reactionfusion_v2_hybrid_development
39,280,0,2,0,1,16,0,299,299,RF_POST_000039,මේ වන විට පැසපික් සාගරයේ ජපානයට පහළින් සුළි කුණාටුවක් වර්ධනය වෙමින් පවතිනවා 6වෙනිදායින් පසු දින කිහිපයකුත් මධ්යම කඳුකරයේ බටහිර බෑවුම් වලට බොහෝ දුරට වැසි අපේක්ෂා කළ හැකියි,False,sinhala,8057ac7cd220e91b7e3a228685bf3377c181c205d0d1bbfe2a7a861a24eef800,DUP_8057ac7cd220e91b,1,False,299,5.703782474656201,0.9364548494983278,0.9183006535947712,0.0,0.0032679738562091,0.0066889632107023,0.0098039215686274,0.0,0.0032679738562091,0.0033444816053511,0.0065359477124183,0.0535117056856187,0.0555555555555555,0.0,0.0032679738562091,like,0.9364548494983278,0.882943143812709,neutral,0.0261424047802413,-0.1144781205253879,0.1391200596026395,True,0.0036789297658862,0.0535117056856187,negative,-0.871345029239766,reactionfusion_v1_provisional,train,approved,negative,negative,0.37342838228525804,False,False,0.19177581262279814,0.006643214424188432,0.37342838228525804,0.36639793585267866,0.176722377800306,0.08345130406175724,0.23674830402716981,0.025113509583735767,0.0010652419639737324,0.01428135810384796,0.3905030229204251,0.6631648904337721,0.9820140425307161,0.28939563134960866,0.4420914449040604,0.1723331921496206,0.07169542330276527,"grouped_out_of_fold; candidate=negative; mixed_evidence=0.007; strongest=care_empathy=0.98, anger=0.66",grouped_out_of_fold,reactionfusion_v2_hybrid_development
40,119,0,0,0,0,0,0,119,119,RF_POST_000040,"ගාල්ල සිට හම්බන්තොට හරහා පොතුවිල් දක්වා වෙරළට ඔබ්බෙන් වන මුහුදු ප්රදේශවල සුළඟේ වේගය පැයට KM 60ත් 70ත් අතර දක්වා ඉහළ යා හැකි අතර, මුහුද ඉතා රළු වනු ඇතැයි කාලගුණ විද්යා දෙපාර්තමේන්තුව පවසයි.",False,mixed,3a5da9e3c0361feb6dd80f13dadcbaaed1f1f11329f49ce644e148e1cb4fe439,DUP_3a5da9e3c0361feb,1,False,119,4.787491742782046,1.0,0.9523809523809524,0.0,0.0079365079365079,0.0,0.0079365079365079,0.0,0.0079365079365079,0.0,0.0079365079365079,0.0,0.0079365079365079,0.0,0.0079365079365079,like,1.0,1.0,neutral,0.4537247112448284,0.0,-0.0,True,0.0,0.0,neutral,0.0,reactionfusion_v1_provisional,train,approved,negative,negative,0.3599678217721803,False,False,0.14222956881083643,0.006998597830374491,0.3599678217721803,0.3481389461285768,0.1663396458424012,0.12555358625684168,0.1277871495625816,0.04053618922501272,0.0010559462278121067,0.0010918466431891081,0.6878153777241038,0.6020775067901903,0.9310133183656837,0.06569868154562891,0.6811304654086091,0.12548636981717626,0.23185271171327007,"candidate=negative; anchor_balance=-0.004; mixed_evidence=0.007; strongest=care_empathy=0.93, sadness=0.69",final_model,reactionfusion_v2_hybrid_development
41,143,2,0,0,0,347,0,492,492,RF_POST_000041,"හැටන්, ගිනිගත්හේන පොල්පිටිය ප්රදේශයේ නිවසක් මතට පස් කන්දක් කඩා වැටීමෙන් අනතුරට ලක්ව අතුරුදන්ව සිටි පුද්ගලයින් සිව්දෙනාගේම මෘත ශරීර සොයාගත් බව පොලිසිය පවසයි",False,sinhala,151cf32bb92aaa4fd15955601776cb3e2cae81407bbfedd79108772b96daed9e,DUP_151cf32bb92aaa4f,1,False,492,6.20050917404269,0.290650406504065,0.2885771543086172,0.0040650406504065,0.0060120240480961,0.0,0.002004008016032,0.0,0.002004008016032,0.0,0.002004008016032,0.7052845528455285,0.6973947895791583,0.0,0.002004008016032,sad,0.7052845528455285,0.4146341463414634,negative,0.6727693837037295,-0.8022048272417306,0.3226098719186671,False,0.0040650406504065,0.7052845528455285,negative,-0.988538681948424,reactionfusion_v1_provisional,train,approved,neutral,neutral,0.40873098850509537,False,False,0.35486279579457275,0.010098300000566999,0.37138279940365687,0.40873098850509537,0.11473867872751332,0.10514753336373459,0.010115193225660945,0.35777520615791725,0.005815276750359512,0.01007121896083166,0.6478295126230166,0.0009907160331298806,0.002457120796403381,0.1751871543220099,0.025491133218818327,0.008264304340121117,0.02464565491795165,"candidate=neutral; anchor_balance=-0.692; mixed_evidence=0.010; strongest=sadness=0.65, affection=0.36",final_model,reactionfusion_v2_hybrid_development
42,136,1,0,0,0,1,0,138,138,RF_POST_000042,කඳන ජල පවිත්රාගාරයෙන් ජලය සැපයෙන ප්රදේශ රැසකට හෙට ජල කප්පාදුවක්,False,sinhala,520dafb02270f98ad55797f50b9ed80bbfe63505ba1edd077cc0f6dc203355fa,DUP_520dafb02270f98a,1,False,138,4.934473933130692,0.9855072463768116,0.9448275862068966,0.0072463768115942,0.0137931034482758,0.0,0.0068965517241379,0.0,0.0068965517241379,0.0,0.0068965517241379,0.0072463768115942,0.0137931034482758,0.0,0.0068965517241379,like,0.9855072463768116,0.9782608695652174,neutral,0.4890042141111121,0.0,0.0440907800175306,True,0.0072463768115942,0.0072463768115942,neutral,0.0,reactionfusion_v1_provisional,train,approved,negative,negative,0.3591288456941655,False,False,0.15883505140449378,0.011173224305695425,0.3591288456941655,0.34578420487823247,0.1662978181209669,0.12878913130663516,0.1214602017232461,0.05208588856822242,0.0011457115560177325,0.0014016932348407127,0.7166455523207962,0.49996616647775033,0.9253016084318314,0.08213559500061145,0.6453364025018749,0.139255573827064,0.2571537649795316,"candidate=negative; anchor_balance=-0.003; mixed_evidence=0.011; strongest=care_empathy=0.93, sadness=0.72",final_model,reactionfusion_v2_hybrid_development
43,95,1,0,0,1,20,0,117,117,RF_POST_000043,මාවනැල්ල සහ අරණායක ජල සැපයුම සම්පූර්ණයෙන්ම අත්හිටුවා ඇත. මාවනැල්ල සිට කරඳන හංදිය දක්වා සහ මාවනැල්ල – රඹුක්කන මාර්ගය ආශ්රිත ප්රදේශ වෙත ජල සැපයුම අඩු පීඩන තත්ත්වයක් යටතේ සිදු කෙරේ.,False,sinhala,bc3fd87da3eb40f23fe6f22dedd420b6e234f713a19820d286bf755393e2e24c,DUP_bc3fd87da3eb40f2,1,False,117,4.770684624465665,0.811965811965812,0.7741935483870968,0.0085470085470085,0.0161290322580645,0.0,0.0080645161290322,0.0,0.0080645161290322,0.0085470085470085,0.0161290322580645,0.1709401709401709,0.1693548387096774,0.0,0.0080645161290322,like,0.811965811965812,0.6410256410256411,negative,0.2527709700035196,-0.3259940505199177,0.2839240035069904,True,0.0085470085470085,0.1709401709401709,negative,-0.9047619047619048,reactionfusion_v1_provisional,train,approved,neutral,neutral,0.42559224513020044,False,False,0.3847189196702859,0.031646233714813836,0.2708478061815951,0.42559224513020044,0.23100379146907798,0.07255615721912649,0.3468210102058405,0.06199056062292357,0.0007634310248212528,0.18923324198102484,0.19890429259957498,0.04360710322503037,0.4876053463991794,0.43013556839423517,0.110809795037937,0.11335849460438994,0.03901340959773193,"candidate=neutral; anchor_balance=-0.157; mixed_evidence=0.032; strongest=care_empathy=0.49, fear=0.43",final_model,reactionfusion_v2_hybrid_development
45,239,6,1,0,1,41,0,288,288,RF_POST_000045,මහනුවරත් සියලු පාසල් හෙට වැසෙයි,False,sinhala,2a02dc3d27302fb930d7161c4708cc93ee524ec24514f1bf612c5ea1c6f4cddf,DUP_2a02dc3d27302fb9,1,False,288,5.666426688112432,0.8298611111111112,0.8135593220338984,0.0208333333333333,0.023728813559322,0.0034722222222222,0.0067796610169491,0.0,0.0033898305084745,0.0034722222222222,0.0067796610169491,0.1423611111111111,0.1423728813559322,0.0,0.0033898305084745,like,0.8298611111111112,0.6875,negative,0.2132160386491478,-0.2492608104676342,0.283805387600179,True,0.0227430555555555,0.1423611111111111,negative,-0.7245005257623556,reactionfusion_v1_provisional,train,approved,neutral,neutral,0.3251793634305516,False,False,0.32911844967984333,0.03614724667670144,0.3082822236869603,0.3251793634305516,0.22886085557541033,0.1376775573070778,0.2800316288760924,0.1849832621091516,0.0007709920530993502,0.07607955919428645,0.38746097764321075,0.06812748410364654,0.8333111313154165,0.6302443562514474,0.31588258664989793,0.26963470998718425,0.12224448511266515,"candidate=neutral; anchor_balance=-0.118; mixed_evidence=0.036; strongest=care_empathy=0.83, fear=0.63",final_model,reactionfusion_v2_hybrid_development
46,318,2,4,0,9,78,0,411,411,RF_POST_000046,"කොත්මලේ වාන් දොරටු 3 ට විවර කිරීම මහවැලි ගඟද්රෝණියේ උඩුනුවර, උඩපළාත, යටිනුවර, දොලුව,කොත්මලේ,ගඟඉහළ , පස්බාගේ ගඟවට කෝරළ හාරිස්පත්තුව පාතදුම්බර මහ ගංවතුර අවදානමක්",False,sinhala,3c9b744afdf9a6bbc7f11f2eb17671be2582e0708b7e4ab175097e652104c447,DUP_3c9b744afdf9a6bb,1,False,411,6.021023349349527,0.7737226277372263,0.7631578947368421,0.0048661800486618,0.0071770334928229,0.0097323600973236,0.0119617224880382,0.0,0.0023923444976076,0.0218978102189781,0.0239234449760765,0.1897810218978102,0.1889952153110047,0.0,0.0023923444976076,like,0.7737226277372263,0.583941605839416,negative,0.289548156835098,-0.3497000066621152,0.3435737887649793,True,0.0102189781021897,0.1897810218978102,negative,-0.8978102189781021,reactionfusion_v1_provisional,train,approved,neutral,neutral,0.48322362112450107,False,False,0.37396556866581415,0.020577052821324705,0.26727439260312946,0.48322362112450107,0.16563383348201438,0.0838681527903552,0.1221614568286944,0.009612037725568389,0.0015215788924643127,0.8741727724370834,0.053646457589198907,0.016373520717352475,0.3944986831188301,0.06873014132315565,0.014558196049353826,0.02509529625373011,0.019213218408954114,"candidate=neutral; anchor_balance=-0.178; mixed_evidence=0.021; strongest=surprise=0.87, care_empathy=0.39",final_model,reactionfusion_v2_hybrid_development
47,129,0,0,0,0,2,0,131,131,RF_POST_000047,"නුවරඑළිය දිස්ත්රික්කයේ සියලුම රජයේ පාසල් හෙට වැසෙයි මේ අනුව නුවරඑළිය, හැටන්, වලපනේ, කොත්මලේ, හගුරන්කෙත යන කලාප කාර්යාලවලට මෙසේ නිවාඩු!",False,sinhala,a4b883022c974fbf0a49d835c1a4e7fccca04510e164acb5c940692cb69bedf7,DUP_a4b883022c974fbf,1,False,131,4.882801922586371,0.9847328244274808,0.9420289855072465,0.0,0.0072463768115942,0.0,0.0072463768115942,0.0,0.0072463768115942,0.0,0.0072463768115942,0.015267175572519,0.0217391304347826,0.0,0.0072463768115942,like,0.9847328244274808,0.9694656488549618,neutral,0.3365325802123267,-0.0362887740045895,0.0405970072161458,True,0.0,0.015267175572519,negative,-1.0,reactionfusion_v1_provisional,train,approved,neutral,neutral,0.35213848385830143,False,False,0.1634259779089675,0.0073423265437362216,0.34858966369578065,0.35213848385830143,0.1764012067429565,0.12287064570296155,0.15922734616189382,0.049214002795982544,0.0008866298963431518,0.002314909520905388,0.6379580573755136,0.5440717932023383,0.9274079113830975,0.10906955613690655,0.6331457936282487,0.14870256231411977,0.1971546808184075,"candidate=neutral; anchor_balance=-0.018; mixed_evidence=0.007; strongest=care_empathy=0.93, sadness=0.64",final_model,reactionfusion_v2_hybrid_development
48,71,0,0,0,0,8,0,79,79,RF_POST_000048,"රත්නපුර දිස්ත්රික්කයේ ප්රදේශ කිහිපයකට සුළු ගංවතුර අවදානමක්! අවදානමට ලක්විය හැකි ප්රාදේශීය ලේකම් කොට්ඨාශ:පැල්මඩුල්ල,නිවිතිගල, රත්නපුර,කුරුවිට,අයගම, ඇලපාත",False,sinhala,713efbbd840c7da6c5bc7e8b93199b84dfa06f2ff9b848fe1b9815d2db688617,DUP_713efbbd840c7da6,1,False,79,4.382026634673881,0.8987341772151899,0.8372093023255814,0.0,0.0116279069767441,0.0,0.0116279069767441,0.0,0.0116279069767441,0.0,0.0116279069767441,0.1012658227848101,0.1046511627906976,0.0,0.0116279069767441,like,0.8987341772151899,0.7974683544303798,negative,0.1615267933605066,-0.2221415561371524,0.1684843475175821,True,0.0,0.1012658227848101,negative,-1.0,reactionfusion_v1_provisional,train,approved,neutral,neutral,0.3443423222784172,False,False,0.33091997174417603,0.02385702121876618,0.32343368825203966,0.3443423222784172,0.21396621748258077,0.11825777198696247,0.21300593169248305,0.1604567093797905,0.00045703301070750446,0.02388423031600919,0.5714119616809609,0.13278538293563263,0.3270707665957312,0.5325204543080778,0.34138599015512094,0.1877979815571248,0.09036633436767716,"grouped_out_of_fold; candidate=neutral; mixed_evidence=0.024; strongest=sadness=0.57, fear=0.53",grouped_out_of_fold,reactionfusion_v2_hybrid_development
51,192,16,1,0,0,3,1,213,213,RF_POST_000051,මහවැලි ගඟේ ජල මට්ටම ඉහළ යාම හේතුවෙන් පේරාදෙණිය විශ්වවිද්යාලයේ සිසු සිසුවියන් ගංවතුර පිළිබඳව දැඩි අවධානයෙන් පසුවන්න උපකුලපති මහාචාර්ය ටෙරන්ස් මධුජිත් මහතා,False,sinhala,207201abd602476454a346c96f19b60e3b8f478f51a9a0d6f09cb1e29fbc083e,DUP_207201abd6024764,1,False,213,5.365976015021851,0.9014084507042254,0.8772727272727273,0.0751173708920187,0.0772727272727272,0.0046948356807511,0.009090909090909,0.0,0.0045454545454545,0.0,0.0045454545454545,0.0140845070422535,0.0181818181818181,0.0046948356807511,0.009090909090909,like,0.9014084507042254,0.8262910798122066,positive,0.1167512721981567,0.1319290157823481,0.2047362876043752,True,0.0776995305164319,0.0187793427230046,positive,0.610705596107056,reactionfusion_v1_provisional,train,approved,neutral,neutral,0.31349684708116493,False,False,0.26726558866121364,0.02915624603576876,0.3014587206791579,0.31349684708116493,0.20223043027413673,0.18281400196554048,0.23132740282601613,0.17080364304890183,0.004466792746405345,0.0017743335134593097,0.6479410747467129,0.06301366467217977,0.6777602080189576,0.04435846020885529,0.529253905231168,0.3822149775867885,0.3381133708246671,"candidate=neutral; anchor_balance=0.055; mixed_evidence=0.029; strongest=care_empathy=0.68, sadness=0.65",final_model,reactionfusion_v2_hybrid_development
52,1031,26,4,48,6,679,2,1796,1796,RF_POST_000052,ඉදිරි වසර 10 තුළ මෙරට හීලෑ අලි ඇතුන් 25 දක්වා අඩුවෙනවා. දැනට ලංකාවේම ඉන්නේ හීලෑ අලි ඇතුන්93 යි. (දියවඩන නිලමේ ප්රදීප් නිලංග දෑල මහතා),False,sinhala,22797d5da139166398990e8225dc40cd8febc98d42af41e97769b8deddcb31f7,DUP_22797d5da1391663,1,False,1796,7.493873886783559,0.5740534521158129,0.5723793677204659,0.0144766146993318,0.0149750415973377,0.0022271714922048,0.0027731558513588,0.0267260579064587,0.0271769273433166,0.0033407572383073,0.0038824181919023,0.3780623608017817,0.3771491957848031,0.0011135857461024,0.0016638935108153,like,0.5740534521158129,0.1959910913140311,negative,0.4363342893624653,-0.56470389698557,0.4546439587484725,False,0.0157015590200445,0.3791759465478841,negative,-0.9204737732656512,reactionfusion_v1_provisional,train,approved,neutral,neutral,0.3553010709964404,False,False,0.46073573297390885,0.030409069453075515,0.2813574086626817,0.3553010709964404,0.1844443184582807,0.17889720188259714,0.07594595429090589,0.25482101697998233,0.004455231205632596,0.4618717182882237,0.12649769079199308,0.011606698829999238,0.09384662341873139,0.8617781738943173,0.07569583014532669,0.1125690033980085,0.12166296108945936,"candidate=neutral; anchor_balance=-0.362; mixed_evidence=0.030; strongest=fear=0.86, surprise=0.46",final_model,reactionfusion_v2_hybrid_development
53,6317,4427,421,1,13,3,0,11182,11182,RF_POST_000053,අවුරුදු දහයක් පුරාවට සුව සැරියට ඇමතුම් කෝටියක් ඇවිත් ! රෝගීන් ලක්ෂ 26ක් සුවසැරියෙන් සුව කරයි,False,sinhala,42edb85ec789dd3b63a28c75772fa253ffd6139cab28782f3b5bde2f332b1f23,DUP_42edb85ec789dd3b,1,False,11182,9.322150047028188,0.5649257735646575,0.5646617213334525,0.3959041316401359,0.3957458217892573,0.0376497943122876,0.0377156135490213,8.942944017170452e-05,0.0001787469836446,0.0011625827222321,0.0012512288855125,0.0002682883205151,0.0003574939672893,0.0,8.93734918223255e-05,like,0.5649257735646575,0.1690216419245215,positive,0.4735873261158693,0.600753231927106,0.4233548786855852,False,0.4166115185118941,0.0002682883205151,positive,0.998712874473083,reactionfusion_v1_provisional,train,approved,positive,positive,0.4324929493960896,False,False,0.4248733500625646,0.0007594482975468132,0.14627385048237854,0.2112657265594471,0.4324929493960896,0.20996747356208476,0.5000426576115062,0.9690670678534279,0.3442804678072943,0.052229872824340155,0.0037472329584999978,0.00027672587622015006,0.6220819585936036,0.00180986958659768,0.06929137215398977,0.9729783169587805,0.3096141836342463,"candidate=positive; anchor_balance=0.416; mixed_evidence=0.001; strongest=approval=0.97, affection=0.97",final_model,reactionfusion_v2_hybrid_development
54,1257,31,4,824,19,35,3,2173,2173,RF_POST_000054,පළමු මාස හයේදී වෙළඳ හිඟය ඩොලර් බිලියන 5.5 ක් දක්වා පුළුල් වෙලා! අපනයන ආදායම ඩොලර් බිලියන 10.43 යි. ආනයන වියදම ඩොලර් බිලියන 12.39 යි,False,sinhala,006d6b213d521c15e4484b3024b74c463cc51fb341b94bc5753bb53c3a5917c3,DUP_006d6b213d521c15,1,False,2173,7.684324067681155,0.5784629544408652,0.5770642201834862,0.0142659917165209,0.0146788990825688,0.0018407731247123,0.0022935779816513,0.3791992636907501,0.378440366972477,0.0087436723423838,0.0091743119266055,0.0161067648412333,0.0165137614678899,0.0013805798435342,0.0018348623853211,like,0.5784629544408652,0.199263690750115,neutral,0.6830244671650324,-0.0068649375864162,0.4489396003543972,True,0.0152784169351127,0.0174873446847676,negative,-0.0674157303370786,reactionfusion_v1_provisional,train,approved,negative,negative,0.3655259478280026,False,False,0.4539113020731963,0.028942050912006554,0.3655259478280026,0.2920928800719582,0.16609425368566605,0.17628691841437305,0.012073852964241776,0.12683481921766507,0.4592098047225493,0.17721765560804112,0.18602240460649466,0.7865075357201026,0.38240319714717474,0.43856059562684185,0.6514805680055685,0.23414817885353476,0.8706053485904359,"candidate=negative; anchor_balance=-0.002; mixed_evidence=0.029; strongest=sarcasm=0.87, anger=0.79",final_model,reactionfusion_v2_hybrid_development
55,1949,475,13,44,11,163,1,2656,2656,RF_POST_000055,පූජිත්ට හේමසිරිට ජම්පරය අන්දවයි. විශේෂ පහසුකම් නෑ සතියකට වරක් පවුලේ අයට බලන්න අවසර පිටින් කෑමත් බෑ (අද ලංකාදීප),False,sinhala,b323c81b52e3e3fa89c11b16692bc09565a74f40fa4cb06e9c4d4b69de29c015,DUP_b323c81b52e3e3fa,1,False,2656,7.884952945759814,0.7338102409638554,0.7322568531731131,0.1788403614457831,0.1787457754412316,0.004894578313253,0.0052572286894479,0.0165662650602409,0.0168982350732256,0.0041415662650602,0.0045061960195268,0.0613704819277108,0.0615846789335336,0.0003765060240963,0.0007510326699211,like,0.7338102409638554,0.5549698795180723,positive,0.1898216532212522,0.2409544408139532,0.4244187193228101,True,0.1815323795180723,0.0617469879518072,positive,0.4923779308210168,reactionfusion_v1_provisional,train,approved,negative,negative,0.3602118871210074,False,False,0.42854019665424925,0.10685343243650826,0.3602118871210074,0.2690144744724178,0.16063522318066015,0.21013841522591473,0.15304774648596042,0.35338310975778225,0.020825024966984778,0.023697568896839744,0.4105463134162273,0.0009414871513734395,0.8620401363667544,0.006581667555149036,0.8239351189546896,0.5560950130998571,0.8516675632560698,"candidate=negative; anchor_balance=0.119; mixed_evidence=0.107; strongest=care_empathy=0.86, sarcasm=0.85",final_model,reactionfusion_v2_hybrid_development
56,25,0,0,0,0,16,0,41,41,RF_POST_000056,"වසරේ මේ දක්වා කාලය තුළ ඩෙංගු රෝගීන් 86,000ක් ඩෙංගු රෝගය හේතුවෙන් සිදුවූ මරණ ගණන 62ක්",False,sinhala,50400d862f30de0157bad03769a73a1a312208c49108180c68d61aa84e76e0dc,DUP_50400d862f30de01,1,False,41,3.737669618283368,0.6097560975609756,0.5416666666666666,0.0,0.0208333333333333,0.0,0.0208333333333333,0.0,0.0208333333333333,0.0,0.0208333333333333,0.3902439024390244,0.3541666666666667,0.0,0.0208333333333333,like,0.6097560975609756,0.2195121951219512,negative,0.2713861766898316,-0.5856417251495298,0.3437245356363134,True,0.0,0.3902439024390244,negative,-1.0,reactionfusion_v1_provisional,train,approved,negative,negative,0.37250926667794415,False,False,0.5668139374241611,0.07321346691728746,0.37250926667794415,0.34778036642204924,0.18085787255747138,0.09885249434253512,0.14207179621829813,0.12765254208984725,0.17963947944241007,0.10019318684211874,0.3666298115542782,0.0009320388975597947,0.01353822409807684,0.0030416244008745403,0.00020765619325930647,0.13717246397672192,0.005867730398222691,"candidate=negative; anchor_balance=-0.343; mixed_evidence=0.073; strongest=sadness=0.37, amusement=0.18",final_model,reactionfusion_v2_hybrid_development
60,2159,28,4,276,26,504,4,3001,3001,RF_POST_000060,එල්ලන්නත් මං ජීවත් වෙලා ඉන්න එපැය පූජිත් - හේමසිරි නඩු තීන්දුව...හිටපු ආරක්ෂක ලේකම් හේමසිරි ප්රනාන්දු මහතා සිදුකළ කරුණු දැක්වීම.,False,sinhala,f4856c98cd5c3db09c3c75be60af89e617afddc39610e24117a0ca71530cdd1c,DUP_f4856c98cd5c3db0,1,False,3001,8.007034012193408,0.7194268577140953,0.7180851063829787,0.0093302232589136,0.0096409574468085,0.0013328890369876,0.0016622340425531,0.0919693435521492,0.0920877659574468,0.0086637787404198,0.0089760638297872,0.1679440186604465,0.1678856382978723,0.0013328890369876,0.0016622340425531,like,0.7194268577140953,0.5514828390536488,negative,0.2697819451078854,-0.346126285162344,0.4411357549378297,True,0.0100633122292569,0.1692769076974342,negative,-0.8877740616871052,reactionfusion_v1_provisional,train,approved,neutral,neutral,0.36466140398877667,False,False,0.4447049937404832,0.018775775999016413,0.2497109713149241,0.36466140398877667,0.17931863165867581,0.20630899303762334,0.057911835413607976,0.04132673755867127,0.0016175508802327714,0.9372303089674818,0.06489676981287512,0.07104552002113296,0.30309523465898586,0.6890939870403922,0.14256002963620676,0.07694671011642351,0.13904410901275338,"candidate=neutral; anchor_balance=-0.159; mixed_evidence=0.019; strongest=surprise=0.94, fear=0.69",final_model,reactionfusion_v2_hybrid_development
61,316,2,1,4,19,50,0,392,392,RF_POST_000061,කැලණි ගඟ ආශ්රිතව සුළු ගංවතුර තත්ත්වයක් ගැන අනතුරු ඇඟවීමක්!! තද වර්ෂාපතනය හේතුවෙන් ඉදිරි පැය 48 ඇතුළත,False,sinhala,0480c21f7a077ed5ac9806add3bf22a9f438dcc988ae8d6fd717e5a4c375811f,DUP_0480c21f7a077ed5,1,False,392,5.973809611869261,0.8061224489795918,0.7944862155388471,0.0051020408163265,0.0075187969924812,0.0025510204081632,0.0050125313283208,0.010204081632653,0.012531328320802,0.048469387755102,0.050125313283208,0.1275510204081632,0.1278195488721804,0.0,0.0025062656641604,like,0.8061224489795918,0.6785714285714286,negative,0.2127364242566093,-0.2572412359910971,0.3453647766651036,True,0.0065051020408163,0.1275510204081632,negative,-0.9029495718363464,reactionfusion_v1_provisional,train,approved,neutral,neutral,0.7352036073784106,False,False,0.37461343438202405,0.015397644921967903,0.11286044643644849,0.7352036073784106,0.13404639221261977,0.01788955397252116,0.04363599358285769,0.0002707021765881153,0.0002561506145059512,0.9831894988066696,5.609130390961263e-05,0.04437735892143379,0.11185892823840334,0.0019237936993104926,0.03396907540270597,0.0007397593899115229,0.012508622436574239,"grouped_out_of_fold; candidate=neutral; mixed_evidence=0.015; strongest=surprise=0.98, care_empathy=0.11",grouped_out_of_fold,reactionfusion_v2_hybrid_development
63,551,210,18,0,1,1,1,782,782,RF_POST_000063,🇱🇰🇱🇰🇱🇰🇱🇰වසර 20කට පසුව පොදුරදමඩුලු ක්රීඩා උලළෙන් ශ්රී ලංකාවට රන් පදක්කමක් රුමේෂ් තරංග පිරිමි හෙල්ල විසිකිරීමේ ඉසව්වේ රන් පදක්කම දිනාගනී,False,sinhala,eb62a434bb889770181d4a8791915cb4d0874e019f8ae53645b9329d9febb3b2,DUP_eb62a434bb889770,1,False,782,6.663132695990803,0.7046035805626598,0.6996197718631179,0.268542199488491,0.2674271229404309,0.0230179028132992,0.0240811153358681,0.0,0.0012674271229404,0.0012787723785166,0.0025348542458808,0.0012787723785166,0.0025348542458808,0.0012787723785166,0.0025348542458808,like,0.7046035805626598,0.4360613810741688,positive,0.3902004248366117,0.4775905161924967,0.3659621598571797,False,0.2812020460358056,0.0025575447570332,positive,0.9819738621000452,reactionfusion_v1_provisional,train,approved,positive,positive,0.3560050520715025,False,False,0.38350938172884563,0.007777123076884068,0.1472102726017286,0.2258239169521197,0.3560050520715025,0.27096075837464934,0.7769470122711468,0.844417355299917,0.09362808094570484,0.005678530862977036,0.1017072648778512,0.0011705797687993652,0.5090158546258597,0.006531224983945772,0.24017738124173346,0.953817736710406,0.3461451142553676,"candidate=positive; anchor_balance=0.276; mixed_evidence=0.008; strongest=approval=0.95, affection=0.84",final_model,reactionfusion_v2_hybrid_development
64,1219,317,15,9,147,49,1,1757,1757,RF_POST_000064,හිටපු පොලිස්පති පූජිත් ජයසුන්දරට මරණ දණ්ඩනය නියම කිරීමට කොළඹ ස්ථීර ත්රිපුද්ගල මහාධිකරණය අද (31) නියෝග කර තිබේ.,False,sinhala,ec75b5c7fc495baef9222482d1175e9e160a3b30b30ee27a625e8501a3c1b1a2,DUP_ec75b5c7fc495bae,1,False,1757,7.471932078245122,0.6937962435970404,0.691609977324263,0.1804211724530449,0.1802721088435374,0.0085372794536141,0.0090702947845804,0.0051223676721684,0.0056689342403628,0.0836653386454183,0.0839002267573696,0.0278884462151394,0.028344671201814,0.0005691519635742,0.0011337868480725,like,0.6937962435970404,0.5133750711439955,positive,0.2316742512729508,0.3056502111194946,0.4840563307683931,True,0.1851166761525327,0.0284575981787137,positive,0.7335109926715523,reactionfusion_v1_provisional,train,approved,neutral,neutral,0.596256707720035,False,False,0.4894690758558039,0.05771517447732835,0.1956101971852169,0.596256707720035,0.20577774674643345,0.0023553483483147886,0.014650445694898335,1.0695373363052874e-07,0.20702613683129473,0.002638785655385085,2.554667448596876e-05,3.307014584547782e-05,0.9806801582082455,7.123077644145048e-07,0.005539200344184909,1.4098513444846931e-05,0.031411235640783894,"candidate=neutral; anchor_balance=0.156; mixed_evidence=0.058; strongest=care_empathy=0.98, amusement=0.21",final_model,reactionfusion_v2_hybrid_development
65,81,13,1,0,0,0,0,95,95,RF_POST_000065,නව හමුදාපතිවරයා ලෙස ලුතිනන් ජෙනරාල් නිලන්ත ප්රේමරත්න මහතා පත් කෙරේ,False,sinhala,2ff8906e19404fe8fd007aa8664480efb774bee5b08317ed6bb3f0899c26b7d9,DUP_2ff8906e19404fe8,1,False,95,4.564348191467836,0.8526315789473684,0.803921568627451,0.1368421052631579,0.1372549019607843,0.0105263157894736,0.0196078431372549,0.0,0.0098039215686274,0.0,0.0098039215686274,0.0,0.0098039215686274,0.0,0.0098039215686274,like,0.8526315789473684,0.7157894736842105,positive,0.2226367505739252,0.296540954230567,0.2343570182319179,True,0.1426315789473684,0.0,positive,1.0,reactionfusion_v1_provisional,train,approved,positive,positive,0.3324722911897233,False,False,0.3630699432001618,0.028476073976483277,0.18361609463305142,0.2735908630098045,0.3324722911897233,0.21032075116742086,0.6888055710925967,0.3250309569570789,0.022484789555955686,0.0005114569096568098,0.5103643806160398,0.005965554073012553,0.3395268209013459,0.02121108400913322,0.2360448329569491,0.7475384937178958,0.19019745031199337,"candidate=positive; anchor_balance=0.128; mixed_evidence=0.028; strongest=approval=0.75, joy=0.69",final_model,reactionfusion_v2_hybrid_development
66,729,156,9,4,2,2,0,902,902,RF_POST_000066,"දුම්රියේ වැඩි මිලට ජල බෝතල් අලෙවි කළ ආයතනයකට ලක්ෂ 5ක දඩයක් රු 120ක ට විකිණීමට තිබූ මිලි 1,000ක බෝතලය රු 150කට අලෙවි කර ඇත",False,sinhala,5e245ce9461b1f58ce7f5bb3454621624e61ac158dfe20d5bd0a96dd3eab90d7,DUP_5e245ce9461b1f58,1,False,902,6.805722553416985,0.8082039911308204,0.8030803080308031,0.1729490022172949,0.1727172717271727,0.0099778270509977,0.011001100110011,0.0044345898004434,0.0055005500550055,0.0022172949002217,0.0033003300330033,0.0022172949002217,0.0033003300330033,0.0,0.0011001100110011,like,0.8082039911308204,0.6352549889135255,positive,0.2990750704112198,0.3506776083234777,0.2943018448349349,True,0.1784368070953436,0.0022172949002217,positive,0.9754525928198834,reactionfusion_v1_provisional,train,approved,uncertain,positive,0.2781254134232289,True,True,0.30981109239245813,0.005453220548162079,0.26793862143361474,0.26067101345630384,0.2781254134232289,0.19326495168685245,0.546139641113038,0.34401402329782643,0.020735528246031212,0.014544006414857385,0.19806190697117376,0.009630300947706383,0.7714373782908001,0.007693746990886147,0.6005019561834436,0.7633927644652743,0.5048548103109364,"candidate=positive; anchor_balance=0.174; mixed_evidence=0.005; strongest=care_empathy=0.77, approval=0.76",final_model,reactionfusion_v2_hybrid_development
67,253,23,1,2,1,0,0,280,280,RF_POST_000067,කන්කසන්තරයේ සිට කල්පිටිය දක්වා හම්බන්තොට සිට පොතුවිල් දක්වා ධීවරයන්ට නැවත දැනුම් දෙනතුරු මුහුදු යාම තහනම්,False,sinhala,4c84285b3215e5455b773e63b4a99af26820000b9833b9fd4557b77e41a459a7,DUP_4c84285b3215e545,1,False,280,5.638354669333745,0.9035714285714286,0.8850174216027874,0.0821428571428571,0.0836236933797909,0.0035714285714285,0.0069686411149825,0.0071428571428571,0.0104529616724738,0.0035714285714285,0.0069686411149825,0.0,0.0034843205574912,0.0,0.0034843205574912,like,0.9035714285714286,0.8214285714285714,positive,0.1702083249107172,0.1889207688068155,0.191410406815229,True,0.0841071428571428,0.0,positive,1.0,reactionfusion_v1_provisional,train,approved,negative,negative,0.3218926673284923,False,False,0.24252917399964077,0.006760395094066641,0.3218926673284923,0.3159747144573258,0.22745263517150774,0.13467998304267406,0.35522281335130296,0.09772181151962002,0.0049962045859387695,0.004209462607406157,0.4502325896286441,0.08399312159204228,0.8539255076412967,0.022295491553271856,0.618686599905577,0.40066665818992075,0.3486261101381838,"candidate=negative; anchor_balance=0.080; mixed_evidence=0.007; strongest=care_empathy=0.85, disgust=0.62",final_model,reactionfusion_v2_hybrid_development
70,85,2,0,63,0,0,0,150,150,RF_POST_000070,දූෂණයෙන් තොර ආදර්ශවත් පරිපාලන ව්යුහයක් ගොඩනැගීම වෙනුවෙන් ජාතික සුපිළිපන් සතිය අද ඇරඹෙනවා,False,sinhala,f7af6c15377013f46ba74ccdcc17c9a10fc8e7fd89a8b31f8413cc4642ab27bb,DUP_f7af6c15377013f4,1,False,150,5.017279836814924,0.5666666666666667,0.5477707006369427,0.0133333333333333,0.019108280254777,0.0,0.0063694267515923,0.42,0.4076433121019108,0.0,0.0063694267515923,0.0,0.0063694267515923,0.0,0.0063694267515923,like,0.5666666666666667,0.1466666666666666,neutral,0.4218059617006028,0.0429230609843375,0.3822244147745375,True,0.0133333333333333,0.0,positive,1.0,reactionfusion_v1_provisional,train,approved,mixed,mixed,0.3585947011708734,False,True,0.4624835325452199,0.023566039874915665,0.2715327983875598,0.14608218112943144,0.22379031931213542,0.3585947011708734,0.22466364344472914,0.49372354158453174,0.5690193309412802,0.005042302241260354,0.5232594960700961,0.7134651620192285,0.2707233220769167,0.6195012589539683,0.5186795550626813,0.6575140005077034,0.7932308548148547,"candidate=mixed; anchor_balance=0.010; mixed_evidence=0.024; strongest=sarcasm=0.79, anger=0.71",final_model,reactionfusion_v2_hybrid_development
71,196,1,0,2,0,391,1,591,591,RF_POST_000071,මීගමුව බන්ධනාගාරයේ ගැටුමෙන් තුවාල ලබා කොළඹ ජාතික රෝහලේ ප්රතිකාර ලබමින් සිටි තවත් බන්ධනාගාර නිළධාරීන් 2කු මියයයි.ඒ අනුව මියගිය මුළු නිළධාරීන් සංඛ්යාව 10ක්. ගැටුමෙන් මියගිය සංඛ්යාව 31 දක්වා ඉහළට.,False,sinhala,1178d069f5cbf2d9d0f71a9a9329f96be1771e99a566ed522bb04ecaa3051ef5,DUP_1178d069f5cbf2d9,1,False,591,6.3835066348840055,0.3316412859560068,0.3294314381270903,0.0016920473773265,0.0033444816053511,0.0,0.0016722408026755,0.0033840947546531,0.0050167224080267,0.0,0.0016722408026755,0.6615905245346869,0.6555183946488294,0.0016920473773265,0.0033444816053511,sad,0.6615905245346869,0.3299492385786802,negative,0.6431361421306988,-0.7793512584473082,0.3495481246053664,False,0.0016920473773265,0.6632825719120135,negative,-0.9949109414758268,reactionfusion_v1_provisional,train,approved,negative,negative,0.6509274558688222,False,False,0.3744867191858375,0.006387566113203248,0.6509274558688222,0.12069904352421483,0.08727941984670551,0.14109408076025737,0.012382150253491967,0.684431194596319,0.0011578775243100876,0.005573683288595139,0.9869261519824856,0.0012168920655707275,0.00023827638252313266,0.8217063365215703,7.299822900611868e-06,0.0027240420248728706,0.0014541592536295904,"grouped_out_of_fold; candidate=negative; mixed_evidence=0.006; strongest=sadness=0.99, fear=0.82",grouped_out_of_fold,reactionfusion_v2_hybrid_development
73,396,5,1,58,1,0,0,461,461,RF_POST_000073,"මහර ගැන මගේ පෝස්ටුවේ මට බණින කොම්පාසු හිතැතියෙනි ,එහි ආණ්ඩුවට හා මට බණින මහතුනි. මීගමුව ගැන මා ලියූ පහත කමෙන්ටුව කරු/ කියවන්න.✌",False,sinhala,b551d6a0def37ef170c918b524212e40d45aace5cf554263e79570bc69351000,DUP_b551d6a0def37ef1,1,False,461,6.135564891081739,0.8590021691973969,0.8482905982905983,0.0108459869848156,0.0128205128205128,0.0021691973969631,0.0042735042735042,0.1258134490238611,0.126068376068376,0.0021691973969631,0.0042735042735042,0.0,0.0021367521367521,0.0,0.0021367521367521,like,0.8590021691973969,0.7331887201735358,neutral,0.4562881168535695,0.0316780656991536,0.2400090150692936,True,0.0120390455531453,0.0,positive,1.0,reactionfusion_v1_provisional,train,approved,negative,negative,0.3513379424650862,False,False,0.27206152065316075,0.004650624284669415,0.3513379424650862,0.2687157865604313,0.1867797508432255,0.193166520131257,0.11347661461044628,0.07149595649968928,0.00839105916447343,0.04542219189026607,0.48508273499755367,0.49880543281264667,0.9218808046157764,0.20335300212049107,0.7327511064917263,0.43432755407115364,0.6060270555924995,"grouped_out_of_fold; candidate=negative; mixed_evidence=0.005; strongest=care_empathy=0.92, disgust=0.73",grouped_out_of_fold,reactionfusion_v2_hybrid_development
74,1482,23,8,279,10,9,1,1812,1812,RF_POST_000074,මහර අවුලකින් තොරව සමථවේවා! . එසේනොවී මීගමුව මෙන් වුවහොත් අදාළ පාලනය බාර සැම ඊයේ 😪තීන්දුව 😪ගැන සිතීම යෙහෙකි.☠️.,False,sinhala,e91a99785e1777d0c806f8e210aad8dcd831502bcad361fe30bde8021f6547c5,DUP_e91a99785e1777d0,1,False,1812,7.502738210754851,0.8178807947019867,0.8152831225948324,0.0126931567328918,0.0131940626717976,0.0044150110375275,0.0049477735019241,0.1539735099337748,0.153930731170973,0.0055187637969094,0.0060472787245739,0.0049668874172185,0.005497526113249,0.0005518763796909,0.0010995052226498,like,0.8178807947019867,0.6639072847682119,neutral,0.5124249761311861,0.0256701758921667,0.3037445519976551,True,0.015121412803532,0.0055187637969094,positive,0.4652406417112299,reactionfusion_v1_provisional,train,approved,negative,negative,0.36848638895126595,False,False,0.3108561733069676,0.008202911665054668,0.36848638895126595,0.3507017893347893,0.15819636111112712,0.12261546060281761,0.03157257757552474,0.05902148084773071,0.016512278962034554,0.11650391286867234,0.3001955277635082,0.5506597759925306,0.8208470439054254,0.12342709491421636,0.5964624930427368,0.21351229752930245,0.49636991016040305,"candidate=negative; anchor_balance=0.009; mixed_evidence=0.008; strongest=care_empathy=0.82, disgust=0.60",final_model,reactionfusion_v2_hybrid_development
75,621,251,11,0,1,0,0,884,884,RF_POST_000075,එදාමෙන් අදත් රන් හෙල්ල රුමේෂ්❤️ ගැන ආඩම්බරවෙමු. ඒ ජයෙන් ඉන්දියාවට කොචොක් නෙකෙරමු .,False,sinhala,fa8d9be090c81e88c8e97ffcf6534f6ba1547a673531404e98e0545f1b3b04a8,DUP_fa8d9be090c81e88,1,False,884,6.785587645007929,0.7024886877828054,0.6980920314253648,0.2839366515837104,0.2828282828282828,0.0124434389140271,0.0134680134680134,0.0,0.0011223344556677,0.001131221719457,0.0022446689113355,0.0,0.0011223344556677,0.0,0.0011223344556677,like,0.7024886877828054,0.418552036199095,positive,0.4085151632917311,0.4931324868684387,0.3431828859867312,False,0.2907805429864253,0.0,positive,1.0,reactionfusion_v1_provisional,train,approved,positive,positive,0.3447591734910545,False,False,0.3610951073147259,0.0032421558456989983,0.17044334103946293,0.21878518599561547,0.3447591734910545,0.2660122994738671,0.80101337239529,0.8195871245084613,0.07239464412852153,0.007393714659180508,0.07052411085148654,0.0017599408138045866,0.6430904422431644,0.0048884752681062375,0.3800784053618883,0.9375858379314896,0.47157481516537125,"candidate=positive; anchor_balance=0.288; mixed_evidence=0.003; strongest=approval=0.94, affection=0.82",final_model,reactionfusion_v2_hybrid_development
76,286,0,0,35,1,0,0,322,322,RF_POST_000076,පළාත් සභා ඡන්ද විමසීම ගැන මගේ මතය කමෙන්ටුවේ. මාධ්යවල පලවූ පරිදි නොව කැපීමෙන් හෝ එඩිට්වලින් තොරව කෙටියෙන් .,False,sinhala,1bb8151e7968fd2a3bdd8c54db6ca9bc1debc0455b1a56992680706aa8b26f5a,DUP_1bb8151e7968fd2a,1,False,322,5.777652323222656,0.8881987577639752,0.8723404255319149,0.0,0.0030395136778115,0.0,0.0030395136778115,0.108695652173913,0.1094224924012158,0.0031055900621118,0.0060790273556231,0.0,0.0030395136778115,0.0,0.0030395136778115,like,0.8881987577639752,0.7795031055900621,neutral,0.5926989063680681,0.0,0.1872932155572974,True,0.0,0.0,neutral,0.0,reactionfusion_v1_provisional,train,approved,negative,negative,0.3655738742462773,False,False,0.2377968952569776,0.004481278877183164,0.3655738742462773,0.3159409995569603,0.17138556238248878,0.14709956381427342,0.08113836729739267,0.05717009446455962,0.005353951652916,0.012113780845929616,0.5606282470267961,0.7233676706482973,0.9052988573220022,0.17058133429442096,0.6762711897519262,0.21524107863419753,0.3797022375679659,"candidate=negative; anchor_balance=-0.001; mixed_evidence=0.004; strongest=care_empathy=0.91, anger=0.72",final_model,reactionfusion_v2_hybrid_development
79,787,19,4,1382,6,1,1,2200,2200,RF_POST_000079,පාතාලෙට බයේ කාවඩි තහනම ✖️ කියූ අපට බැනපු ඩිටර්ජන් ඇණිය දැන් පෙරින් පෙළ ගමනේයා!,False,sinhala,9289c7da768042bd29167c1d4557e925a7bbc36e00ac64f6a653ba6e33e8473c,DUP_9289c7da768042bd,1,False,2200,7.696667081526462,0.3577272727272727,0.3570457634798369,0.0086363636363636,0.0090620752152242,0.0018181818181818,0.002265518803806,0.6281818181818182,0.6266425011327594,0.0027272727272727,0.0031717263253285,0.0004545454545454,0.0009062075215224,0.0004545454545454,0.0009062075215224,haha,0.6281818181818182,0.2704545454545454,neutral,0.5066605443755324,0.0317523666323865,0.3779239851519232,True,0.0096363636363636,0.0009090909090909,positive,0.8275862068965517,reactionfusion_v1_provisional,train,approved,negative,negative,0.3504900550315508,False,False,0.38437869229547944,0.0027866148965689495,0.3504900550315508,0.2658289354953905,0.171724293955433,0.21195671551762554,0.03610458699925372,0.2110111297764865,0.8111343524236165,0.3870267619399595,0.20508921287650994,0.7685755062149018,0.32194234747262196,0.04365371875266663,0.5675378257889623,0.28972013739822716,0.8416071615442566,"candidate=negative; anchor_balance=0.008; mixed_evidence=0.003; strongest=sarcasm=0.84, amusement=0.81",final_model,reactionfusion_v2_hybrid_development
80,133,9,3,0,1,116,0,262,262,RF_POST_000080,මිතුරන්ගේ ඕනෑම අසීරු අවස්ථාවක ඔවුන් අත් නොහැරි මහින්ද මඩිහහේවා මහතා අප හැර ගොසිනි 😪. ඔහු පිළිබඳ ආදරණීය මතකය දිනේවා !,False,sinhala,4ee0e6bbdd193867eb0ae68c503a46ccc6f707c54edf861a5de66fb539cbee46,DUP_4ee0e6bbdd193867,2,True,262,5.572154032177765,0.5076335877862596,0.4981412639405204,0.0343511450381679,0.037174721189591,0.0114503816793893,0.0148698884758364,0.0,0.0037174721189591,0.0038167938931297,0.0074349442379182,0.4427480916030534,0.4349442379182156,0.0,0.0037174721189591,like,0.5076335877862596,0.0648854961832061,negative,0.4345299989144066,-0.5669571999401382,0.4589828236274518,False,0.040648854961832,0.4427480916030534,negative,-0.8318199763126727,reactionfusion_v1_provisional,train,approved,negative,negative,0.34765868698542446,False,False,0.49963748152270926,0.09064055426880377,0.34765868698542446,0.23294287041975667,0.14589311154475654,0.2735053310500623,0.08244010667397508,0.7032214834936876,0.19065652868323166,0.014558973888520003,0.7177777050290058,0.0007077380298913293,0.5084129828695599,0.020183872167734814,0.005596263039253525,0.461439006688617,0.06673897212198569,"candidate=negative; anchor_balance=-0.393; mixed_evidence=0.091; strongest=sadness=0.72, affection=0.70",final_model,reactionfusion_v2_hybrid_development
81,2492,80,15,787,10,12,4,3400,3400,RF_POST_000081,"පෙරහැරට කාවාඩි ඕනමද යන්න වෙනම දෙයක් . හැබැයි පාතාල මැතිවරුන්ගෙ වලි නිසා ඒව නවත්වනම්,මක්කටෙයි පොලෝසියක් ?",False,sinhala,4805d44a3956f6cfadc06d060fa208d0da6e2b7f6623389f547eeb7b3834f455,DUP_4805d44a3956f6cf,1,False,3400,8.131824785007195,0.7329411764705882,0.7317287936601116,0.0235294117647058,0.0237745817434693,0.0044117647058823,0.0046962136777223,0.2314705882352941,0.231288523627825,0.0029411764705882,0.0032286469034341,0.0035294117647058,0.0038156736131493,0.0011764705882352,0.0014675667742882,like,0.7329411764705882,0.5014705882352941,neutral,0.3443998623061024,0.0597485772213687,0.3718508732507365,True,0.0259558823529411,0.0047058823529411,positive,0.6930455635491607,reactionfusion_v1_provisional,train,approved,negative,negative,0.35903774581218534,False,False,0.3754506510554417,0.007934384172583447,0.35903774581218534,0.3167933317354074,0.17189671538161008,0.15227220707079708,0.04739773265311341,0.12669400512335832,0.06911258441547537,0.2393079959453144,0.2074368449404141,0.3844419757632986,0.6050057395105127,0.10693977549103859,0.46077599183045526,0.3486926863914217,0.6091949794239168,"candidate=negative; anchor_balance=0.021; mixed_evidence=0.008; strongest=sarcasm=0.61, care_empathy=0.61",final_model,reactionfusion_v2_hybrid_development
82,387,53,5,60,0,0,0,505,505,RF_POST_000082,අපේ යුගයේ මිනිසකුට පෑහැකි ඉහළම වික්රමය නම් කුමන තත්වයක් යටතේවුවද ජාතිවාදී නොවීමය. VIලෙනින් . කරු/ 1කමෙන්ටුව බලන්න,False,mixed,a3836b68bc3c962e36c664e9335f6e212f107d2502ec27fc12f4800d925793e1,DUP_a3836b68bc3c962e,1,False,505,6.226536669287466,0.7663366336633664,0.7578125,0.1049504950495049,0.10546875,0.0099009900990099,0.01171875,0.1188118811881188,0.119140625,0.0,0.001953125,0.0,0.001953125,0.0,0.001953125,like,0.7663366336633664,0.6475247524752475,positive,0.2135166045259959,0.2636013353712261,0.3799370685829899,True,0.1103960396039604,0.0,positive,1.0,reactionfusion_v1_provisional,train,approved,positive,positive,0.3085312212732536,False,False,0.4057319103734929,0.006339561099585826,0.18681266798623394,0.21698357152984388,0.3085312212732536,0.2876725392106687,0.845769762522494,0.6761890787334566,0.025013184849800342,0.016827819123692175,0.40663549484678363,0.009913748415094828,0.5117693836723249,0.035018873849270486,0.28553296505509007,0.8897555621919048,0.33601307124517654,"candidate=positive; anchor_balance=0.108; mixed_evidence=0.006; strongest=approval=0.89, joy=0.85",final_model,reactionfusion_v2_hybrid_development
83,1593,30,2,417,10,20,7,2079,2079,RF_POST_000083,අර චරිත සහතිකය දුන් නෝනා සුදුසු නිදහස් අධ්යාපන පනත ගෙනආ ඇමතිතුමා නමින් වූ පාසැලට නොව කාලිංග මාඝ විදුහලටය.,False,sinhala,e8e4e77ecb8995c3818e9f682d1c6edd746fd06a2eb4a201b0c95f08fdfe409d,DUP_e8e4e77ecb8995c3,1,False,2079,7.640123172695364,0.7662337662337663,0.7641418983700863,0.0144300144300144,0.0148609779482262,0.0009620009620009,0.0014381591562799,0.2005772005772005,0.2003835091083413,0.0048100048100048,0.0052732502396931,0.0096200096200096,0.0100671140939597,0.0033670033670033,0.0038350910834132,like,0.7662337662337663,0.5656565656565656,neutral,0.645015407201219,0.0054419429454491,0.3513121792435545,True,0.0149591149591149,0.0129870129870129,positive,0.0705679862306368,reactionfusion_v1_provisional,train,approved,negative,negative,0.36700139428173434,False,False,0.3571220470690611,0.019859135886870126,0.36700139428173434,0.3423783058089701,0.14789955206184824,0.14272074784744734,0.017900251316869772,0.071875924906529,0.03187649362788299,0.148118099613306,0.2646998151151085,0.6343187822785162,0.6887273440964438,0.21406423773315147,0.6491481831043808,0.18802761648307936,0.6274372691035691,"candidate=negative; anchor_balance=0.002; mixed_evidence=0.020; strongest=care_empathy=0.69, disgust=0.65",final_model,reactionfusion_v2_hybrid_development
84,300,4,4,1,3,178,0,490,490,RF_POST_000084,පියෙහි විප්පයොගො දුක්ඛො CD හෙවත් චන්දන වික්රමරත්න සහෘදයාගේ අකල් වියෝව ගැන අපේ සාතිශය සංවේගය ප්රකාශ කර සිටිමු.😪,False,mixed,57032b48bf8d9bb6710e0f8bb5402bee4440403dddbc05fa8eead67ca92bf154,DUP_57032b48bf8d9bb6,1,False,490,6.19644412779452,0.6122448979591837,0.6056338028169014,0.0081632653061224,0.0100603621730382,0.0081632653061224,0.0100603621730382,0.0020408163265306,0.0040241448692152,0.0061224489795918,0.0080482897384305,0.363265306122449,0.3601609657947686,0.0,0.0020120724346076,like,0.6122448979591837,0.2489795918367346,negative,0.4329407048092302,-0.5433363112785762,0.4062735936928811,False,0.0126530612244897,0.363265306122449,negative,-0.9326818675352878,reactionfusion_v1_provisional,train,approved,neutral,neutral,0.3822202128434842,False,False,0.43041430872170666,0.026846767747229192,0.28997518059744304,0.3822202128434842,0.1884881140044874,0.1393164925545855,0.1409083613746735,0.339167990181433,0.013002019604957516,0.2812472200972478,0.19050825681063235,0.007754011979240328,0.20554313276344466,0.5038370059760529,0.007871858176745733,0.19014116196441463,0.03565649720952034,"candidate=neutral; anchor_balance=-0.347; mixed_evidence=0.027; strongest=fear=0.50, affection=0.34",final_model,reactionfusion_v2_hybrid_development
85,119,0,1,43,2,2,1,168,168,RF_POST_000085,"දෙමළ,මහමදික,මලයහ තමිල් ඒකාබද්ධ ඉල්ලීම්වලට පක්ෂවුණොත් දේශද්රෝහි ටැටූව වදීවිද? Pl read the 1st comment .",False,mixed,322c397cddcc34046c53d59edb9d4d5ca185f39e1775e41745c8d565d53fe20e,DUP_322c397cddcc3404,1,False,168,5.1298987149230735,0.7083333333333334,0.6857142857142857,0.0,0.0057142857142857,0.0059523809523809,0.0114285714285714,0.2559523809523809,0.2514285714285714,0.0119047619047619,0.0171428571428571,0.0119047619047619,0.0171428571428571,0.0059523809523809,0.0114285714285714,like,0.7083333333333334,0.4523809523809524,neutral,0.4368418339279204,-0.041878769142501,0.3903365611898817,True,0.0032738095238095,0.0178571428571428,negative,-0.6901408450704226,reactionfusion_v1_provisional,train,approved,negative,negative,0.34459158404374207,False,False,0.45067395776028873,0.02163234997249386,0.34459158404374207,0.25755121268213305,0.2199180230606082,0.17793918021351662,0.06100345024293613,0.11014891709191717,0.06654792555595565,0.00906461977447159,0.342700102620007,0.8086122474190542,0.3902765481906707,0.5074588125319486,0.6875884046946708,0.2577475599803741,0.4824433521216272,"candidate=negative; anchor_balance=-0.017; mixed_evidence=0.022; strongest=anger=0.81, disgust=0.69",final_model,reactionfusion_v2_hybrid_development
86,190,14,1,126,3,0,0,334,334,RF_POST_000086,"ඕවරේට 20,21, 24, 25 වගේ රන්ස් ගහන්න බෝල්දාන භාරත පුතුන් IPL නැති කරාවිද . එනිවේ සදාකල්🏏❤️🏏",False,mixed,2a27a037f8a6bd57edde019d7a37ee868d2cbb559060ca533a3077bcac7a1d9f,DUP_2a27a037f8a6bd57,1,False,334,5.814130531825066,0.5688622754491018,0.5601173020527859,0.0419161676646706,0.0439882697947214,0.0029940119760479,0.0058651026392961,0.3772455089820359,0.3724340175953079,0.0089820359281437,0.0117302052785923,0.0,0.002932551319648,0.0,0.002932551319648,like,0.5688622754491018,0.1916167664670658,positive,0.1032252493608227,0.1336136176161529,0.452926547640382,True,0.043562874251497,0.0,positive,1.0,reactionfusion_v1_provisional,train,approved,positive,positive,0.38956683814793414,False,False,0.48635537326043793,0.011410096733382709,0.21458573372306386,0.22367551082083945,0.38956683814793414,0.1721719173081626,0.797948174430879,0.5107812331073156,0.36208041584226713,0.0064155559494968395,0.21318792717723417,0.059045669330576964,0.367195923818312,0.1158995107194734,0.2704896944997935,0.796145058015739,0.45456564409694267,"grouped_out_of_fold; candidate=positive; mixed_evidence=0.011; strongest=joy=0.80, approval=0.80",grouped_out_of_fold,reactionfusion_v2_hybrid_development
87,488,7,1,94,1,0,0,591,591,RF_POST_000087,හිරගේ තදබද අඩුකිරීමට මහමෝදර හා බෝගම්බර ඕනෑමනම් උපරිම මාස6ක් ඇති.විකල්පවලට යායුතුයි.,False,sinhala,7cbee35a96827df34254bf7d18d4346a31fb1a33edf2df6f1fe77e4679439c0c,DUP_7cbee35a96827df3,1,False,591,6.3835066348840055,0.8257191201353637,0.8177257525083612,0.0118443316412859,0.0133779264214046,0.0016920473773265,0.0033444816053511,0.1590524534686971,0.1588628762541806,0.0016920473773265,0.0033444816053511,0.0,0.0016722408026755,0.0,0.0016722408026755,like,0.8257191201353637,0.6666666666666666,neutral,0.4525468763357194,0.0344540653778418,0.2696342584359511,True,0.0127749576988155,0.0,positive,1.0,reactionfusion_v1_provisional,train,approved,negative,negative,0.3621459207205873,False,False,0.294997918932301,0.003946460453943826,0.3621459207205873,0.28485261299563364,0.18683061307404505,0.166170853209734,0.10290668904899766,0.10499044317564434,0.01524170766672919,0.03451036116573717,0.4903124184324529,0.5782050497340281,0.8369105464285331,0.1788644290116964,0.5870307799178784,0.35812415797115527,0.4585455862321965,"candidate=negative; anchor_balance=0.012; mixed_evidence=0.004; strongest=care_empathy=0.84, disgust=0.59",final_model,reactionfusion_v2_hybrid_development
88,642,14,1,142,0,3,1,803,803,RF_POST_000088,"අනපේක්ෂිත මට්ටමේ, යස පැහැදිලි කිරීමක් ප්රිසන් ඇමතිවරයා කළා. 🙏 කොම්පාසුව බාලගිරිදෝෂයෙන් හා කළදේ ජනගත නොකිරීමෙන් මිදීම යෙහෙකි.",False,sinhala,f67595a4ad3a268f23fbaf0e342ed8ede89952563b2cedaa6a0ef63e8a12b858,DUP_f67595a4ad3a268f,1,False,803,6.689599269178967,0.7995018679950187,0.7938271604938272,0.0174346201743462,0.0185185185185185,0.0012453300124533,0.0024691358024691,0.1768368617683686,0.1765432098765432,0.0,0.0012345679012345,0.0037359900373599,0.0049382716049382,0.0012453300124533,0.0024691358024691,like,0.7995018679950187,0.6226650062266501,neutral,0.458243767852298,0.0357224018324306,0.3049555081242827,True,0.0181195516811955,0.0049813200498132,positive,0.568733153638814,reactionfusion_v1_provisional,train,approved,negative,negative,0.3569025936453876,False,False,0.3224498809079968,0.009554070545422129,0.3569025936453876,0.2771982628299471,0.18458498420293626,0.18131415932172898,0.09136094813949137,0.138702731482979,0.021278162630916628,0.053870606213987024,0.4701947433991816,0.5058227701635354,0.7690290451086041,0.20839762419752442,0.5561568686022779,0.39263808374150383,0.5157668129480228,"candidate=negative; anchor_balance=0.012; mixed_evidence=0.010; strongest=care_empathy=0.77, disgust=0.56",final_model,reactionfusion_v2_hybrid_development
89,593,23,3,8,1,6,0,634,634,RF_POST_000089,මීගමු හිරගේ දෙවනදින ඛේදවාචකය වළක්වා නොගැනීම ගැන අදාළ සැම සාමූහිකව වගකිව යුතුවේ . අනෙක අතට රැඳවියන් මෙන්ම නිලධාරීන්ද මනුෂ්යයන්වේ,False,sinhala,104b7ba1ec9b10b07adb226e5ff277f684582fe24c94a2f5a02b313283ab8e88,DUP_104b7ba1ec9b10b0,1,False,634,6.453624998892692,0.9353312302839116,0.9266770670826832,0.0362776025236593,0.0374414976599064,0.0047318611987381,0.0062402496099844,0.0126182965299684,0.0140405616224648,0.001577287066246,0.0031201248049922,0.0094637223974763,0.0109204368174727,0.0,0.0015600624024961,like,0.9353312302839116,0.8990536277602523,neutral,0.2468867560676885,0.0690617469744634,0.1632319990846205,True,0.0388801261829653,0.0094637223974763,positive,0.6084828711256117,reactionfusion_v1_provisional,train,approved,neutral,neutral,0.3654663788911258,False,False,0.18631373195572784,0.009301153545371749,0.35534478845986545,0.3654663788911258,0.16483156189142384,0.11435727075758474,0.10014308851822923,0.05727633369805835,0.002317948511814632,0.014114638772442656,0.5595854582660008,0.24415046320827535,0.9268381002260275,0.04032518010772179,0.6103702803456996,0.21408574336256778,0.3649918272711841,"candidate=neutral; anchor_balance=0.028; mixed_evidence=0.009; strongest=care_empathy=0.93, disgust=0.61",final_model,reactionfusion_v2_hybrid_development
90,837,20,4,539,9,4,0,1413,1413,RF_POST_000090,පීලි පැනපු එන්ජිමක් පීලිගත කළහැක්කේ දොඹකරයකිනි . මීගමු හිරගේ ඛේදවාචකය ගැන තුෂාරා පෙන්වා වැඩක් නැත. එකම විකල්පය අකුදි දොඹකරයයි.,False,sinhala,5b027180cc0db902d03c402175a40404834aa54cbc2497442f238ce7299a4f9c,DUP_5b027180cc0db902,1,False,1413,7.254177846456518,0.5923566878980892,0.5901408450704225,0.0141542816702052,0.0147887323943661,0.002830856334041,0.0035211267605633,0.3814578910120311,0.380281690140845,0.0063694267515923,0.0070422535211267,0.002830856334041,0.0035211267605633,0.0,0.0007042253521126,like,0.5923566878980892,0.210898796886058,neutral,0.4690591034398193,0.0403251799748067,0.412920478389793,True,0.0157112526539278,0.002830856334041,positive,0.6946564885496184,reactionfusion_v1_provisional,train,approved,negative,negative,0.36979994371748487,False,False,0.42192123288787114,0.007131063091062611,0.36979994371748487,0.2727829619504461,0.19409572925043245,0.16332136508163667,0.06053701764900803,0.1992429780477052,0.4661585157316421,0.09000611274065885,0.22598716210747954,0.6807738581418947,0.42541520905919034,0.23897209664168192,0.4852103452730355,0.41072017719872617,0.7968845571382621,"candidate=negative; anchor_balance=0.012; mixed_evidence=0.007; strongest=sarcasm=0.80, anger=0.68",final_model,reactionfusion_v2_hybrid_development
91,956,20,3,13,4,13,5,1014,1014,RF_POST_000091,උඩපළාත ප්රාලේට එරෙහිව දේශපාලනමය හා නරිපාලනමය දුෂ්ට ප්රයත්නයක් දියත් කර තිබේද?,False,sinhala,f835cc3ea82f0af49cebcbed06019f3a2dbd4b6a93a9df04a648bab971b7c498,DUP_f835cc3ea82f0af4,1,False,1014,6.922643891475888,0.9428007889546351,0.9373163565132224,0.019723865877712,0.0205680705190989,0.0029585798816568,0.0039177277179236,0.0128205128205128,0.0137120470127326,0.0039447731755424,0.0048971596474045,0.0128205128205128,0.0137120470127326,0.004930966469428,0.0058765915768854,like,0.9428007889546351,0.9230769230769232,neutral,0.5384755241616177,0.0085215662024755,0.1592746829833671,True,0.0213510848126232,0.0177514792899408,positive,0.0920554854981084,reactionfusion_v1_provisional,train,approved,neutral,neutral,0.42547112905149165,False,False,0.17274522476684315,0.013535375104160089,0.3526034276969491,0.42547112905149165,0.13353022088269412,0.08839522236886509,0.028321308769413342,0.027893717762353668,0.001563277168562331,0.01700549961257766,0.44803704289690793,0.39597426441340455,0.8977758089713661,0.033110716616153134,0.620568881525708,0.07354767769786552,0.3560053221155946,"candidate=neutral; anchor_balance=0.003; mixed_evidence=0.014; strongest=care_empathy=0.90, disgust=0.62",final_model,reactionfusion_v2_hybrid_development
93,84,0,0,2,0,0,1,87,87,RF_POST_000093,ජෝයි වින්කන්ට්රෝලර්ට එරෙහිව අධිකරණයට කියන කරුණු ඇත්ත නම් අබේවික්රම Vs පතිරණ තීන්දුව අදාළ වේවිද (1986)-1-SLR-120.,False,mixed,5d6a185c501bf430aea9aef5ff5eb5d85ced849ba08292f3c9549bf2e9bc2115,DUP_5d6a185c501bf430,1,False,87,4.477336814478207,0.9655172413793104,0.9042553191489362,0.0,0.0106382978723404,0.0,0.0106382978723404,0.0229885057471264,0.0319148936170212,0.0,0.0106382978723404,0.0,0.0106382978723404,0.0114942528735632,0.0212765957446808,like,0.9655172413793104,0.942528735632184,neutral,0.3442832913709298,-0.0279181421938693,0.0883615762618064,True,0.0,0.0114942528735632,negative,-1.0,reactionfusion_v1_provisional,train,approved,negative,negative,0.3438700732678186,False,False,0.244715227999903,0.016140791634036155,0.3438700732678186,0.3323984209187292,0.18276134903807498,0.14097015677537736,0.11153287309454939,0.048260544369784206,0.0012305701455773302,0.0008310215264015961,0.4974578868378748,0.6858688162761792,0.6482710692399671,0.09450409585230016,0.7620752013007972,0.1195903816377285,0.1714158483687224,"candidate=negative; anchor_balance=-0.015; mixed_evidence=0.016; strongest=disgust=0.76, anger=0.69",final_model,reactionfusion_v2_hybrid_development
94,323,15,1,5,1,1,0,346,346,RF_POST_000094,ඩෙංගු පාලනයට බෝවෙන ස්ථාන අවම කරමු. ඒත් එපමණක් ඵලරහිතය. මදුරුවන්ට පාණාතිපාතා නොසැලැකීමද කීටයන්ට මර උගුල් ඇටවීමද අත්යවශ්යය .,False,sinhala,e92b035c3fbfe5141b754badffdfe9faf024658b4612a4617f66a04f99bf45d4,DUP_e92b035c3fbfe514,1,False,346,5.849324779946859,0.9335260115606936,0.9178470254957508,0.0433526011560693,0.0453257790368272,0.0028901734104046,0.0056657223796034,0.0144508670520231,0.0169971671388102,0.0028901734104046,0.0056657223796034,0.0028901734104046,0.0056657223796034,0.0,0.0028328611898017,like,0.9335260115606936,0.8901734104046243,neutral,0.1030506780239989,0.0986660801389449,0.1604345669026878,True,0.0449421965317919,0.0028901734104046,positive,0.879154078549849,reactionfusion_v1_provisional,train,approved,negative,negative,0.34843502561232687,False,False,0.20182005760393865,0.006860738502116895,0.34843502561232687,0.34216557073281845,0.18562210516319627,0.12377729849165833,0.17776626138785187,0.06276585252298719,0.00257595888085866,0.0065821561309583245,0.5449880493376541,0.24013163419626626,0.9125312947299113,0.03843620347063821,0.6459633823167943,0.2546627753076615,0.33427322745025595,"candidate=negative; anchor_balance=0.040; mixed_evidence=0.007; strongest=care_empathy=0.91, disgust=0.65",final_model,reactionfusion_v2_hybrid_development
95,67,3,1,35,0,13,0,119,119,RF_POST_000095,අද ශ්රී ලංකා ක්රිකට්වලට හොඳ දිනයක් නොවේ .SL-W හා SL-A කණ්ඩායම් දෙකම පරාදය . *ලබන සැරේ අපි දෙනව බැටේ*.එනිවේ සදාකල් 🏏❤️🏏,False,mixed,85f4217d0544cccefa2648a4d65bb5f7443e7a9f02668abc55aa52d8b6816ac1,DUP_85f4217d0544ccce,1,False,119,4.787491742782046,0.5630252100840336,0.5396825396825397,0.0252100840336134,0.0317460317460317,0.0084033613445378,0.0158730158730158,0.2941176470588235,0.2857142857142857,0.0,0.0079365079365079,0.1092436974789916,0.1111111111111111,0.0,0.0079365079365079,like,0.5630252100840336,0.2689075630252101,negative,0.1432611887312654,-0.2168277368184878,0.5437991482599048,True,0.0298319327731092,0.1092436974789916,negative,-0.5709969788519637,reactionfusion_v1_provisional,train,approved,negative,negative,0.31333802375349834,False,False,0.6099893389051615,0.09876017867988328,0.31333802375349834,0.26541874130974086,0.15274406717481442,0.2684991677619464,0.014432417847794924,0.2116135563978118,0.4029091579868938,0.004889434972754947,0.7038833689194852,0.01371364645687773,0.12165748305857317,0.8947132802269289,0.03318557795084115,0.3118452266470739,0.632027160731429,"grouped_out_of_fold; candidate=negative; mixed_evidence=0.099; strongest=fear=0.89, sadness=0.70",grouped_out_of_fold,reactionfusion_v2_hybrid_development
96,222,57,0,2,0,1,0,282,282,RF_POST_000096,SL-A Vs IND-A සහන් හා අපේ කණඩායම දිනාවි. ඒත් අර පොඩිමෑන්ගේ Fireworks අගයන්නෙ නැතුව බෑ. එනිවේ සදාකල්🏏❤️🏏,False,mixed,9f8a17f67a20aab1de564ead0b0e6c0592451ed3033a96fbd8ae51cbbf87ca17,DUP_9f8a17f67a20aab1,1,False,282,5.645446897643238,0.7872340425531915,0.7716262975778547,0.202127659574468,0.2006920415224913,0.0,0.0034602076124567,0.0070921985815602,0.0103806228373702,0.0,0.0034602076124567,0.0035460992907801,0.0069204152249134,0.0,0.0034602076124567,like,0.7872340425531915,0.5851063829787234,positive,0.3274827192436861,0.3846514803122007,0.2911784429067372,True,0.202127659574468,0.0035460992907801,positive,0.9655172413793104,reactionfusion_v1_provisional,train,approved,positive,positive,0.3932474447195665,False,False,0.34072025918983784,0.014147554014802954,0.2780609062292618,0.2737090130467483,0.3932474447195665,0.054982636004423595,0.7286171559951861,0.05668257659680348,0.029484321360214796,0.008105558419566823,0.22873010214669837,0.002231579720577441,0.054664800459046155,0.006768946222941435,0.6304790550084798,0.8336483925345299,0.4966155325474937,"grouped_out_of_fold; candidate=positive; mixed_evidence=0.014; strongest=approval=0.83, joy=0.73",grouped_out_of_fold,reactionfusion_v2_hybrid_development
97,553,81,7,10,0,1,0,652,652,RF_POST_000097,"දැරණියගලදී වූ පොලිස්-ගම්වැසි ගැටුම ගැන මානව හිමිකම් කොමිසම, පොලිස් කොමිසම හා පොලිස්පති වෙන වෙනම ස්වාධීන පරීක්ෂණ කඩිනමින් කළයුතුය.",False,sinhala,7158b5de1f5da99cc02272224e9800bd528ae9ed557f08dbdc426bda317cb3ac,DUP_7158b5de1f5da99c,1,False,652,6.481577129276431,0.848159509202454,0.8406676783004552,0.1242331288343558,0.1244309559939302,0.0107361963190184,0.0121396054628224,0.0153374233128834,0.0166919575113808,0.0,0.0015174506828528,0.0015337423312883,0.0030349013657056,0.0,0.0015174506828528,like,0.848159509202454,0.7239263803680982,positive,0.2384126978187765,0.2753011778835434,0.2679825969959499,True,0.1301380368098159,0.0015337423312883,positive,0.976703552708212,reactionfusion_v1_provisional,train,approved,uncertain,negative,0.2740368374313335,True,True,0.2900351160401163,0.005281367818636412,0.2740368374313335,0.2480867320937467,0.2565605841969522,0.22131584627796747,0.5030495272480286,0.3209473678523377,0.011454057139729317,0.013573895805174402,0.3745458713817242,0.024658463768694513,0.7913543795336802,0.01834312341235801,0.6065355678787472,0.7422180308403273,0.4482269353737853,"candidate=negative; anchor_balance=0.127; mixed_evidence=0.005; strongest=care_empathy=0.79, approval=0.74",final_model,reactionfusion_v2_hybrid_development
99,395,177,10,0,0,0,0,582,582,RF_POST_000099,ජවන ඉසව් ගැන යම් උනන්දුවක් රටේ ඇති නමුත් වීසිකිරීමේ ඉසව් ගැන අවධානය අඩුය. ඒත් අපේ රන් හෙල්ල රුමේෂ් තරංග එය වෙනස් කරනු නිසැකය.,False,sinhala,50f2d1280d2e354abd579f99845c444758ab01d471535937922e70a84867aae4,DUP_50f2d1280d2e354a,1,False,582,6.368187186350492,0.6786941580756014,0.6723259762308998,0.3041237113402061,0.3022071307300509,0.0171821305841924,0.0186757215619694,0.0,0.0016977928692699,0.0,0.0016977928692699,0.0,0.0016977928692699,0.0,0.0016977928692699,like,0.6786941580756014,0.3745704467353952,positive,0.4233412988585002,0.5153627732927545,0.3570989250233431,False,0.313573883161512,0.0,positive,1.0,reactionfusion_v1_provisional,train,approved,positive,positive,0.37198815968075893,False,False,0.38347694108246116,0.005208515328794039,0.14091960507842355,0.201564017513565,0.37198815968075893,0.28552821772725256,0.8721259186864637,0.9209125220889198,0.09959977702923434,0.0036643889648263054,0.08438112139086602,0.0010815339933702998,0.565041251827706,0.006996477000600575,0.26290379053138,0.9696101512458571,0.38615717107209463,"candidate=positive; anchor_balance=0.309; mixed_evidence=0.005; strongest=approval=0.97, affection=0.92",final_model,reactionfusion_v2_hybrid_development
102,499,35,15,3,1,932,1,1486,1486,RF_POST_000102,පුතු සෙනේ මස් නහර හැම සිඳ ඇට සොයා ගොස් ඇට තුලට වැද ඇට මිඳුළු මත රඳා සිට දුක් දෙයි නිබන්දා...😥,False,sinhala,1828a0186c71360598eb7b11b0c783863484a0595e9cd503a625d10aa053e313,DUP_1828a0186c713605,1,False,1486,7.304515946460155,0.3358008075370121,0.3348961821835231,0.0235531628532974,0.0241125251172136,0.0100942126514131,0.0107166778298727,0.0020188425302826,0.0026791694574681,0.0006729475100942,0.001339584728734,0.6271870794078062,0.6249162759544541,0.0006729475100942,0.001339584728734,sad,0.6271870794078062,0.2913862718707941,negative,0.5660226132141037,-0.7162007714517313,0.4193744665567674,False,0.0291049798115746,0.6278600269179003,negative,-0.9113956466069142,reactionfusion_v1_provisional,train,approved,neutral,neutral,0.37122557669960515,False,False,0.42765168456730773,0.0513296596613942,0.3443727807664404,0.37122557669960515,0.09631486826478819,0.18808677426916626,0.0011001987609373382,0.21923404975241728,0.4485901243139479,0.010439391552381836,0.3324147582331147,0.0011692586953979853,0.30662367620194425,0.0015609213664203292,0.0046476419128095685,0.17103023878865953,0.05790603289203967,"grouped_out_of_fold; candidate=neutral; mixed_evidence=0.051; strongest=amusement=0.45, sadness=0.33",grouped_out_of_fold,reactionfusion_v2_hybrid_development
103,1237,19,5,2648,10,69,0,3988,3988,RF_POST_000103,"ශෂී වීරවංශ මිය ව්යාජ උපන්දින යොදා ලේඛන සැකසූවේ බිරිඳ, සැමියාට වඩා වයසින් අඩු වියයුතුය යන මතය නිසා නම් ඒ ගැන කණගාටුවියයුතුය. 😪",False,sinhala,04a45cf792beabd7b87e148eac9564e09cb1ee90c5f78365fd74cfa3ef5550e6,DUP_04a45cf792beabd7,1,False,3988,8.291295851905407,0.3101805416248746,0.3098873591989987,0.0047642928786359,0.0050062578222778,0.0012537612838515,0.0015018773466833,0.6639919759277834,0.6630788485607009,0.0025075225677031,0.0027534418022528,0.0173019057171514,0.0175219023779724,0.0,0.0002503128911138,haha,0.6639919759277834,0.3538114343029087,neutral,0.4408409743465608,-0.0437467422994041,0.3875057542931411,True,0.0054538615847542,0.0173019057171514,negative,-0.5206611570247934,reactionfusion_v1_provisional,train,approved,negative,negative,0.32308071297681107,False,False,0.3910427785059934,0.009122700114332562,0.32308071297681107,0.2709462465831439,0.1317433629022224,0.27422967753782257,0.007098956311140617,0.09746550892598245,0.796634140768295,0.7845181547597081,0.20144577922222207,0.8263032277256172,0.2890885503617366,0.05019296095719498,0.6149950804275661,0.13229776201243154,0.8675406841686629,"candidate=negative; anchor_balance=-0.012; mixed_evidence=0.009; strongest=sarcasm=0.87, anger=0.83",final_model,reactionfusion_v2_hybrid_development
104,147,3,1,45,1,0,1,198,198,RF_POST_000104,"සැකයේ වාසිය/වෙනත් කරුණක් මත වැරදිලාවත් බොටම් බේරුණොත් ,""අර ළමයා වෙනුවෙන් මුලින්ම හිටියෙ අපි"" කියල තනි ගෞරවය ගන්න දඟලන අයට මක්වේද",False,sinhala,c4b368aa3a23b8a635529c54be34f8a139072264f38527d3779c09cac5d5cab0,DUP_c4b368aa3a23b8a6,1,False,198,5.293304824724492,0.7424242424242424,0.7219512195121951,0.0151515151515151,0.0195121951219512,0.005050505050505,0.0097560975609756,0.2272727272727272,0.224390243902439,0.005050505050505,0.0097560975609756,0.0,0.0048780487804878,0.005050505050505,0.0097560975609756,like,0.7424242424242424,0.5151515151515151,neutral,0.465637428726422,0.0362610765650629,0.3604753754084325,True,0.0179292929292929,0.005050505050505,positive,0.5604395604395604,reactionfusion_v1_provisional,train,approved,negative,negative,0.3215014437057836,False,False,0.41565116813280784,0.024330800085822897,0.3215014437057836,0.2217141883717078,0.2220386574287902,0.23474571049371848,0.1259906365219137,0.21906488351229889,0.053039852487420915,0.006108289187535126,0.4806009812390486,0.6107055150960999,0.4833705016795635,0.41702653858707095,0.6353588074792057,0.439476854006057,0.4990607158685073,"candidate=negative; anchor_balance=0.010; mixed_evidence=0.024; strongest=disgust=0.64, anger=0.61",final_model,reactionfusion_v2_hybrid_development
105,320,8,1,186,7,2,0,524,524,RF_POST_000105,"1)සිලෝන්මදර්වුඩ් මැස්සා එළවීමට කඩුවෙන් කොටයි. 2)බොටම්විලේජ් ගැන නිහඬවූ සමහර මාධ්ය මදර්වුඩ් ,පතුරු ගසයි.",False,sinhala,fe34952a6944e4a1cef8679620b25f1c03675e2b1a52884984ef3578a20c8768,DUP_fe34952a6944e4a1,1,False,524,6.263398262591624,0.6106870229007634,0.6045197740112994,0.015267175572519,0.0169491525423728,0.0019083969465648,0.0037664783427495,0.3549618320610687,0.352165725047081,0.0133587786259541,0.0150659133709981,0.0038167938931297,0.0056497175141242,0.0,0.0018832391713747,like,0.6106870229007634,0.2557251908396946,neutral,0.4837686258061041,0.0384182905196558,0.4232078821998319,True,0.0163167938931297,0.0038167938931297,positive,0.6208530805687204,reactionfusion_v1_provisional,train,approved,negative,negative,0.3779240142047856,False,False,0.4451424572420214,0.013412955397123054,0.3779240142047856,0.2626909299643785,0.2045564721756198,0.15482858365521615,0.07581260307825287,0.16969167379517333,0.33117614212277224,0.024519939251092828,0.24792738467062553,0.7314301303865658,0.47166050118644215,0.32838973716829395,0.6195979996412159,0.3429785485428536,0.7489721046581012,"candidate=negative; anchor_balance=0.011; mixed_evidence=0.013; strongest=sarcasm=0.75, anger=0.73",final_model,reactionfusion_v2_hybrid_development
106,422,3,2,271,4,0,1,703,703,RF_POST_000106,"PTAට කවදත් එරෙහි දේශද්රෝහින්ට පිපෙන කැකුළු ,ෆයිව් වෙපන්ස්,සුපර්ක්ලීන් ඇතුළු නව පිරිසක් බුද්ධිමය මහසෙනවියකු සමග එක්වේ 😛",False,mixed,4cafe20780a1f68eee3e5464d2e9cc8c6f172f8ecaba9919e46ece678325b84d,DUP_4cafe20780a1f68e,1,False,703,6.556778356158042,0.6002844950213371,0.5957746478873239,0.0042674253200568,0.0056338028169014,0.0028449502133712,0.004225352112676,0.3854907539118065,0.3830985915492957,0.0056899004267425,0.0070422535211267,0.0,0.0014084507042253,0.0014224751066856,0.0028169014084507,like,0.6002844950213371,0.2147937411095306,neutral,0.6129335794575709,0.0139192783035718,0.3867192069892865,True,0.005832147937411,0.0014224751066856,positive,0.6078431372549019,reactionfusion_v1_provisional,train,approved,negative,negative,0.37604459131575413,False,False,0.4055070753367982,0.006853640709917717,0.37604459131575413,0.24010879206998054,0.19142001992880733,0.1924265966854581,0.04684096901631627,0.1767509781962389,0.443625976766476,0.04256747897916696,0.3071593868655186,0.8566209918346096,0.4827328987784035,0.3755110634290809,0.6115829397650249,0.3897920517974929,0.7960326990737789,"candidate=negative; anchor_balance=0.004; mixed_evidence=0.007; strongest=anger=0.86, sarcasm=0.80",final_model,reactionfusion_v2_hybrid_development
107,1171,542,35,0,2,1,0,1751,1751,RF_POST_000107,ඔලිම්පික් උළෙලේදී රුමේෂ් තරංග හෙල්ල රනින් බබලවනු ඇතැයි හඟිමු. අපි ඔහුට සුබ පතමු. ජය පතමු.👊✌❤️,False,sinhala,b4f732155eba7f97107f14e7de8790ad4284f31fa01d5df9f51e1c5724ee046c,DUP_b4f732155eba7f97,1,False,1751,7.468513271496337,0.6687607081667618,0.6666666666666666,0.309537407195888,0.3088737201365187,0.019988577955454,0.0204778156996587,0.0,0.0005688282138794,0.0011422044545973,0.0017064846416382,0.0005711022272986,0.0011376564277588,0.0,0.0005688282138794,like,0.6687607081667618,0.3592233009708738,positive,0.4240410460222308,0.5206688176447847,0.3711678838753727,False,0.3205311250713878,0.0005711022272986,positive,0.9964428634948866,reactionfusion_v1_provisional,train,approved,positive,positive,0.36144324455914933,False,False,0.38023160937706374,0.0025954376066693765,0.16685513269993332,0.2174436799560944,0.36144324455914933,0.2542579427848229,0.7377008514650774,0.8845459067665143,0.11159348130644131,0.013726196503730756,0.036892784058457195,0.0011420356442852723,0.6590464663982257,0.004051987445900886,0.2996223901641986,0.9536329487598149,0.44932459722217005,"candidate=positive; anchor_balance=0.318; mixed_evidence=0.003; strongest=approval=0.95, affection=0.88",final_model,reactionfusion_v2_hybrid_development
108,422,11,1,146,4,3,1,588,588,RF_POST_000108,"දැන් වැඩ වෙනවිදියට ව්යවස්ථදායකය , විධායකය , අර ඊනියා විධිමත් රාජ්ය යාන්ත්රණය සේරටම වඩා ජනමතය අහනවනෙ ,මල්වතු කාරක සංඝ සභාව.",False,sinhala,e9e3e7c89db68b5cd91d72316e190ad39d69c5cdbcbf90bfba2ce97ddf7bbc34,DUP_e9e3e7c89db68b5c,1,False,588,6.3784261836515865,0.717687074829932,0.7109243697478992,0.0187074829931972,0.0201680672268907,0.0017006802721088,0.0033613445378151,0.2482993197278911,0.2470588235294117,0.0068027210884353,0.0084033613445378,0.0051020408163265,0.0067226890756302,0.0017006802721088,0.0033613445378151,like,0.717687074829932,0.4693877551020408,neutral,0.4795465407877122,0.0366477030829593,0.3807906081769735,True,0.0196428571428571,0.0068027210884353,positive,0.4855305466237942,reactionfusion_v1_provisional,train,approved,negative,negative,0.36049231773378765,False,False,0.400217273891574,0.016143217770416433,0.36049231773378765,0.2639111787653345,0.1970758761707744,0.17852062733010352,0.0840370999135443,0.1653308694145094,0.07076629405205709,0.03441584509415644,0.36311280839439575,0.5880389390754428,0.6141490038587681,0.31100374256212754,0.6037286384619716,0.37755506809149214,0.6098406328976242,"candidate=negative; anchor_balance=0.012; mixed_evidence=0.016; strongest=care_empathy=0.61, sarcasm=0.61",final_model,reactionfusion_v2_hybrid_development
109,391,16,7,1043,2,18,1,1478,1478,RF_POST_000109,"හිටපු නායක MDS ශ්රී ලංකාද රාජස්ථාන්ද වෙනසක් නෑ , ප්රතිවාදීන්ට කරදර නෑ. බෝල 9ට 3යි . එනිවේ සදාකල්🏏❤️🏏",False,mixed,2796d6a3adb5afede4437c8e2526209b54d0871f6b5b902faba77c0a1c99b966,DUP_2796d6a3adb5afed,1,False,1478,7.2991214627108,0.2645466847090663,0.2639730639730639,0.0108254397834912,0.0114478114478114,0.0047361299052774,0.0053872053872053,0.7056833558863329,0.703030303030303,0.0013531799729364,0.002020202020202,0.0121786197564276,0.0127946127946127,0.0006765899864682,0.0013468013468013,haha,0.7056833558863329,0.4411366711772665,neutral,0.6775878773933981,0.0021687290267285,0.3801182761690461,True,0.0134303112313937,0.0128552097428958,neutral,0.0218790218790219,reactionfusion_v1_provisional,train,approved,negative,negative,0.4241660791224426,False,False,0.3884156610294271,0.021970986886513045,0.4241660791224426,0.2969219774892253,0.18740793428223668,0.09150400910609552,0.019151167638240544,0.07080758466330968,0.7419003790790966,0.6702424513399442,0.27358245641612533,0.8258700107766875,0.4670884307847996,0.04699219242353649,0.8087996115748213,0.0365299740722642,0.8086938246826061,"grouped_out_of_fold; candidate=negative; mixed_evidence=0.022; strongest=anger=0.83, disgust=0.81",grouped_out_of_fold,reactionfusion_v2_hybrid_development
111,301,2,0,98,2,6,1,410,410,RF_POST_000111,*අප්පමාදෝ අමත පදං පමාදෝ මච්චුනෝ පදං* මන්ත්රීවරියන්ගේ සංසදය වැඩ පටන් ගෙන.👊✌. ඒත් ක්රියාමාර්ග බාලගිරි වගේ. අද නොවේ හෙට.,False,sinhala,69a9b3b104590bf1fc5fe8e4b6e2f3a5daa06a97c4946cbffb57773c8cc697fc,DUP_69a9b3b104590bf1,1,False,410,6.018593214496234,0.7341463414634146,0.7242206235011991,0.0048780487804878,0.0071942446043165,0.0,0.0023980815347721,0.2390243902439024,0.237410071942446,0.0048780487804878,0.0071942446043165,0.0146341463414634,0.0167865707434052,0.0024390243902439,0.0047961630695443,like,0.7341463414634146,0.4951219512195122,neutral,0.4827661966523732,-0.0346817504959982,0.3583930641231485,True,0.0048780487804878,0.0170731707317073,negative,-0.5555555555555556,reactionfusion_v1_provisional,train,approved,negative,negative,0.35360380450530476,False,False,0.3878660567306859,0.013207908886272757,0.35360380450530476,0.2532338648537877,0.19299307083378,0.2001692598071275,0.06461807014452502,0.12737494199535057,0.042972632159013806,0.03848104834183434,0.4168900207663625,0.7506098175639347,0.6397494550054663,0.4966478679746354,0.6286123874614366,0.3188200897389757,0.5577450984533286,"candidate=negative; anchor_balance=-0.013; mixed_evidence=0.013; strongest=anger=0.75, care_empathy=0.64",final_model,reactionfusion_v2_hybrid_development
114,364,12,0,60,7,2,1,446,446,RF_POST_000114,"වින් කන්ට්රෝලර්ගෙ හා සන් කමාන්ඩර්ජෙම්ගේ පොලිසියට, බන්තේ පල්ලෙගමට ඇති චෝදනාවම එල්ලවේ.",False,sinhala,247a4d53f06803ba7bbbb917792500fcae46835e160c15c2eea0da741b8e7f56,DUP_247a4d53f06803ba,1,False,446,6.102558594613569,0.8161434977578476,0.8057395143487859,0.0269058295964125,0.0286975717439293,0.0,0.0022075055187637,0.1345291479820627,0.1346578366445916,0.0156950672645739,0.0176600441501103,0.0044843049327354,0.0066225165562913,0.0022421524663677,0.0044150110375275,like,0.8161434977578476,0.6816143497757847,neutral,0.3719605599064587,0.052712460569183,0.3268797038730378,True,0.0269058295964125,0.0067264573991031,positive,0.6,reactionfusion_v1_provisional,train,approved,negative,negative,0.36731346303061213,False,False,0.3535022611413882,0.01560716384730191,0.36731346303061213,0.349805938774422,0.18107416572675142,0.10180643246821454,0.07099944880930417,0.05179602985347372,0.011224204059329395,0.014137143726687711,0.2667689142160486,0.5011411699853441,0.7723277107221456,0.11466031351955383,0.7177524040188565,0.1529052525478423,0.4276566976642245,"candidate=negative; anchor_balance=0.019; mixed_evidence=0.016; strongest=care_empathy=0.77, disgust=0.72",final_model,reactionfusion_v2_hybrid_development
115,93,1,0,116,2,1,0,213,213,RF_POST_000115,"ගරුතර මහා සංඝරත්නයේ ඉල්ලීම මත , නාගොඩ ප්රාස හෝ ප්රාලේ පෝයට දන්සැල් තහනම් කරලද ( ප.ලි. ප්රාස නොව ප්රාලේ බව සැළයි)",False,sinhala,a92537f3923088113bff24be0091518f2efa0e3a137fe6f84f9839573e1bde6f,DUP_a92537f392308811,1,False,213,5.365976015021851,0.4366197183098591,0.4272727272727272,0.0046948356807511,0.009090909090909,0.0,0.0045454545454545,0.5446009389671361,0.5318181818181819,0.0093896713615023,0.0136363636363636,0.0046948356807511,0.009090909090909,0.0,0.0045454545454545,haha,0.5446009389671361,0.107981220657277,neutral,0.6922898249595698,0.0,0.4044131978074012,True,0.0046948356807511,0.0046948356807511,neutral,0.0,reactionfusion_v1_provisional,train,approved,negative,negative,0.35626262239724527,False,False,0.45850377941711823,0.02125790250024821,0.35626262239724527,0.20176572161963896,0.20903449815750513,0.2329371578256106,0.04861180340758972,0.2520811335139853,0.7910999416013391,0.014794073294740263,0.36335236997473425,0.9230746549022965,0.30210757930919735,0.504263802407842,0.7617614145833637,0.34385488586596763,0.8758834632359189,"candidate=negative; anchor_balance=-0.002; mixed_evidence=0.021; strongest=anger=0.92, sarcasm=0.88",final_model,reactionfusion_v2_hybrid_development
116,430,5,0,335,21,16,2,809,809,RF_POST_000116,ගාලු සඟරුවනේ නියෝගයෙන් වෙසක් පෝයට ගාල්ලේ දන්සැල් තහනම්ලු පොසොන් පෝයට අපුරේ දන්සැල් ?...,False,sinhala,40038be5ca8a90c81bcbe7cfae4757fb12a7aa4cf071ebfb9738495bb6024ea6,DUP_40038be5ca8a90c8,1,False,809,6.697034247666484,0.5315203955500618,0.5281862745098039,0.0061804697156983,0.0073529411764705,0.0,0.0012254901960784,0.4140914709517923,0.4117647058823529,0.0259579728059332,0.0269607843137254,0.0197775030902348,0.0208333333333333,0.0024721878862793,0.0036764705882352,like,0.5315203955500618,0.1174289245982694,neutral,0.4232551288712494,-0.0510198256765066,0.4726150154547137,True,0.0061804697156983,0.0222496909765142,negative,-0.5652173913043478,reactionfusion_v1_provisional,train,approved,negative,negative,0.37583247845732204,False,False,0.4859023588693118,0.015601276718598001,0.37583247845732204,0.3603027574615325,0.16862353001609112,0.09524123406505423,0.010349656918717703,0.03496836389161689,0.5379299027740102,0.06681661236863677,0.08125694641060117,0.9085716291642937,0.23652671349855273,0.28087503048484547,0.7133756318426088,0.06547001160121732,0.8409373967707694,"candidate=negative; anchor_balance=-0.016; mixed_evidence=0.016; strongest=anger=0.91, sarcasm=0.84",final_model,reactionfusion_v2_hybrid_development
117,68,7,1,0,0,0,0,76,76,RF_POST_000117,විභව හා චාලක ශක්තියත් සූර්යාගේ විලයන ක්රියාවලියේ ඇදහිය නොහැකි ශක්තියත් බලන්න ඇහැකි රාජස්ථාන් රෝයල් පොඩි හාදයාගෙ ගිනිකෙළියෙන්.,False,sinhala,1d550c2a022980faa7b77c7e90bdf1bf4e4d64c82603df30788a2758b248c889,DUP_1d550c2a022980fa,1,False,76,4.343805421853684,0.8947368421052632,0.8313253012048193,0.0921052631578947,0.0963855421686747,0.0131578947368421,0.0240963855421686,0.0,0.0120481927710843,0.0,0.0120481927710843,0.0,0.0120481927710843,0.0,0.0120481927710843,like,0.8947368421052632,0.8026315789473685,positive,0.153590814107685,0.2176202865922164,0.193305829018103,True,0.0993421052631578,0.0,positive,1.0,reactionfusion_v1_provisional,train,approved,uncertain,positive,0.304759248908694,True,True,0.3503709052326348,0.03377068966097685,0.22554646723485494,0.2809096966973901,0.304759248908694,0.18878458715906118,0.5027695594046606,0.21262911258249512,0.013903555294852907,0.00036063824107727065,0.6268021596162124,0.01893944683044326,0.3737509708040875,0.03919089259179609,0.2962357168960098,0.6180462481338398,0.16669460268842437,"candidate=positive; anchor_balance=0.086; mixed_evidence=0.034; strongest=sadness=0.63, approval=0.62",final_model,reactionfusion_v2_hybrid_development
118,1099,50,2,9,5,2,0,1167,1167,RF_POST_000118,"සමාජයට බලපෑම් කළහැකි පැවිදි උතුමන්ට ,දේශපාලනඥයන්ට හා රාජ්ය නිලධරයන්ට එරෙහි නඩු කඩිනමින් අසා නිමකිරීමේ වැඩපිළිවෙලක් වහා අවශ්යය.",False,sinhala,9c1abbe0b7b07ec2c65571ab0a956d9498dec20a338df389e1391f074b832688,DUP_9c1abbe0b7b07ec2,1,False,1167,7.0630481633881725,0.9417309340188518,0.9369676320272572,0.0428449014567266,0.0434412265758092,0.001713796058269,0.0025553662691652,0.0077120822622107,0.0085178875638841,0.0042844901456726,0.0051107325383304,0.001713796058269,0.0025553662691652,0.0,0.0008517887563884,like,0.9417309340188518,0.8988860325621251,neutral,0.1031663060528094,0.098298293710901,0.1409201251110828,True,0.0437874892887746,0.001713796058269,positive,0.9246704331450094,reactionfusion_v1_provisional,train,approved,neutral,neutral,0.41287674821416515,False,False,0.15485706500693358,0.002110488109123456,0.3532543652689938,0.41287674821416515,0.14792370551152997,0.08594518100531114,0.07715053137265258,0.025463718560861204,0.00236855204204096,0.025917622853657302,0.3461264841586226,0.2758639233305088,0.9336547632810875,0.012919967434055732,0.6747288938624854,0.13312719351971913,0.4047660648172573,"candidate=neutral; anchor_balance=0.041; mixed_evidence=0.002; strongest=care_empathy=0.93, disgust=0.67",final_model,reactionfusion_v2_hybrid_development
119,56,7,1,1,0,2,1,68,68,RF_POST_000119,නොබියව ලියූ ඩීබීඑස් ජෙයරාජ් පිළිබඳ මතකය දිනේවා!,False,sinhala,ac018e922917ba73325ebdf17388510848b99e40dde4fda949fbb9e136472f8e,DUP_ac018e922917ba73,1,False,68,4.23410650459726,0.8235294117647058,0.76,0.1029411764705882,0.1066666666666666,0.0147058823529411,0.0266666666666666,0.0147058823529411,0.0266666666666666,0.0,0.0133333333333333,0.0294117647058823,0.04,0.0147058823529411,0.0266666666666666,like,0.8235294117647058,0.7205882352941176,positive,0.0891733258836166,0.1455342149103805,0.3514094593010424,True,0.1110294117647058,0.0441176470588235,positive,0.4312796208530805,reactionfusion_v1_provisional,train,approved,neutral,neutral,0.37253640182077635,False,False,0.47461892660342825,0.12656504709424754,0.23741150807856745,0.37253640182077635,0.24567768743558074,0.14437440266507548,0.40135393695582017,0.0855305476596938,0.059119051367160884,0.0002789506164700217,0.7746875865038377,0.0015772041391121378,0.04926913458448452,0.06010720196092211,0.07913121906621076,0.5266607851183794,0.0755538988815344,"grouped_out_of_fold; candidate=neutral; mixed_evidence=0.127; strongest=sadness=0.77, approval=0.53",grouped_out_of_fold,reactionfusion_v2_hybrid_development
121,273,3,1,109,1,3,1,391,391,RF_POST_000121,A)සඳසේන මිyaයෑම B)සිංදු හිමි නිදැල්ලේ සිටීම C) ඇතුගල ටෙන්ඩර හා අල්ලස් *කොම්පාසු කඩිනම් ප්රතිචාර ඕනෑ කුමකටද,False,mixed,d0c52492ba2a8e8063a92b853018b047d902dc551357508df3d8902e9ea164c0,DUP_d0c52492ba2a8e80,1,False,391,5.971261839790462,0.6982097186700768,0.6884422110552764,0.0076726342710997,0.0100502512562814,0.0025575447570332,0.0050251256281407,0.278772378516624,0.2763819095477386,0.0025575447570332,0.0050251256281407,0.0076726342710997,0.0100502512562814,0.0025575447570332,0.0050251256281407,like,0.6982097186700768,0.4194373401534527,neutral,0.6673588101793428,-0.0033696640114403,0.3738318175499422,True,0.009079283887468,0.0102301790281329,negative,-0.0596026490066225,reactionfusion_v1_provisional,train,approved,negative,negative,0.3440047808874632,False,False,0.4032536001755,0.020669280008995476,0.3440047808874632,0.2108309381647716,0.19296395966035343,0.25220032128741177,0.06249606837924364,0.20248982200539106,0.10354337233135001,0.026698345253720612,0.4874287827848018,0.7554702999976048,0.5882123826433512,0.5620779367349126,0.6342659080633956,0.4257444568183606,0.6598903832771218,"candidate=negative; anchor_balance=-0.002; mixed_evidence=0.021; strongest=anger=0.76, sarcasm=0.66",final_model,reactionfusion_v2_hybrid_development
122,1100,26,5,177,2,4,0,1314,1314,RF_POST_000122,"රංග රාජපක්ෂට හා සෙසු පුරවැසියන්ට යුක්තිය ලබාදීමට ,ජකේ දැමූ $2.5M හි විමර්ශනය විනිවිදබවින් යුතුව කඩිනමින් සිදුකිරීම බලධරයන්ගේ වගකීමකි.",False,mixed,dfa78f749317f44c7ebd0d505bfe1504e0c1b5af17d6f50a1eafe3f4aa7488ac,DUP_dfa78f749317f44c,1,False,1314,7.181591944611865,0.837138508371385,0.8334595003785011,0.0197869101978691,0.0204390613171839,0.0038051750380517,0.0045420136260408,0.1347031963470319,0.1347464042392127,0.0015220700152207,0.0022710068130204,0.0030441400304414,0.003785011355034,0.0,0.0007570022710068,like,0.837138508371385,0.7024353120243532,neutral,0.3760068968335358,0.0495080384168706,0.2801694436319156,True,0.0218797564687975,0.0030441400304414,positive,0.7557251908396947,reactionfusion_v1_provisional,train,approved,negative,negative,0.3617819866568578,False,False,0.29102069009040404,0.005287279759401739,0.3617819866568578,0.32080150255223056,0.17619216797615897,0.14122434281475263,0.0744670954260507,0.09062029814633318,0.012288475893883334,0.08356393761982407,0.39970949666156785,0.41690641910164405,0.8376558661142347,0.10811266103271892,0.5446728086697998,0.32506245181168714,0.4561551314396057,"candidate=negative; anchor_balance=0.018; mixed_evidence=0.005; strongest=care_empathy=0.84, disgust=0.54",final_model,reactionfusion_v2_hybrid_development
124,2820,378,64,1,3,879,0,4145,4145,RF_POST_000124,අපේ කාලයේ මහත්මයෙක් අභාවප්රාප්තවී තිබේ . ඔහු සිරිසුමන ගොඩගේ නම්වේ. එතුමා පිළිබඳ ගෞරවණීය මතකය දිනේවා!,False,sinhala,d2b3d9f10beea4ff61cd6f919990b23707fa32e800c15a49ef9a9a89b085b254,DUP_d2b3d9f10beea4ff,1,False,4145,8.329899292995725,0.6803377563329313,0.6794315992292871,0.0911942098914354,0.091281310211946,0.0154402895054282,0.015655105973025,0.0002412545235223,0.0004816955684007,0.0007237635705669,0.0009633911368015,0.2120627261761158,0.2119460500963391,0.0,0.0002408477842003,like,0.6803377563329313,0.4682750301568154,negative,0.1647109641767691,-0.212904069645092,0.4527213176212191,True,0.099686369119421,0.2120627261761158,negative,-0.3604705154000928,reactionfusion_v1_provisional,train,approved,negative,negative,0.36825707858196455,False,False,0.4560240675035467,0.18221192870625819,0.36825707858196455,0.2920671630130567,0.09432019435583286,0.24535556404914596,0.022658874929074722,0.5883061090291296,0.01768984166417017,0.06058150512518497,0.7263758700517143,0.0005570687725937304,0.9712409956567983,0.05071082438146759,0.47180566727604756,0.4535095421675346,0.7477461775686909,"candidate=negative; anchor_balance=-0.112; mixed_evidence=0.182; strongest=care_empathy=0.97, sarcasm=0.75",final_model,reactionfusion_v2_hybrid_development
125,619,10,3,422,4,13,0,1071,1071,RF_POST_000125,"රජයේ ඩොලර් හොරකම අල්ලන එක , 2024 අපේ ගේකැඩූ හොරු අල්ලන එක වගේ/ ලසන්තගේ ඝාතකයන් සොයන එක වහේ නොවේවා . රාමේන්.",False,sinhala,2466332865edf14eb048f76e50f54d91448393be160f84fc5219562a0694e1f6,DUP_2466332865edf14e,1,False,1071,6.977281341630747,0.5779645191409897,0.575139146567718,0.0093370681605975,0.010204081632653,0.0028011204481792,0.0037105751391465,0.3940242763772175,0.3923933209647495,0.003734827264239,0.0046382189239332,0.0121381886087768,0.0129870129870129,0.0,0.0009276437847866,like,0.5779645191409897,0.1839402427637722,neutral,0.6867571616586596,-0.0039738018316622,0.4205560595983755,True,0.0108776844070961,0.0121381886087768,negative,-0.0547667342799188,reactionfusion_v1_provisional,train,approved,negative,negative,0.35687982176941563,False,False,0.4319728022716389,0.021157851539835376,0.35687982176941563,0.22790358692047394,0.18601206299131576,0.2292045283187947,0.02905596049543655,0.21027353379037353,0.5127788192441642,0.09370277676028162,0.3370438334657253,0.8038067743812092,0.44470509359148347,0.5481643715174697,0.5816854180494653,0.4036827357764281,0.8548995269875934,"candidate=negative; anchor_balance=-0.002; mixed_evidence=0.021; strongest=sarcasm=0.85, anger=0.80",final_model,reactionfusion_v2_hybrid_development
129,748,50,5,96,3,1,1,904,904,RF_POST_000129,න අන්තලික්ඛෙ .... පවෙහි විපාකයෙන් ගැලවියහැකි තැනක් නැත. දියවන්නාවෙදි අංගාරයා ගැලවුණාට ඡන්දපොළේදි කාටත් ජනතාවගෙන් ගැලවියනොහැක.,False,sinhala,ba87a1c5ea181ef22889709c629405d5c189ab87fd96b330cb0953c9e885fa47,DUP_ba87a1c5ea181ef2,1,False,904,6.807934943699926,0.827433628318584,0.8221734357848518,0.0553097345132743,0.0559824368825466,0.0055309734513274,0.0065861690450054,0.1061946902654867,0.106476399560922,0.0033185840707964,0.0043907793633369,0.0011061946902654,0.0021953896816684,0.0011061946902654,0.0021953896816684,like,0.827433628318584,0.7212389380530974,positive,0.1179625973050604,0.1402191902613177,0.3174542836303334,True,0.0583517699115044,0.0022123893805309,positive,0.9269406392694064,reactionfusion_v1_provisional,train,approved,negative,negative,0.32202411253319496,False,False,0.33128374032613855,0.0058183752417324,0.32202411253319496,0.29735598307358696,0.23086493983407436,0.1497549645591436,0.2670734338401178,0.17403372148725743,0.011581720067557104,0.04126066778758787,0.35007778311436605,0.11154150550601935,0.7446504045002599,0.049421716512098396,0.487427021781763,0.5031666761231344,0.38117998051047297,"candidate=negative; anchor_balance=0.055; mixed_evidence=0.006; strongest=care_empathy=0.74, approval=0.50",final_model,reactionfusion_v2_hybrid_development
131,103,8,1,45,0,0,0,157,157,RF_POST_000131,"ලංකා ලයින්/ජවිපෙ සඳහා සහෝදර සුබසීල කොඩිකාර 71දී ලියූ ගීතය මතක් වේ දණින් වැටී ජීවත්වෙනු වෙනුවට ,හුරුවෙමු දෙපයින් සිට ජයගැනුමට.",False,sinhala,693945c97283727f2a9e86fb9faf530506ec0b51b4d763a240f283aa40f5d5fd,DUP_693945c97283727f,1,False,157,5.062595033026967,0.6560509554140127,0.6341463414634146,0.0509554140127388,0.0548780487804878,0.0063694267515923,0.0121951219512195,0.286624203821656,0.2804878048780488,0.0,0.0060975609756097,0.0,0.0060975609756097,0.0,0.0060975609756097,like,0.6560509554140127,0.3694267515923566,positive,0.1178166174029187,0.1559481466181557,0.4206705098449032,True,0.0544585987261146,0.0,positive,1.0,reactionfusion_v1_provisional,train,approved,mixed,mixed,0.3295486576837521,False,True,0.48908902518931013,0.023858001228746838,0.1861489735066706,0.17461743722898224,0.3096849315805951,0.3295486576837521,0.8023421287835164,0.747269156714475,0.1971609449429789,0.003347178620485484,0.5291487641125431,0.05609729346589899,0.19942710829272528,0.23932318446974285,0.18603512840030983,0.8659199060424487,0.46843061260604374,"candidate=mixed; anchor_balance=0.049; mixed_evidence=0.024; strongest=approval=0.87, joy=0.80",final_model,reactionfusion_v2_hybrid_development
133,1640,26,2,583,8,10,2,2271,2271,RF_POST_000133,බාල අංගාර කෙසේවෙතත් පරණ දූෂණ චෝදනාවට උසාවි නියමයක් ලැබෙනතුරු ප්රින්ස් වින්ෆ්ලෑග්ස් ඇමතිකමෙන් අස්නොවීම පුරවැසි අභිලාෂය කෙළසීමකි.,False,sinhala,84fb8b9a3cd3972cb515d878e4e406bbc40e18615fc4df9dddf8140d6fc8f76e,DUP_84fb8b9a3cd3972c,1,False,2271,7.7284157798410416,0.722148833113166,0.7203687445127305,0.0114487010127697,0.0118525021949078,0.0008806693086745,0.001316944688323,0.2567151034786438,0.2563652326602282,0.0035226772346983,0.0039508340649692,0.0044033465433729,0.0048287971905179,0.0008806693086745,0.001316944688323,like,0.722148833113166,0.4654337296345222,neutral,0.5692799135376886,0.0191952683225655,0.3553647430582839,True,0.0119330691325407,0.0052840158520475,positive,0.3861892583120205,reactionfusion_v1_provisional,train,approved,negative,negative,0.37453803295536214,False,False,0.3612092863248828,0.008879596151972535,0.37453803295536214,0.3104510160868709,0.15637463914459312,0.15863631181317386,0.027322236840682784,0.09242492763413575,0.08129565781362143,0.18781142820718366,0.25492978791135307,0.67340889981045,0.6681416233468526,0.19696257422786764,0.5835644664356929,0.2718773827384848,0.6772231938352214,"candidate=negative; anchor_balance=0.006; mixed_evidence=0.009; strongest=sarcasm=0.68, anger=0.67",final_model,reactionfusion_v2_hybrid_development
135,368,11,1,601,9,1,0,991,991,RF_POST_000135,කොළඹ ම.න.ස. පුරපතිනියට පාකිං පීස් ගැන උපදෙස් දුන් මහදැනමුත්තා සුරාබදු එකට යැව්වොත් ගල් බෝතලේ 1000/= ගන්න ඇහැක් වෙයි .,False,sinhala,3d239bab279ff6da039ad2fd45f94f68ba26dc5137c2671802933541e9497539,DUP_3d239bab279ff6da,1,False,991,6.899723107284872,0.3713420787083754,0.3697394789579158,0.0110998990918264,0.0120240480961923,0.0010090817356205,0.002004008016032,0.6064581231079718,0.6032064128256514,0.0090817356205852,0.0100200400801603,0.0010090817356205,0.002004008016032,0.0,0.001002004008016,haha,0.6064581231079718,0.2351160443995963,neutral,0.4769904881200236,0.0382115819056039,0.3996812763779346,True,0.0116548940464177,0.0010090817356205,positive,0.8406374501992032,reactionfusion_v1_provisional,train,approved,negative,negative,0.3663386370365452,False,False,0.41311943080154334,0.0049673679054293785,0.3663386370365452,0.28106144389938975,0.1946058585273253,0.15799406053673984,0.05953184338427557,0.21657887637074552,0.7938957840455552,0.14058290552687164,0.20931470609420055,0.7808801873841741,0.3201043039829669,0.06686346595889543,0.613292049596284,0.2865079050960762,0.8302637177029983,"candidate=negative; anchor_balance=0.010; mixed_evidence=0.005; strongest=sarcasm=0.83, amusement=0.79",final_model,reactionfusion_v2_hybrid_development
136,1162,34,6,530,9,8,0,1749,1749,RF_POST_000136,අප්පමාදෝ අමත පදං පමාදෝ මච්චුණෝ පදං. *****QR ***** උඩඟුකම විනාශයට මුලය.,False,mixed,eb983c42a932e52edf9fdce070c31188203e6212d700d51d3516b21cc8506ffe,DUP_eb983c42a932e52e,1,False,1749,7.467371066917559,0.664379645511721,0.6623006833712984,0.0194396798170383,0.0199316628701594,0.0034305317324185,0.0039863325740318,0.303030303030303,0.3023917995444191,0.0051457975986277,0.0056947608200455,0.0045740423098913,0.005125284738041,0.0,0.0005694760820045,like,0.664379645511721,0.361349342481418,neutral,0.4109236044894341,0.049631479228735,0.4015026036718465,True,0.0213264722698684,0.0045740423098913,positive,0.6467991169977925,reactionfusion_v1_provisional,train,approved,negative,negative,0.3655543652168253,False,False,0.4087247965551458,0.009310359830413345,0.3655543652168253,0.28267362843918814,0.18924692171207563,0.1625250846319109,0.0659469523695386,0.17981823223831198,0.1892434355248351,0.1273691150121909,0.24637508767146782,0.5156575364773301,0.5332350560947342,0.20294677167329778,0.473951951739536,0.413505822816825,0.7016979733766483,"candidate=negative; anchor_balance=0.016; mixed_evidence=0.009; strongest=sarcasm=0.70, care_empathy=0.53",final_model,reactionfusion_v2_hybrid_development
138,142,15,4,0,1,106,0,268,268,RF_POST_000138,ශබ්දයෙන් කෙරෙන පරිසර දූෂණයට එරෙහි අරගලයේ පතාක යෝධයකුවූ ගාල්ලේ සජීව විජේවීර සහෘදයා අප හැරගොසිනි. ඔහු පිළිබඳ සටන්කාමී මතකය දිනේවා,False,sinhala,7ebc930afb2e4147a22ea8f2a8c22cb4af6ea4cb2067566830c03a460b595adf,DUP_7ebc930afb2e4147,1,False,268,5.594711379601839,0.5298507462686567,0.52,0.0559701492537313,0.0581818181818181,0.0149253731343283,0.0181818181818181,0.0,0.0036363636363636,0.003731343283582,0.0072727272727272,0.3955223880597014,0.3890909090909091,0.0,0.0036363636363636,like,0.5298507462686567,0.1343283582089552,negative,0.3712174746557046,-0.4931428785478378,0.4873723560631247,False,0.0641791044776119,0.3955223880597014,negative,-0.7207792207792207,reactionfusion_v1_provisional,train,approved,mixed,mixed,0.36799052250985675,False,True,0.5253679571831941,0.1432821701408711,0.3399516958411108,0.1614745598655236,0.1305832217835089,0.36799052250985675,0.0965289405197893,0.7829450187894386,0.19589104076973976,0.009871785515950025,0.8527541785499694,0.0002610249925324261,0.8820084254651469,0.006486380020472608,0.01568265854685699,0.6734714489383846,0.12494804841627499,"candidate=mixed; anchor_balance=-0.325; mixed_evidence=0.143; strongest=care_empathy=0.88, sadness=0.85",final_model,reactionfusion_v2_hybrid_development
140,70,3,0,8,0,15,0,96,96,RF_POST_000140,සංජු සැම්සන් ගේ බබා වගේ ආපු ගෙඩිය බාපු එක නැවතුනේ ටාගට් එක 254 ක් වෙලා . එනිවේ සදාකල්🏏❤️🏏,False,sinhala,29961c1001ff3d3dc17d578e8a236e10543242a9cbfb77d17eaae09ad82c2a48,DUP_29961c1001ff3d3d,1,False,96,4.574710978503383,0.7291666666666666,0.6893203883495146,0.03125,0.0388349514563106,0.0,0.0097087378640776,0.0833333333333333,0.087378640776699,0.0,0.0097087378640776,0.15625,0.1553398058252427,0.0,0.0097087378640776,like,0.7291666666666666,0.5729166666666666,negative,0.1847354789207128,-0.2756694481483157,0.4294832445352906,True,0.03125,0.15625,negative,-0.6666666666666666,reactionfusion_v1_provisional,train,approved,neutral,neutral,0.37329736773387606,False,False,0.5241024491598126,0.0926083939292096,0.30720780381433166,0.37329736773387606,0.1428435037945574,0.17665132465723488,0.010896033625789264,0.045331180194734526,0.007867101091994986,0.011007600680894788,0.5733506407555501,0.006159616766381402,0.36080808509483164,0.8412531654327065,0.1998989602848907,0.08536697722305615,0.21370608155854115,"grouped_out_of_fold; candidate=neutral; mixed_evidence=0.093; strongest=fear=0.84, sadness=0.57",grouped_out_of_fold,reactionfusion_v2_hybrid_development
141,82,11,0,16,0,0,0,109,109,RF_POST_000141,"කිවියන් , දේදුන්නන්ට ගෑහුවේ හින්දුස්ථාන් පිති වලින්ද 😛 එනිවේ සදාකල්🏏❤️🏏 කියන්නෙ මේ මැච් නිසාය .",False,sinhala,deb441035afaa3d684c75aba5cfc1323616b6cc3e33fa4931f28090ab21fb260,DUP_deb441035afaa3d6,1,False,109,4.700480365792417,0.7522935779816514,0.7155172413793104,0.1009174311926605,0.1034482758620689,0.0,0.0086206896551724,0.146788990825688,0.146551724137931,0.0,0.0086206896551724,0.0,0.0086206896551724,0.0,0.0086206896551724,like,0.7522935779816514,0.6055045871559633,positive,0.1800040855904322,0.249582347097193,0.3737204213591573,True,0.1009174311926605,0.0,positive,1.0,reactionfusion_v1_provisional,train,approved,positive,positive,0.33413467970865735,False,False,0.4725613568265215,0.03259043840182907,0.15255014330334202,0.22429055147296414,0.33413467970865735,0.28902462551503655,0.8998104859863777,0.681481950557172,0.0385685493119076,0.001550367810897608,0.4855165071849826,0.006656676542267686,0.18851304805087857,0.06539373852272999,0.16261631777896543,0.8437954762534058,0.25370986963509856,"candidate=positive; anchor_balance=0.091; mixed_evidence=0.033; strongest=joy=0.90, approval=0.84",final_model,reactionfusion_v2_hybrid_development
142,82,14,2,5,0,1,1,105,105,RF_POST_000142,චක්දේ ඉන්දියා!. කවුරු දිනුවත් කව්රු පැරදුනත් සදාකල්❤️🏏❤️ .,False,sinhala,0bda7be3f588bd67a06fc7dc67008c4b2732a52dba4f33893fdff28ff950bf27,DUP_0bda7be3f588bd67,1,False,105,4.663439094112067,0.780952380952381,0.7410714285714286,0.1333333333333333,0.1339285714285714,0.019047619047619,0.0267857142857142,0.0476190476190476,0.0535714285714285,0.0,0.0089285714285714,0.0095238095238095,0.0178571428571428,0.0095238095238095,0.0178571428571428,like,0.780952380952381,0.6476190476190476,positive,0.1896883449214493,0.2695435237506702,0.396115641590811,True,0.1438095238095238,0.019047619047619,positive,0.7660818713450291,reactionfusion_v1_provisional,train,approved,mixed,mixed,0.38191022726738094,False,True,0.47842269046223707,0.06834609863746244,0.12110418573221463,0.21768804339310655,0.2792975436072979,0.38191022726738094,0.7288002720401973,0.6282031143329342,0.058818530392596664,0.0003566923110625514,0.6215694333881413,0.00127693954541735,0.019487608255140062,0.029837050615071345,0.06121826040264096,0.8738019809829748,0.12566746508183202,"candidate=mixed; anchor_balance=0.113; mixed_evidence=0.068; strongest=approval=0.87, joy=0.73",final_model,reactionfusion_v2_hybrid_development
143,47,11,0,11,0,1,0,70,70,RF_POST_000143,"අදත් මැච් දෙකක් තිබේ බලමු ,බලමු.එළිවෙනකං බලමු. එනිවේ සදාකල්🏏❤️🏏",False,sinhala,aaa2dd12386b616b0799b325c34d8201d8ff73bbfb921a352ed037b587a53160,DUP_aaa2dd12386b616b,1,False,70,4.262679877041316,0.6714285714285714,0.6233766233766234,0.1571428571428571,0.1558441558441558,0.0,0.0129870129870129,0.1571428571428571,0.1558441558441558,0.0,0.0129870129870129,0.0142857142857142,0.0259740259740259,0.0,0.0129870129870129,like,0.6714285714285714,0.5142857142857142,positive,0.1923452907888028,0.3331902500539663,0.4675302762010517,True,0.1571428571428571,0.0142857142857142,positive,0.8333333333333334,reactionfusion_v1_provisional,train,approved,mixed,mixed,0.3533985782272932,False,True,0.5848517859712516,0.09114573287863661,0.10900614289138666,0.21196284364988277,0.32563243523143726,0.3533985782272932,0.9719097231218113,0.8665178307145375,0.12710276515594046,0.00027175320187255644,0.44957788758488776,0.00013143131140025738,0.0209258484749213,0.021644882229682687,0.022812176761570064,0.9056002881499617,0.17721873466532873,"candidate=mixed; anchor_balance=0.124; mixed_evidence=0.091; strongest=joy=0.97, approval=0.91",final_model,reactionfusion_v2_hybrid_development
144,47,0,1,136,2,3,0,189,189,RF_POST_000144,ලොන්ත ටිම් අතර තරගයේදී උතුම් පැතුම් අවුල් වුණා . කමිල් 100 ක් ගහලා මෙන්ඩා ගෙදර තියනවා .,False,sinhala,6d7c33de5d66509fc37fdbc429ac3033f5461739f4f24d177b7bdaad20fcb52d,DUP_6d7c33de5d66509f,1,False,189,5.247024072160486,0.2486772486772486,0.2448979591836734,0.0,0.0051020408163265,0.0052910052910052,0.010204081632653,0.7195767195767195,0.6989795918367347,0.0105820105820105,0.0153061224489795,0.0158730158730158,0.0204081632653061,0.0,0.0051020408163265,haha,0.7195767195767195,0.4708994708994709,neutral,0.3950620136289436,-0.0492952909912166,0.3723181333066246,True,0.0029100529100529,0.0158730158730158,negative,-0.6901408450704226,reactionfusion_v1_provisional,train,approved,negative,negative,0.34931491051796265,False,False,0.43111909705240914,0.018476532730817535,0.34931491051796265,0.28655789784872726,0.19788281046508602,0.1662443811682239,0.0329741554929404,0.1561362358373416,0.7465739603034248,0.09312818951052027,0.45243414860099385,0.856648281287917,0.2491081761837437,0.07935082084132378,0.7285586357878967,0.15389299071936122,0.7290160041714453,"candidate=negative; anchor_balance=-0.015; mixed_evidence=0.018; strongest=anger=0.86, amusement=0.75",final_model,reactionfusion_v2_hybrid_development
147,74,17,0,0,0,2,0,93,93,RF_POST_000147,"දිගුකල් පවතින මහා නාමයක්, 'ආචාර්ය රාජා ද සිල්වා' එතුමාට අපේ ගෞරවණීය ආචරය පුදකරමු .",False,sinhala,9e53a37702e60ac7f47b44331a2e8bdb02867de9b3b0491c3b0f6c2775b49caf,DUP_9e53a37702e60ac7,1,False,93,4.543294782270004,0.7956989247311828,0.75,0.1827956989247312,0.18,0.0,0.01,0.0,0.01,0.0,0.01,0.021505376344086,0.03,0.0,0.01,like,0.7956989247311828,0.6129032258064516,positive,0.2299656516440482,0.3195876604990897,0.2955192573446613,True,0.1827956989247312,0.021505376344086,positive,0.7894736842105263,reactionfusion_v1_provisional,train,approved,uncertain,positive,0.29439762329890384,True,True,0.4182252793889777,0.06691604470223643,0.1584634104788653,0.2767307202254714,0.29439762329890384,0.27040824599675944,0.7214149269138939,0.4797922391745875,0.03280656246670656,0.000304743428507634,0.5377371213942823,0.0009764561925838558,0.2711125902816933,0.01274536207938969,0.22610854609864242,0.754130360346266,0.30030768280257075,"candidate=positive; anchor_balance=0.145; mixed_evidence=0.067; strongest=approval=0.75, joy=0.72",final_model,reactionfusion_v2_hybrid_development
149,1833,70,18,3893,12,21,1,5848,5848,RF_POST_000149,දුන්න දුනු ගමුවේ පන්දු ටික එළියේ වෙලාවට ඔසියන්ට තැලුවේ නැත්තං අපත් එළියේ .,False,sinhala,e8f526c5119a48a0d0bed33944dedb66d16b2c1b6dd37abab3e0e56eba6f5eaa,DUP_e8f526c5119a48a0,1,False,5848,8.674025985443025,0.3134404924760602,0.3132365499573014,0.011969904240766,0.0121263877028181,0.0030779753761969,0.0032450896669513,0.6656976744186046,0.6650725875320239,0.0020519835841313,0.0022203245089666,0.0035909712722298,0.0037574722459436,0.0001709986320109,0.0003415883859948,haha,0.6656976744186046,0.3522571819425444,neutral,0.4792430232793647,0.036661035044515,0.3801266388235563,True,0.0136627906976744,0.0037619699042407,positive,0.5682041216879293,reactionfusion_v1_provisional,train,approved,negative,negative,0.3293312395489667,False,False,0.3824621605446706,0.006270942341979228,0.3293312395489667,0.2595698841609074,0.14868820313551162,0.2624106731546143,0.019557710545404713,0.1792405309076362,0.8106163894250028,0.7544114816384337,0.13870486122552997,0.646856499520072,0.2907603307466651,0.01622175889269216,0.5415048413900068,0.20948703960681667,0.8344839717864504,"candidate=negative; anchor_balance=0.010; mixed_evidence=0.006; strongest=sarcasm=0.83, amusement=0.81",final_model,reactionfusion_v2_hybrid_development
150,66,4,1,26,0,6,0,103,103,RF_POST_000150,පවර් ප්ලේ එකේ දුනු මහීශ්ට 2ට24 .ප්රමෝදට 2ට23. තත්වය අවදානම්. ඒත් බලං ඉඳිමු. එනිවේ සදාකල්🏏❤️🏏,False,sinhala,a4443f38d977c5d518ce130b9a5f80584f7ae62a0a790621ee837ecc1ca77e36,DUP_a4443f38d977c5d5,1,False,103,4.6443908991413725,0.6407766990291263,0.6090909090909091,0.0388349514563106,0.0454545454545454,0.0097087378640776,0.0181818181818181,0.2524271844660194,0.2454545454545454,0.0,0.009090909090909,0.058252427184466,0.0636363636363636,0.0,0.009090909090909,like,0.6407766990291263,0.3883495145631068,neutral,0.4424890552247179,-0.0387626785998001,0.4982001378584101,True,0.0441747572815533,0.058252427184466,negative,-0.1374407582938388,reactionfusion_v1_provisional,train,approved,mixed,mixed,0.45712643853846824,False,True,0.5760145636222229,0.1277705032034749,0.21431210573259427,0.1732436911185469,0.15531776461039062,0.45712643853846824,0.05706267503779606,0.6471169430866788,0.23171208251576453,0.0010270529544671768,0.8319230478298114,0.21701041522807799,0.16291713746662723,0.04358812529643921,0.3316226436491957,0.6729048912032004,0.896424342340478,"grouped_out_of_fold; candidate=mixed; mixed_evidence=0.128; strongest=sarcasm=0.90, sadness=0.83",grouped_out_of_fold,reactionfusion_v2_hybrid_development
151,77,11,2,186,2,8,0,286,286,RF_POST_000151,අර සංචිතයෙ ඉන්න 15ම මේ ගහන පාරවල් නවත්වන්න දාන්න දෙන්න කියල ඉල්ලන්න බෑද.. එනිවේ සදාකල්🏏❤️🏏,False,sinhala,dfc2a7319f8936d896df794731d11be7a528529e67b1d80516eff39ff292015b,DUP_dfc2a7319f8936d8,1,False,286,5.659482215759621,0.2692307692307692,0.2662116040955631,0.0384615384615384,0.0409556313993174,0.0069930069930069,0.0102389078498293,0.6503496503496503,0.6382252559726962,0.0069930069930069,0.0102389078498293,0.0279720279720279,0.030716723549488,0.0,0.0034129692832764,haha,0.6503496503496503,0.3811188811188811,neutral,0.4201430096542103,0.0514974943540293,0.4768236137199864,True,0.0423076923076923,0.0279720279720279,positive,0.2039800995024875,reactionfusion_v1_provisional,train,approved,uncertain,negative,0.28277802971289223,True,True,0.5087495367928537,0.06945386167820529,0.28277802971289223,0.22318798144097152,0.21837908853579954,0.27565490031033674,0.1583455514289434,0.6464353405470392,0.7687879186365242,0.04878587366407558,0.5074935525258466,0.2086151873982557,0.18191689511323506,0.1583071238612516,0.5596454694573957,0.47295757746044137,0.8164401111178525,"candidate=negative; anchor_balance=0.012; mixed_evidence=0.069; strongest=sarcasm=0.82, amusement=0.77",final_model,reactionfusion_v2_hybrid_development
152,504,130,11,8,0,0,0,653,653,RF_POST_000152,අතට අතදී තරග කරනවා නම් කණ්ඩායම් දෙකටම සුබ පතමි . තරගය SKYගම්භීර් ක්රමයට නම් පකිස්ථානයට ජය පතමි . එනිවේ සදාකල්🏏❤️🏏,False,mixed,397122138e1fa274d425f1184a48c4f4cef6c9bd131cab94aba8df363e9c4f6f,DUP_397122138e1fa274,1,False,653,6.483107351457199,0.7718223583460949,0.7651515151515151,0.1990811638591118,0.1984848484848485,0.0168453292496171,0.0181818181818181,0.0122511485451761,0.0136363636363636,0.0,0.0015151515151515,0.0,0.0015151515151515,0.0,0.0015151515151515,like,0.7718223583460949,0.5727411944869831,positive,0.3336166553827923,0.3997631829446347,0.330925008671252,True,0.2083460949464012,0.0,positive,1.0,reactionfusion_v1_provisional,train,approved,positive,positive,0.4312455246574639,False,False,0.35290141519782287,0.004277592911488762,0.26477175002911885,0.2560786957186531,0.4312455246574639,0.04790402959476402,0.7479257813193331,0.13923588571519313,0.04457202274527982,0.010087425763422848,0.14661970648289763,0.0035198503869135417,0.028867809841991467,0.00863388189485107,0.5500952885870101,0.9124002577074724,0.3692938839349034,"grouped_out_of_fold; candidate=positive; mixed_evidence=0.004; strongest=approval=0.91, joy=0.75",grouped_out_of_fold,reactionfusion_v2_hybrid_development
153,70,11,1,11,0,0,0,93,93,RF_POST_000153,"රෑන්කින් ලොකු ගැප් තිබෙන පකිස්ථානෙ ලන්දේසින්ගෙන් , ඉන්දියාව ඇමෙරිකාවෙන් හා අද එංගලන්තෙ නේපාලෙන් බේරුණා , අපි ඉන්නෙ 8. අයර්ලන්තෙ 11 . එනිස කොහොමවුණත් අපට ලේසි නෑ. ඒත් දිනාවි කියල හිතාගෙන මහරෑ ඇත්තට සඳුඳා අලුයම මේකත් බලනවා . එනිවේ සදාකල්🏏❤️🏏",False,sinhala,cdd5566912c4ea73f6fceb65739cf2a3f25e73c63b0e17b9c6b4b347d4fd70d4,DUP_cdd5566912c4ea73,1,False,93,4.543294782270004,0.7526881720430108,0.71,0.1182795698924731,0.12,0.010752688172043,0.02,0.1182795698924731,0.12,0.0,0.01,0.0,0.01,0.0,0.01,like,0.7526881720430108,0.6344086021505376,positive,0.197559510307486,0.2914694929932728,0.3944495242119761,True,0.1241935483870967,0.0,positive,1.0,reactionfusion_v1_provisional,train,approved,positive,positive,0.3546010109157848,False,False,0.49767299594926495,0.039813839675941196,0.1305158393489619,0.2123171697522226,0.3546010109157848,0.30256597998303075,0.9262277053932156,0.7319846308572844,0.05054473410373533,0.0009215716552260662,0.5120803238595223,0.0019987167217122045,0.11823731305091231,0.0460155063536252,0.08718824231055433,0.9042894111005311,0.15491973893977057,"candidate=positive; anchor_balance=0.111; mixed_evidence=0.040; strongest=joy=0.93, approval=0.90",final_model,reactionfusion_v2_hybrid_development
155,64,11,0,158,2,18,0,253,253,RF_POST_000155,"සිහින හතක් දුටුවෙමි මම සත් දවසක් එක විලසට ,හැම සිහිනෙම මා දුටුවා පල්ලෙකැලේ අප දිනනා බව . එනිවේ සදාකල් 🏏❤️🏏",False,sinhala,5caa611e26355395c5909dbb1487918c05a202b2a3abbde90c301c80b240f382,DUP_5caa611e26355395,1,False,253,5.537334267018537,0.2529644268774703,0.25,0.0434782608695652,0.0461538461538461,0.0,0.0038461538461538,0.6245059288537549,0.6115384615384616,0.0079051383399209,0.0115384615384615,0.0711462450592885,0.073076923076923,0.0,0.0038461538461538,haha,0.6245059288537549,0.3715415019762846,neutral,0.1496847894656273,-0.0961539304895847,0.5161310053863997,True,0.0434782608695652,0.0711462450592885,negative,-0.2413793103448276,reactionfusion_v1_provisional,train,approved,negative,negative,0.3174513444174258,False,False,0.5522968780994643,0.10663578184843503,0.3174513444174258,0.2912795934318546,0.17762985561038627,0.21363920654033353,0.03546124532631053,0.3261780821862718,0.7059748550748852,0.09376559227685739,0.6312192958281755,0.180985597350565,0.08424417841674132,0.3562110992543963,0.5670483412593744,0.17002339797713445,0.9157209465162397,"candidate=negative; anchor_balance=-0.029; mixed_evidence=0.107; strongest=sarcasm=0.92, amusement=0.71",final_model,reactionfusion_v2_hybrid_development
159,113,2,2,47,0,2,1,167,167,RF_POST_000159,විශ්රාමික ගුවන් මහ සෙනවිA+ තාවකාලික ගුවන් ඇමති F- පූජ්ය බානගල හිමි ⚡⚡⚡,False,mixed,d2016735de9f1c122bdf7baa61c4d33c628cbce29bcc72fa41a5c6c2028331c0,DUP_d2016735de9f1c12,1,False,167,5.123963979403259,0.6766467065868264,0.6551724137931034,0.0119760479041916,0.0172413793103448,0.0119760479041916,0.0172413793103448,0.281437125748503,0.2758620689655172,0.0,0.0057471264367816,0.0119760479041916,0.0172413793103448,0.0059880239520958,0.0114942528735632,like,0.6766467065868264,0.3952095808383233,neutral,0.6733182184772476,0.0017390347157529,0.4166402278491988,True,0.018562874251497,0.0179640718562874,neutral,0.0163934426229508,reactionfusion_v1_provisional,train,approved,mixed,mixed,0.3830333928121391,False,True,0.474492220131951,0.05072158215203614,0.2623666182909276,0.1464714471290861,0.20812854176784715,0.3830333928121391,0.09091214356270758,0.4036345826663004,0.1669419907128889,0.005722480076450637,0.642625939011556,0.5978685978069193,0.290290003596448,0.7623351343350815,0.5756983412787624,0.6139328362277235,0.6307710828563193,"candidate=mixed; anchor_balance=-0.002; mixed_evidence=0.051; strongest=fear=0.76, sadness=0.64",final_model,reactionfusion_v2_hybrid_development
160,2048,37,9,933,4,2,0,3033,3033,RF_POST_000160,"දැන් ඉල්ලීම් කරමින් ගර්ජන වර්ජන කරන අය ""අපි තමයි අනුර බලයට ගෙනාවෙ "" කියන විදියට 42% නෙවෙයි 75% විතර ඡන්ද ලැබිල තියෙන්නෙ ඕනෙ .",False,sinhala,883a9af17b13347f33d948e967044b87292c39e078f4e30949d9ca42124eb2de,DUP_883a9af17b13347f,1,False,3033,8.017637159908478,0.6752390372568414,0.6740131578947368,0.0121991427629409,0.0125,0.0029673590504451,0.0032894736842105,0.3076162215628091,0.3072368421052631,0.0013188262446422,0.0016447368421052,0.0006594131223211,0.0009868421052631,0.0,0.000328947368421,like,0.6752390372568414,0.3676228156940323,neutral,0.4588238498514346,0.0393929253788461,0.3661049539620183,True,0.0138311902406857,0.0006594131223211,positive,0.9089874857792948,reactionfusion_v1_provisional,train,approved,negative,negative,0.36927832634582974,False,False,0.37107351805872607,0.0019530185160985581,0.36927832634582974,0.29131842696294474,0.16793414854961167,0.17146909814161385,0.04157118294968527,0.1388255194433961,0.19632634405406893,0.23754322647980747,0.2256131780677375,0.6097378698493722,0.5710928340683381,0.1500558878200098,0.4572650582887392,0.37891768348375554,0.7172435265921367,"candidate=negative; anchor_balance=0.013; mixed_evidence=0.002; strongest=sarcasm=0.72, anger=0.61",final_model,reactionfusion_v2_hybrid_development
163,174,6,1,18,1,2,1,203,203,RF_POST_000163,සැරියුත් මුගලන් මහ රහතුන් වහන්සේගේ සංඝපරපුරේ අපේ පැවිදි උතුමන් වහන්සේගේ හා කෝකාලික සෝමාරාම පරපුරේ පැවිද්දන්ගේ වෙනස බහුතරයක් නොදනී.,False,sinhala,3eb0f781965289ca4ff2937ab8f23e84a921b4b37ee8ea6eabae0b6150c15e72,DUP_3eb0f781965289ca,1,False,203,5.318119993844216,0.8571428571428571,0.8333333333333334,0.0295566502463054,0.0333333333333333,0.0049261083743842,0.0095238095238095,0.0886699507389162,0.0904761904761904,0.0049261083743842,0.0095238095238095,0.0098522167487684,0.0142857142857142,0.0049261083743842,0.0095238095238095,like,0.8571428571428571,0.7684729064039408,neutral,0.4042988440909874,0.0437883186466698,0.2955336937757755,True,0.0322660098522167,0.0147783251231527,positive,0.3717277486910994,reactionfusion_v1_provisional,train,approved,negative,negative,0.33186946071037166,False,False,0.3475778465195784,0.033102652049483657,0.33186946071037166,0.2853679898442275,0.20486115568407678,0.17790139376132416,0.1183340906100913,0.14432048763715544,0.006794075054979549,0.0041343210351826405,0.577263665975407,0.31507239782154506,0.671882925831539,0.22971751624888517,0.6230423115623517,0.3075683732525959,0.34753666465081784,"candidate=negative; anchor_balance=0.015; mixed_evidence=0.033; strongest=care_empathy=0.67, disgust=0.62",final_model,reactionfusion_v2_hybrid_development
165,81,0,0,45,0,1,1,128,128,RF_POST_000165,විපක්ෂය එකඟ වුණත් ප්රතිසංස්කරණවලට ගුරු සංගම් කැමැත්ත 2/3 හිඟ වැටුප නොදුණහොත් හා 3 ශ්රේණියෙන් ඉහළ වෙනස් කළ හොත් නොලැබේ .⚡,False,sinhala,a4fcc26563e2acc37d6b825ed00f0359673125fb51c314b7aba2ef4006ce78a7,DUP_a4fcc26563e2acc3,1,False,128,4.859812404361672,0.6328125,0.6074074074074074,0.0,0.0074074074074074,0.0,0.0074074074074074,0.3515625,0.3407407407407407,0.0,0.0074074074074074,0.0078125,0.0148148148148148,0.0078125,0.0148148148148148,like,0.6328125,0.28125,neutral,0.3805218063058736,-0.0481022541670651,0.3766299934374585,True,0.0,0.015625,negative,-1.0,reactionfusion_v1_provisional,train,approved,negative,negative,0.30693892706288045,False,False,0.4643015331487816,0.021323477818684784,0.30693892706288045,0.19002884805175477,0.21667465239510508,0.28635757249025967,0.10148880818706338,0.2560583274004365,0.23064371479982199,0.006135417888001051,0.4443254647427726,0.8501189374396761,0.20307726578639645,0.6600417973644837,0.6106211928149297,0.4312770435274587,0.6518031119011389,"candidate=negative; anchor_balance=-0.018; mixed_evidence=0.021; strongest=anger=0.85, fear=0.66",final_model,reactionfusion_v2_hybrid_development
166,54,1,0,16,3,0,0,74,74,RF_POST_000166,"ද්රෝණාචාර්ය- ""යුධිෂ්ඨිර , අශ්වාත්ම මියගියාද?"" යුධිෂ්ඨිර -ඔව්,(මහ හඬින්) අශ්වාත්ම නම් ඇතා (ඉතා සෙමින්).ද්රෝණ මරා දැමිණි",False,sinhala,cce43f223b8ade881572226e1ce1b4bc3c52950a4a1eea7ad47366f58045d6b4,DUP_cce43f223b8ade88,1,False,74,4.31748811353631,0.7297297297297297,0.6790123456790124,0.0135135135135135,0.0246913580246913,0.0,0.0123456790123456,0.2162162162162162,0.2098765432098765,0.0405405405405405,0.0493827160493827,0.0,0.0123456790123456,0.0,0.0123456790123456,like,0.7297297297297297,0.5135135135135135,neutral,0.3664781424229037,0.0377776874128943,0.3849961236384908,True,0.0135135135135135,0.0,positive,1.0,reactionfusion_v1_provisional,train,approved,negative,negative,0.3760508928481439,False,False,0.5104149851476465,0.05041135655779224,0.3760508928481439,0.33883297650728744,0.1975877841659507,0.08752834647861783,0.024309735643658483,0.026481309259745185,0.04954737121043154,0.0004136988690662147,0.1032683010758612,0.8485472369082409,0.3940507894048639,0.2731634288342789,0.9324026719298443,0.037369745243613445,0.5217146465249198,"candidate=negative; anchor_balance=0.007; mixed_evidence=0.050; strongest=disgust=0.93, anger=0.85",final_model,reactionfusion_v2_hybrid_development
169,194,63,4,5,0,1,0,267,267,RF_POST_000169,Paksලා 2nd Eleven එක වගේ වුණත් 1-1 කරගන්න දිනපු එකත් ලොකු දෙයක්. දිනුම් නම් දිනුම් තමයි එනිවේ සදාකල්🏏❤️🏏,False,mixed,3b5ce61f42f5d81c44d194bce3b7ba14a6d60a1af167a2674c972a585d3dd1f8,DUP_3b5ce61f42f5d81c,1,False,267,5.5909869805108565,0.7265917602996255,0.7116788321167883,0.2359550561797752,0.2335766423357664,0.0149812734082397,0.0182481751824817,0.0187265917602996,0.0218978102189781,0.0,0.0036496350364963,0.0037453183520599,0.0072992700729927,0.0,0.0036496350364963,like,0.7265917602996255,0.4906367041198501,positive,0.3570674726163519,0.4417878466424005,0.3757444798921523,False,0.2441947565543071,0.0037453183520599,positive,0.9697885196374624,reactionfusion_v1_provisional,train,approved,positive,positive,0.3490542011473464,False,False,0.4190140076389804,0.018350978436743666,0.13274407218179204,0.20305106879299029,0.3490542011473464,0.31515065787787133,0.9123566137468339,0.860939981062574,0.06539011261108404,0.002054598061519492,0.25661993591886345,0.0009439530789834002,0.42707476944573575,0.011648937320112242,0.22213326125433985,0.961108780151673,0.3096816396598116,"candidate=positive; anchor_balance=0.233; mixed_evidence=0.018; strongest=approval=0.96, joy=0.91",final_model,reactionfusion_v2_hybrid_development
173,1517,60,5,151,0,0,2,1735,1735,RF_POST_000173,දුෂ්ට එකාධිපතියකු බව කියන මදුරෝ පලවා හැරියයුත්තේ වෙනිසියුලා ජනතාව මිස ඊනියා ලෝක පොලිස් US නොවේ,False,mixed,17b339751427d200beed20043757ae381e824d6892e677f1d3166637170cb071,DUP_17b339751427d200,1,False,1735,7.459338895220296,0.8743515850144092,0.8714121699196326,0.0345821325648415,0.0350172215843857,0.0028818443804034,0.0034443168771526,0.0870317002881844,0.087256027554535,0.0,0.0005740528128587,0.0,0.0005740528128587,0.0011527377521613,0.0017221584385763,like,0.8743515850144092,0.7873198847262248,neutral,0.1661627663595086,0.0878910175288401,0.2419908965381039,True,0.0361671469740634,0.0011527377521613,positive,0.9382239382239382,reactionfusion_v1_provisional,train,approved,negative,negative,0.35211986521156985,False,False,0.25139218233953214,0.0023089982304434643,0.35211986521156985,0.3475003284851685,0.17200256134831615,0.12837724495494557,0.09435418866307937,0.07779993140601932,0.006387812624054046,0.08860322148385828,0.35001431903867847,0.27273687789354994,0.8455149658946433,0.03916321733171161,0.5606523798554504,0.30486406904260943,0.420260727527482,"candidate=negative; anchor_balance=0.035; mixed_evidence=0.002; strongest=care_empathy=0.85, disgust=0.56",final_model,reactionfusion_v2_hybrid_development
174,926,19,3,250,2,2,0,1202,1202,RF_POST_000174,දේශපාලනඥයකු කාන්තාවක් වීම නිසා අපහාස කර අගතියට පත්කිරීම වැරදිය එමෙන්ම කාන්තාවක් නිසා වරදේ බරපතලබව අඩුනොවේ.,False,sinhala,a1a591c92df7a98a9e1786ac0b719b98a487e8b50b9e89faa9b1f4afadf79599,DUP_a1a591c92df7a98a,1,False,1202,7.0925737159746784,0.7703826955074875,0.7667493796526055,0.0158069883527454,0.0165425971877584,0.0024958402662229,0.0033085194375516,0.2079866888519135,0.2076095947063689,0.0016638935108153,0.0024813895781637,0.0016638935108153,0.0024813895781637,0.0,0.0008271298593879,like,0.7703826955074875,0.562396006655574,neutral,0.4234298817687806,0.0432125010341221,0.3234338010325325,True,0.017179700499168,0.0016638935108153,positive,0.8233995584988962,reactionfusion_v1_provisional,train,approved,negative,negative,0.36527261140575057,False,False,0.33527740382331755,0.004437087230085261,0.36527261140575057,0.28475965403272424,0.18361330659178424,0.1663544279697409,0.08068732064845585,0.1297977448016534,0.03826932422501904,0.089918410153532,0.3770918169654381,0.522861783910097,0.749587053275613,0.17237712514021822,0.5259006652136242,0.3955545108361847,0.5519380233429604,"candidate=negative; anchor_balance=0.015; mixed_evidence=0.004; strongest=care_empathy=0.75, sarcasm=0.55",final_model,reactionfusion_v2_hybrid_development
175,1145,21,3,496,4,1,3,1673,1673,RF_POST_000175,"ප්රතිසංස්කරණ නොකර අධ්යාපන අමාත්යාංශය, NIE ව්භාග යනාදිය පූජ්ය පූජක උතුමන්ට, ගුරුසංගම් නායකයන්ට, විපක්ෂයට බාරදුන්න නම් හරි 😄",False,mixed,5ee16f40b6b79c6772a71d2e5e82e6cbe7dcbde6f1cb197eadd0be9dd1bb57e3,DUP_5ee16f40b6b79c67,1,False,1673,7.422971251049421,0.6843992827256425,0.6821428571428572,0.0125523012552301,0.013095238095238,0.0017931858936043,0.0023809523809523,0.2964734010759115,0.2958333333333333,0.0023909145248057,0.0029761904761904,0.0005977286312014,0.0011904761904761,0.0017931858936043,0.0023809523809523,like,0.6843992827256425,0.387925881649731,neutral,0.495528613231821,0.0330778964362171,0.3682005186214763,True,0.0135385534967124,0.0023909145248057,positive,0.699812382739212,reactionfusion_v1_provisional,train,approved,negative,negative,0.36831043922286627,False,False,0.37623009267228863,0.005374715609604124,0.36831043922286627,0.2873519720324968,0.1751931101334089,0.16914447861122817,0.049348032276040656,0.14448163982107262,0.15276596666560402,0.12494734446134322,0.26772812582304867,0.6619261670329905,0.5674016902950944,0.19774318745615962,0.523852928410988,0.37065070560398267,0.6947921734843295,"candidate=negative; anchor_balance=0.011; mixed_evidence=0.005; strongest=sarcasm=0.69, anger=0.66",final_model,reactionfusion_v2_hybrid_development
176,119,14,3,4,0,0,0,140,140,RF_POST_000176,"දියුණට ඔබේ මතු දතයුතු ලොවේ තතු පලබර ගසේ අතු ,නැවේ පහළට නොවේ ඉස්මතු . 2026දීවත් සාකච්ඡාමය ප්රජාතන්ත්රවාදය දිනවමු !",False,sinhala,6503af3e88b19fae173fbf549cdbe2ea3b97830b99b4490a40c6285fcdf2eec8,DUP_6503af3e88b19fae,1,False,140,4.948759890378168,0.85,0.8163265306122449,0.1,0.1020408163265306,0.0214285714285714,0.0272108843537414,0.0285714285714285,0.0340136054421768,0.0,0.0068027210884353,0.0,0.0068027210884353,0.0,0.0068027210884353,like,0.85,0.75,positive,0.1988879312804673,0.2467901391576311,0.2838423030751849,True,0.1117857142857143,0.0,positive,1.0,reactionfusion_v1_provisional,train,approved,positive,positive,0.32264455278982584,False,False,0.3666558435668199,0.01995405951384054,0.20395784703635728,0.21845181157926302,0.32264455278982584,0.2549457885945539,0.6690131189644888,0.424038031361123,0.018058349021665247,0.0015652175698821539,0.6070468687782148,0.014501665791456512,0.5429051250394211,0.054134982933344664,0.30464258114687887,0.8336774225786363,0.19669231675322585,"candidate=positive; anchor_balance=0.103; mixed_evidence=0.020; strongest=approval=0.83, joy=0.67",final_model,reactionfusion_v2_hybrid_development
178,1807,27,8,4872,24,35,5,6778,6778,RF_POST_000178,"6 පොතේ අවුලේ වරද , කඩදාසි ආනයනය කරපු හාදයා පිටින් නොගියොත් ඇති . 😄😪😡",False,sinhala,dd7d1c308ef9b250274d37686d7fb73c52476b8e573d87e5f77cd8b73a167639,DUP_dd7d1c308ef9b250,1,False,6778,8.821584877430965,0.2665978164650339,0.2664701547531319,0.0039834759516081,0.0041267501842299,0.0011802891708468,0.0013264554163596,0.7187961050457362,0.718201915991157,0.0035408675125405,0.0036845983787767,0.005163765122455,0.0053058216654384,0.0007376807317792,0.0008843036109064,haha,0.7187961050457362,0.4521982885807022,neutral,0.6455549815938365,-0.0048476953386742,0.34546326309486,True,0.0046326349955739,0.0059014458542342,negative,-0.1204481792717087,reactionfusion_v1_provisional,train,approved,negative,negative,0.32746544472400685,False,False,0.347518238336162,0.006750612205262513,0.32746544472400685,0.2561944008518242,0.12183253690044767,0.2945076175237213,0.0036308807045270443,0.06765531042015373,0.7877627135125177,0.8954018694898404,0.12843382647227664,0.881764688878097,0.40890571109051316,0.013018081192842992,0.7912869329657639,0.08211400155188563,0.8564231217024765,"candidate=negative; anchor_balance=-0.001; mixed_evidence=0.007; strongest=surprise=0.90, anger=0.88",final_model,reactionfusion_v2_hybrid_development
179,18,0,0,1,0,0,0,19,19,RF_POST_000179,"විශේෂ මෙහෙයුම් මගින් පුද්ගලයින් 33,024ක් පරීක්ෂාවට",False,sinhala,9f20b31a27d838b86fe80a0446dc1f95e1b8f0c291da07e86b2f63d49e5b9e08,DUP_9f20b31a27d838b8,1,False,19,2.995732273553991,0.9473684210526316,0.7307692307692307,0.0,0.0384615384615384,0.0,0.0384615384615384,0.0526315789473684,0.0769230769230769,0.0,0.0384615384615384,0.0,0.0384615384615384,0.0,0.0384615384615384,like,0.9473684210526316,0.8947368421052632,neutral,0.1748185950340059,0.0,0.1059617530302375,True,0.0,0.0,neutral,0.0,reactionfusion_v1_provisional,train,approved,negative,negative,0.35477481399632244,False,False,0.5411720149520238,0.1290487112577903,0.35477481399632244,0.22490848618974366,0.21652034534239922,0.20379635447153482,0.07194710195283333,0.04799744535545861,0.025123516799983005,2.8372417269031775e-05,0.6428644401205136,0.27022022508939697,0.002217474653000513,0.1158925802497897,0.720215532583776,0.1944070015568522,0.18064929011501799,"candidate=negative; anchor_balance=-0.017; mixed_evidence=0.129; strongest=disgust=0.72, sadness=0.64",final_model,reactionfusion_v2_hybrid_development
180,186,43,3,0,0,0,0,232,232,RF_POST_000180,"දෙරණ සරුංගල් සැණකෙලිය ප.ව. 1ට ආරම්භවීමට නියමිතව ඇති අතර, ප.ව. 6.30 සිට රාත්රී 7.30 දක්වා ශ්රී ලංකාවේ ප්රථම 'රාත්රී සරුංගල් සැණකෙළියක්ද පැවැත්වීමට කටයුතු යොදා තිබේ.",False,sinhala,97edcb1d8e8a4b5ee380dff267ecab0fa6f9025e617c0e9c1361f77a68e0c930,DUP_97edcb1d8e8a4b5e,1,False,232,5.4510384535657,0.8017241379310345,0.7824267782426778,0.1853448275862069,0.1841004184100418,0.0129310344827586,0.0167364016736401,0.0,0.00418410041841,0.0,0.00418410041841,0.0,0.00418410041841,0.0,0.00418410041841,like,0.8017241379310345,0.6163793103448276,positive,0.318408703592914,0.3739593959412931,0.2804882561274485,True,0.1924568965517241,0.0,positive,1.0,reactionfusion_v1_provisional,train,approved,positive,positive,0.3209269407650928,False,False,0.34103918740428035,0.01141553765369976,0.18063835309799472,0.22543535899194603,0.3209269407650928,0.27299934714496643,0.7805433919379544,0.5659595490516335,0.029760498597301854,0.002045963452184267,0.3488260086439048,0.004790216167081637,0.5718732215499843,0.014118981311761708,0.3904947485627172,0.8834793996942504,0.33908591759928003,"candidate=positive; anchor_balance=0.185; mixed_evidence=0.011; strongest=approval=0.88, joy=0.78",final_model,reactionfusion_v2_hybrid_development
181,106,14,2,463,1,0,0,586,586,RF_POST_000181,ඉදිරි වසර දෙකේ ඩෙංගු තුරන් කරනවා සෞඛ්ය ඇමති නලින් ද ජයතිස්ස,False,sinhala,b7d79c0d63135c4708a8ab4865a995aeb7b8dad1ee72337389186c21420a2977,DUP_b7d79c0d63135c47,1,False,586,6.375024819828097,0.1808873720136518,0.1804384485666104,0.0238907849829351,0.0252951096121416,0.0034129692832764,0.0050590219224283,0.7901023890784983,0.7824620573355818,0.0017064846416382,0.0033726812816188,0.0,0.0016863406408094,0.0,0.0016863406408094,haha,0.7901023890784983,0.6092150170648464,neutral,0.1025829940478261,0.1012917563556514,0.3160037463163935,True,0.0257679180887372,0.0,positive,1.0,reactionfusion_v1_provisional,train,approved,uncertain,neutral,0.3027575362686989,True,True,0.3398993630961412,0.004585488878194148,0.2549268698109698,0.3027575362686989,0.2839503062577877,0.1583652876625436,0.5391113218684309,0.5190442329401448,0.7191812830694719,0.18109522849325926,0.42022328106602386,0.1102505698140328,0.23092641232411953,0.0011421937430795253,0.24041360078618204,0.31266078642204853,0.5762775525935159,"grouped_out_of_fold; candidate=neutral; mixed_evidence=0.005; strongest=amusement=0.72, sarcasm=0.58",grouped_out_of_fold,reactionfusion_v2_hybrid_development
182,184,39,3,0,0,0,0,226,226,RF_POST_000182,"හෙට ඇරඹෙන ශිෂ්යත්වය විභාගය වෙනුවෙන් සිසුන් 2,94,089 ක්",False,sinhala,6dbbea9bb20b69dcad61caee839c3eca0aac771ae63868fe2a0ae9de629afc5e,DUP_6dbbea9bb20b69dc,1,False,226,5.424950017481403,0.8141592920353983,0.7939914163090128,0.1725663716814159,0.1716738197424892,0.0132743362831858,0.0171673819742489,0.0,0.0042918454935622,0.0,0.0042918454935622,0.0,0.0042918454935622,0.0,0.0042918454935622,like,0.8141592920353983,0.6415929203539823,positive,0.3039836263718751,0.355565359257917,0.2713155617360698,True,0.1798672566371681,0.0,positive,1.0,reactionfusion_v1_provisional,train,approved,positive,positive,0.31598679605132396,False,False,0.3335393812537674,0.011451995922876134,0.19093590327433746,0.22751400643652597,0.31598679605132396,0.2655632942378127,0.75227354294615,0.5141921338995366,0.025616816610418817,0.0020813237250863403,0.38160023859499925,0.006179025371369124,0.5961557678055899,0.01573087565999664,0.40983450747781597,0.8656014167703457,0.33485485965468004,"candidate=positive; anchor_balance=0.173; mixed_evidence=0.011; strongest=approval=0.87, joy=0.75",final_model,reactionfusion_v2_hybrid_development
184,103,1,0,0,0,61,0,165,165,RF_POST_000184,ශ්රී ලංකාවේ ජන සන්නිවේදන විෂයෙහි පුරෝගාමියෙකු වූ මහාචාර්ය විමල් දිසානායකයන් ඇමෙරිකාවේ හවායි හිදී (86)අභාවප්රාප්තව ඇත!,False,sinhala,d46d35dde98c294bfd7afc024404c6e92f6bc2622671dfebd0473952bb0c646c,DUP_d46d35dde98c294b,1,False,165,5.111987788356544,0.6242424242424243,0.6046511627906976,0.006060606060606,0.0116279069767441,0.0,0.005813953488372,0.0,0.005813953488372,0.0,0.005813953488372,0.3696969696969697,0.3604651162790697,0.0,0.005813953488372,like,0.6242424242424243,0.2545454545454545,negative,0.4429359176985741,-0.5595272603393644,0.3561178837196307,False,0.006060606060606,0.3696969696969697,negative,-0.967741935483871,reactionfusion_v1_provisional,train,approved,neutral,neutral,0.3542103684395491,False,False,0.43347854095998223,0.025706285568557086,0.20695080290590412,0.3542103684395491,0.28632838135191835,0.1525104473026285,0.5924498883997483,0.6045584618083513,0.005769230136985726,0.2505618625967311,0.04125063405053162,0.04073884682773346,0.16249936497353606,0.0014834308656015349,0.0252076819191538,0.42989466444332153,0.01598591795932299,"grouped_out_of_fold; candidate=neutral; mixed_evidence=0.026; strongest=affection=0.60, joy=0.59",grouped_out_of_fold,reactionfusion_v2_hybrid_development
185,178,3,0,53,2,2,1,239,239,RF_POST_000185,තුවාල ලැබූ පල්ලන්සේන බන්ධනාගාරයේ රැඳවියන් 28ක් වැලිකඩ රෝහලට,False,sinhala,be307ebfad45a9ee3361143fa4f7e40b1fee71fc5f48c2a49412d0874fc0c0e1,DUP_be307ebfad45a9ee,1,False,239,5.480638923341991,0.7447698744769874,0.7276422764227642,0.0125523012552301,0.016260162601626,0.0,0.0040650406504065,0.2217573221757322,0.2195121951219512,0.00836820083682,0.0121951219512195,0.00836820083682,0.0121951219512195,0.00418410041841,0.008130081300813,like,0.7447698744769874,0.5230125523012552,neutral,0.6770596476632967,2.4329678207005266e-18,0.36558474342239,True,0.0125523012552301,0.0125523012552301,neutral,0.0,reactionfusion_v1_provisional,train,approved,negative,negative,0.35294569547292065,False,False,0.41120477180110937,0.030422466856830047,0.35294569547292065,0.248750990882566,0.1912064361250017,0.20709687751951153,0.05727259591156865,0.1438004792302376,0.03864112350880014,0.009840041364602623,0.4368216420075297,0.7382794410902818,0.5834257463404486,0.5122824871550192,0.7476888975433694,0.274529642468077,0.5827191067879532,"candidate=negative; anchor_balance=-0.002; mixed_evidence=0.030; strongest=disgust=0.75, anger=0.74",final_model,reactionfusion_v2_hybrid_development
186,6,0,0,64,0,0,0,70,70,RF_POST_000186,සද්ද නැතුව පාඩුවෙ වැඩ ටික කරගෙන ඉද්දිත් සමහරු හිතන්නෙ අපිට love එකක් සෙට් වෙලා කියලා 😒,False,mixed,07b7170147ca32583a7fe622a3a8f81aa31392a040c6cce88c08ca19f389db56,DUP_07b7170147ca3258,1,False,70,4.262679877041316,0.0857142857142857,0.0909090909090909,0.0,0.0129870129870129,0.0,0.0129870129870129,0.9142857142857144,0.8441558441558441,0.0,0.0129870129870129,0.0,0.0129870129870129,0.0,0.0129870129870129,haha,0.9142857142857144,0.8285714285714286,neutral,0.4333271459717001,0.0,0.1503196170770794,True,0.0,0.0,neutral,0.0,reactionfusion_v1_provisional,train,approved,negative,negative,0.3894786644372253,False,False,0.33047316695086065,0.026609527728510857,0.3894786644372253,0.21203448422901386,0.22815841984226154,0.17032843149149926,0.04897245887769929,0.16948167796898805,0.7956997918871904,0.024632021293609255,0.6929574376087793,0.8987812485393417,0.20903982101284596,0.04153928158693708,0.9096466846686984,0.051951884425939156,0.65462622488371,"grouped_out_of_fold; candidate=negative; mixed_evidence=0.027; strongest=disgust=0.91, anger=0.90",grouped_out_of_fold,reactionfusion_v2_hybrid_development
187,6,3,0,35,0,1,0,45,45,RF_POST_000187,කාගෙහරි ජීවිතේක temporary person කෙනෙක් කියන්නෙ Art එකක් නම් මම එහි පිකාසෝ වෙමි ! 🫠❤️,False,mixed,b855b68153163f262ce0d688a95a212480df1cda31857e5fb098a1c2b9d87289,DUP_b855b68153163f26,1,False,45,3.828641396489095,0.1333333333333333,0.1346153846153846,0.0666666666666666,0.0769230769230769,0.0,0.0192307692307692,0.7777777777777778,0.6923076923076923,0.0,0.0192307692307692,0.0222222222222222,0.0384615384615384,0.0,0.0192307692307692,haha,0.7777777777777778,0.6444444444444445,positive,0.0814793753812302,0.1689625647580374,0.3747602086480217,True,0.0666666666666666,0.0222222222222222,positive,0.5,reactionfusion_v1_provisional,train,approved,positive,positive,0.3745327344371602,False,False,0.5524916012256632,0.1274980618213069,0.14534453326220195,0.20592247758434726,0.3745327344371602,0.27420025471629056,0.9451750152581487,0.845551956604153,0.8658587738741284,0.0006736313345708645,0.326996297326626,0.001243802088358125,0.013333202096746894,0.00596586257712041,0.1936478155995671,0.541270992519848,0.3544641274167318,"grouped_out_of_fold; candidate=positive; mixed_evidence=0.127; strongest=joy=0.95, amusement=0.87",grouped_out_of_fold,reactionfusion_v2_hybrid_development
188,2,0,0,31,0,0,0,33,33,RF_POST_000188,සමහරු හිතන් ඉන්නෙ මට management එකේ ගෑනු ලමයෙක් එක්ක සම්බන්ධයක් තියෙනවා කියලා. ඉන්නවනම් මෙන්ශන් කරන් යන්න මටත් බලාගන්න 😒,False,mixed,bd0199614f43e6594c91d5b98f14927480332332b19e6ee6be02b4d367d4cc9b,DUP_bd0199614f43e659,1,False,33,3.5263605246161616,0.0606060606060606,0.075,0.0,0.025,0.0,0.025,0.9393939393939394,0.8,0.0,0.025,0.0,0.025,0.0,0.025,haha,0.9393939393939394,0.8787878787878788,neutral,0.2699577564872166,0.0,0.1174935408471228,True,0.0,0.0,neutral,0.0,reactionfusion_v1_provisional,train,approved,negative,negative,0.35374035457262465,False,False,0.42853716068487546,0.0664232599061557,0.35374035457262465,0.24926093106147118,0.2109828334272061,0.18601588093869817,0.02932325339733881,0.13173499155334936,0.7371468104309731,0.004255349512096872,0.6229397763519815,0.7429654738952624,0.0177351592987549,0.004928314994148555,0.8905372893688065,0.0594902158098642,0.5496130889804666,"candidate=negative; anchor_balance=-0.011; mixed_evidence=0.066; strongest=disgust=0.89, anger=0.74",final_model,reactionfusion_v2_hybrid_development
189,1,10,0,0,0,0,0,11,11,RF_POST_000189,කොල්ලෙක් විදිහට උඹ වැඩිපුරම විශ්වාස කරන්නෙ ? ❤️ : සැලුන් එකේ කොණ්ඩෙ කපන ඩයල් එක 👍 : තමන්ගෙ කෙල්ලව,False,sinhala,ac82fe6749a46b961ff56ed1c2695b5f54f40ba6625d624a7bc5c27bcc10a0a3,DUP_ac82fe6749a46b96,1,False,11,2.4849066497880004,0.0909090909090909,0.1111111111111111,0.9090909090909092,0.6111111111111112,0.0,0.0555555555555555,0.0,0.0555555555555555,0.0,0.0555555555555555,0.0,0.0555555555555555,0.0,0.0555555555555555,love,0.9090909090909092,0.8181818181818182,positive,0.1712592148840055,0.9408649441687322,0.1565519854537634,True,0.9090909090909092,0.0,positive,1.0,reactionfusion_v1_provisional,train,approved,mixed,mixed,0.9797257865603919,False,True,0.6927220975064688,0.3078764877806528,0.000259415883416493,0.01840479267826987,0.0016100048779216988,0.9797257865603919,0.9933649218911021,0.10254490717027666,0.999972349527601,3.1755173606389414e-10,0.29905131188226025,6.305116760146985e-16,6.305116760146985e-16,7.598461015461047e-15,6.305116760146985e-16,0.9188531738441069,2.8162350232826863e-13,"candidate=mixed; anchor_balance=0.531; mixed_evidence=0.308; strongest=amusement=1.00, joy=0.99",final_model,reactionfusion_v2_hybrid_development
190,4,0,0,35,0,0,0,39,39,RF_POST_000190,කැම්පස් එකේ දැන් vlog කරන් නැත්තේ මායි තව දෙතුන් දෙනෙකුයි විතරයි! 🫠,False,mixed,fbed8d4e4f346cbf4be65af5eaffb291b3fb547e235ae8a97f810f375c438b0e,DUP_fbed8d4e4f346cbf,1,False,39,3.688879454113936,0.1025641025641025,0.108695652173913,0.0,0.0217391304347826,0.0,0.0217391304347826,0.8974358974358975,0.782608695652174,0.0,0.0217391304347826,0.0,0.0217391304347826,0.0,0.0217391304347826,haha,0.8974358974358975,0.7948717948717948,neutral,0.3168152141309023,0.0,0.1699362280383373,True,0.0,0.0,neutral,0.0,reactionfusion_v1_provisional,train,approved,negative,negative,0.3394242764882615,False,False,0.4364073084802596,0.0588201154908176,0.3394242764882615,0.2521232201446097,0.21153749225122237,0.19691501111590654,0.03628655758237561,0.17978234315574215,0.7193606916689325,0.0068517256648906524,0.6083356591801775,0.7857011373321864,0.03644658916052923,0.012877864849808565,0.8901423656309336,0.09020112608179189,0.5880802610346642,"candidate=negative; anchor_balance=-0.010; mixed_evidence=0.059; strongest=disgust=0.89, anger=0.79",final_model,reactionfusion_v2_hybrid_development
193,3,0,0,41,0,0,0,44,44,RF_POST_000193,ගැහැණු මිතුරන් නැති ලංකාවේ එකම facebook account එක මා සතුව පවතී 🌝👀,False,mixed,edeb9d36adb2e9bbd0dd0040b668e202cd19fe349b9c95be4833a09d2b3c570d,DUP_edeb9d36adb2e9bb,1,False,44,3.80666248977032,0.0681818181818181,0.0784313725490196,0.0,0.0196078431372549,0.0,0.0196078431372549,0.9318181818181818,0.8235294117647058,0.0,0.0196078431372549,0.0,0.0196078431372549,0.0,0.0196078431372549,haha,0.9318181818181818,0.8636363636363636,neutral,0.3300374431775114,0.0,0.1279145799581878,True,0.0,0.0,neutral,0.0,reactionfusion_v1_provisional,train,approved,negative,negative,0.3379097003401419,False,False,0.3828623852291928,0.04654405467492148,0.3379097003401419,0.2643262022198337,0.21090623079254206,0.18685786664748233,0.034822012410551356,0.16169047067324283,0.6946561277530011,0.010885139776487973,0.6214398108298859,0.8090565268170008,0.06891668388249422,0.005937001473927849,0.902764567862243,0.06914393693054462,0.5763506585099636,"candidate=negative; anchor_balance=-0.009; mixed_evidence=0.047; strongest=disgust=0.90, anger=0.81",final_model,reactionfusion_v2_hybrid_development
194,35,1,1,57,0,2,0,96,96,RF_POST_000194,දීර්ඝ කාලයක් තනිකඩව සිටීමෙන් ඔබට ආදරේ ගැන තියෙන feelings නැතිවී යාමට හැකිය ! 🫠,False,mixed,24adb0baf1cebf29413848b5cdd98f92a3c7134d405c88386a0b4ca8b4b53dad,DUP_24adb0baf1cebf29,1,False,96,4.574710978503383,0.3645833333333333,0.3495145631067961,0.0104166666666666,0.0194174757281553,0.0104166666666666,0.0194174757281553,0.59375,0.5631067961165048,0.0,0.0097087378640776,0.0208333333333333,0.029126213592233,0.0,0.0097087378640776,haha,0.59375,0.2291666666666666,neutral,0.5291628058232273,-0.0165415796326001,0.4384196710858209,True,0.0161458333333333,0.0208333333333333,negative,-0.1267605633802817,reactionfusion_v1_provisional,train,approved,mixed,mixed,0.41124449852856226,False,True,0.5328391574540128,0.064147626722619,0.2493324375323574,0.13340392554485161,0.20601913839422878,0.41124449852856226,0.08215642372507807,0.571511757305745,0.8421081707927656,0.008628821651481414,0.6689687813549842,0.6640336968802975,0.11160995230567074,0.6589779229046157,0.5738510259966956,0.5860083981835329,0.8179182146690602,"candidate=mixed; anchor_balance=-0.009; mixed_evidence=0.064; strongest=amusement=0.84, sarcasm=0.82",final_model,reactionfusion_v2_hybrid_development
195,2,0,0,60,0,0,0,62,62,RF_POST_000195,මම අවසාන පාරට ආදරේ කරද්දි රටේ ජනාධිපති ගෝටාභය රාජපක්ෂ ! 😓,False,sinhala,1a584fe062e0023b5763117832e666a738a86b456604aea050cd80d6697769d6,DUP_1a584fe062e0023b,1,False,62,4.143134726391533,0.032258064516129,0.0434782608695652,0.0,0.0144927536231884,0.0,0.0144927536231884,0.967741935483871,0.8840579710144928,0.0,0.0144927536231884,0.0,0.0144927536231884,0.0,0.0144927536231884,haha,0.967741935483871,0.935483870967742,neutral,0.3813283417832308,0.0,0.0732335290310914,True,0.0,0.0,neutral,0.0,reactionfusion_v1_provisional,train,approved,negative,negative,0.34661155397471183,False,False,0.283718107810115,0.025493511136561054,0.34661155397471183,0.27616518786309163,0.20238065027476598,0.17484260788743064,0.03489027305817744,0.1372069495363577,0.6581193200540716,0.02820114050057757,0.6363330162850016,0.8531144065856396,0.22271773933974753,0.0019363186345126625,0.9175065617062867,0.049600336452806884,0.5874203818384627,"candidate=negative; anchor_balance=-0.007; mixed_evidence=0.025; strongest=disgust=0.92, anger=0.85",final_model,reactionfusion_v2_hybrid_development
196,13,0,0,55,0,4,0,72,72,RF_POST_000196,දැනට relationship එකක ඉන්න කෙනෙක්ට හිතින් ආදරේ කිරීම වරදක්ද ! 😓,False,mixed,9d60caba451c6da4a0c2156f614b01c7eacaf9aa31022a4b764b3fd16b040c32,DUP_9d60caba451c6da4,1,False,72,4.290459441148391,0.1805555555555555,0.1772151898734177,0.0,0.0126582278481012,0.0,0.0126582278481012,0.7638888888888888,0.7088607594936709,0.0,0.0126582278481012,0.0555555555555555,0.0632911392405063,0.0,0.0126582278481012,haha,0.7638888888888888,0.5833333333333334,negative,0.1332773210432792,-0.2113330526826294,0.3470749229943868,True,0.0,0.0555555555555555,negative,-1.0,reactionfusion_v1_provisional,train,approved,negative,negative,0.3439315803514143,False,False,0.48639953465140584,0.03817312803593312,0.3439315803514143,0.3146026535633537,0.18853053309362242,0.1529352329916097,0.061630997491624824,0.16616509686382439,0.9208086981265642,0.034536121616289994,0.6486179452495136,0.5054062360532409,0.01749544339454929,0.05949610136618669,0.21367240025472864,0.11440156200779437,0.7494965101294404,"grouped_out_of_fold; candidate=negative; mixed_evidence=0.038; strongest=amusement=0.92, sarcasm=0.75",grouped_out_of_fold,reactionfusion_v2_hybrid_development
198,6,0,0,34,0,0,0,40,40,RF_POST_000198,අපේ කැම්පස් එකේ කෙල්ලෙක් එක්ක යාලුවෙන්න කලින් සියපාරක් වත් හිතලා ඒ තීරනේ ගන්න ! 😌👍,False,sinhala,58d021cbbe410b49ee0f80a9918298579a3deb10028f65551df205377f54d524,DUP_58d021cbbe410b49,1,False,40,3.713572066704308,0.15,0.1489361702127659,0.0,0.0212765957446808,0.0,0.0212765957446808,0.85,0.7446808510638298,0.0,0.0212765957446808,0.0,0.0212765957446808,0.0,0.0212765957446808,haha,0.85,0.7,neutral,0.3351465147061151,0.0,0.2172294995281281,True,0.0,0.0,neutral,0.0,reactionfusion_v1_provisional,train,approved,negative,negative,0.33468953038126853,False,False,0.4690512440754986,0.06187484496315088,0.33468953038126853,0.24244250529263847,0.21134114736895787,0.21152681695713507,0.041678835808510895,0.2181059937044663,0.7291936228215848,0.006191186946179234,0.5926256822076021,0.7926347969458729,0.035362997121784194,0.0326059248693839,0.878056786640777,0.12921731582776896,0.6203391764389495,"candidate=negative; anchor_balance=-0.010; mixed_evidence=0.062; strongest=disgust=0.88, anger=0.79",final_model,reactionfusion_v2_hybrid_development
199,3,0,0,33,0,0,0,36,36,RF_POST_000199,ඔයා කියන එකට ඔහේ කියලයි දැම්මා කියන එකට දෑවා කියලා කියනවෙන එකයි නවත්තගන්න විදිහක් නැද්ද ! 😒,False,sinhala,d4b91c55a9c5d4e9e9ace7937399d3e92c406e8cd185a7af25982cb2fb231ac1,DUP_d4b91c55a9c5d4e9,1,False,36,3.610917912644224,0.0833333333333333,0.0930232558139534,0.0,0.0232558139534883,0.0,0.0232558139534883,0.9166666666666666,0.7906976744186046,0.0,0.0232558139534883,0.0,0.0232558139534883,0.0,0.0232558139534883,haha,0.9166666666666666,0.8333333333333334,neutral,0.2944513948592748,0.0,0.1474045362245588,True,0.0,0.0,neutral,0.0,reactionfusion_v1_provisional,train,approved,negative,negative,0.3457545271285494,False,False,0.43370832673842347,0.06253468897158665,0.3457545271285494,0.25143619227102637,0.21140479125671402,0.19140448934371027,0.03292971312158365,0.15711542025042027,0.7269461699134306,0.005521661538974585,0.6143036235980084,0.7666536108261155,0.02625570149686834,0.008430164477429855,0.8908583010712197,0.07479047469725965,0.5704458742034475,"candidate=negative; anchor_balance=-0.010; mixed_evidence=0.063; strongest=disgust=0.89, anger=0.77",final_model,reactionfusion_v2_hybrid_development
200,5,0,0,32,0,0,0,37,37,RF_POST_000200,"බොරු කියන්න ඕනි නෑනේ Thanikadayek වෙලාම ඇති වෙලා දැන්, මාත් ආසයි ආදරේ කරන්න, කවුරු හරි කෙනෙක් ඉන්නවද මට කැමති 😒🫶",False,mixed,838a5ace41c7fb8c61389c9f0ab0fb93cd18d99ce574d347a7de7518d79f52ef,DUP_838a5ace41c7fb8c,1,False,37,3.6375861597263857,0.1351351351351351,0.1363636363636363,0.0,0.0227272727272727,0.0,0.0227272727272727,0.8648648648648649,0.75,0.0,0.0227272727272727,0.0,0.0227272727272727,0.0,0.0227272727272727,haha,0.8648648648648649,0.7297297297297297,neutral,0.3146521258289646,0.0,0.2035207482811577,True,0.0,0.0,neutral,0.0,reactionfusion_v1_provisional,train,approved,negative,negative,0.34052584315252143,False,False,0.4714904881661135,0.06643729605977054,0.34052584315252143,0.24245989621931974,0.21106012350391798,0.2059541371242408,0.03849996907837911,0.1977599653729463,0.7361732152265835,0.00510533875231331,0.596343032157856,0.7744529112038114,0.025525218413471943,0.024315337173488168,0.8789731283388653,0.11304923754463696,0.6058123601052952,"candidate=negative; anchor_balance=-0.010; mixed_evidence=0.066; strongest=disgust=0.88, anger=0.77",final_model,reactionfusion_v2_hybrid_development
201,2,0,0,16,0,0,0,18,18,RF_POST_000201,"තනිකඩව හිටියා ඇති , ලඟදි කැම්පස් එකේ event මොකුත් නැද්ද bng 😒",False,mixed,914fb73fcba439af2641a85218112b05031d5a2735ed507e340543f62133382f,DUP_914fb73fcba439af,1,False,18,2.9444389791664403,0.1111111111111111,0.12,0.0,0.04,0.0,0.04,0.8888888888888888,0.68,0.0,0.04,0.0,0.04,0.0,0.04,haha,0.8888888888888888,0.7777777777777778,neutral,0.1782597481529342,0.0,0.1792642358191001,True,0.0,0.0,neutral,0.0,reactionfusion_v1_provisional,train,approved,negative,negative,0.36424259188317315,False,False,0.5963570706659664,0.14789655352515968,0.36424259188317315,0.20853298699062225,0.1663644333070055,0.2608599878191991,0.010435290309995689,0.03649848095937137,0.8665015433868797,0.001089871943785743,0.18071549182290142,0.44443466833244183,7.91239859004215e-05,9.071639047682019e-05,0.8443925181309065,0.13103342828026615,0.7230395774422876,"grouped_out_of_fold; candidate=negative; mixed_evidence=0.148; strongest=amusement=0.87, disgust=0.84",grouped_out_of_fold,reactionfusion_v2_hybrid_development
202,1,0,0,20,0,0,0,21,21,RF_POST_000202,අනුරාධ පෙරේරා සර්ගෙ ක්ලාස් එකේ වයිරල් ගිය කොණ්ඩෙ දිග ගෑනු ලමයා ලස්සන ඇති මගේ crush එක දැකලා නැති අයට ! 😏❤️,False,mixed,ce54e038c77f8e52feec9f598200c314e5f4b11a9f69b6728607d625ad9a00df,DUP_ce54e038c77f8e52,1,False,21,3.091042453358316,0.0476190476190476,0.0714285714285714,0.0,0.0357142857142857,0.0,0.0357142857142857,0.9523809523809524,0.75,0.0,0.0357142857142857,0.0,0.0357142857142857,0.0,0.0357142857142857,haha,0.9523809523809524,0.9047619047619048,neutral,0.1883469365385448,0.0,0.0983827963745696,True,0.0,0.0,neutral,0.0,reactionfusion_v1_provisional,train,approved,negative,negative,0.4032071711555043,False,False,0.5135397281681437,0.11371236838008897,0.4032071711555043,0.20229336626202887,0.2006714273918591,0.19382803519060782,0.02148799593059048,0.06774853894087635,0.8397967225735528,0.0007177871735822513,0.6609872029104743,0.5376174455061362,0.0006441062007650442,0.0023083045910613216,0.8384448122961848,0.04916386081148546,0.499782639716989,"candidate=negative; anchor_balance=-0.016; mixed_evidence=0.114; strongest=amusement=0.84, disgust=0.84",final_model,reactionfusion_v2_hybrid_development
203,3,0,0,24,0,0,0,27,27,RF_POST_000203,මම මහත් වෙන්න කලින් අහන්නෙ කවුරු හරි මගෙ කෙට්ටු පෙනුමට කැමති කෙනෙක් ඉන්නවද 😒,False,sinhala,042633b71ac79e0292543216a4a3bd835915db2b9686c9a06d82a41da1a1e97b,DUP_042633b71ac79e02,1,False,27,3.332204510175204,0.1111111111111111,0.1176470588235294,0.0,0.0294117647058823,0.0,0.0294117647058823,0.8888888888888888,0.7352941176470589,0.0,0.0294117647058823,0.0,0.0294117647058823,0.0,0.0294117647058823,haha,0.8888888888888888,0.7777777777777778,neutral,0.2460250316541855,0.0,0.1792642358191001,True,0.0,0.0,neutral,0.0,reactionfusion_v1_provisional,train,approved,negative,negative,0.3706734641726026,False,False,0.5120722616039586,0.09337788299836892,0.3706734641726026,0.22395588355110957,0.20675687852138747,0.19861377375490025,0.029934515409535234,0.13413073367790324,0.7900279140142318,0.001759101084684523,0.610067464606306,0.6694933129737601,0.004100641435810432,0.012352873808656904,0.8615843303199507,0.08443515045906053,0.5680020551547684,"candidate=negative; anchor_balance=-0.013; mixed_evidence=0.093; strongest=disgust=0.86, amusement=0.79",final_model,reactionfusion_v2_hybrid_development
204,0,1,0,33,0,0,0,34,34,RF_POST_000204,"සමහරු කියනවා මම කැම්පස් එකේදි දැක්කම හිනාවෙන්නෙවත් නෑ කියලා, හේතුව මං හිනාවෙද්දි මගේ ඉස්සරහා පොල් දත් දෙක පේනවා ! 😓",False,sinhala,6ca85ff9735e2ecbfed4f5c6012dfd6f60128d51b288bd386e624864bbb6cb96,DUP_6ca85ff9735e2ecb,1,False,34,3.555348061489413,0.0,0.024390243902439,0.0294117647058823,0.048780487804878,0.0,0.024390243902439,0.9705882352941176,0.8292682926829268,0.0,0.024390243902439,0.0,0.024390243902439,0.0,0.024390243902439,haha,0.9705882352941176,0.9411764705882352,positive,0.0600587423080473,0.126025261973634,0.068189901216297,True,0.0294117647058823,0.0,positive,1.0,reactionfusion_v1_provisional,train,approved,uncertain,neutral,0.30099930494445465,True,True,0.388230174887499,0.07575222924634127,0.28109143009522486,0.30099930494445465,0.29022806576898996,0.12768119919133053,0.24444621538073677,0.39915233146694473,0.6843541726807486,0.005208810901819458,0.4545258689607388,0.13906506521288609,0.010367936490393796,0.00047468166211361005,0.8203909895864194,0.06347579257163022,0.4088261857156342,"grouped_out_of_fold; candidate=neutral; mixed_evidence=0.076; strongest=disgust=0.82, amusement=0.68",grouped_out_of_fold,reactionfusion_v2_hybrid_development
206,5,0,0,15,0,3,0,23,23,RF_POST_000206,"සමහර දවස් තියෙනවා උදා වෙනවට කැමතිවත් නැති, හරියට සඳුදා වගේ ! 😒",False,sinhala,cc5c41fdeae65bb80ec33d0cde8f3ace498a8adc58d3510b05c00159ac383873,DUP_cc5c41fdeae65bb8,1,False,23,3.1780538303479458,0.217391304347826,0.2,0.0,0.0333333333333333,0.0,0.0333333333333333,0.6521739130434783,0.5333333333333333,0.0,0.0333333333333333,0.1304347826086956,0.1333333333333333,0.0,0.0333333333333333,haha,0.6521739130434783,0.4347826086956521,negative,0.12354956092825,-0.432438993544871,0.4502774487758114,True,0.0,0.1304347826086956,negative,-1.0,reactionfusion_v1_provisional,train,approved,negative,negative,0.4262321621000078,False,False,0.7088160032169444,0.14648864066483516,0.4262321621000078,0.2461220233915347,0.1650527661442628,0.16259304836419478,0.04034450645385005,0.01645252172272297,0.9894003498286679,0.008769396725485547,0.7870552867065537,0.011937174954016342,2.613602396424053e-06,0.006606237446489795,0.0007971774085820164,0.04803285584391253,0.3821322252126609,"grouped_out_of_fold; candidate=negative; mixed_evidence=0.146; strongest=amusement=0.99, sadness=0.79",grouped_out_of_fold,reactionfusion_v2_hybrid_development
208,2,1,0,54,0,0,0,57,57,RF_POST_000208,අම්මට ලේලියෙක් හොයන්න පුතා fb එකේ දාන දේවල් දැකලා අම්මත් හිනාවෙනවා වෙලාවකට ! 🥲,False,mixed,a59e8de9e43c35252d36e7074f1d24f46bf46d687cebafaf009bc200da203868,DUP_a59e8de9e43c3525,1,False,57,4.060443010546419,0.0350877192982456,0.046875,0.0175438596491228,0.03125,0.0,0.015625,0.9473684210526316,0.859375,0.0,0.015625,0.0,0.015625,0.0,0.015625,haha,0.9473684210526316,0.912280701754386,neutral,0.1438118967515873,0.0748213666379457,0.1231777307134777,True,0.0175438596491228,0.0,positive,1.0,reactionfusion_v1_provisional,train,approved,uncertain,negative,0.30384018923932105,True,True,0.32988307666124117,0.041235384582655146,0.30384018923932105,0.2626406115502178,0.2337577582600609,0.19976144095040033,0.1410288064346102,0.35417807301863036,0.6530816789181928,0.01071331834453601,0.6120168211485747,0.4591368582197352,0.1142163711969864,0.001514854019415919,0.8234730385728726,0.10373992176877027,0.5016157305577142,"candidate=negative; anchor_balance=0.009; mixed_evidence=0.041; strongest=disgust=0.82, amusement=0.65",final_model,reactionfusion_v2_hybrid_development
209,1,0,0,22,0,0,0,23,23,RF_POST_000209,Chat කරන්න කව්රුත් නැත්නම් මගෙ number එක දෙන්නද 😒,False,mixed,3f44e960b4412163f3be0bac845e53f04c6d06f13c9783398b3cca94b9f200ad,DUP_3f44e960b4412163,1,False,23,3.1780538303479458,0.0434782608695652,0.0666666666666666,0.0,0.0333333333333333,0.0,0.0333333333333333,0.9565217391304348,0.7666666666666667,0.0,0.0333333333333333,0.0,0.0333333333333333,0.0,0.0333333333333333,haha,0.9565217391304348,0.9130434782608696,neutral,0.2013021878085359,0.0,0.0919081041864507,True,0.0,0.0,neutral,0.0,reactionfusion_v1_provisional,train,approved,negative,negative,0.3916532367607796,False,False,0.4887731693097693,0.10101312165735231,0.3916532367607796,0.2143360261046779,0.2040834392785624,0.1899272978559801,0.022397196001476622,0.0780440293358035,0.8156290880712629,0.0010671784063711305,0.6508303377083791,0.5919719141515778,0.0014695778017835032,0.0024435766431656447,0.8554620971379883,0.047587277838974484,0.5059542473867111,"candidate=negative; anchor_balance=-0.015; mixed_evidence=0.101; strongest=disgust=0.86, amusement=0.82",final_model,reactionfusion_v2_hybrid_development
210,4,0,0,30,0,0,0,34,34,RF_POST_000210,"හොඳ කෙනෙක් හම්බෙයි කියලා හැමතිස්සෙම කියන්නෙපා, මම ඔයාගෙන් කැමැත්ත ඇහුවම ඔයා මට දෙන උත්තරේම තමයි වෙන අයත් දෙන්නෙ ! 😓😒",False,sinhala,40900e0834ca5aa5f5f7cffbbbe558636cbbbc8cc58fb8e8fc48822e28e9a3bf,DUP_40900e0834ca5aa5,1,False,34,3.555348061489413,0.1176470588235294,0.1219512195121951,0.0,0.024390243902439,0.0,0.024390243902439,0.8823529411764706,0.7560975609756098,0.0,0.024390243902439,0.0,0.024390243902439,0.0,0.024390243902439,haha,0.8823529411764706,0.7647058823529411,neutral,0.2926105135318062,0.0,0.1861394049007311,True,0.0,0.0,neutral,0.0,reactionfusion_v1_provisional,train,approved,negative,negative,0.34779895694700635,False,False,0.4732334641803444,0.07156213360775941,0.34779895694700635,0.24123635606859706,0.21056878913426255,0.20039589785013412,0.03506127453429965,0.17428909741738202,0.7453771722027674,0.004079797877349943,0.6020187878236253,0.7516497251887952,0.01727504289871084,0.016825245204109607,0.8790905818421251,0.09637775404014351,0.5887307100305298,"candidate=negative; anchor_balance=-0.011; mixed_evidence=0.072; strongest=disgust=0.88, anger=0.75",final_model,reactionfusion_v2_hybrid_development
211,39,1,1,180,0,6,0,227,227,RF_POST_000211,2003 ඉපදිච්ච ලස්සන හැමෝම දැන් ඉන්නෙ relationship වල. තාමත් තනිකඩව ඉන්නෙ කැත අපි දෙන්නෙක් තුන්දෙනෙක් විතරයි 😊,False,mixed,d525207ff11605240de28cb8c1d88bf2e1070dd1acec228c1fc1beb84ec1dadc,DUP_d525207ff1160524,1,False,227,5.429345628954441,0.171806167400881,0.1709401709401709,0.0044052863436123,0.0085470085470085,0.0044052863436123,0.0085470085470085,0.7929515418502202,0.7735042735042735,0.0,0.0042735042735042,0.026431718061674,0.0299145299145299,0.0,0.0042735042735042,haha,0.7929515418502202,0.6211453744493393,neutral,0.2343900951111567,-0.0770528260479227,0.32396414065111,True,0.0068281938325991,0.026431718061674,negative,-0.5894039735099338,reactionfusion_v1_provisional,train,approved,negative,negative,0.31888760223007007,False,False,0.37700821111831717,0.019978212896868092,0.31888760223007007,0.27479315760871925,0.17895175286789883,0.22736748729331183,0.04239401213769432,0.2262090430956343,0.7478532583093459,0.20792797079755831,0.676809331183449,0.7132600557158275,0.2356917347909985,0.03519409410219464,0.5844832466122992,0.17481429716603564,0.7267391266765907,"candidate=negative; anchor_balance=-0.021; mixed_evidence=0.020; strongest=amusement=0.75, sarcasm=0.73",final_model,reactionfusion_v2_hybrid_development
212,58,141,36,3,0,0,0,238,238,RF_POST_000212,ජූලි මාසෙ ඉපදුන අය හරි පිං පාටයි ! 🌚💗,False,sinhala,a26d03cb491f775e79d09d1dc9efc9ef86514e16ab43bed81644abdc17e7752f,DUP_a26d03cb491f775e,1,False,238,5.476463551931511,0.2436974789915966,0.2408163265306122,0.592436974789916,0.5795918367346938,0.1512605042016806,0.1510204081632653,0.0126050420168067,0.0163265306122449,0.0,0.0040816326530612,0.0,0.0040816326530612,0.0,0.0040816326530612,love,0.592436974789916,0.3487394957983193,positive,0.5687986130847733,0.7707796181420443,0.5113441003285895,False,0.6756302521008404,0.0,positive,1.0,reactionfusion_v1_provisional,train,approved,positive,positive,0.7232866811378527,False,False,0.5545004435819234,0.018106136933287297,0.03291557961555431,0.17449437603268675,0.7232866811378527,0.0693033632139062,0.9691606413365305,0.9999778614296194,0.017689461961711544,5.143724619855456e-06,0.006522917458679401,3.894377551424392e-09,0.6457869079245201,0.0020510261371918474,2.7710500645645482e-05,0.9999050336603142,5.954601094828495e-05,"grouped_out_of_fold; candidate=positive; mixed_evidence=0.018; strongest=affection=1.00, approval=1.00",grouped_out_of_fold,reactionfusion_v2_hybrid_development
214,71,5,0,224,1,0,0,301,301,RF_POST_000214,"""අදුරන්නැති ගෑනු ලමයෙක්ව පලවෙනි පාරට චැට් එකට අල්ලගන්නේ කොහොමද..! 😒💔",False,sinhala,d390602f962537539ca0f7b81aaab6008ded8a511c579efb3f9f52d2cb6cffad,DUP_d390602f96253753,1,False,301,5.71042701737487,0.2358803986710963,0.2337662337662337,0.0166112956810631,0.0194805194805194,0.0,0.0032467532467532,0.7441860465116279,0.7305194805194806,0.0033222591362126,0.0064935064935064,0.0,0.0032467532467532,0.0,0.0032467532467532,haha,0.7441860465116279,0.5083056478405316,neutral,0.3096097970424067,0.0641126295755911,0.3328115158685487,True,0.0166112956810631,0.0,positive,1.0,reactionfusion_v1_provisional,train,approved,uncertain,negative,0.3019101054421719,True,True,0.37740048706242385,0.00980261005356945,0.3019101054421719,0.24405637883638887,0.2334310378128983,0.22060247790854098,0.2706276355513404,0.4534007419692109,0.7096928385769596,0.09273631686282875,0.43264821110156304,0.5080992066039179,0.2863860287841371,0.014910832752990648,0.5774061969464842,0.36849818459704686,0.675950760546505,"candidate=negative; anchor_balance=0.015; mixed_evidence=0.010; strongest=amusement=0.71, sarcasm=0.68",final_model,reactionfusion_v2_hybrid_development
216,2,1,1,24,0,0,0,28,28,RF_POST_000216,ගිය අවුරුද්දෙ ජූනි මාසෙ දවසක කෙනෙක් challenge එකක් කරා මේ අවුරුද්දෙ ජූනි ඉවර වෙනකන් තනිකඩව ඉඳලා පෙන්නන්න. මම හිතන්නෙ මම ඒක කරා 😌,False,mixed,3c41bd12c9d3d01ba66e5070ee9479eb76acfdecdcb23c903513767203d0e3b6,DUP_3c41bd12c9d3d01b,1,False,28,3.367295829986474,0.0714285714285714,0.0857142857142857,0.0357142857142857,0.0571428571428571,0.0357142857142857,0.0571428571428571,0.8571428571428571,0.7142857142857143,0.0,0.0285714285714285,0.0,0.0285714285714285,0.0,0.0285714285714285,haha,0.8571428571428571,0.7857142857142857,positive,0.0806257156147729,0.2195447125762535,0.2870882076703461,True,0.0553571428571428,0.0,positive,1.0,reactionfusion_v1_provisional,train,approved,negative,negative,0.34542745524163115,False,False,0.5564324005486694,0.1271845486968387,0.34542745524163115,0.1622759615921465,0.21009683318290373,0.28219974998331854,0.2300905539308824,0.797315625840798,0.9811855042797545,0.00010200114486875508,0.6383600865372324,0.0005306128142601324,0.00046353403614534007,0.0006790907801231177,0.1489858451716343,0.18433396499164442,0.20275606335628493,"grouped_out_of_fold; candidate=negative; mixed_evidence=0.127; strongest=amusement=0.98, affection=0.80",grouped_out_of_fold,reactionfusion_v2_hybrid_development
217,5,2,0,33,0,0,0,40,40,RF_POST_000217,Dp එකේ රතු පාටට හුරු ගවුමක් ඇඳන් ඉස්සරහා බලන් ඉන්න ගෑනු ලමයා මගේ ! 🌝💗,False,mixed,3f47e1a861a6fbda7aefe15d226b64a6ed80135e586c28727f2aecfd46c4a952,DUP_3f47e1a861a6fbda,1,False,40,3.713572066704308,0.125,0.1276595744680851,0.05,0.0638297872340425,0.0,0.0212765957446808,0.825,0.723404255319149,0.0,0.0212765957446808,0.0,0.0212765957446808,0.0,0.0212765957446808,haha,0.825,0.7,positive,0.0926587003587817,0.1970446135675534,0.2921119549624552,True,0.05,0.0,positive,1.0,reactionfusion_v1_provisional,train,approved,positive,positive,0.35091067728600117,False,False,0.5140545429960761,0.08749864561635338,0.2256256819351595,0.29105996237320503,0.35091067728600117,0.13240367840563416,0.7476356463177544,0.6634829454502726,0.7930378171451792,0.0018140946879737156,0.3915159976775768,0.024605344630457875,0.0035523900503362997,0.002076795923636375,0.13321567874639023,0.2515396689317705,0.3429300547532648,"grouped_out_of_fold; candidate=positive; mixed_evidence=0.087; strongest=amusement=0.79, joy=0.75",grouped_out_of_fold,reactionfusion_v2_hybrid_development
218,19,3,0,83,0,0,0,105,105,RF_POST_000218,සැබෑ ආදරය බෙලිඅත්ත පෙරහැර බලන්න ගිහින් වුවද හමුවිය හැක ! 😌❤️,False,sinhala,a058fc944f7474e3c79f6e6b2027e2b719b298b0a47a038c0a372cf8b66f9e6a,DUP_a058fc944f7474e3,1,False,105,4.663439094112067,0.1809523809523809,0.1785714285714285,0.0285714285714285,0.0357142857142857,0.0,0.0089285714285714,0.7904761904761904,0.75,0.0,0.0089285714285714,0.0,0.0089285714285714,0.0,0.0089285714285714,haha,0.7904761904761904,0.6095238095238096,neutral,0.037101022710619,0.1122347079392176,0.3066841981846669,True,0.0285714285714285,0.0,positive,1.0,reactionfusion_v1_provisional,train,approved,uncertain,positive,0.2946015225253947,True,True,0.41673227715734057,0.029766591225524323,0.20113783709822272,0.22501391352713943,0.2946015225253947,0.27924672684924323,0.7994568943737377,0.7424945512672627,0.6055151868823553,0.014233417350223088,0.5207249444031645,0.036168031808731425,0.19232892949030855,0.009646612670482986,0.43747037220906115,0.46138731753413115,0.3794003321978363,"grouped_out_of_fold; candidate=positive; mixed_evidence=0.030; strongest=joy=0.80, affection=0.74",grouped_out_of_fold,reactionfusion_v2_hybrid_development
219,4,0,0,63,0,0,0,67,67,RF_POST_000219,සමහරවිට අපේ කැම්පස් එකේ වැඩිපුරම fb එකේ pissek වගේ හැසිරෙන්නෙ මම වෙන්නැති ! 😪,False,mixed,c0f9643c0bb5e54dea51ab13e33cb409f7bd537f6b23023713ddf4c34965998d,DUP_c0f9643c0bb5e54d,1,False,67,4.219507705176107,0.0597014925373134,0.0675675675675675,0.0,0.0135135135135135,0.0,0.0135135135135135,0.9402985074626866,0.8648648648648649,0.0,0.0135135135135135,0.0,0.0135135135135135,0.0,0.0135135135135135,haha,0.9402985074626866,0.8805970149253731,neutral,0.411969739657362,0.0,0.1162157346283692,True,0.0,0.0,neutral,0.0,reactionfusion_v1_provisional,train,approved,negative,negative,0.34188844700419413,False,False,0.30754114352189826,0.02576696067345634,0.34188844700419413,0.2700282706257288,0.20238605414913244,0.18569722822094456,0.03887165433588418,0.16361226648655897,0.6593535354423282,0.03428060281240156,0.6306922571834057,0.8593014467705522,0.2388439922745182,0.003850492578731936,0.9128354905808823,0.06882587436173986,0.6032910924051973,"candidate=negative; anchor_balance=-0.006; mixed_evidence=0.026; strongest=disgust=0.91, anger=0.86",final_model,reactionfusion_v2_hybrid_development
220,17,1,0,72,0,0,0,90,90,RF_POST_000220,අද කාලෙ කාලෙ love story වලට වඩා කාලයක් මගේ profile pic එක තියෙනවා ! 🥲,False,mixed,75bb420cdfe1c992d1a30034775086377c2a6c02cc1ea4796937ac11b605d090,DUP_75bb420cdfe1c992,1,False,90,4.51085950651685,0.1888888888888888,0.1855670103092783,0.0111111111111111,0.0206185567010309,0.0,0.0103092783505154,0.8,0.7525773195876289,0.0,0.0103092783505154,0.0,0.0103092783505154,0.0,0.0103092783505154,haha,0.8,0.6111111111111112,neutral,0.3370116151297995,0.0442497881060906,0.2792082948111624,True,0.0111111111111111,0.0,positive,1.0,reactionfusion_v1_provisional,train,approved,uncertain,negative,0.2920719216136221,True,True,0.4086309805367012,0.03370152416797536,0.2920719216136221,0.22200844786453247,0.2154308049104678,0.27048882561137755,0.12822908771720082,0.44199579668195366,0.6865771165348392,0.027569970699355233,0.5888638873969391,0.7117290682148104,0.21491630427643957,0.040873677114961836,0.8162450796194379,0.2926724100827818,0.6602635931375949,"candidate=negative; anchor_balance=0.006; mixed_evidence=0.034; strongest=disgust=0.82, anger=0.71",final_model,reactionfusion_v2_hybrid_development
221,6,0,0,35,0,0,0,41,41,RF_POST_000221,සමහරු හිතන් ඉන්නෙ ටිකක් ලොකු follow base එකක් තිබ්බම කෙල්ලො පස්සෙන් එනවා කියලා. මගුල තමයි 👍,False,mixed,f2c18f7bc881de5f9a4091ed26e786a8f31c594193f21f2a691b45872afad176,DUP_f2c18f7bc881de5f,1,False,41,3.737669618283368,0.1463414634146341,0.1458333333333333,0.0,0.0208333333333333,0.0,0.0208333333333333,0.8536585365853658,0.75,0.0,0.0208333333333333,0.0,0.0208333333333333,0.0,0.0208333333333333,haha,0.8536585365853658,0.7073170731707317,neutral,0.3396415039652313,0.0,0.2139410912008878,True,0.0,0.0,neutral,0.0,reactionfusion_v1_provisional,train,approved,negative,negative,0.3335599286578378,False,False,0.4623971174099323,0.05972629433211624,0.3335599286578378,0.24429189667461604,0.2114200694943349,0.2107281051732112,0.04181204473099037,0.21819913118608597,0.7248221984933665,0.006816476680869108,0.5944606985827697,0.7975022680022719,0.03988390939298341,0.030593936968484864,0.8801049040591827,0.12730228793324014,0.619356275841998,"candidate=negative; anchor_balance=-0.009; mixed_evidence=0.060; strongest=disgust=0.88, anger=0.80",final_model,reactionfusion_v2_hybrid_development
222,133,2,1,1036,2,2,0,1176,1176,RF_POST_000222,"Relationship එකක ඉද්දි ඕනතරම් පස්සෙන් එනවා, හැබැයි උඹ තනිකඩව ඉන්න කාලෙ එකෙක්වත් පස්සෙන් එන්නෙ නෑ නේද ! 😂",False,mixed,46fbf41d60822f3c54e99c3c63670bbd45de3bc5ae98f3429201956fd8cc9738,DUP_46fbf41d60822f3c,1,False,1176,7.0707241072602764,0.1130952380952381,0.1132713440405748,0.0017006802721088,0.0025359256128486,0.0008503401360544,0.0016906170752324,0.8809523809523809,0.8765849535080305,0.0017006802721088,0.0025359256128486,0.0017006802721088,0.0025359256128486,0.0,0.0008453085376162,haha,0.8809523809523809,0.7678571428571429,neutral,0.5921841904618004,0.0019433653362311,0.2038646207752723,True,0.0021683673469387,0.0017006802721088,positive,0.1208791208791208,reactionfusion_v1_provisional,train,approved,negative,negative,0.34795512525499717,False,False,0.2181045003458166,0.002949849539757452,0.34795512525499717,0.2261183780133724,0.1328548796325195,0.29307161709911106,0.012041912526353884,0.0793120167346149,0.7089421590010109,0.7379639506339265,0.3616485695243947,0.8946760694716268,0.6295611071088361,0.0015924643583406085,0.890117656488791,0.058951721274203894,0.7549009562212766,"candidate=negative; anchor_balance=0.000; mixed_evidence=0.003; strongest=anger=0.89, disgust=0.89",final_model,reactionfusion_v2_hybrid_development
224,44,0,0,292,0,0,0,336,336,RF_POST_000224,මං single ද breakup වෙලාද ආදරේ කරනවද නැත්තම් one side love ද කියන එක ගොඩක් අයට අභිරහසක් 🥲,False,mixed,d721a12d5f246d5b2467370011fa9d61b17930308b6fa372d4f4f19f7da5e6a7,DUP_d721a12d5f246d5b,1,False,336,5.820082930352362,0.1309523809523809,0.1311953352769679,0.0,0.0029154518950437,0.0,0.0029154518950437,0.8690476190476191,0.8542274052478134,0.0,0.0029154518950437,0.0,0.0029154518950437,0.0,0.0029154518950437,haha,0.8690476190476191,0.7380952380952381,neutral,0.599022289651209,0.0,0.1994918120109388,True,0.0,0.0,neutral,0.0,reactionfusion_v1_provisional,train,approved,negative,negative,0.3559838462611222,False,False,0.24983423649335937,0.0045159541290344845,0.3559838462611222,0.2316224154478433,0.16177829219834167,0.2506154460926929,0.032560810748083584,0.14596683014873454,0.6892228101868225,0.35010826549598845,0.5392718826465556,0.9038836710476897,0.591730743649559,0.0051390774621853695,0.8849298595948236,0.11377285953984524,0.7195366818116513,"candidate=negative; anchor_balance=-0.001; mixed_evidence=0.005; strongest=anger=0.90, disgust=0.88",final_model,reactionfusion_v2_hybrid_development
226,34,26,0,0,0,1,0,61,61,RF_POST_000226,"ඇත්තටම කියපන්, තව කෙනෙක් ප්රශ්නෙක ඉද්දි උඹ හිත හැදුවට උඹ ප්රශ්නෙක ඉද්දි උඹේ හිත හදන්න කවුරුත් නෑ නේද ! 🙂",False,sinhala,8af5ceee8c7b5b4dfeb98e14d8e54649b08d32b22ebc9c9700cf8b8e87ec30ad,DUP_8af5ceee8c7b5b4d,1,False,61,4.127134385045092,0.5573770491803278,0.5147058823529411,0.4262295081967213,0.3970588235294117,0.0,0.0147058823529411,0.0,0.0147058823529411,0.0,0.0147058823529411,0.0163934426229508,0.0294117647058823,0.0,0.0147058823529411,like,0.5573770491803278,0.1311475409836065,positive,0.3353963763594252,0.5907513447555539,0.3888486608314191,True,0.4262295081967213,0.0163934426229508,positive,0.925925925925926,reactionfusion_v1_provisional,train,approved,mixed,mixed,0.4312280662461689,False,True,0.5450001657520087,0.09617649983858977,0.046121221717853045,0.1944386532416367,0.3282120587943413,0.4312280662461689,0.970954168207983,0.9315981178861956,0.6498890988436398,1.228466705751765e-05,0.10126507581669729,4.267805669193411e-07,0.0029391923311650006,0.0001486577262138696,0.00013753893260205972,0.9646251925368466,0.012255947098411147,"candidate=mixed; anchor_balance=0.361; mixed_evidence=0.096; strongest=joy=0.97, approval=0.96",final_model,reactionfusion_v2_hybrid_development
227,17,1,0,35,0,0,0,53,53,RF_POST_000227,"සැක්, කොච්චර ගෑනු ලමයි ඇස ගැටුනත් wife material එකට සෙට් වෙන ගෑනු ලමයෙක් නැති හැටි ! 😒",False,mixed,57ded71f5b8e714aa6c8335ba47fa9bac9a772a0ef715ffb20cdf9c34f37c5e4,DUP_57ded71f5b8e714a,1,False,53,3.9889840465642745,0.320754716981132,0.3,0.0188679245283018,0.0333333333333333,0.0,0.0166666666666666,0.660377358490566,0.6,0.0,0.0166666666666666,0.0,0.0166666666666666,0.0,0.0166666666666666,haha,0.660377358490566,0.3396226415094339,neutral,0.1875474269920597,0.0696082192240411,0.3667456116705746,True,0.0188679245283018,0.0,positive,1.0,reactionfusion_v1_provisional,train,approved,mixed,mixed,0.3419770684251702,False,True,0.5416574687544629,0.07222099583392838,0.26285568801560805,0.16920562423812657,0.22596161932109513,0.3419770684251702,0.19088100931031837,0.5933903413972514,0.7766052528673065,0.0020864277939981186,0.5312479069975335,0.5124781950709928,0.03917874801344837,0.2848933111548906,0.6792936376506169,0.4750250035523144,0.7280092840111492,"candidate=mixed; anchor_balance=0.009; mixed_evidence=0.072; strongest=amusement=0.78, sarcasm=0.73",final_model,reactionfusion_v2_hybrid_development
228,7,0,0,100,1,1,0,109,109,RF_POST_000228,"""අහුලගත්ත කෙනාට දිස්නෙ දෙන්න අතෑරපු කෙනාට ඇඬෙන්න"" caption එක දාලා වීඩියෝ එකක් කරන්න කෙනෙක් නැති හැටි ! 😒",False,mixed,13b55bf7f0d349539f6e6ac32604538fbfddb7c99a6fa5eb831d547bbd81ef57,DUP_13b55bf7f0d34953,1,False,109,4.700480365792417,0.0642201834862385,0.0689655172413793,0.0,0.0086206896551724,0.0,0.0086206896551724,0.9174311926605504,0.8706896551724138,0.0091743119266055,0.0172413793103448,0.0091743119266055,0.0172413793103448,0.0,0.0086206896551724,haha,0.9174311926605504,0.8532110091743119,neutral,0.3532348685399153,-0.0386871990627803,0.1754728497813637,True,0.0,0.0091743119266055,negative,-1.0,reactionfusion_v1_provisional,train,approved,negative,negative,0.3606562629764888,False,False,0.29186399566465854,0.015599627354490369,0.3606562629764888,0.3069333630233499,0.1895209639888188,0.14288941001134234,0.02436476762628149,0.07156560277188394,0.6573065688582597,0.08789170994281609,0.5126413511725657,0.8719897800191538,0.30511052667444494,0.002096252729864395,0.884325653973295,0.03045001574887397,0.6383868338132498,"candidate=negative; anchor_balance=-0.013; mixed_evidence=0.016; strongest=disgust=0.88, anger=0.87",final_model,reactionfusion_v2_hybrid_development
229,12,4,2,131,1,0,0,150,150,RF_POST_000229,"""වාසනා සම්පත"" ඇදුනා වගේ තමා KDU කොල්ලෙක් ජීවිතේට ආවම ! 🌝❤️",False,mixed,f1c9925eb6b64d368e1583b20a2f39a65b606f951a823a7030ca72e6bda739fe,DUP_f1c9925eb6b64d36,1,False,150,5.017279836814924,0.08,0.0828025477707006,0.0266666666666666,0.0318471337579617,0.0133333333333333,0.019108280254777,0.8733333333333333,0.8407643312101911,0.0066666666666666,0.0127388535031847,0.0,0.0063694267515923,0.0,0.0063694267515923,haha,0.8733333333333333,0.7933333333333333,positive,0.1143030758702587,0.1383494427994978,0.2610401211964908,True,0.034,0.0,positive,1.0,reactionfusion_v1_provisional,train,approved,positive,positive,0.3670661510246602,False,False,0.33788676970864695,0.017217160239931056,0.21826720651138934,0.33102661928708954,0.3670661510246602,0.08364002317686092,0.8020118762005259,0.6041786316329549,0.6431215592039906,0.0187979693235368,0.37916524973605326,0.08002216779218328,0.13660317243285208,0.00036338350144392073,0.25308639232141306,0.20573917137240402,0.30962776194901903,"grouped_out_of_fold; candidate=positive; mixed_evidence=0.017; strongest=joy=0.80, amusement=0.64",grouped_out_of_fold,reactionfusion_v2_hybrid_development
230,23,2,0,173,0,0,0,198,198,RF_POST_000230,පරිණත වුනාම තේරෙනවා කාගෙන්හරි Ask out කරන දවස Birthday එක දවසෙම වුනාම තියෙන වාසිය ! 😂,False,mixed,d7f0b1eb5411c26cb6e1ad6449181323ae5ed981a4836e1265f12bfe4be6ade9,DUP_d7f0b1eb5411c26c,1,False,198,5.293304824724492,0.1161616161616161,0.1170731707317073,0.0101010101010101,0.0146341463414634,0.0,0.0048780487804878,0.8737373737373737,0.848780487804878,0.0,0.0048780487804878,0.0,0.0048780487804878,0.0,0.0048780487804878,haha,0.8737373737373737,0.7575757575757576,neutral,0.3880204516833518,0.0417336303489423,0.212968725589051,True,0.0101010101010101,0.0,positive,1.0,reactionfusion_v1_provisional,train,approved,negative,negative,0.3243955888318013,False,False,0.2857081629636822,0.011149586847363207,0.3243955888318013,0.24429580343299628,0.20236303431781585,0.22894557341738664,0.13491466653726364,0.31810438747474346,0.6602991209432392,0.1398067363438079,0.5695479674040897,0.6856415858408333,0.420603118721959,0.0035566933918879337,0.7932776647407489,0.18116456789489363,0.6316849508357457,"candidate=negative; anchor_balance=0.008; mixed_evidence=0.011; strongest=disgust=0.79, anger=0.69",final_model,reactionfusion_v2_hybrid_development
231,13,2,0,64,1,1,0,81,81,RF_POST_000231,ඔයාගෙ හොඳම යාලුවා ඔයාට දනගහලා මුද්දක් දීලා propose කරොත් ඔයාගෙ උත්තරේ මොකක්ද ! 😌,False,mixed,7656032c03775dddeaeff291efca70403750a46a4251542adfe3507d19bc1d58,DUP_7656032c03775ddd,1,False,81,4.406719247264253,0.1604938271604938,0.1590909090909091,0.0246913580246913,0.034090909090909,0.0,0.0113636363636363,0.7901234567901234,0.7386363636363636,0.0123456790123456,0.0227272727272727,0.0123456790123456,0.0227272727272727,0.0,0.0113636363636363,haha,0.7901234567901234,0.6296296296296297,neutral,0.3228332102134426,0.0484084280750242,0.3492683322204852,True,0.0246913580246913,0.0123456790123456,positive,0.3333333333333333,reactionfusion_v1_provisional,train,approved,negative,negative,0.3215453450041058,False,False,0.4651669914337473,0.06343186246823826,0.3215453450041058,0.28277754760830937,0.21415138300706066,0.18152572438052417,0.07207872116519007,0.33999592640134657,0.674773353026236,0.013888623886077246,0.4393406088662766,0.5747832764971778,0.14087628151494738,0.03360528975798335,0.8699223796083454,0.13584347103118533,0.6937584790158023,"candidate=negative; anchor_balance=0.006; mixed_evidence=0.063; strongest=disgust=0.87, sarcasm=0.69",final_model,reactionfusion_v2_hybrid_development
233,60,79,10,1,0,0,0,150,150,RF_POST_000233,"Guess this Girl, එයා Content creator කෙනෙක් චාම් දිග කොණ්ඩයක් තියෙන ගවුම් ගැන pramotions කරන ! 🌝🤍",False,mixed,9910a1617a9ba176302f7b7cc549c3deb4e72d340d738e23a5ae6c629f83399c,DUP_9910a1617a9ba176,1,False,150,5.017279836814924,0.4,0.3885350318471338,0.5266666666666666,0.5095541401273885,0.0666666666666666,0.0700636942675159,0.0066666666666666,0.0127388535031847,0.0,0.0063694267515923,0.0,0.0063694267515923,0.0,0.0063694267515923,love,0.5266666666666666,0.1266666666666666,positive,0.5124543070608929,0.705820173356102,0.4718353831261176,False,0.5633333333333332,0.0,positive,1.0,reactionfusion_v1_provisional,train,approved,positive,positive,0.5930137467873644,False,False,0.5392397910082662,0.027477186802968984,0.04965937841035444,0.13820103180559898,0.5930137467873644,0.21912584299668214,0.9884338175312006,0.9995198422277568,0.7428411653534085,7.631001057694887e-05,0.029624032114380472,1.0970627792815648e-06,0.042757129014530666,0.0016804841950373685,6.133510058252254e-05,0.9994254450558152,0.002103933762196991,"candidate=positive; anchor_balance=0.535; mixed_evidence=0.027; strongest=affection=1.00, approval=1.00",final_model,reactionfusion_v2_hybrid_development
235,3,0,0,18,0,0,0,21,21,RF_POST_000235,බලන් ගියාම fb verify batch එක අරන් නැත්තේ මායි තව දෙතුන් දෙනෙකුයි විතරයි 🥲,False,mixed,9fab7d97bfeec525a5c72a5ae3640b75a33004e4a733dc12d267212080590279,DUP_9fab7d97bfeec525,1,False,21,3.091042453358316,0.1428571428571428,0.1428571428571428,0.0,0.0357142857142857,0.0,0.0357142857142857,0.8571428571428571,0.6785714285714286,0.0,0.0357142857142857,0.0,0.0357142857142857,0.0,0.0357142857142857,haha,0.8571428571428571,0.7142857142857143,neutral,0.2076166697541745,0.0,0.2107580961471984,True,0.0,0.0,neutral,0.0,reactionfusion_v1_provisional,train,approved,negative,negative,0.4036096479667509,False,False,0.5838657528477603,0.12928455955914692,0.4036096479667509,0.19357840407144256,0.19720969373233618,0.2056022542294704,0.02767182489923348,0.09982049525676323,0.8553104878187733,0.0005417789988304947,0.6209162583441179,0.5361442570996705,0.0004812593202493791,0.014268412391190007,0.81477136610919,0.09637733650031216,0.5713431970922868,"candidate=negative; anchor_balance=-0.016; mixed_evidence=0.129; strongest=amusement=0.86, disgust=0.81",final_model,reactionfusion_v2_hybrid_development
236,9,0,0,26,0,0,0,35,35,RF_POST_000236,මං අහිංසක වුනාට මං share කරන පෝස්ට් එහෙම වෙන්නෙ ඕන කියලා එකක් නෑනෙ ! 😌,False,mixed,ddeaad7dc0a693a3ad67ee518aaa08a4209132d1dc01e436941a901b6d00170d,DUP_ddeaad7dc0a693a3,1,False,35,3.58351893845611,0.2571428571428571,0.238095238095238,0.0,0.0238095238095238,0.0,0.0238095238095238,0.7428571428571429,0.6428571428571429,0.0,0.0238095238095238,0.0,0.0238095238095238,0.0,0.0238095238095238,haha,0.7428571428571429,0.4857142857142857,neutral,0.3254440834057137,0.0,0.2929462959931769,True,0.0,0.0,neutral,0.0,reactionfusion_v1_provisional,train,approved,negative,negative,0.33902231964626733,False,False,0.550222116807094,0.08122326486199959,0.33902231964626733,0.20591089358223563,0.21006426071979145,0.24500252605170558,0.049584848665163155,0.26502147616532545,0.7809401504705417,0.0021029965885926887,0.5514178751711468,0.769022436864158,0.013986811901034835,0.15763018978355453,0.8329300031040479,0.21790995161523874,0.6868819298742358,"candidate=negative; anchor_balance=-0.011; mixed_evidence=0.081; strongest=disgust=0.83, amusement=0.78",final_model,reactionfusion_v2_hybrid_development
237,10,8,0,43,0,0,0,61,61,RF_POST_000237,මම social media වල පිළිවෙලකට හැසිරෙන්නෙ මාව තේරුම් ගත්තු ආදරණීය කෙනෙක් හමුවුන දවසට පමණි ! 😌❤️,False,mixed,399c27ced90f3c85ef7658e554b2d10670063d6428a2cbafe8c449f9a2eea2b9,DUP_399c27ced90f3c85,1,False,61,4.127134385045092,0.1639344262295081,0.1617647058823529,0.1311475409836065,0.1323529411764706,0.0,0.0147058823529411,0.7049180327868853,0.6470588235294118,0.0,0.0147058823529411,0.0,0.0147058823529411,0.0,0.0147058823529411,haha,0.7049180327868853,0.5409836065573771,positive,0.2495766168589364,0.4471058890613203,0.4159233493995852,True,0.1311475409836065,0.0,positive,1.0,reactionfusion_v1_provisional,train,approved,positive,positive,0.4255053030988386,False,False,0.5612851417597112,0.0660335460893778,0.14550903854088673,0.12048078018183705,0.4255053030988386,0.3085048781784376,0.9999870367109392,0.9972745142695566,0.7740720025584759,4.480836767722693e-05,0.27190297949295184,2.6000390492230477e-07,0.00019678369348680497,9.667178890579639e-06,4.263440011097174e-05,0.9446960303931775,0.0378875699155913,"candidate=positive; anchor_balance=0.111; mixed_evidence=0.066; strongest=joy=1.00, affection=1.00",final_model,reactionfusion_v2_hybrid_development
238,3,0,0,30,0,0,0,33,33,RF_POST_000238,Post එකකට like ගොඩක් වැටුනම සමහර කෙල්ලො හිතන් ඉන්නෙ උන් නිළියො කියලා ! 😪👍,False,mixed,9be9b3836e19de1616dd859639d551a4d56e322229fb1e936f5d05a234c505be,DUP_9be9b3836e19de16,1,False,33,3.5263605246161616,0.0909090909090909,0.1,0.0,0.025,0.0,0.025,0.9090909090909092,0.775,0.0,0.025,0.0,0.025,0.0,0.025,haha,0.9090909090909092,0.8181818181818182,neutral,0.2793932741814807,0.0,0.1565519854537634,True,0.0,0.0,neutral,0.0,reactionfusion_v1_provisional,train,approved,negative,negative,0.3516803660540424,False,False,0.4568093418688939,0.07080544798967857,0.3516803660540424,0.2441229687329036,0.2106692102168581,0.1935274549961959,0.03202804756351777,0.15227064352805875,0.744063088894927,0.003993934055731539,0.6118962856588932,0.7425450037249217,0.015928367742611665,0.009637710767559482,0.883867198612641,0.07744260997577684,0.5689418484476523,"candidate=negative; anchor_balance=-0.011; mixed_evidence=0.071; strongest=disgust=0.88, amusement=0.74",final_model,reactionfusion_v2_hybrid_development
239,38,23,7,136,2,0,0,206,206,RF_POST_000239,Gf නර්ස් නෝනා කෙනෙක්නම් ඒ ආදරේ සදාකාලිකයි 🌝🤍,False,mixed,989141c6b354b8be2c5bd96a0fd508a15d3acca14653bc9942182d29f5e42b10,DUP_989141c6b354b8be,1,False,206,5.332718793265369,0.1844660194174757,0.1830985915492957,0.1116504854368932,0.1126760563380281,0.0339805825242718,0.0375586854460093,0.6601941747572816,0.6431924882629108,0.0097087378640776,0.0140845070422535,0.0,0.0046948356807511,0.0,0.0046948356807511,haha,0.6601941747572816,0.4757281553398058,positive,0.3161236801724407,0.4310681590464481,0.5090814681071998,True,0.1303398058252427,0.0,positive,1.0,reactionfusion_v1_provisional,train,approved,positive,positive,0.5315114390737984,False,False,0.5521012052708791,0.02073619550313161,0.16564443612703983,0.11896388688058993,0.5315114390737984,0.1838802379185719,0.9999938940991379,0.9980617178674013,0.8500082149034589,0.00022389408868060117,0.1770176728673603,1.9234702795433695e-07,0.0017002861204086592,6.99703383415498e-06,2.2194587062831617e-05,0.9808526466936843,0.026992808504779066,"candidate=positive; anchor_balance=0.124; mixed_evidence=0.021; strongest=joy=1.00, affection=1.00",final_model,reactionfusion_v2_hybrid_development
242,9,5,1,33,0,0,0,48,48,RF_POST_000242,"පුලුවන් නම් මගේ හිතේ ඉන්න කෙනාව මෙන්ශන් කරන්න, ඔට්ටුයි බෑ ! 😌",False,sinhala,fb2bb64a550e2831e0c8a198e64862114bfa557b17189d35e3bf6973b3c573b5,DUP_fb2bb64a550e2831,1,False,48,3.8918202981106265,0.1875,0.1818181818181818,0.1041666666666666,0.109090909090909,0.0208333333333333,0.0363636363636363,0.6875,0.6181818181818182,0.0,0.0181818181818181,0.0,0.0181818181818181,0.0,0.0181818181818181,haha,0.6875,0.5,positive,0.1888721831685939,0.3965027319604227,0.456199209421304,True,0.115625,0.0,positive,1.0,reactionfusion_v1_provisional,train,approved,positive,positive,0.40597798327857926,False,False,0.6105520178600852,0.0888075662341942,0.1451545677911636,0.10448404081174868,0.40597798327857926,0.3443834081185086,0.9998544266906548,0.9919555993429181,0.8952028754799318,4.03257680640586e-05,0.45429567959110734,2.045415285079024e-06,0.0001545402344377102,8.294803959943592e-05,0.00014660282555365887,0.9593817090747709,0.04526706905455199,"candidate=positive; anchor_balance=0.093; mixed_evidence=0.089; strongest=joy=1.00, affection=0.99",final_model,reactionfusion_v2_hybrid_development
244,2,0,0,37,0,0,0,39,39,RF_POST_000244,මං හුළඟට ගහගෙන ගියා කියන ආරංචිය බොරු යාලුවනේ මං හොඳින් ☺️,False,sinhala,94feb90a22e0030e3f637275200d78a281394f7f1289fe47a661d2cdfca299a0,DUP_94feb90a22e0030e,1,False,39,3.688879454113936,0.0512820512820512,0.0652173913043478,0.0,0.0217391304347826,0.0,0.0217391304347826,0.9487179487179488,0.8260869565217391,0.0,0.0217391304347826,0.0,0.0217391304347826,0.0,0.0217391304347826,haha,0.9487179487179488,0.8974358974358975,neutral,0.298945735413856,0.0,0.1039477603298561,True,0.0,0.0,neutral,0.0,reactionfusion_v1_provisional,train,approved,negative,negative,0.34435654821472633,False,False,0.3864671190282764,0.052089046477724214,0.34435654821472633,0.26214150326816943,0.21136037314516307,0.18214157537194114,0.031194628090819822,0.1398634626897339,0.707062112563837,0.007589279061967671,0.6255346853231986,0.7859936852798974,0.04373146893510862,0.004019625816268994,0.9015953255719025,0.056734415420435794,0.5577344494433539,"candidate=negative; anchor_balance=-0.010; mixed_evidence=0.052; strongest=disgust=0.90, anger=0.79",final_model,reactionfusion_v2_hybrid_development
245,69,45,2,33,0,3,0,152,152,RF_POST_000245,වැඩිපුරම ආදරණිය චරිත තමයි අද තනිකඩව ඉන්නෙ ! 😌❤️,False,sinhala,2ddb323e5cd17e2dae084d32da0ded1e0578ce6c9aacfd168c712da33f05bc0d,DUP_2ddb323e5cd17e2d,1,False,152,5.030437921392435,0.4539473684210526,0.440251572327044,0.2960526315789473,0.2893081761006289,0.0131578947368421,0.0188679245283018,0.2171052631578947,0.2138364779874214,0.0,0.0062893081761006,0.0197368421052631,0.0251572327044025,0.0,0.0062893081761006,like,0.4539473684210526,0.1578947368421052,positive,0.3725665568681217,0.5625669177471464,0.6089350421625227,False,0.3032894736842105,0.0197368421052631,positive,0.8778004073319756,reactionfusion_v1_provisional,train,approved,positive,positive,0.45147850674957596,False,False,0.6583920921830025,0.08281661536893113,0.09588134946191701,0.12371706424428658,0.45147850674957596,0.32892307954422034,0.9999220280815543,0.9991457297528709,0.5904340090551135,8.289635876612415e-05,0.20644789838004743,1.9906174895249307e-07,0.006990284155482507,0.0004140261128687581,0.0004043035316180563,0.9977440835046083,0.10127215064746753,"candidate=positive; anchor_balance=0.268; mixed_evidence=0.083; strongest=joy=1.00, affection=1.00",final_model,reactionfusion_v2_hybrid_development
246,5,0,0,27,0,0,0,32,32,RF_POST_000246,දැනට relationship එකක ඉන්න අයගෙන් තනිකඩ සෙට් එකට දෙන්න තියෙන උපදෙස මොකක්ද ! 😌,False,mixed,70eff0f2f3cad5b523deb1ffbfd7757f12329ea390be844a35d19ce29615a7af,DUP_70eff0f2f3cad5b5,1,False,32,3.49650756146648,0.15625,0.1538461538461538,0.0,0.0256410256410256,0.0,0.0256410256410256,0.84375,0.717948717948718,0.0,0.0256410256410256,0.0,0.0256410256410256,0.0,0.0256410256410256,haha,0.84375,0.6875,neutral,0.2889952038514546,0.0,0.2227229625690318,True,0.0,0.0,neutral,0.0,reactionfusion_v1_provisional,train,approved,negative,negative,0.39778673727888164,False,False,0.5116137492944243,0.08133346783654949,0.39778673727888164,0.17598521977175266,0.22754387329855624,0.19868416965080943,0.05372597961939826,0.1912501032844474,0.8225263913542423,0.003427911385654386,0.6451687452317005,0.8026141090332557,0.00860727651706968,0.1630211563464675,0.8371113943544654,0.10417319754467043,0.6041979005201576,"grouped_out_of_fold; candidate=negative; mixed_evidence=0.081; strongest=disgust=0.84, amusement=0.82",grouped_out_of_fold,reactionfusion_v2_hybrid_development
248,24,42,10,0,0,0,0,76,76,RF_POST_000248,ඊළඟ වෙසක් එක වෙද්දි ජීවිතේ ගොඩක් දේවල් වෙනස් වෙලා තියේවි ! ❤️🩹,False,sinhala,85f7216ed450cd4acc2231bbe5d44c87f32518b1420d12e025bf3ab7f65aa4ee,DUP_85f7216ed450cd4a,1,False,76,4.343805421853684,0.3157894736842105,0.3012048192771084,0.5526315789473685,0.5180722891566265,0.131578947368421,0.1325301204819277,0.0,0.0120481927710843,0.0,0.0120481927710843,0.0,0.0120481927710843,0.0,0.0120481927710843,love,0.5526315789473685,0.2368421052631578,positive,0.43224025022608,0.7340468434798949,0.4926288137343463,False,0.625,0.0,positive,1.0,reactionfusion_v1_provisional,train,approved,positive,positive,0.5097615247610109,False,False,0.6079072016482644,0.058593465219109825,0.04388498337894671,0.10986193724126248,0.5097615247610109,0.3364915546187799,0.9928372542506844,0.9996839044456197,0.9786705993663702,7.060983019293944e-06,0.19642120275691538,1.0121321272734838e-08,0.000471141649426418,0.00016555895337014992,1.0323796875611123e-07,0.9999618677798661,1.9521422281336494e-05,"candidate=positive; anchor_balance=0.567; mixed_evidence=0.059; strongest=approval=1.00, affection=1.00",final_model,reactionfusion_v2_hybrid_development
249,4,0,0,19,0,0,0,23,23,RF_POST_000249,දන්සල් වඳින්න ගිහින් සිදුවුන අමතක නොවෙන සිදුවීමක් කියන් යන්න! 😁,False,sinhala,0dc549447c16439e882dc612cec620d3d25042395525773c3cd3c8c03bf79984,DUP_0dc549447c16439e,1,False,23,3.1780538303479458,0.1739130434782608,0.1666666666666666,0.0,0.0333333333333333,0.0,0.0333333333333333,0.8260869565217391,0.6666666666666666,0.0,0.0333333333333333,0.0,0.0333333333333333,0.0,0.0333333333333333,haha,0.8260869565217391,0.6521739130434783,neutral,0.2281321832001068,0.0,0.2374400018884548,True,0.0,0.0,neutral,0.0,reactionfusion_v1_provisional,train,approved,negative,negative,0.3910785088279642,False,False,0.5836872175753917,0.12062869163224761,0.3910785088279642,0.19951054042646735,0.19977960091663588,0.20963134982893267,0.03156344937965452,0.13051003632039254,0.8398056544756448,0.0006962457672456554,0.5970136690134942,0.5921939860822394,0.0009903947374529634,0.0287348458033827,0.8216492899648121,0.1185315258489288,0.601877653807192,"candidate=negative; anchor_balance=-0.015; mixed_evidence=0.121; strongest=amusement=0.84, disgust=0.82",final_model,reactionfusion_v2_hybrid_development
251,4,0,0,51,0,0,0,55,55,RF_POST_000251,සමහරු පෝය දවසට විතරක් දන්සල් දුන්නට මගේ Ex ගෙ හිතේ හැමදාම දන්සල් තිබ්බා ! 😌,False,mixed,34ef56be499f80bd9b2bf1ea753ea39f3fc1d947d95041f17c0fc4e0dfe4f7fb,DUP_34ef56be499f80bd,1,False,55,4.02535169073515,0.0727272727272727,0.0806451612903225,0.0,0.0161290322580645,0.0,0.0161290322580645,0.9272727272727272,0.8387096774193549,0.0,0.0161290322580645,0.0,0.0161290322580645,0.0,0.0161290322580645,haha,0.9272727272727272,0.8545454545454545,neutral,0.37824240637086,0.0,0.1339409734105424,True,0.0,0.0,neutral,0.0,reactionfusion_v1_provisional,train,approved,negative,negative,0.33524513326482247,False,False,0.35119538316050825,0.03511953831605082,0.33524513326482247,0.2678873755146202,0.2078030655800944,0.1890644256404628,0.038481531508559874,0.17472827354527137,0.6740821354466114,0.02049259996062128,0.6243510135027468,0.8405056109504611,0.14334664145027318,0.006055130410504387,0.9072498325188102,0.07623869741899213,0.5949252412583403,"candidate=negative; anchor_balance=-0.007; mixed_evidence=0.035; strongest=disgust=0.91, anger=0.84",final_model,reactionfusion_v2_hybrid_development
252,8,1,0,30,0,0,0,39,39,RF_POST_000252,පෝය දවසේ reload දන්සලක් දෙනවා... ඔයාගෙ නම්බර් එකත් ඉන්බොක්ස් එවම්න ! 👉👈,False,mixed,93ea8649c02f1ee887f814b803300495ebbad72e603248489a42e38f19438476,DUP_93ea8649c02f1ee8,1,False,39,3.688879454113936,0.2051282051282051,0.1956521739130435,0.0256410256410256,0.0434782608695652,0.0,0.0217391304347826,0.7692307692307693,0.6739130434782609,0.0,0.0217391304347826,0.0,0.0217391304347826,0.0,0.0217391304347826,haha,0.7692307692307693,0.5641025641025641,neutral,0.060107058569656,0.0998058719716153,0.3189786831193161,True,0.0256410256410256,0.0,positive,1.0,reactionfusion_v1_provisional,train,approved,uncertain,mixed,0.2988112195508796,True,True,0.5418564827839565,0.09423591004938374,0.29127404769013104,0.2233085476073509,0.18660618515163854,0.2988112195508796,0.09441897184938351,0.5329618962678034,0.7494965722078366,0.0014040694160025666,0.41564049545923193,0.2587438091834745,0.0030354837152007305,0.0026533941408739678,0.6349890365728748,0.2927615282524129,0.7185464206984538,"grouped_out_of_fold; candidate=mixed; mixed_evidence=0.094; strongest=amusement=0.75, sarcasm=0.72",grouped_out_of_fold,reactionfusion_v2_hybrid_development
253,52,2,2,120,1,50,0,227,227,RF_POST_000253,අදත් ගෙදර නේද ! 🌝,False,sinhala,468e86890297ed43141e9a012705731db70ec65ba6df0af8e5fa45ac8932db43,DUP_468e86890297ed43,1,False,227,5.429345628954441,0.2290748898678414,0.2264957264957265,0.0088105726872246,0.0128205128205128,0.0088105726872246,0.0128205128205128,0.5286343612334802,0.5170940170940171,0.0044052863436123,0.0085470085470085,0.2202643171806167,0.2179487179487179,0.0,0.0042735042735042,haha,0.5286343612334802,0.2995594713656387,negative,0.3999845252408036,-0.5666607589465528,0.5730447192906265,False,0.0136563876651982,0.2202643171806167,negative,-0.8832391713747646,reactionfusion_v1_provisional,train,approved,negative,negative,0.5144878670098344,False,False,0.6090528535548282,0.04841189348769147,0.5144878670098344,0.1273026523787825,0.14612645335595745,0.2120830272554258,0.1043516073084852,0.12276177210238584,0.4468497572040463,0.0018560212928595732,0.9991442580585403,0.00749607777164265,0.00013655263255082852,0.6834383653852921,4.732091150714116e-06,0.05324045420539209,0.0903499646269101,"grouped_out_of_fold; candidate=negative; mixed_evidence=0.048; strongest=sadness=1.00, fear=0.68",grouped_out_of_fold,reactionfusion_v2_hybrid_development
256,8,17,1,66,0,0,0,92,92,RF_POST_000256,කෙල්ලෙක් මේ ලොකේ ලබන හොඳම සම්මානය තමයි දකුණෙ කොල්ලෙක් ලැබීම ! ❤️🙈,False,sinhala,6b31202e13ee4e073ec32eeb33ddf158c3a4802c96082d3d12b5fb93fc984cf9,DUP_6b31202e13ee4e07,1,False,92,4.532599493153256,0.0869565217391304,0.0909090909090909,0.1847826086956521,0.1818181818181818,0.0108695652173913,0.0202020202020202,0.717391304347826,0.6767676767676768,0.0,0.0101010101010101,0.0,0.0101010101010101,0.0,0.0101010101010101,haha,0.717391304347826,0.532608695652174,positive,0.4009836948762926,0.6023349497069259,0.4171914828459011,False,0.1907608695652173,0.0,positive,1.0,reactionfusion_v1_provisional,train,approved,positive,positive,0.48027880589198507,False,False,0.5191642559061224,0.04195266714392908,0.16633407581904983,0.08868315583785708,0.48027880589198507,0.2647039624511081,0.9999999854224508,0.9999331971850223,0.8262734110197768,5.668529424203347e-06,0.19265070698952302,2.6542747533578384e-10,3.3252987098408795e-05,5.125921588302398e-08,2.192360006567658e-07,0.993459653209371,0.0073864993932295,"candidate=positive; anchor_balance=0.173; mixed_evidence=0.042; strongest=joy=1.00, affection=1.00",final_model,reactionfusion_v2_hybrid_development
259,46,1,0,144,0,1,0,192,192,RF_POST_000259,ඔන්න දොර ගාව කළු පුල්ලි තියෙන දත් දිග කලුම කලු යකෙක්.ඔය..ඔං ඔතන. බුදියගනිං පෝං එක විසික් කරල,False,sinhala,bdab0e5d950d89cc8393532e4215d321ecad92f540b8680d1d85a4e4789e5b5f,DUP_bdab0e5d950d89cc,1,False,192,5.262690188904886,0.2395833333333333,0.236180904522613,0.0052083333333333,0.0100502512562814,0.0,0.0050251256281407,0.75,0.7286432160804021,0.0,0.0050251256281407,0.0052083333333333,0.0100502512562814,0.0,0.0050251256281407,haha,0.75,0.5104166666666666,neutral,0.6433415655102134,0.0,0.3149460573677879,True,0.0052083333333333,0.0052083333333333,neutral,0.0,reactionfusion_v1_provisional,train,approved,negative,negative,0.3217247554286255,False,False,0.3822260733212794,0.019591487175261556,0.3217247554286255,0.21443729532826533,0.18659820144556868,0.27723974779754046,0.055908359598493586,0.3134868651070281,0.7138977508255128,0.10963149164465924,0.5858791043464783,0.870227643246322,0.39540661883703637,0.09112559829623236,0.8286730446919263,0.29301292376952875,0.7660457555239534,"candidate=negative; anchor_balance=-0.002; mixed_evidence=0.020; strongest=anger=0.87, disgust=0.83",final_model,reactionfusion_v2_hybrid_development
261,250,78,13,279,6,0,1,627,627,RF_POST_000261,හෙට සිස්සත්තෙ ලියන නංගිල මල්ලිලට ජයින් ජයම වෙන්න ඕනෙ,False,sinhala,db0bd5fb4bccad2ee8a4ad2d637bd0a85c91bda31912b41386133489ab26e268,DUP_db0bd5fb4bccad2e,1,False,627,6.442540166468199,0.3987240829346092,0.3958990536277602,0.124401913875598,0.1246056782334384,0.0207336523125996,0.0220820189274447,0.4449760765550239,0.4416403785488959,0.0095693779904306,0.0110410094637223,0.0,0.001577287066246,0.0015948963317384,0.0031545741324921,haha,0.4449760765550239,0.0462519936204146,positive,0.2772057554095049,0.3894053913774378,0.5762562404400783,True,0.1358054226475279,0.0015948963317384,positive,0.9767846778874056,reactionfusion_v1_provisional,train,approved,positive,positive,0.47377760348654346,False,False,0.5907629540545405,0.011181633199770483,0.16827452021444217,0.1480020027703342,0.47377760348654346,0.20994587352868024,0.9997541111212629,0.9896201180216996,0.8892254030939809,0.0007590642627718884,0.08019525291578358,1.0208819037125091e-05,0.004781759284077262,0.00047060203380457414,0.0003242921656568178,0.9750395203656698,0.23160359189997262,"candidate=positive; anchor_balance=0.132; mixed_evidence=0.011; strongest=joy=1.00, affection=0.99",final_model,reactionfusion_v2_hybrid_development
263,91,5,4,6,2,133,0,241,241,RF_POST_000263,ඊයෙ පාන්දර හතරට නිදාගෙන හයට නැගිට්ටෙ ළමයව ඉස්කෝලෙ යවන්න.ඇහැ ගාවින් උස මිනිහෙක් දෙපාරක් ගියා කියන්නෙ මිග්රේන් කොලුවා මාව සොයා ඇවිත් වගේ.🥹,False,sinhala,1e38e0916186c54cb765ccd386d30dd823c1cbf423ec7c3e0dd99ff5d0a259b1,DUP_1e38e0916186c54c,1,False,241,5.488937726156687,0.3775933609958506,0.3709677419354839,0.0207468879668049,0.0241935483870967,0.0165975103734439,0.0201612903225806,0.0248962655601659,0.0282258064516129,0.0082987551867219,0.0120967741935483,0.5518672199170125,0.5403225806451613,0.0,0.0040322580645161,sad,0.5518672199170125,0.1742738589211618,negative,0.4999310730613012,-0.6726841431240088,0.5015353420503676,False,0.0298755186721991,0.5518672199170125,negative,-0.8972895863052782,reactionfusion_v1_provisional,train,approved,mixed,mixed,0.36162482799420687,False,True,0.5373144777479433,0.07583067226281456,0.32227262403308926,0.24816005385823206,0.06794249411447184,0.36162482799420687,0.00046860067114949574,0.9603539395648011,0.33315956506891947,0.005961978759509343,0.9900770870819385,1.4826042631746315e-05,0.20637300945541118,8.694549787937122e-05,5.7752008161289595e-05,0.49797137416189646,0.009452224425112956,"grouped_out_of_fold; candidate=mixed; mixed_evidence=0.076; strongest=sadness=0.99, affection=0.96",grouped_out_of_fold,reactionfusion_v2_hybrid_development
265,74,2,0,334,0,0,0,410,410,RF_POST_000265,බිංචුන් යන්න හිටියෙ.පලාතෙ යන් නෑ.නිකාං මොකටද හැපි කස්ටමර් කියල ලෝකෙට විහිලුවක් වෙන්නෙ,False,sinhala,b20b4de794f5f5c2db3d7286ca440d626a6f732c894734cdc0e0583a4009248e,DUP_b20b4de794f5f5c2,1,False,410,6.018593214496234,0.1804878048780487,0.1798561151079136,0.0048780487804878,0.0071942446043165,0.0,0.0023980815347721,0.8146341463414634,0.8033573141486811,0.0,0.0023980815347721,0.0,0.0023980815347721,0.0,0.0023980815347721,haha,0.8146341463414634,0.6341463414634146,neutral,0.5260035209014908,0.0196197829723532,0.2579722457252787,True,0.0048780487804878,0.0,positive,1.0,reactionfusion_v1_provisional,train,approved,negative,negative,0.3386464528481929,False,False,0.2969467060271374,0.005696819300280813,0.3386464528481929,0.22744098384401085,0.17314893784322316,0.2607636254645731,0.059374389214151085,0.23107184901330663,0.7045592642032524,0.31009096811583353,0.499299922091659,0.8344844235130662,0.5058814903268579,0.00996799481273732,0.8127044116369826,0.19853128305375248,0.725932350476359,"candidate=negative; anchor_balance=0.004; mixed_evidence=0.006; strongest=anger=0.83, disgust=0.81",final_model,reactionfusion_v2_hybrid_development
267,158,63,21,0,0,393,0,635,635,RF_POST_000267,දරුවන්ගේ දරුවෝත් ඒ දරුවන්ගේ දරුවෝත් ඒ දරුවන්ගේ දරුවොත් බැලූ ආච්චම්මා අවුරුදු 96 ක් සුජීවත්ව සිට මේ වැහිබරිත හැන්දෑවේ මීදුමක්ව නික්ම ගියාය ( සුවාමිපුරුෂයගේ ආච්චම්මා ),False,sinhala,fbd0a9ebf5adb7e704670a6d1e97418d6f15f6295ce8fdb7e43c0fcbc2d151f5,DUP_fbd0a9ebf5adb7e7,1,False,635,6.455198563340122,0.2488188976377952,0.2476635514018691,0.0992125984251968,0.0996884735202492,0.0330708661417322,0.0342679127725856,0.0,0.0015576323987538,0.0,0.0015576323987538,0.6188976377952756,0.6137071651090342,0.0,0.0015576323987538,sad,0.6188976377952756,0.3700787401574803,negative,0.4372951008918531,-0.5854865688362022,0.5062118982253806,False,0.1174015748031496,0.6188976377952756,negative,-0.6811036252807185,reactionfusion_v1_provisional,train,approved,mixed,mixed,0.6945893882183192,False,True,0.5246695661711306,0.24876856065808745,0.24107403366235614,0.02568854518326457,0.03864803293606013,0.6945893882183192,0.0011525188564031708,0.9956711020018041,0.9985122556828991,3.958676016999282e-05,0.9998376184037984,5.497611380291467e-07,0.9999964964312342,1.0667337015882093e-11,0.0012554271232311054,0.9914775630935405,0.02783670392363926,"candidate=mixed; anchor_balance=-0.497; mixed_evidence=0.249; strongest=care_empathy=1.00, sadness=1.00",final_model,reactionfusion_v2_hybrid_development
268,470,16,3,524,5,1,2,1021,1021,RF_POST_000268,බේබද්දෙක්ට ක්රශ්වෙන ලංකාවෙ ගෑනු ඉඳකිං. යකෝ බොන්න ගත්තොත් හේමාල්වත් එපා අපිටනම් .😪,False,sinhala,205cb94365b81c96bc73dbdce30af9acc67ffa6978aafc7c9c84b284abb5d622,DUP_205cb94365b81c96,1,False,1021,6.92951677076365,0.4603330068560235,0.4581712062256809,0.0156709108716944,0.0165369649805447,0.0029382957884427,0.0038910505836575,0.5132223310479922,0.5107003891050583,0.0048971596474045,0.0058365758754863,0.0009794319294809,0.0019455252918287,0.0019588638589618,0.0029182879377431,haha,0.5132223310479922,0.0528893241919686,neutral,0.4235080175138108,0.0486663195527769,0.424879856243594,True,0.0172869735553379,0.0029382957884427,positive,0.7094430992736077,reactionfusion_v1_provisional,train,approved,negative,negative,0.35058097799610116,False,False,0.43651168874820756,0.008492445306385361,0.35058097799610116,0.2593619923653198,0.21170745863131954,0.1783495710072595,0.09645605899269642,0.3348355844281114,0.841394345965091,0.05162614660988971,0.21991271521221414,0.6959495025737475,0.2087392478642702,0.17411513394112305,0.41510734863482884,0.4659291140549168,0.8708001499864653,"candidate=negative; anchor_balance=0.014; mixed_evidence=0.008; strongest=sarcasm=0.87, amusement=0.84",final_model,reactionfusion_v2_hybrid_development
270,92,4,1,694,1,2,0,794,794,RF_POST_000270,ඉහිම බිලුවාමි මාගී දිහා...ඉහිම බිලුවාම් මාගී දිහා.....,False,sinhala,772121ad0d5ac896c83c2283428a0cbb6c3b22a09a77c0ebfecee85e9dee9a88,DUP_772121ad0d5ac896,1,False,794,6.678342114654332,0.1158690176322418,0.1161048689138576,0.0050377833753148,0.0062421972534332,0.0012594458438287,0.0024968789013732,0.8740554156171285,0.867665418227216,0.0012594458438287,0.0024968789013732,0.0025188916876574,0.0037453183520599,0.0,0.0012484394506866,haha,0.8740554156171285,0.7581863979848866,neutral,0.541997517624094,0.0132802073867659,0.2188874954628241,True,0.0057304785894206,0.0025188916876574,positive,0.3893129770992366,reactionfusion_v1_provisional,train,approved,negative,negative,0.3451621874972565,False,False,0.23847739226478332,0.004763593353603662,0.3451621874972565,0.2290960764100412,0.14794770796815612,0.2777940281245462,0.02596977124928712,0.13007169405174268,0.6989873836720841,0.6001891340016532,0.4218980727590688,0.8345915578588269,0.5779266214604202,0.0020291454613451075,0.8541214339387295,0.0892496125940616,0.7252267554541718,"candidate=negative; anchor_balance=0.003; mixed_evidence=0.005; strongest=disgust=0.85, anger=0.83",final_model,reactionfusion_v2_hybrid_development
271,50,1,0,61,0,0,0,112,112,RF_POST_000271,මිස්ට කොත්තු ඔක්කොම විකුණල වනගත වෙන්නද. නැත්තං අලුත්ම රෙස්ටුරන්ට් එකකට මුල්ගල තියන්නද මේ වෑයම 🙊,False,sinhala,e7e2cdb2c6fa95ecbcff6d06647406daa51f2bd627a13d2f7cf248e31c0e61dd,DUP_e7e2cdb2c6fa95ec,1,False,112,4.727387818712341,0.4464285714285714,0.4285714285714285,0.0089285714285714,0.0168067226890756,0.0,0.0084033613445378,0.5446428571428571,0.5210084033613446,0.0,0.0084033613445378,0.0,0.0084033613445378,0.0,0.0084033613445378,haha,0.5446428571428571,0.0982142857142857,neutral,0.4560187499182792,0.0310333321083114,0.3767398732180682,True,0.0089285714285714,0.0,positive,1.0,reactionfusion_v1_provisional,train,approved,mixed,mixed,0.372881426496742,False,True,0.4790221873282261,0.03220317225735974,0.2723788875370089,0.1400618287283657,0.21467785723788346,0.372881426496742,0.14670725387881534,0.5099353737034432,0.8041318724640956,0.0047543800123093245,0.520345060833515,0.8244496058671812,0.18192554312683595,0.6031591984783805,0.638867096739875,0.5843325474865687,0.850073842793085,"candidate=mixed; anchor_balance=0.005; mixed_evidence=0.032; strongest=sarcasm=0.85, anger=0.82",final_model,reactionfusion_v2_hybrid_development
273,123,2,3,802,3,0,0,933,933,RF_POST_000273,දැන් දවස් ගාණක් තිස්සෙ කොල්ලෙක් වගේ මිනිසෙක් 🤦 මට චැට් කරනවා. හායි මම ඔයාගෙ හබ්ස් වගේ නේද කියලමයි අහන්නේ 😄 කොණ්ඩේ කර්ල්.රැවුලත් ඒ වගේ. මම මේ තව පොඩ්ඩක් බලනවා.මේ ගතිගුණම නම් බ්ලොක් කරනවා.වෙන ගතිගුණ නම් සල ලා සල ලා 😄😄,False,sinhala,15c359edff46f6fb00ea57ab28d9e66602e411e1bca89463dc2285cd7ce035c1,DUP_15c359edff46f6fb,1,False,933,6.839476438228843,0.1318327974276527,0.1319148936170212,0.0021436227224008,0.0031914893617021,0.0032154340836012,0.0042553191489361,0.8595927116827439,0.8542553191489362,0.0032154340836012,0.0042553191489361,0.0,0.001063829787234,0.0,0.001063829787234,haha,0.8595927116827439,0.7277599142550911,neutral,0.5325269618332972,0.0160793364329954,0.2298465719825965,True,0.0039121114683815,0.0,positive,1.0,reactionfusion_v1_provisional,train,approved,negative,negative,0.35256067934876206,False,False,0.24726007802008856,0.0021043410895326686,0.35256067934876206,0.23811825298402298,0.152272870068791,0.25704819759842396,0.024368565788410883,0.11639109032958442,0.7184215334231852,0.5984226196806145,0.35735686685494195,0.8435424230716133,0.5693035814177234,0.00200805341877042,0.8402049648167416,0.08825633655478292,0.7146088637749389,"candidate=negative; anchor_balance=0.003; mixed_evidence=0.002; strongest=anger=0.84, disgust=0.84",final_model,reactionfusion_v2_hybrid_development
274,91,3,2,183,3,0,0,282,282,RF_POST_000274,බලන බලන එකේ තුලා ලග්නෙට සුපිරිලු.අනෙ මන්දා මට හෙණ විතරයි ගැහුවෙ නැත්තෙ.මදිපාඩුවට සෙනසුරුත් ඉන්නවා හායි අක්කි මං මෙහේ කියාගෙන🤦,False,sinhala,f96c1779f746f74b56a1c6321c559b334e8fd92c8367dc2f9acb5d93465cc55d,DUP_f96c1779f746f74b,1,False,282,5.645446897643238,0.3226950354609929,0.3183391003460207,0.0106382978723404,0.0138408304498269,0.0070921985815602,0.0103806228373702,0.648936170212766,0.6366782006920415,0.0106382978723404,0.0138408304498269,0.0,0.0034602076124567,0.0,0.0034602076124567,haha,0.648936170212766,0.3262411347517731,neutral,0.3875759123972292,0.0532969418688338,0.399484242940113,True,0.0145390070921985,0.0,positive,1.0,reactionfusion_v1_provisional,train,approved,negative,negative,0.3345182752092128,False,False,0.4403849046431505,0.012190585595658146,0.3345182752092128,0.24734943162577272,0.23817075162855447,0.17996154153646,0.15393934834594541,0.3610078684181003,0.7776685159162544,0.036977382457854195,0.3285699585532818,0.6726009738955039,0.276465195151145,0.07234795325718128,0.5985236683582046,0.383818448048141,0.7170791258471982,"candidate=negative; anchor_balance=0.013; mixed_evidence=0.012; strongest=amusement=0.78, sarcasm=0.72",final_model,reactionfusion_v2_hybrid_development
275,63,0,1,147,3,0,0,214,214,RF_POST_000275,අපරාදෙ ඩයට් කලේ.කිලෝ 56 යි බර.දැන් ඉතිං කොත්තුවක්වත් කන්නෝන,False,sinhala,b489aa13983eaf79c47e679923174f9f625287de52a2b6eef041e0e13eaeef2f,DUP_b489aa13983eaf79,1,False,214,5.3706380281276624,0.2943925233644859,0.2895927601809955,0.0,0.004524886877828,0.0046728971962616,0.0090497737556561,0.6869158878504673,0.669683257918552,0.014018691588785,0.0180995475113122,0.0,0.004524886877828,0.0,0.004524886877828,haha,0.6869158878504673,0.3925233644859813,neutral,0.6171054177524777,0.0096676248885631,0.3611983783866541,True,0.0025700934579439,0.0,positive,1.0,reactionfusion_v1_provisional,train,approved,negative,negative,0.37923052195698304,False,False,0.4192725695539118,0.015177287585661966,0.37923052195698304,0.2545162344822036,0.19984359555183293,0.16640964800898045,0.030559221077071774,0.1726274948642093,0.742962400031984,0.04864962378633748,0.3360348171803896,0.9353953871631105,0.4175052908101057,0.11202573183387944,0.8859809141111537,0.18788912673987215,0.77499672368429,"candidate=negative; anchor_balance=0.000; mixed_evidence=0.015; strongest=anger=0.94, disgust=0.89",final_model,reactionfusion_v2_hybrid_development
276,53,1,0,179,1,1,0,235,235,RF_POST_000276,මට සල්ලි තිබ්බ නම් මම mr.කොත්තුට ගෙයක් හදල දෙනවා.කරන්න දෙයක් නෑ සුද්දා.සල්ලි නෑ,False,mixed,dbab195c2a4baba7e6f791ee2eeb74c1e26e87bc105371b5e391465d10893869,DUP_dbab195c2a4baba7,1,False,235,5.4638318050256105,0.225531914893617,0.2231404958677686,0.0042553191489361,0.0082644628099173,0.0,0.0041322314049586,0.7617021276595745,0.743801652892562,0.0042553191489361,0.0082644628099173,0.0042553191489361,0.0082644628099173,0.0,0.0041322314049586,haha,0.7617021276595745,0.5361702127659574,neutral,0.6515080092060279,0.0,0.3149760903357641,True,0.0042553191489361,0.0042553191489361,neutral,0.0,reactionfusion_v1_provisional,train,approved,negative,negative,0.3477534931620637,False,False,0.3695538008105495,0.015576234579618204,0.3477534931620637,0.23881289752753315,0.1838122327456011,0.22962137656480192,0.04008798397449875,0.2252375024627004,0.7035926239788273,0.14321238945887307,0.5004542067129495,0.8965089760934026,0.44203857641866096,0.05404969578595017,0.8646832744222236,0.2054785748404654,0.7627111934312387,"candidate=negative; anchor_balance=-0.002; mixed_evidence=0.016; strongest=anger=0.90, disgust=0.86",final_model,reactionfusion_v2_hybrid_development
277,264,360,117,2,1,7,0,751,751,RF_POST_000277,දුවට මම පඹයෙක්මි කියලා රචනාවක් ලියන්න කියල ඉස්කෝලෙන්.එයා තනියම ලියනවා.මේ වාක්ය තමා අන්තිම වාක්ය. කුඹුරුවල පඹයො ඉද්දි පොඩි කාලෙත් එයා අහනවා ඇයි පඹයා තනියම ඉන්නෙ කියල.ගහක් ගලක් උනත් තනියම ඉද්දි එයාට ප්රශ්න. දැන් මේ රචනාවෙත් එයා ලියල තියෙන්නෙ පඹයගෙ සිතුවිල්ල. චූටි හිත් කොයිතරම් අහිංසකද.,False,sinhala,99b76b1bb802be3c9b184b7bef95caf103234834391ff8dbacfcda006124500e,DUP_99b76b1bb802be3c,1,False,751,6.62273632394984,0.351531291611185,0.3496042216358839,0.4793608521970706,0.4762532981530343,0.1557922769640479,0.1556728232189973,0.0026631158455392,0.0039577836411609,0.0013315579227696,0.0026385224274406,0.0093209054593874,0.0105540897097625,0.0,0.0013192612137203,love,0.4793608521970706,0.1278295605858855,positive,0.4905527162917816,0.6784455980653317,0.5538918233665346,False,0.5650466045272969,0.0093209054593874,positive,0.9675437579691666,reactionfusion_v1_provisional,train,approved,positive,positive,0.6830723460295619,False,False,0.5676517091340637,0.02695971177945421,0.0961310766082185,0.10642553313404526,0.6830723460295619,0.11437104422817426,0.8913485271062351,0.9999582985856661,0.9610999418255354,0.00023800465132969696,0.03091338078161386,1.3293870438839859e-06,0.8648196882475256,0.004442935617254824,5.872938007076928e-05,0.9999451429119895,0.0012594480458004477,"candidate=positive; anchor_balance=0.550; mixed_evidence=0.027; strongest=affection=1.00, approval=1.00",final_model,reactionfusion_v2_hybrid_development
278,59,2,0,209,2,2,0,274,274,RF_POST_000278,නිවාඩු දවසේ ඔෆිස් නම්බර් එකෙන් Call එකක් එනකොට දැනෙන හැඟීම සිංදුවකින් කිවුවොත්..😁,False,mixed,0345b3d71649f498b304d5ddbb29a159383bedfddb6cddbbbf6c16055bd3abdd,DUP_0345b3d71649f498,1,False,274,5.616771097666572,0.2153284671532846,0.2135231316725978,0.0072992700729927,0.0106761565836298,0.0,0.0035587188612099,0.7627737226277372,0.7473309608540926,0.0072992700729927,0.0106761565836298,0.0072992700729927,0.0106761565836298,0.0,0.0035587188612099,haha,0.7627737226277372,0.5474452554744526,neutral,0.6629431576164732,0.0,0.3314375172143717,True,0.0072992700729927,0.0072992700729927,neutral,0.0,reactionfusion_v1_provisional,train,approved,negative,negative,0.35461128281493504,False,False,0.37662145779978495,0.01903211637280052,0.35461128281493504,0.253487016863733,0.18016478817401213,0.2117369121473198,0.031071373169482885,0.19635517547391465,0.6936384295910458,0.17054240458375708,0.45078339204713597,0.890161274074718,0.44402648795516747,0.04692457418039988,0.8827925864577293,0.1632414589275821,0.7735520247166033,"candidate=negative; anchor_balance=-0.002; mixed_evidence=0.019; strongest=anger=0.89, disgust=0.88",final_model,reactionfusion_v2_hybrid_development
280,235,38,2,0,1,0,0,276,276,RF_POST_000280,ඉබ්බාගමුව අවට ගෙයක් සමග පැත්තකින් දේවාල ගොඩනැගිල්ලක් ඇති location එකක් තියෙයිද රූගත කිරීමකට,False,mixed,ab172159d6d98629ce635ad071deb2145a1f282ff598a98f84505cd2fed142a8,DUP_ab172159d6d98629,1,False,276,5.6240175061873385,0.8514492753623188,0.833922261484099,0.1376811594202898,0.1378091872791519,0.0072463768115942,0.0106007067137809,0.0,0.0035335689045936,0.0036231884057971,0.0070671378091872,0.0,0.0035335689045936,0.0,0.0035335689045936,like,0.8514492753623188,0.7137681159420289,positive,0.2586212452669924,0.2949812765326692,0.2394719255296339,True,0.1416666666666666,0.0,positive,1.0,reactionfusion_v1_provisional,train,approved,uncertain,positive,0.28851917444248837,True,True,0.2916983789778303,0.008245890571811456,0.2693986714376348,0.285144391287941,0.28851917444248837,0.15693776283193586,0.5772715667293093,0.19690701234594568,0.013159099892616023,0.0031604922451221543,0.3337135536340374,0.017008367600674427,0.7554107967916085,0.01228343583269616,0.5207669391405563,0.6318513303786658,0.36193606694211433,"candidate=positive; anchor_balance=0.137; mixed_evidence=0.008; strongest=care_empathy=0.76, approval=0.63",final_model,reactionfusion_v2_hybrid_development
286,125,2,0,740,0,17,0,884,884,RF_POST_000286,"මට පෙන්නපන්, Konde digata තියෙද්දි කැපුවොත් lassanai wei කියල හිතල කපපු moda එළදෙනක්ව.. 🐮😂😹",False,mixed,ce7f0cf1a3c66b9804905c54829f87b7e6578ef2886ad9da79b96e7ba027dc45,DUP_ce7f0cf1a3c66b98,1,False,884,6.785587645007929,0.1414027149321267,0.1414141414141414,0.002262443438914,0.0033670033670033,0.0,0.0011223344556677,0.8371040723981901,0.8316498316498316,0.0,0.0011223344556677,0.0192307692307692,0.0202020202020202,0.0,0.0011223344556677,haha,0.8371040723981901,0.6957013574660633,neutral,0.2711727998048222,-0.0685427326820368,0.264767382923826,True,0.002262443438914,0.0192307692307692,negative,-0.7894736842105263,reactionfusion_v1_provisional,train,approved,negative,negative,0.32279354244975395,False,False,0.2830514999580519,0.004511034006065473,0.32279354244975395,0.2619622295891452,0.13704398529059283,0.27820024267050814,0.017129523709287085,0.09022282939828837,0.7279599699530054,0.6650533488904792,0.49047385111927955,0.8059631078893073,0.3567975763274451,0.005255616797470473,0.6844656732679344,0.07176893206852597,0.7740204512694902,"candidate=negative; anchor_balance=-0.017; mixed_evidence=0.005; strongest=anger=0.81, sarcasm=0.77",final_model,reactionfusion_v2_hybrid_development
287,4,0,0,23,0,0,0,27,27,RF_POST_000287,mma nm nidi oyt nidaganna ptiyo ☺️,False,singlish,cbbb565162aa3e46a146ca3eeb89d66f83cc4d37446b0de2f0e296f044ea76f3,DUP_cbbb565162aa3e46,1,False,27,3.332204510175204,0.1481481481481481,0.1470588235294117,0.0,0.0294117647058823,0.0,0.0294117647058823,0.8518518518518519,0.7058823529411765,0.0,0.0294117647058823,0.0,0.0294117647058823,0.0,0.0294117647058823,haha,0.8518518518518519,0.7037037037037037,neutral,0.2535997306552708,0.0,0.2155718081381242,True,0.0,0.0,neutral,0.0,reactionfusion_v1_provisional,train,approved,negative,negative,0.37006393638765006,False,False,0.5377156615572496,0.09805403240161611,0.37006393638765006,0.21822387383815933,0.205689672118795,0.20602251765539564,0.0329086594498802,0.15330853405786865,0.7984484981551129,0.0015184712920295804,0.5954882021818343,0.6706352919319506,0.003679980526061884,0.02428442688083299,0.8513101632158662,0.10829986651383888,0.5945561283156057,"candidate=negative; anchor_balance=-0.013; mixed_evidence=0.098; strongest=disgust=0.85, amusement=0.80",final_model,reactionfusion_v2_hybrid_development
290,13691,13576,869,12,385,1,2,28536,28536,RF_POST_000290,කාලෙක ඉදන් තිබ්බ ආසාවක්.. picnic එකක් ගිහින් චිත්රයක් අදින්න 🤭 අවුරුදු ගානකට පස්සේ ඇදපු නිසා අඩුපාඩු ගොඩාක් තියෙනවා..🫣 ඊලග පාර තව හොදට try කරනවා 🙂♥️,False,mixed,faad60483d80c64fc977ad84240d0d88e5fee81abd837ff18674dcc5b75495bb,DUP_faad60483d80c64f,1,False,28536,10.258956769878605,0.4797799271096159,0.4796972988123182,0.4757499299130922,0.4756682899484987,0.0304527614241659,0.0304803279262866,0.0004205214465937,0.00045545317591,0.0134917297448836,0.0135234558385593,3.504345388281469e-05,7.006971937077392e-05,7.008690776562938e-05,0.0001051045790561,like,0.4797799271096159,0.0040299971965236,positive,0.5097526584592657,0.6574923793808042,0.4494035993563087,False,0.4924989486963835,0.0001051303616484,positive,0.9995731648757376,reactionfusion_v1_provisional,train,approved,positive,positive,0.5360497595470178,False,False,0.4499456643147766,0.00031527566430632843,0.14454760705673356,0.25151220393695345,0.5360497595470178,0.06789042945929517,0.33673027882843737,0.6666095729037979,0.6304172636105446,0.06806924509962577,9.846443193512315e-05,2.7829484461464557e-05,0.7218983226204342,8.743913884953324e-05,0.003523792297037302,0.7413523785841863,0.11142247787184974,"candidate=positive; anchor_balance=0.492; mixed_evidence=0.000; strongest=approval=0.74, care_empathy=0.72",final_model,reactionfusion_v2_hybrid_development
291,69,22,3,156,5,0,0,255,255,RF_POST_000291,දඟකාර දිවියට සමුදී පිය පදවියට පා තැබුවෙමි.! 😊❤️,False,sinhala,8aabdc05d12a44177ea54de3714ddce96cadc84c28a7eb2785bf332912f789fc,DUP_8aabdc05d12a4417,1,False,255,5.545177444479562,0.2705882352941176,0.2671755725190839,0.0862745098039215,0.0877862595419847,0.0117647058823529,0.015267175572519,0.611764705882353,0.5992366412213741,0.0196078431372549,0.0229007633587786,0.0,0.0038167938931297,0.0,0.0038167938931297,haha,0.611764705882353,0.3411764705882353,positive,0.2312634345903638,0.3126122929315816,0.5113698772084977,True,0.0927450980392156,0.0,positive,1.0,reactionfusion_v1_provisional,train,approved,positive,positive,0.4909466318022552,False,False,0.5477703243460875,0.016725811430414884,0.17802429847956883,0.1978507379823091,0.4909466318022552,0.1331783317358669,0.9991169913749846,0.916115923698628,0.8060159963217617,0.0011510274653536642,0.07780639813601754,4.9717403753706716e-05,0.012819257192113555,0.00011924065130953214,0.0012138910656485863,0.766119449391601,0.14414028004113802,"candidate=positive; anchor_balance=0.089; mixed_evidence=0.017; strongest=joy=1.00, affection=0.92",final_model,reactionfusion_v2_hybrid_development
292,22,2,0,108,0,0,0,132,132,RF_POST_000292,මගේ වියදම් වල හැටියට ගොවිසෙත ඇදුනත් හවසට නය වෙන්න වෙනවා 🥹😍😂,False,sinhala,93a2bb5c69e09b7b872abb7a36d7bb6dec595f31460dbfd4ab3d8497a7fefe6c,DUP_93a2bb5c69e09b7b,1,False,132,4.890349128221754,0.1666666666666666,0.1654676258992805,0.0151515151515151,0.0215827338129496,0.0,0.0071942446043165,0.8181818181818182,0.7841726618705036,0.0,0.0071942446043165,0.0,0.0071942446043165,0.0,0.0071942446043165,haha,0.8181818181818182,0.6515151515151515,neutral,0.2911163947835508,0.0607797770521216,0.2704602318008565,True,0.0151515151515151,0.0,positive,1.0,reactionfusion_v1_provisional,train,approved,uncertain,negative,0.2840472555467972,True,True,0.36646776131366077,0.021091669715894146,0.2840472555467972,0.2312123188805691,0.2311373871220542,0.2536030384505796,0.24970036913193103,0.49064055899736153,0.6736749915394109,0.049610038891627656,0.5713820993943658,0.5315850303281754,0.2546942395813531,0.011835590660955932,0.6987476880319712,0.3127668837133198,0.6142194761454439,"candidate=negative; anchor_balance=0.011; mixed_evidence=0.021; strongest=disgust=0.70, amusement=0.67",final_model,reactionfusion_v2_hybrid_development
294,19,0,0,62,0,1,0,82,82,RF_POST_000294,එල් නීනෝත් මට්ටු වෙන්නෙ නුවරඑළියෙන් තමයි! 😂🌧️,False,sinhala,2fe874e367cd1562d9af5961472f81fe201496512861ff9ff9398c2ae39816f9,DUP_2fe874e367cd1562,1,False,82,4.418840607796598,0.2317073170731707,0.2247191011235955,0.0,0.0112359550561797,0.0,0.0112359550561797,0.7560975609756098,0.7078651685393258,0.0,0.0112359550561797,0.0121951219512195,0.0224719101123595,0.0,0.0112359550561797,haha,0.7560975609756098,0.524390243902439,neutral,0.3191726263464942,-0.0474735095835911,0.3103714470362204,True,0.0,0.0121951219512195,negative,-1.0,reactionfusion_v1_provisional,train,approved,negative,negative,0.3189164053904274,False,False,0.44559149039776147,0.031041204949057537,0.3189164053904274,0.24728641896684211,0.20542740002285417,0.2283697756198763,0.06243777869086729,0.27060881257555996,0.7260873186559582,0.031360831085587675,0.6182076279488377,0.8146007969937157,0.13491837876536508,0.10538926125697541,0.7222098116502402,0.2229863331219798,0.7027754015726106,"candidate=negative; anchor_balance=-0.016; mixed_evidence=0.031; strongest=anger=0.81, amusement=0.73",final_model,reactionfusion_v2_hybrid_development
295,16,0,0,74,1,1,0,92,92,RF_POST_000295,2000 උන් ගෙන් බැදලා නැත්තෙ මන් විතරයි 😓💔🙂,False,sinhala,582983ef6d229451477184a3bf3740a66cbdb2364e139d611c9527902fa8fe75,DUP_582983ef6d229451,1,False,92,4.532599493153256,0.1739130434782608,0.1717171717171717,0.0,0.0101010101010101,0.0,0.0101010101010101,0.8043478260869565,0.7575757575757576,0.0108695652173913,0.0202020202020202,0.0108695652173913,0.0202020202020202,0.0,0.0101010101010101,haha,0.8043478260869565,0.6304347826086957,neutral,0.3484479265712704,-0.0433396559549683,0.2968450692729647,True,0.0,0.0108695652173913,negative,-1.0,reactionfusion_v1_provisional,train,approved,negative,negative,0.34936755033458755,False,False,0.41614367091365567,0.026061522824895614,0.34936755033458755,0.3014346471090422,0.20164801344608907,0.1475497891102812,0.03156170862238276,0.11523899298109211,0.685306898478675,0.0467294060975584,0.4577615704889074,0.866631610385179,0.1782706334483747,0.024915761664871628,0.8384127831100494,0.07362394623323261,0.6714180307620077,"candidate=negative; anchor_balance=-0.015; mixed_evidence=0.026; strongest=anger=0.87, disgust=0.84",final_model,reactionfusion_v2_hybrid_development
296,19,0,0,204,0,0,0,223,223,RF_POST_000296,ගෙදර අය තරහ ගස්සන්නේ නැතුව Engage වුණා කියලා කියන්නේ කොහොමද..? 😪,False,mixed,0e09ae46dfe321789e76548858e674230591e2d63e7f5f97b70f8dd9d9848c95,DUP_0e09ae46dfe32178,1,False,223,5.41164605185504,0.085201793721973,0.0869565217391304,0.0,0.0043478260869565,0.0,0.0043478260869565,0.9147982062780268,0.8913043478260869,0.0,0.0043478260869565,0.0,0.0043478260869565,0.0,0.0043478260869565,haha,0.9147982062780268,0.8295964125560538,neutral,0.5682010664151794,0.0,0.1496953278812268,True,0.0,0.0,neutral,0.0,reactionfusion_v1_provisional,train,approved,negative,negative,0.3645874033446952,False,False,0.22259964707818516,0.006000512225585861,0.3645874033446952,0.24442439110254288,0.16900347025153628,0.22198473530122564,0.03506733098302273,0.1352335009003979,0.666702847092298,0.2544718507657473,0.5851496629740935,0.899766722291407,0.5909363639271927,0.0025007948398714976,0.9044990118427327,0.08180251195986377,0.6856273401900725,"candidate=negative; anchor_balance=-0.002; mixed_evidence=0.006; strongest=disgust=0.90, anger=0.90",final_model,reactionfusion_v2_hybrid_development
297,107,35,2,3,0,1,0,148,148,RF_POST_000297,ඉස්සර වගේ බලෙන් කතා කිරිලි නෑ දැන් කතාකරොත් කතා කරලා පාඩුවේ ඉන්නවා. 😌👍,False,sinhala,1ce1f199e0f82f0623db713d4f0baf7b6cefa746efefcdfe7bcf3871bd4bf51a,DUP_1ce1f199e0f82f06,1,False,148,5.003946305945459,0.722972972972973,0.6967741935483871,0.2364864864864864,0.232258064516129,0.0135135135135135,0.0193548387096774,0.0202702702702702,0.0258064516129032,0.0,0.0064516129032258,0.0067567567567567,0.0129032258064516,0.0,0.0064516129032258,like,0.722972972972973,0.4864864864864865,positive,0.3348338504150085,0.4369380146605648,0.3836022574725133,True,0.2439189189189189,0.0067567567567567,positive,0.9460916442048516,reactionfusion_v1_provisional,train,approved,positive,positive,0.36060105459814285,False,False,0.4536453536083871,0.035120930601939646,0.11049451450867351,0.2115501486193858,0.36060105459814285,0.3173542822737978,0.930143074971474,0.8463896451753423,0.08761065254636226,0.0007089283079435702,0.32047326090409683,0.00037069774143365353,0.2307498869991305,0.009840256920483532,0.09946734828337102,0.9575473939326925,0.209233575088189,"candidate=positive; anchor_balance=0.224; mixed_evidence=0.035; strongest=approval=0.96, joy=0.93",final_model,reactionfusion_v2_hybrid_development
298,308,90,7,11,1,1,0,418,418,RF_POST_000298,ලංකාවේ රියදුරු බලපත්රය වයස අවුරුදු 21න් වත් උඩ අයට දෙන්න ඕනේ මොකක්ද ඔයාලගෙ අදහස ? 😐🤔,False,sinhala,a5912a7c90726edc78572e3192e31ba657075b82d4f10b7d0f85df17a9675f8c,DUP_a5912a7c90726edc,1,False,418,6.037870919922137,0.7368421052631579,0.7270588235294118,0.215311004784689,0.2141176470588235,0.0167464114832535,0.0188235294117647,0.0263157894736842,0.028235294117647,0.0023923444976076,0.0047058823529411,0.0023923444976076,0.0047058823529411,0.0,0.0023529411764705,like,0.7368421052631579,0.5215311004784688,positive,0.3405097438825418,0.4217261369842521,0.3847837397481841,True,0.2245215311004784,0.0023923444976076,positive,0.9789140748550342,reactionfusion_v1_provisional,train,approved,positive,positive,0.36161079875782215,False,False,0.4121104690214166,0.011636060301781175,0.1609463678445367,0.22185216812095257,0.36161079875782215,0.25559066527668844,0.8794765628212193,0.7600455372537229,0.05563406691031234,0.004582221958535485,0.1959422320244301,0.0013639758526374404,0.5409168150871047,0.010351555400355459,0.25294979089296493,0.9384916948534521,0.32395068498239754,"candidate=positive; anchor_balance=0.217; mixed_evidence=0.012; strongest=approval=0.94, joy=0.88",final_model,reactionfusion_v2_hybrid_development
299,136,151,9,7,0,1,0,304,304,RF_POST_000299,වාහනයක් අතට ගත්තම 50- 60 එහා යන්න හිතෙන්නේ නැති ගානට දැන් මම පරිණතයි ! 😌🤍,False,sinhala,8788bdde65c512f063b9fd3b08057b9a47f4d7263df3791ffcefdd0cc113b186,DUP_8788bdde65c512f0,1,False,304,5.720311776607412,0.4473684210526316,0.4405144694533762,0.4967105263157895,0.4887459807073955,0.0296052631578947,0.0321543408360128,0.0230263157894736,0.0257234726688102,0.0,0.0032154340836012,0.0032894736842105,0.0064308681672025,0.0,0.0032154340836012,love,0.4967105263157895,0.0493421052631578,positive,0.5185284508120092,0.6799840961283365,0.4713829056322233,False,0.5129934210526316,0.0032894736842105,positive,0.9872570882446638,reactionfusion_v1_provisional,train,approved,positive,positive,0.5896028099049619,False,False,0.5062323209482574,0.01953307990797135,0.06657991621859004,0.13462421619177292,0.5896028099049619,0.2091930576846751,0.9892452802987873,0.9990711094599574,0.4730040063243774,0.00031499461760957646,0.016633994258481017,1.152864525635054e-05,0.23603516973226718,0.0021499026544747903,0.002598893357288437,0.9979748924099044,0.0420417440197727,"candidate=positive; anchor_balance=0.497; mixed_evidence=0.020; strongest=affection=1.00, approval=1.00",final_model,reactionfusion_v2_hybrid_development
302,14,1,0,123,0,0,0,138,138,RF_POST_000302,Customer කෙනෙක්ට හිත ගිහින් නැත්නම් ඔයාලා ඔය කරන job එකෙනුත් තේරුමක් නෑ 😍🤣,False,mixed,2c497d4a7272c3c8206b11ead9b64b55f02a6314428560395ef697b6597e4016,DUP_2c497d4a7272c3c8,1,False,138,4.934473933130692,0.1014492753623188,0.1034482758620689,0.0072463768115942,0.0137931034482758,0.0,0.0068965517241379,0.8913043478260869,0.8551724137931035,0.0,0.0068965517241379,0.0,0.0068965517241379,0.0,0.0068965517241379,haha,0.8913043478260869,0.7898550724637681,neutral,0.4170656850486873,0.0302288087531236,0.1903491757437154,True,0.0072463768115942,0.0,positive,1.0,reactionfusion_v1_provisional,train,approved,negative,negative,0.3341013053137899,False,False,0.2902796647911219,0.01601542978157914,0.3341013053137899,0.24511529347951622,0.1965390264595322,0.2242443747471617,0.0812009023706923,0.27203911747707693,0.6513883298644466,0.10270313622356643,0.6036442913804582,0.7940657539706124,0.43045772074340033,0.005046237113527937,0.8723929021240686,0.14411335653543325,0.63876121245862,"candidate=negative; anchor_balance=0.004; mixed_evidence=0.016; strongest=disgust=0.87, anger=0.79",final_model,reactionfusion_v2_hybrid_development
303,8,0,0,49,0,0,0,57,57,RF_POST_000303,සමහර නෑයෝ ඉන්නවා එහෙන් ගන්නවා මෙහෙට කියනවා මෙහෙන් ගන්නවා එහෙට කියනවා 🥹🤣💔,False,sinhala,850bdf9ee92bac8a602c6aec820ccb23234e014f9fab80fc5b6180fcb8733bb9,DUP_850bdf9ee92bac8a,1,False,57,4.060443010546419,0.1403508771929824,0.140625,0.0,0.015625,0.0,0.015625,0.8596491228070176,0.78125,0.0,0.015625,0.0,0.015625,0.0,0.015625,haha,0.8596491228070176,0.7192982456140351,neutral,0.4109779730558272,0.0,0.2084371255228919,True,0.0,0.0,neutral,0.0,reactionfusion_v1_provisional,train,approved,negative,negative,0.3255577942489031,False,False,0.40784534916286497,0.03951001820015255,0.3255577942489031,0.25202613902751914,0.20910625539554975,0.21330981132802798,0.04704478113530223,0.236247433510641,0.6907899719694195,0.018334264030496986,0.6059687664910243,0.8460367469364579,0.1285693146330859,0.025729427710996004,0.8895846994268417,0.13651818486996004,0.6344263639862724,"candidate=negative; anchor_balance=-0.007; mixed_evidence=0.040; strongest=disgust=0.89, anger=0.85",final_model,reactionfusion_v2_hybrid_development
304,24,0,0,45,0,13,0,82,82,RF_POST_000304,Ane ninda yanne nane halo ai a 😓,False,singlish,16ea3633e8ea877890c933b60aade4d8e69e43e17ed0fddbabd380100255a3ef,DUP_16ea3633e8ea8778,1,False,82,4.418840607796598,0.2926829268292683,0.2808988764044944,0.0,0.0112359550561797,0.0,0.0112359550561797,0.5487804878048781,0.5168539325842697,0.0,0.0112359550561797,0.1585365853658536,0.1573033707865168,0.0,0.0112359550561797,haha,0.5487804878048781,0.2560975609756097,negative,0.2879515187709727,-0.4776343540233704,0.504081208600648,True,0.0,0.1585365853658536,negative,-1.0,reactionfusion_v1_provisional,train,approved,negative,negative,0.3362186780823049,False,False,0.6117840497113156,0.04261866413719277,0.3362186780823049,0.32700619064107805,0.17160946097953053,0.1651656702970866,0.11058269205477227,0.18033067087730764,0.9582167944578618,0.06737935864907994,0.42654010842255546,0.0767448208297278,0.0012306585722841326,0.030422580206941132,0.003721651156354459,0.22670064711410542,0.713589130423079,"grouped_out_of_fold; candidate=negative; mixed_evidence=0.043; strongest=amusement=0.96, sarcasm=0.71",grouped_out_of_fold,reactionfusion_v2_hybrid_development
305,65,59,4,0,0,0,0,128,128,RF_POST_000305,"මං අත් හැරියොත්, ඒ සදහටම ! 😌🤍",False,sinhala,6f769b66dc44516797bcfe4c2bebf0b167ebfbdfb279882e6a487a0586de3a51,DUP_6f769b66dc445167,1,False,128,4.859812404361672,0.5078125,0.4888888888888889,0.4609375,0.4444444444444444,0.03125,0.037037037037037,0.0,0.0074074074074074,0.0,0.0074074074074074,0.0,0.0074074074074074,0.0,0.0074074074074074,like,0.5078125,0.046875,positive,0.4737519201351278,0.6482692085521372,0.4159558006742489,False,0.478125,0.0,positive,1.0,reactionfusion_v1_provisional,train,approved,positive,positive,0.5041142934287589,False,False,0.5024289643399706,0.029773568257183445,0.05528813852089724,0.15962382416339582,0.5041142934287589,0.28097374388694796,0.98042199952876,0.9948221989149444,0.6691570570521512,6.554452009394128e-05,0.039137357384411375,6.833954325807597e-06,0.03052728020240881,0.0021087590082465436,0.0004973445260125431,0.9959574669203517,0.01868987544567644,"candidate=positive; anchor_balance=0.450; mixed_evidence=0.030; strongest=approval=1.00, affection=0.99",final_model,reactionfusion_v2_hybrid_development
307,13,2,1,66,0,0,0,82,82,RF_POST_000307,මතක හැටියට අන්තිමට බබා කිව්වේ බර කිරද්දී මිඩ්ෆයිෆ් මිස් තමයි 🥹😭,False,sinhala,62e3f2927bb0e2e7999dc8d365501475ecf3cf518c7bfa518c9bf3e19e7fb724,DUP_62e3f2927bb0e2e7,1,False,82,4.418840607796598,0.1585365853658536,0.1573033707865168,0.024390243902439,0.0337078651685393,0.0121951219512195,0.0224719101123595,0.8048780487804879,0.7528089887640449,0.0,0.0112359550561797,0.0,0.0112359550561797,0.0,0.0112359550561797,haha,0.8048780487804879,0.6463414634146342,positive,0.0833235265707663,0.1226292312992816,0.3139989645319949,True,0.0310975609756097,0.0,positive,1.0,reactionfusion_v1_provisional,train,approved,positive,positive,0.3429835679390312,False,False,0.439673507842944,0.039521214188129795,0.1996910146079251,0.1853085757608803,0.3429835679390312,0.2720168416921635,0.6862694779580483,0.8226165975750269,0.6968674960124398,0.006909241711838924,0.5325675940673087,0.11845623042684213,0.026094198444884458,0.007875611293023664,0.3210450504423656,0.6184811037274289,0.4607688149905663,"grouped_out_of_fold; candidate=positive; mixed_evidence=0.040; strongest=affection=0.82, amusement=0.70",grouped_out_of_fold,reactionfusion_v2_hybrid_development
308,13,1,0,66,0,0,0,80,80,RF_POST_000308,කලුවර අහස වගේ තියන මගේ ජීවිතේ ආලෝක කරන ඒ පුන් සඳ කොහේ ඉන්නවද මංදා.! 🥹🌚😒,False,sinhala,ff7ffe08218d536c3da535011a27b461a2300b8bf20b904817b32583553030eb,DUP_ff7ffe08218d536c,1,False,80,4.394449154672439,0.1625,0.160919540229885,0.0125,0.0229885057471264,0.0,0.0114942528735632,0.825,0.7701149425287356,0.0,0.0114942528735632,0.0,0.0114942528735632,0.0,0.0114942528735632,haha,0.825,0.6625,neutral,0.2920686544636676,0.0503746930149427,0.2614494827325757,True,0.0125,0.0,positive,1.0,reactionfusion_v1_provisional,train,approved,uncertain,negative,0.2907787105468614,True,True,0.4045413885310035,0.03719920814078193,0.2907787105468614,0.22974645251090411,0.21926808921615282,0.2602067477260817,0.13378759379584398,0.44146930527846306,0.6785600765894101,0.02310540413520725,0.5927134203875684,0.6638590550515346,0.18460885060639579,0.026392604886663812,0.8198830166151727,0.258747149367388,0.6312001899563047,"candidate=negative; anchor_balance=0.006; mixed_evidence=0.037; strongest=disgust=0.82, amusement=0.68",final_model,reactionfusion_v2_hybrid_development
309,29,2,0,168,0,4,0,203,203,RF_POST_000309,කවුරු නැතත් මට මම ඉන්නවනෙ කියලා හිතලා ඔලුව අතගාගත්තම තියන කෙස් ගස් ටිකත් ගැලවිලා යනවා 🥹💔,False,sinhala,f2e840dadc99e2856b8e2bc3502ff88596d478bf26f3d43b0e9af40c3ed72824,DUP_f2e840dadc99e285,1,False,203,5.318119993844216,0.1428571428571428,0.1428571428571428,0.0098522167487684,0.0142857142857142,0.0,0.0047619047619047,0.8275862068965517,0.8047619047619048,0.0,0.0047619047619047,0.0197044334975369,0.0238095238095238,0.0,0.0047619047619047,haha,0.8275862068965517,0.6847290640394089,neutral,0.4239143666588109,-0.0395293977613184,0.2864965900858897,True,0.0098522167487684,0.0197044334975369,negative,-0.3333333333333333,reactionfusion_v1_provisional,train,approved,negative,negative,0.322220779613697,False,False,0.3488653976082653,0.023589945933511273,0.322220779613697,0.25850638709704,0.17365719362760892,0.24561563966165406,0.04241155209127071,0.23317359787887068,0.6875477598846151,0.2036416974200782,0.6577145604287681,0.7595843982611354,0.32239380149193414,0.02201397045029806,0.7779155554513576,0.14696925634420513,0.7387710759638445,"candidate=negative; anchor_balance=-0.012; mixed_evidence=0.024; strongest=disgust=0.78, anger=0.76",final_model,reactionfusion_v2_hybrid_development
310,4,0,0,22,0,0,0,26,26,RF_POST_000310,මගේ ජීවිත කතාව දාලා ෆිල්ම් එකක් හැදුවනම් ලෝකේ බිහිවූණ සුපිරිම කොමඩි ෆිල්ම් එක ඒක වෙයි 😒💔,False,sinhala,453a61155b11a03dda8414b2746258b00b38f05a1bcb15dea6a701ec6837d00d,DUP_453a61155b11a03d,1,False,26,3.295836866004329,0.1538461538461538,0.1515151515151515,0.0,0.0303030303030303,0.0,0.0303030303030303,0.8461538461538461,0.696969696969697,0.0,0.0303030303030303,0.0,0.0303030303030303,0.0,0.0303030303030303,haha,0.8461538461538461,0.6923076923076923,neutral,0.2474698652149883,0.0,0.2206283893113158,True,0.0,0.0,neutral,0.0,reactionfusion_v1_provisional,train,approved,negative,negative,0.37462324117194645,False,False,0.5484882636033174,0.10304931013153236,0.37462324117194645,0.21399255172603882,0.20449308358660534,0.20689112351540936,0.03257233773540896,0.1484878292826726,0.8079899025247156,0.0012727230272426885,0.5952708280818148,0.6539322228262753,0.0027519384420714122,0.025455231866621155,0.8452592253539073,0.1105264009949036,0.5960568074289418,"candidate=negative; anchor_balance=-0.014; mixed_evidence=0.103; strongest=disgust=0.85, amusement=0.81",final_model,reactionfusion_v2_hybrid_development
311,50,2,1,219,1,6,0,279,279,RF_POST_000311,අවුරුදු 26ක් කියන්නෙ ගොඩක් නාකීද 😒💔,False,sinhala,909e391ddc1eb60a75bf3807da40c98dc324382eff78f6721bc340c0bc292185,DUP_909e391ddc1eb60a,1,False,279,5.634789603169249,0.1792114695340501,0.1783216783216783,0.007168458781362,0.0104895104895104,0.003584229390681,0.0069930069930069,0.7849462365591398,0.7692307692307693,0.003584229390681,0.0069930069930069,0.021505376344086,0.0244755244755244,0.0,0.0034965034965034,haha,0.7849462365591398,0.6057347670250897,neutral,0.3970092874460846,-0.0484844432774398,0.3373740349329504,True,0.0091397849462365,0.021505376344086,negative,-0.4035087719298245,reactionfusion_v1_provisional,train,approved,negative,negative,0.32832228904343447,False,False,0.3787802619197242,0.021720266767424744,0.32832228904343447,0.26752640226869256,0.17586781331722526,0.22828349537064774,0.033236470240491686,0.2045896993620443,0.7260860750678094,0.2429059892486658,0.5827572328317299,0.7692002001918782,0.3060756585834719,0.03498874563935527,0.7234730390658493,0.15636070740178162,0.7455194101820002,"candidate=negative; anchor_balance=-0.014; mixed_evidence=0.022; strongest=anger=0.77, sarcasm=0.75",final_model,reactionfusion_v2_hybrid_development
313,6,0,0,70,2,0,0,78,78,RF_POST_000313,Mt huuu kiyanna hithenw eka normal da ?🙂,False,singlish,6e3356ed4af9b723520a9f609338645c14d5a70243bad6d3756bf674ba979943,DUP_6e3356ed4af9b723,1,False,78,4.3694478524670215,0.0769230769230769,0.0823529411764705,0.0,0.0117647058823529,0.0,0.0117647058823529,0.8974358974358975,0.8352941176470589,0.0256410256410256,0.0352941176470588,0.0,0.0117647058823529,0.0,0.0117647058823529,haha,0.8974358974358975,0.8205128205128205,neutral,0.4737507166423155,0.0,0.1995755202102203,True,0.0,0.0,neutral,0.0,reactionfusion_v1_provisional,train,approved,negative,negative,0.3798946800363781,False,False,0.3510099655486179,0.025603079840016835,0.3798946800363781,0.3237407487569806,0.20160494481804642,0.09475962638859481,0.01156692669529497,0.03685349072457663,0.6132026827349153,0.023773611511990773,0.24234522924395221,0.9440819082256894,0.2862257811690373,0.002340165159962289,0.9709905379078414,0.0126083773051128,0.6300024353537922,"candidate=negative; anchor_balance=-0.005; mixed_evidence=0.026; strongest=disgust=0.97, anger=0.94",final_model,reactionfusion_v2_hybrid_development
314,18,0,0,82,1,0,0,101,101,RF_POST_000314,Ali pataw inne ka lagada ? 🤔,False,singlish,f59d97e48457032935703974e5fcdbfc05e5e34425cb4648096dec6ff98e9f67,DUP_f59d97e484570329,1,False,101,4.624972813284271,0.1782178217821782,0.1759259259259259,0.0,0.0092592592592592,0.0,0.0092592592592592,0.8118811881188119,0.7685185185185185,0.0099009900990099,0.0185185185185185,0.0,0.0092592592592592,0.0,0.0092592592592592,haha,0.8118811881188119,0.6336633663366337,neutral,0.5500676789388297,0.0,0.2683948691499915,True,0.0,0.0,neutral,0.0,reactionfusion_v1_provisional,train,approved,negative,negative,0.36013365703963945,False,False,0.38816343980532636,0.02228345672956503,0.36013365703963945,0.27302001376583146,0.20187728399808136,0.16496904519644776,0.03391020889788465,0.15515723605015855,0.6686737906799762,0.04279327437953586,0.4426771712885104,0.9186986545766593,0.3180633693803719,0.027984554436640132,0.9200346360127443,0.1026170199619222,0.6889415848969626,"candidate=negative; anchor_balance=-0.004; mixed_evidence=0.022; strongest=disgust=0.92, anger=0.92",final_model,reactionfusion_v2_hybrid_development
315,3,2,0,63,0,0,0,68,68,RF_POST_000315,10 11 වසරෙ ඉන්න පොඩි අයගේ පෝන් වල බැක් කවර් එක අස්සෙ මොකද කෙස් ගස් තියෙන්නෙ ? 🤔,False,sinhala,c7b02f4578e3c2f642632c91d9c622da8e7da633a6ec1db78509e08cf4cf83f4,DUP_c7b02f4578e3c2f6,1,False,68,4.23410650459726,0.0441176470588235,0.0533333333333333,0.0294117647058823,0.04,0.0,0.0133333333333333,0.9264705882352942,0.8533333333333334,0.0,0.0133333333333333,0.0,0.0133333333333333,0.0,0.0133333333333333,haha,0.9264705882352942,0.8823529411764706,positive,0.0843993375069786,0.1234420133835871,0.1604186952015711,True,0.0294117647058823,0.0,positive,1.0,reactionfusion_v1_provisional,train,approved,uncertain,neutral,0.2928427676936611,True,True,0.3343907521006728,0.03566834689073844,0.25086487000233726,0.2928427676936611,0.25812324295799677,0.198169119346005,0.6601942747402525,0.5813480020317506,0.6789623583895437,0.00739240214299582,0.5274700296152784,0.01579195299673827,0.10604912339547552,0.0007444152788418268,0.5194367690812409,0.13316325388464417,0.34484445383246126,"grouped_out_of_fold; candidate=neutral; mixed_evidence=0.036; strongest=amusement=0.68, joy=0.66",grouped_out_of_fold,reactionfusion_v2_hybrid_development
316,44,45,2,0,0,0,0,91,91,RF_POST_000316,"මනුස්සයෙක් හොඳ වෙන්න ඕනේ තමන්ට ආදරේ කරන මිනිස්සුන්ට මිසක්, සමාජයට නෙවෙයි 🙂🤍",False,sinhala,d3f3566099f3612a37f8d7119454bdb392015fea086b918338ce74d94a87122e,DUP_d3f3566099f3612a,1,False,91,4.5217885770490405,0.4835164835164835,0.4591836734693877,0.4945054945054945,0.4693877551020408,0.0219780219780219,0.0306122448979591,0.0,0.010204081632653,0.0,0.010204081632653,0.0,0.010204081632653,0.0,0.010204081632653,love,0.4945054945054945,0.0109890109890109,positive,0.4484438743354771,0.6700439783617907,0.402635199399,False,0.5065934065934066,0.0,positive,1.0,reactionfusion_v1_provisional,train,approved,positive,positive,0.4494612654517893,False,False,0.5171162886584713,0.042213574584365,0.04569025095952771,0.16145097304026107,0.4494612654517893,0.3433975105484218,0.9851213020934294,0.9936602343200871,0.7640743614449215,2.4524436548964954e-05,0.031447049367401496,1.20277642532416e-06,0.005175022494410708,0.0006339718806391314,5.749278048800143e-05,0.9942698076175294,0.006376062967447555,"candidate=positive; anchor_balance=0.466; mixed_evidence=0.042; strongest=approval=0.99, affection=0.99",final_model,reactionfusion_v2_hybrid_development
317,23,1,0,83,0,0,0,107,107,RF_POST_000317,ඔබට සවන්දෙන්නෙකු නොමැතිනම් තනියම කියවන්න. 🤔,False,sinhala,9bc11915d7fee4963029536bca99b1a7ff20f3240171132282661b8f368df507,DUP_9bc11915d7fee496,1,False,107,4.68213122712422,0.2149532710280373,0.2105263157894736,0.0093457943925233,0.0175438596491228,0.0,0.0087719298245614,0.7757009345794392,0.7368421052631579,0.0,0.0087719298245614,0.0,0.0087719298245614,0.0,0.0087719298245614,haha,0.7757009345794392,0.5607476635514018,neutral,0.3956874830452499,0.0367939229293397,0.2935106266393242,True,0.0093457943925233,0.0,positive,1.0,reactionfusion_v1_provisional,train,approved,uncertain,negative,0.2966711989078549,True,True,0.40606275143141507,0.028495631679397546,0.2966711989078549,0.21462899730497467,0.2104834661384097,0.2782163376487608,0.11864652847090602,0.4296471326134615,0.6958507986046897,0.03588157936004355,0.583959973418801,0.7639803672637185,0.26133907749986934,0.05860347863618463,0.812272061262763,0.3227627600611748,0.6912086956132271,"candidate=negative; anchor_balance=0.005; mixed_evidence=0.028; strongest=disgust=0.81, anger=0.76",final_model,reactionfusion_v2_hybrid_development
319,17,0,0,111,0,1,0,129,129,RF_POST_000319,Data ඉවර වුණාම Gallery එකෙත් අමුතු ලස්සනක් තියෙන්නෙ 📱🙂👌,False,mixed,254c06405179fcf6deb96de725d7a8ab348282328caa808488b96c87ff91de21,DUP_254c06405179fcf6,1,False,129,4.867534450455582,0.1317829457364341,0.1323529411764706,0.0,0.0073529411764705,0.0,0.0073529411764705,0.8604651162790697,0.8235294117647058,0.0,0.0073529411764705,0.0077519379844961,0.0147058823529411,0.0,0.0073529411764705,haha,0.8604651162790697,0.7286821705426356,neutral,0.4151651802929047,-0.031853342191942,0.2230610451879729,True,0.0,0.0077519379844961,negative,-1.0,reactionfusion_v1_provisional,train,approved,negative,negative,0.33719049994906075,False,False,0.32585766717556675,0.014855276003592014,0.33719049994906075,0.26227101211286397,0.18784198619948744,0.2126965017385878,0.04701187299957539,0.1873065923165899,0.6850136472294848,0.11432324097032902,0.63535443565263,0.8555360304109572,0.33125509542174303,0.012792897640589627,0.8260884027863039,0.1231035905156428,0.6769469790836694,"candidate=negative; anchor_balance=-0.011; mixed_evidence=0.015; strongest=anger=0.86, disgust=0.83",final_model,reactionfusion_v2_hybrid_development
320,16,0,0,56,0,1,0,73,73,RF_POST_000320,"දැනිලා තියෙනවා ද ""කෑගහන්න එපා, හිමින් කතා කරන්න."" කිව්වාම දැනෙන ඒ වේදනාව ! 🙂❤️😂",False,sinhala,b05591bd3f7f328f2dee4afbc85800d96eacce7b914f262b56a03ffe82acdebc,DUP_b05591bd3f7f328f,1,False,73,4.30406509320417,0.2191780821917808,0.2125,0.0,0.0125,0.0,0.0125,0.7671232876712328,0.7125,0.0,0.0125,0.0136986301369863,0.025,0.0,0.0125,haha,0.7671232876712328,0.547945205479452,neutral,0.2773826760437357,-0.053591158270672,0.3056809892072278,True,0.0,0.0136986301369863,negative,-1.0,reactionfusion_v1_provisional,train,approved,negative,negative,0.32119386022785673,False,False,0.45324091230213825,0.03512617070341572,0.32119386022785673,0.2550412528482318,0.20611276329115924,0.21765212363275224,0.059501466887863855,0.2557813276135032,0.7288748238861315,0.027120700289963023,0.6235692534113532,0.7917120738401314,0.10508202364089993,0.08938706448164369,0.7088847011221298,0.1983175306086571,0.6881416081871153,"candidate=negative; anchor_balance=-0.018; mixed_evidence=0.035; strongest=anger=0.79, amusement=0.73",final_model,reactionfusion_v2_hybrid_development
321,11,0,0,50,0,0,0,61,61,RF_POST_000321,අවසානයේ මං තේරුම් ගත්ත දේ තමයි මේක මට සෙට් වෙන ග්රහලෝකයක් නෙවෙයි 🙂🙏,False,sinhala,3532170acf62b67d6544af8e9d25064e2048499b6e563c7d844c5e502b21c185,DUP_3532170acf62b67d,1,False,61,4.127134385045092,0.180327868852459,0.1764705882352941,0.0,0.0147058823529411,0.0,0.0147058823529411,0.819672131147541,0.75,0.0,0.0147058823529411,0.0,0.0147058823529411,0.0,0.0147058823529411,haha,0.819672131147541,0.639344262295082,neutral,0.4378395399732169,0.0,0.2425036357253126,True,0.0,0.0,neutral,0.0,reactionfusion_v1_provisional,train,approved,negative,negative,0.32075599807232846,False,False,0.42762793690086587,0.03898960601154954,0.32075599807232846,0.24048128634305463,0.20913259410029147,0.2296301214843254,0.053029266839477465,0.27162431567170675,0.7000817733479741,0.017952633799348167,0.5961519614948286,0.8547642596658986,0.13757747504782455,0.052226269847771026,0.8767177237563856,0.18211543144779993,0.6625718269532068,"candidate=negative; anchor_balance=-0.007; mixed_evidence=0.039; strongest=disgust=0.88, anger=0.85",final_model,reactionfusion_v2_hybrid_development
322,50,61,7,0,0,0,0,118,118,RF_POST_000322,කෙනෙකු වෙනුවෙන් මා තබන ගෞරවය ඔවුන්ගේ හැසිරීම මත රඳාපවතී ! 🤍😇,False,sinhala,9527262a80fe6597c989564a61fbc881bf474c3f45f2353335a328eeaebb268f,DUP_9527262a80fe6597,1,False,118,4.77912349311153,0.423728813559322,0.408,0.5169491525423728,0.496,0.059322033898305,0.064,0.0,0.008,0.0,0.008,0.0,0.008,0.0,0.008,love,0.5169491525423728,0.0932203389830508,positive,0.487767370006784,0.6942718720989146,0.4483761236684541,False,0.5495762711864406,0.0,positive,1.0,reactionfusion_v1_provisional,train,approved,positive,positive,0.5446813067390186,False,False,0.536502657128197,0.03433617005620461,0.04810044806344669,0.14434126646920217,0.5446813067390186,0.26287697872833266,0.9862755889933921,0.9988825601396429,0.7988048245840028,4.2571541784557325e-05,0.038123232354087086,9.015085711398747e-07,0.016299522998121395,0.001175389210519,3.9522988444814997e-05,0.9990820407621523,0.0021208838618589155,"candidate=positive; anchor_balance=0.515; mixed_evidence=0.034; strongest=approval=1.00, affection=1.00",final_model,reactionfusion_v2_hybrid_development
326,20,0,0,126,0,0,0,146,146,RF_POST_000326,නින්ද යන්නේ නෑ වහලට නැගලා හූ කියන්න හිතෙනවා 🙄🙁,False,sinhala,2a30f5ec18a3f596e7633f66f2390c3410b80c83b43b9321a50302db0d6c0db6,DUP_2a30f5ec18a3f596,1,False,146,4.990432586778736,0.136986301369863,0.1372549019607843,0.0,0.0065359477124183,0.0,0.0065359477124183,0.863013698630137,0.8300653594771242,0.0,0.0065359477124183,0.0,0.0065359477124183,0.0,0.0065359477124183,haha,0.863013698630137,0.726027397260274,neutral,0.5701370055052163,0.0,0.205279160354635,True,0.0,0.0,neutral,0.0,reactionfusion_v1_provisional,train,approved,negative,negative,0.34687004693198126,False,False,0.30400704661353295,0.01231923979741114,0.34687004693198126,0.24118362750849912,0.18597972123553017,0.22596660432398946,0.04720682161077185,0.20564409727008703,0.6737065254114736,0.12701695937141172,0.6030880038343736,0.8952295020281227,0.4624072005710682,0.012069764669829997,0.8896357017121858,0.14353691067160088,0.6835714482881511,"candidate=negative; anchor_balance=-0.003; mixed_evidence=0.012; strongest=anger=0.90, disgust=0.89",final_model,reactionfusion_v2_hybrid_development
328,79,15,4,14,3,31,1,147,147,RF_POST_000328,Iphone පාවිච්චි කරන අයගෙන් අහන්නේ දැන් ඔයාගේ battery helth එක කීයද 🥹🔋,False,mixed,7edf756272c7fc56e3ae391d864b9ddb30f67dfea2558b602c6788a93fda48e0,DUP_7edf756272c7fc56,1,False,147,4.997212273764115,0.5374149659863946,0.5194805194805194,0.1020408163265306,0.1038961038961039,0.0272108843537414,0.0324675324675324,0.0952380952380952,0.0974025974025974,0.0204081632653061,0.0259740259740259,0.2108843537414966,0.2077922077922078,0.0068027210884353,0.0129870129870129,like,0.5374149659863946,0.3265306122448979,negative,0.128096788599508,-0.2054807841712218,0.6836072801582074,True,0.1170068027210884,0.217687074829932,negative,-0.3008130081300812,reactionfusion_v1_provisional,train,approved,mixed,mixed,0.35148060068825815,False,True,0.7150000689277064,0.3482143192829739,0.21582382821077453,0.31536745508935343,0.11732811601161393,0.35148060068825815,0.04164895199376374,0.7036472533520003,0.07661543922328369,0.0015159839370517683,0.816781257025231,8.543591926086762e-06,0.17885017363687242,0.0028741510526389467,0.012248287468427918,0.6328611875505102,0.06885153514166607,"grouped_out_of_fold; candidate=mixed; mixed_evidence=0.348; strongest=sadness=0.82, affection=0.70",grouped_out_of_fold,reactionfusion_v2_hybrid_development
330,974,21,5,4085,6,0,1,5092,5092,RF_POST_000330,ඉස්සර රජ කාලේ අපේ රජවරුන්ට FB තිබ්බනම් දාන Post මොනවද? 😍😂,False,mixed,3e17f9414749a34a5fb135003be3044024e9d42d6d5a025ae412f49b974492bd,DUP_3e17f9414749a34a,1,False,5092,8.535622326884605,0.1912804399057344,0.1912139635222592,0.0041241162608012,0.0043145714846048,0.0009819324430479,0.0011767013139831,0.8022388059701493,0.8013335948225142,0.0011783189316575,0.0013728181996469,0.0,0.0001961168856638,0.0001963864886095,0.0003922337713277,haha,0.8022388059701493,0.6109583660644148,neutral,0.5420129801532423,0.0178544783474987,0.2735077674704184,True,0.0046641791044776,0.0001963864886095,positive,0.9191919191919192,reactionfusion_v1_provisional,train,approved,negative,negative,0.3324961598448543,False,False,0.27701522471375994,0.0006519283578280288,0.3324961598448543,0.2472786901839806,0.12796100898978452,0.2922641409813805,0.009107315029943497,0.08151632713024301,0.7629771128909345,0.8971262776159412,0.16746065711492136,0.8115554827697595,0.46638748033167277,0.0020651400256529737,0.7671930287215982,0.07654320330223377,0.7932290216313506,"candidate=negative; anchor_balance=0.004; mixed_evidence=0.001; strongest=surprise=0.90, anger=0.81",final_model,reactionfusion_v2_hybrid_development
331,107,2,3,85,0,0,1,198,198,RF_POST_000331,රි' අකුරෙන් දුවෙකුට නමක් ඕනේ 🫶😑,False,sinhala,b1a96c40c8389d990b5d207145a7f70893be8447f330f6eeb8b5c6a71b531e22,DUP_b1a96c40c8389d99,1,False,198,5.293304824724492,0.5404040404040404,0.526829268292683,0.0101010101010101,0.0146341463414634,0.0151515151515151,0.0195121951219512,0.4292929292929293,0.4195121951219512,0.0,0.0048780487804878,0.0,0.0048780487804878,0.005050505050505,0.0097560975609756,like,0.5404040404040404,0.1111111111111111,neutral,0.4492170614283703,0.0430162834953746,0.4276690522958999,True,0.0184343434343434,0.005050505050505,positive,0.5698924731182796,reactionfusion_v1_provisional,train,approved,mixed,mixed,0.3703488238762898,False,True,0.4819255855556722,0.028210278178868616,0.2596290785955586,0.13576081835687073,0.23426127917128084,0.3703488238762898,0.19231509892023635,0.5583503918005459,0.7208506118432984,0.004682174056230268,0.5260807646148294,0.6476672786537322,0.14601249186570994,0.5981731076375852,0.41554485634824007,0.7454105382142252,0.7629502270064286,"candidate=mixed; anchor_balance=0.011; mixed_evidence=0.028; strongest=sarcasm=0.76, approval=0.75",final_model,reactionfusion_v2_hybrid_development
332,15,0,0,118,0,0,0,133,133,RF_POST_000332,ඇයි මෙ බයික් වල කපල් යද්දි කෙල්ල අපි දිහා බලලා ඔරවන්නෙ අපි මොකක්ද කරපු වරද ? 🥹💔,False,sinhala,adf2bc36ffd81dc19b733c5cb8867c2f4aeb251e3a40c091c85995a035dcea83,DUP_adf2bc36ffd81dc1,1,False,133,4.897839799950911,0.112781954887218,0.1142857142857142,0.0,0.0071428571428571,0.0,0.0071428571428571,0.8872180451127819,0.85,0.0,0.0071428571428571,0.0,0.0071428571428571,0.0,0.0071428571428571,haha,0.8872180451127819,0.7744360902255639,neutral,0.5492153405910771,0.0,0.1810425041524747,True,0.0,0.0,neutral,0.0,reactionfusion_v1_provisional,train,approved,negative,negative,0.3499810807512594,False,False,0.28907818338678354,0.012802033835700414,0.3499810807512594,0.24738751562301795,0.18660292207049392,0.2160284815552288,0.04511825514768903,0.18969431990239227,0.6650027999117947,0.11912079396653023,0.6117308804781695,0.8922284679723097,0.4597017722366074,0.007726789087484958,0.8987410626984986,0.11776390193439587,0.6679652267325152,"candidate=negative; anchor_balance=-0.003; mixed_evidence=0.013; strongest=disgust=0.90, anger=0.89",final_model,reactionfusion_v2_hybrid_development
334,14,0,0,78,0,19,0,111,111,RF_POST_000334,අද යන්න කෙනෙක් හම්බුනාද😒,False,sinhala,596eede0179237fe77b58d7ae254f57bc21064f51c36705e49a13a9319ec8e60,DUP_596eede0179237fe,1,False,111,4.718498871295094,0.1261261261261261,0.1271186440677966,0.0,0.0084745762711864,0.0,0.0084745762711864,0.7027027027027027,0.6694915254237288,0.0,0.0084745762711864,0.1711711711711711,0.1694915254237288,0.0,0.0084745762711864,haha,0.7027027027027027,0.5315315315315315,negative,0.3898705619748516,-0.5525443451815433,0.4168753568542488,False,0.0,0.1711711711711711,negative,-1.0,reactionfusion_v1_provisional,train,approved,negative,negative,0.3864888753393454,False,False,0.5104970620061487,0.02682272698676375,0.3864888753393454,0.3847060296731152,0.11664227264668789,0.11216282234085151,0.027681712973269455,0.01992544987069473,0.8966114793325343,0.11702308875196224,0.8982138487645763,0.021253181292571706,0.0004481198381094525,0.008125096109221238,0.0004907861991625617,0.0078025584009263705,0.6846925562310207,"candidate=negative; anchor_balance=-0.165; mixed_evidence=0.027; strongest=sadness=0.90, amusement=0.90",final_model,reactionfusion_v2_hybrid_development
335,19,0,1,89,0,0,0,109,109,RF_POST_000335,කෙට්ටු වෙන්න ඇඟ මහන්සි නොවී ඉඳගෙන වගේ කරන්න පුළුවන් ව්යායාම නැද්ද ? 😒👍,False,sinhala,2b694c7afd6bc9d5aef35237f2a7d41c8eadd3b4498c18311b9151075ec99eaa,DUP_2b694c7afd6bc9d5,1,False,109,4.700480365792417,0.1743119266055046,0.1724137931034483,0.0,0.0086206896551724,0.0091743119266055,0.0172413793103448,0.8165137614678899,0.7758620689655172,0.0,0.0086206896551724,0.0,0.0086206896551724,0.0,0.0086206896551724,haha,0.8165137614678899,0.6422018348623854,neutral,0.4656839149636976,0.0202832604730373,0.263662577193408,True,0.005045871559633,0.0,positive,1.0,reactionfusion_v1_provisional,train,approved,negative,negative,0.31256278008614574,False,False,0.37715110989342554,0.02601042137196038,0.31256278008614574,0.20788413029163152,0.20813143535761178,0.271421654264611,0.06308250758439672,0.3566028171874845,0.733299473026778,0.05175906259188136,0.6502941969127013,0.8432859611192342,0.3387405127130648,0.044440643589855514,0.8620131213686667,0.2938918566424336,0.6526640496592675,"candidate=negative; anchor_balance=0.001; mixed_evidence=0.026; strongest=disgust=0.86, anger=0.84",final_model,reactionfusion_v2_hybrid_development
336,10,0,0,97,0,0,0,107,107,RF_POST_000336,Pesbuk ekama kottuwk wela 👍,False,singlish,5f6a4c5cef12e67330f332faa6e41713353293c157918ed3261ef6a690572d8a,DUP_5f6a4c5cef12e673,1,False,107,4.68213122712422,0.0934579439252336,0.0964912280701754,0.0,0.0087719298245614,0.0,0.0087719298245614,0.9065420560747663,0.8596491228070176,0.0,0.0087719298245614,0.0,0.0087719298245614,0.0,0.0087719298245614,haha,0.9065420560747663,0.8130841121495327,neutral,0.5115607803835136,0.0,0.1595479985076647,True,0.0,0.0,neutral,0.0,reactionfusion_v1_provisional,train,approved,negative,negative,0.3488067161749601,False,False,0.28950941947352915,0.01574524912926211,0.3488067161749601,0.25511962327906856,0.19134343979317436,0.20473022075279704,0.04409021137802706,0.18300837904121833,0.6583753831522613,0.08649321968268257,0.6217840902034818,0.8851890301111477,0.40910497968953297,0.0059994660023546175,0.9056001019688235,0.09952470247904824,0.647594845790105,"candidate=negative; anchor_balance=-0.004; mixed_evidence=0.016; strongest=disgust=0.91, anger=0.89",final_model,reactionfusion_v2_hybrid_development
337,59,0,0,435,0,0,0,494,494,RF_POST_000337,දැන් ඉන්න නංගිලා මල්ලිලා එක්ක මාව තියලා බැලුවම මටම හිතාගන්න බෑ මන් වැඩිමල්ද කියලා.. 🥹😒👍,False,sinhala,4af28120b16377cfe9b27a393bd515dee1fdd51a54b88571a82ab2f3d1023c0c,DUP_4af28120b16377cf,1,False,494,6.20455776256869,0.1194331983805668,0.1197604790419161,0.0,0.0019960079840319,0.0,0.0019960079840319,0.8805668016194332,0.8702594810379242,0.0,0.0019960079840319,0.0,0.0019960079840319,0.0,0.0019960079840319,haha,0.8805668016194332,0.7611336032388664,neutral,0.5939600997080718,0.0,0.187981010118193,True,0.0,0.0,neutral,0.0,reactionfusion_v1_provisional,train,approved,negative,negative,0.3558611726973782,False,False,0.2246453416832248,0.0027800421525668536,0.3558611726973782,0.2280690541473956,0.15008599390362462,0.2659837792516016,0.02484721657539637,0.11623136521433994,0.6952664833236563,0.4855655514481904,0.49571842829504226,0.904048603321631,0.6234374152510647,0.002895967257401774,0.8866401886901717,0.08957915559887795,0.73084572171026,"candidate=negative; anchor_balance=-0.001; mixed_evidence=0.003; strongest=anger=0.90, disgust=0.89",final_model,reactionfusion_v2_hybrid_development
338,142,3,0,928,1,1,0,1075,1075,RF_POST_000338,බස් එකක ඉස්සරහා දොරෙන් ගොඩ වුණාම මට දැනෙන්නේ 'ලොකු සභාවක් ඉදිරියේ' කතාවක් කරන්න යනව කියලා 🥹😂,False,sinhala,7ab5d041ef7f21fea94e203db608b286338666be2ae1178bbf01f3208c2b7dee,DUP_7ab5d041ef7f21fe,1,False,1075,6.98100574072173,0.1320930232558139,0.1321626617375231,0.0027906976744186,0.0036968576709796,0.0,0.0009242144177449,0.8632558139534884,0.8585951940850277,0.0009302325581395,0.0018484288354898,0.0009302325581395,0.0018484288354898,0.0,0.0009242144177449,haha,0.8632558139534884,0.7311627906976744,neutral,0.5699751383855144,0.0076667397583688,0.2177518304123726,True,0.0027906976744186,0.0009302325581395,positive,0.5,reactionfusion_v1_provisional,train,approved,negative,negative,0.34526387447237095,False,False,0.23394882085781177,0.002594626479014548,0.34526387447237095,0.22541805251454194,0.13807170941992272,0.29124636359316436,0.01796265808519317,0.10166145617808238,0.70961390927205,0.6883542683267634,0.3743336577612594,0.8751848495728353,0.5958284292773006,0.002167630166911226,0.8650352414092677,0.07971952276740361,0.752929984696926,"candidate=negative; anchor_balance=0.001; mixed_evidence=0.003; strongest=anger=0.88, disgust=0.87",final_model,reactionfusion_v2_hybrid_development
339,107,78,11,3,0,0,0,199,199,RF_POST_000339,දැන් මම ඉන්නේ කවුරු වෙනස්කම් කරත් තරහා උනත් මට වැඩක් නැහැ කියලා හිතෙන වයසක! 😌🖐❤️,False,sinhala,969ff027a7d172a0c97183fea4f4e17a7a5d33c7cb16ab39f5ef82ceedcca4bc,DUP_969ff027a7d172a0,1,False,199,5.298317366548036,0.5376884422110553,0.5242718446601942,0.3919597989949748,0.3834951456310679,0.0552763819095477,0.058252427184466,0.0150753768844221,0.0194174757281553,0.0,0.0048543689320388,0.0,0.0048543689320388,0.0,0.0048543689320388,like,0.5376884422110553,0.1457286432160804,positive,0.4565655472158257,0.6101159334811379,0.4748498193935814,False,0.4223618090452261,0.0,positive,1.0,reactionfusion_v1_provisional,train,approved,positive,positive,0.5399244018059494,False,False,0.5271745833726137,0.020472799354276257,0.07069162000751757,0.15310290172458504,0.5399244018059494,0.2362810764619479,0.9797162128269277,0.996641062260327,0.6109368993866785,0.00022911875104106668,0.0775961669777002,1.962378795655975e-05,0.10904041376961361,0.00902581230950512,0.0021983070362081142,0.9983039251797263,0.031820019681941925,"candidate=positive; anchor_balance=0.406; mixed_evidence=0.020; strongest=approval=1.00, affection=1.00",final_model,reactionfusion_v2_hybrid_development
340,68,5,2,200,1,1,0,277,277,RF_POST_000340,ඔබට සවන්දෙන්නෙකු නොමැතිනම් තනියම කියවන්න ! 😌🫴,False,sinhala,2cc87df1988231c27c34ae8ff0e0b9baee762d8172b7c23187a5493056450318,DUP_2cc87df1988231c2,1,False,277,5.627621113690637,0.2454873646209386,0.2429577464788732,0.0180505415162454,0.0211267605633802,0.0072202166064981,0.0105633802816901,0.7220216606498195,0.7077464788732394,0.003610108303249,0.0070422535211267,0.003610108303249,0.0070422535211267,0.0,0.0035211267605633,haha,0.7220216606498195,0.4765342960288808,neutral,0.2857266212270467,0.0699107067615965,0.3744396305835654,True,0.0220216606498194,0.003610108303249,positive,0.7183098591549295,reactionfusion_v1_provisional,train,approved,uncertain,negative,0.2789646455755328,True,True,0.41504902975506053,0.017537282947396923,0.2789646455755328,0.22587122722109396,0.2536895449576578,0.24147458224571536,0.31367434516784615,0.5727949815935957,0.7503020842089337,0.06661181084581781,0.4715977285053409,0.3661161763504324,0.23693047481071125,0.026362654367689177,0.4722574609942738,0.4870524793326152,0.6448696595953611,"candidate=negative; anchor_balance=0.016; mixed_evidence=0.018; strongest=amusement=0.75, sarcasm=0.64",final_model,reactionfusion_v2_hybrid_development
341,29,2,0,112,0,2,0,145,145,RF_POST_000341,අපරාදේ ලස්සනවත් උනා නම් කාගෙහරි Crush එකක්වත් වෙන්න තිබ්බා. 🤌😞,False,mixed,3585a040b0207635e9f6e35f9f43cfc90339097dd56a4579fca8aba6d79239a8,DUP_3585a040b0207635,1,False,145,4.983606621708336,0.2,0.1973684210526315,0.0137931034482758,0.0197368421052631,0.0,0.006578947368421,0.7724137931034483,0.743421052631579,0.0,0.006578947368421,0.0137931034482758,0.0197368421052631,0.0,0.006578947368421,haha,0.7724137931034483,0.5724137931034483,neutral,0.6277707993502992,0.0,0.328648095221497,True,0.0137931034482758,0.0137931034482758,neutral,0.0,reactionfusion_v1_provisional,train,approved,uncertain,negative,0.30187005258560773,True,True,0.4084390337280467,0.0381568044666991,0.30187005258560773,0.22155948817950308,0.18515412257481276,0.2914163366600765,0.05555772429879123,0.3812690874112834,0.694379959232402,0.08627441554365785,0.6424214897995023,0.7754755711002023,0.30944843341361566,0.09463614752518801,0.8392961540529367,0.26933693771377604,0.7656051048988399,"candidate=negative; anchor_balance=-0.003; mixed_evidence=0.038; strongest=disgust=0.84, anger=0.78",final_model,reactionfusion_v2_hybrid_development
342,69,1,0,361,0,6,0,437,437,RF_POST_000342,ඊයේ ගත්ත ටිකට් එකෙත් 40යි තියෙන්නේ අදත් වැඩට යන්න වෙනවා 😑🖐,False,sinhala,6a06b2d63b405d87133d0c2b639a5aec8a537855634ea4569e1270cd12c7e2c4,DUP_6a06b2d63b405d87,1,False,437,6.082218910376446,0.1578947368421052,0.1576576576576576,0.0022883295194508,0.0045045045045045,0.0,0.0022522522522522,0.8260869565217391,0.8153153153153153,0.0,0.0022522522522522,0.0137299771167048,0.0157657657657657,0.0,0.0022522522522522,haha,0.8260869565217391,0.6681922196796338,neutral,0.3905554514107249,-0.0460827769302488,0.2682878120584883,True,0.0022883295194508,0.0137299771167048,negative,-0.7142857142857143,reactionfusion_v1_provisional,train,approved,negative,negative,0.33215815733349624,False,False,0.3025154824276299,0.006949680001715822,0.33215815733349624,0.25134782534646377,0.1558375395000521,0.26065647781998785,0.029641370151447338,0.14283471198274222,0.7121215023405353,0.42687882619743833,0.5577314952574269,0.8397682429864742,0.40518567596661414,0.011152776006579426,0.7546609338490584,0.11844377243348492,0.7516487781448198,"candidate=negative; anchor_balance=-0.012; mixed_evidence=0.007; strongest=anger=0.84, disgust=0.75",final_model,reactionfusion_v2_hybrid_development
345,33,1,1,97,0,4,0,136,136,RF_POST_000345,ඉස්සර උපන්දිනේ ළං වෙනකොට මාරම සතුටුයි ඒකට දැන් පපුවත් එක්ක සීතලවෙලා යනවා 🖐🤣🍰,False,sinhala,12f6edcceb54186dc5c85bd8e74ab0c5cee5487b83e9b80822c587a06524dd4d,DUP_12f6edcceb54186d,1,False,136,4.919980925828125,0.2426470588235294,0.2377622377622377,0.0073529411764705,0.0139860139860139,0.0073529411764705,0.0139860139860139,0.7132352941176471,0.6853146853146853,0.0,0.0069930069930069,0.0294117647058823,0.0349650349650349,0.0,0.0069930069930069,haha,0.7132352941176471,0.4705882352941176,neutral,0.282945429026407,-0.0677340435220102,0.3908808000938792,True,0.0113970588235294,0.0294117647058823,negative,-0.4414414414414415,reactionfusion_v1_provisional,train,approved,uncertain,negative,0.2992012136322303,True,True,0.4659007154991328,0.040399782323001725,0.2992012136322303,0.23369705823254613,0.2014973266097358,0.2656044015254877,0.0606054410076292,0.38324037797952554,0.7894772631954818,0.061672374825010444,0.7007905461568357,0.6390443528504423,0.14841119914243336,0.18670431228744552,0.5199173252641553,0.33505291180146324,0.7439342705650646,"candidate=negative; anchor_balance=-0.020; mixed_evidence=0.040; strongest=amusement=0.79, sarcasm=0.74",final_model,reactionfusion_v2_hybrid_development
346,62,10,2,142,1,5,0,222,222,RF_POST_000346,හොඳ පඩියක් අරන් කීයක් හරි ඉතුරු කරගන්න හිතෙනවා නේද ආන්න ඒවා තමයි හීන කියන්නෙ 😍😂,False,sinhala,bb0ba2523497efffe7d9faedbfc98851b22ad16ebcfa5e26d0cbc0f168e2f546,DUP_bb0ba2523497efff,1,False,222,5.407171771460119,0.2792792792792792,0.2751091703056768,0.045045045045045,0.0480349344978165,0.009009009009009,0.0131004366812227,0.6396396396396397,0.6244541484716157,0.0045045045045045,0.0087336244541484,0.0225225225225225,0.0262008733624454,0.0,0.0043668122270742,haha,0.6396396396396397,0.3603603603603603,neutral,0.1351628001085729,0.0978190024998596,0.4799284347643144,True,0.0499999999999999,0.0225225225225225,positive,0.3788819875776397,reactionfusion_v1_provisional,train,approved,uncertain,mixed,0.28736650652791734,True,True,0.5202009641686185,0.06360535806428523,0.23145363381467274,0.20995160749644182,0.2712282521609681,0.28736650652791734,0.5453555526890375,0.8261481290270943,0.787866856516497,0.01906640883139699,0.5261911139366622,0.054256591864770776,0.10299195610060516,0.08028411624208433,0.2582565894301974,0.680855459195676,0.7233243239646399,"candidate=mixed; anchor_balance=0.025; mixed_evidence=0.064; strongest=affection=0.83, amusement=0.79",final_model,reactionfusion_v2_hybrid_development
347,138,18,3,413,0,1,0,573,573,RF_POST_000347,දැන් මට ඕනේ කාර් එකකුයි තට්ටු දෙකේ ගෙදරකුයි තියන කෙනෙක් කසාද බඳින්න 😍🥹,False,sinhala,cdcf353afc5a8985224e0fdb8938b8401a97c3d350ca0caa94f226a072ed4e29,DUP_cdcf353afc5a8985,1,False,573,6.352629396319567,0.2408376963350785,0.2396551724137931,0.031413612565445,0.0327586206896551,0.0052356020942408,0.0068965517241379,0.7207678883071553,0.7137931034482758,0.0,0.0017241379310344,0.0017452006980802,0.0034482758620689,0.0,0.0017241379310344,haha,0.7207678883071553,0.4799301919720768,positive,0.0998662440212507,0.1227755449854379,0.3731728173555076,True,0.0342931937172774,0.0017452006980802,positive,0.9031476997578692,reactionfusion_v1_provisional,train,approved,positive,positive,0.32253182968053473,False,False,0.39612710543621976,0.008195733215921788,0.19392135501375757,0.22601919745587734,0.32253182968053473,0.2575276178498303,0.7963851595010742,0.8305413555530028,0.6953795620982579,0.08747242530704522,0.28909542498314883,0.045217029595405314,0.2065503632361938,0.006131796851439032,0.2259407858959274,0.596871440766622,0.3916725543094723,"grouped_out_of_fold; candidate=positive; mixed_evidence=0.008; strongest=affection=0.83, joy=0.80",grouped_out_of_fold,reactionfusion_v2_hybrid_development
350,127,3,0,911,3,0,0,1044,1044,RF_POST_000350,බන්ධනාගාර බස් එක තේ බොන්න නවත්තනවද? 🤔😐,False,sinhala,b449ea9de9bbc40dea19c7921d3871e1de87d4d3dcfb30fd35e928aa04b03572,DUP_b449ea9de9bbc40d,1,False,1044,6.951772164398911,0.121647509578544,0.1217887725975261,0.0028735632183908,0.0038058991436726,0.0,0.0009514747859181,0.8726053639846744,0.8677450047573739,0.0028735632183908,0.0038058991436726,0.0,0.0009514747859181,0.0,0.0009514747859181,haha,0.8726053639846744,0.7509578544061303,neutral,0.5450623025904353,0.0118962644725509,0.2100872564234988,True,0.0028735632183908,0.0,positive,1.0,reactionfusion_v1_provisional,train,approved,negative,negative,0.3546502198275607,False,False,0.22703248245417543,0.0017281254611164639,0.3546502198275607,0.23585438099623593,0.14245644654680578,0.2670389526293976,0.01910307626022916,0.09093125467844382,0.7027591909680777,0.6619797619359196,0.3422330789078117,0.8702756781282563,0.595079436721947,0.0014334117468272377,0.8696583519339605,0.06612856436673305,0.7395265340750754,"candidate=negative; anchor_balance=0.002; mixed_evidence=0.002; strongest=anger=0.87, disgust=0.87",final_model,reactionfusion_v2_hybrid_development
351,62,1,1,144,0,12,0,220,220,RF_POST_000351,හීන පස්සේ දුවන්නවත් වෙලාවක් නෑ උදෙන්ම නැගිටලා වැඩට යන්න එපැයි 🥹😅,False,sinhala,09736e77a78e34fcd06442b46676c3b19d56270c5eb59f2b660630aae1380620,DUP_09736e77a78e34fc,1,False,220,5.3981627015177525,0.2818181818181818,0.2775330396475771,0.0045454545454545,0.0088105726872246,0.0045454545454545,0.0088105726872246,0.6545454545454545,0.6387665198237885,0.0,0.0044052863436123,0.0545454545454545,0.0572687224669603,0.0,0.0044052863436123,haha,0.6545454545454545,0.3727272727272727,negative,0.1319506776756979,-0.1704737648437269,0.4327111251029256,True,0.0070454545454545,0.0545454545454545,negative,-0.7712177121771217,reactionfusion_v1_provisional,train,approved,negative,negative,0.3318519901995454,False,False,0.48153144727006314,0.026303920467615788,0.3318519901995454,0.32092104188726306,0.19932600486053934,0.14790096305265224,0.07844922064459589,0.24090592640877026,0.8967233923759368,0.13209758940278202,0.4234807441772309,0.6214460086202847,0.08247794685160466,0.11711995756940133,0.27489240462116726,0.20787678282944072,0.8198883969461375,"grouped_out_of_fold; candidate=negative; mixed_evidence=0.026; strongest=amusement=0.90, sarcasm=0.82",grouped_out_of_fold,reactionfusion_v2_hybrid_development
352,45,2,0,161,1,1,0,210,210,RF_POST_000352,මම දැන් ඉන්නේ මම කසාද බැඳලා නැති එක මට ප්රශ්නයක් නොවුනට අනිත් අයට ප්රශ්නයක් වෙන වයසක 😴🙂,False,sinhala,684813ebc7555574fc003241aed97a44c4fb6f61126056daaed93c546448b30c,DUP_684813ebc7555574,1,False,210,5.351858133476067,0.2142857142857142,0.2119815668202765,0.0095238095238095,0.0138248847926267,0.0,0.0046082949308755,0.7666666666666667,0.7465437788018433,0.0047619047619047,0.0092165898617511,0.0047619047619047,0.0092165898617511,0.0,0.0046082949308755,haha,0.7666666666666667,0.5523809523809524,neutral,0.5505654718498808,0.0186241739157826,0.3232674397376877,True,0.0095238095238095,0.0047619047619047,positive,0.3333333333333333,reactionfusion_v1_provisional,train,approved,negative,negative,0.3366835598821728,False,False,0.3814243241809297,0.021092589355627446,0.3366835598821728,0.23948309765238962,0.1917313829924924,0.23210195947294526,0.058102391929632353,0.28586404282539,0.6920051488572301,0.11131442206845038,0.5001084427474587,0.8391429833440883,0.40277179006145525,0.04639456580280562,0.854573796441505,0.22578531737865473,0.7465354628761997,"candidate=negative; anchor_balance=0.003; mixed_evidence=0.021; strongest=disgust=0.85, anger=0.84",final_model,reactionfusion_v2_hybrid_development
354,48,0,0,170,0,0,0,218,218,RF_POST_000354,මගේ වයසයි මං කරන වැඩයි අතර කිසිම ගැලපීමක් නෑ 😂🖐,False,sinhala,1a357297f707e30ec6e05cac76285f79f6c8e845efffea044fec1810a92a6e51,DUP_1a357297f707e30e,1,False,218,5.389071729816501,0.2201834862385321,0.2177777777777777,0.0,0.0044444444444444,0.0,0.0044444444444444,0.7798165137614679,0.76,0.0,0.0044444444444444,0.0,0.0044444444444444,0.0,0.0044444444444444,haha,0.7798165137614679,0.5596330275229358,neutral,0.6273282071248879,0.0,0.2708964213846366,True,0.0,0.0,neutral,0.0,reactionfusion_v1_provisional,train,approved,negative,negative,0.34180440632246906,False,False,0.3396272554260838,0.00935861770507431,0.34180440632246906,0.22287885548504527,0.1831097094799872,0.25220702871249856,0.05067110062517816,0.24160642571351723,0.7117203176455139,0.14730153894568176,0.560862816092508,0.9052065282515894,0.4716291135421215,0.04173460986001406,0.846881683108729,0.2390887373559577,0.743832201232423,"candidate=negative; anchor_balance=-0.002; mixed_evidence=0.009; strongest=anger=0.91, disgust=0.85",final_model,reactionfusion_v2_hybrid_development
355,29,0,0,72,0,0,0,101,101,RF_POST_000355,වම් සාක්කුවේ ෆෝන් එක දාගෙන දකුණු සක්වේ ෆෝන් එක හොයලා බයවෙන්න මිනිස්සු අපි 😍😂,False,sinhala,fcec639ec5049b96abf99cdd9e5ebcee45de8a3b53b630659f923f5f2b33fc05,DUP_fcec639ec5049b96,1,False,101,4.624972813284271,0.2871287128712871,0.2777777777777778,0.0,0.0092592592592592,0.0,0.0092592592592592,0.7128712871287128,0.6759259259259259,0.0,0.0092592592592592,0.0,0.0092592592592592,0.0,0.0092592592592592,haha,0.7128712871287128,0.4257425742574257,neutral,0.5672924432789505,0.0,0.3081132593551294,True,0.0,0.0,neutral,0.0,reactionfusion_v1_provisional,train,approved,negative,negative,0.31389029433906107,False,False,0.43029808270600245,0.02470229734052977,0.31389029433906107,0.20022137644942012,0.2055899237362465,0.28029840547527224,0.0708915135525561,0.3411365162724496,0.7298969374327419,0.026211292215728745,0.5734841277356278,0.8926351453529495,0.25803197949387074,0.19329468899618782,0.8218855863526421,0.3384820310027562,0.7524529913107252,"candidate=negative; anchor_balance=-0.004; mixed_evidence=0.025; strongest=anger=0.89, disgust=0.82",final_model,reactionfusion_v2_hybrid_development
356,177,3,0,7,1,322,0,510,510,RF_POST_000356,මලගෙවල් වල කෑම අපිට මාර රසයි ඒක අපේ ගෙදර ඉදෙන දවසක් එනකන් 🙌🤍,False,sinhala,04e0411585aff6b2acb579ef994360cf7b9e3bf9c156b200d74415927cbc1f71,DUP_04e0411585aff6b2,1,False,510,6.236369590203704,0.3470588235294117,0.344294003868472,0.0058823529411764,0.0077369439071566,0.0,0.0019342359767891,0.0137254901960784,0.0154738878143133,0.0019607843137254,0.0038684719535783,0.6313725490196078,0.6247582205029013,0.0,0.0019342359767891,sad,0.6313725490196078,0.284313725490196,negative,0.6096302106822346,-0.7573359039312504,0.3900066839321416,False,0.0058823529411764,0.6313725490196078,negative,-0.9815384615384616,reactionfusion_v1_provisional,train,approved,neutral,neutral,0.39809994629318557,False,False,0.41562347458812937,0.01463123256770591,0.36037639418994116,0.39809994629318557,0.13823103319367566,0.10329262632319758,0.01972052920528136,0.2941843908093827,0.007565837721986786,0.033107231871436306,0.5071880897175955,0.001511607019580874,0.0034517191952596915,0.37576558133931715,0.022920054671162912,0.015447327165185933,0.03677833153464809,"candidate=neutral; anchor_balance=-0.618; mixed_evidence=0.015; strongest=sadness=0.51, fear=0.38",final_model,reactionfusion_v2_hybrid_development
357,287,22,4,10,4,455,1,783,783,RF_POST_000357,Sorry කියන වචනය පොඩි දෙයක් ඒක අපිට දොස්තර කෙනෙක්ගෙන් අහන්න ලැබෙනකල් 🥺💔,False,mixed,b371f0fa3782b6b62b2b90aed8ee1f190b1e2a9146c2cb9553c484159828d2dd,DUP_b371f0fa3782b6b6,1,False,783,6.664409020350408,0.3665389527458493,0.3645569620253164,0.0280970625798212,0.0291139240506329,0.0051085568326947,0.0063291139240506,0.0127713920817369,0.0139240506329113,0.0051085568326947,0.0063291139240506,0.5810983397190294,0.5772151898734177,0.0012771392081736,0.0025316455696202,sad,0.5810983397190294,0.21455938697318,negative,0.5289813530608737,-0.6885232914249665,0.46343197598662,False,0.0309067688378033,0.5823754789272031,negative,-0.8992086630570596,reactionfusion_v1_provisional,train,approved,neutral,neutral,0.3817362486448478,False,False,0.4762619883628084,0.062094917470087684,0.371098269490511,0.3817362486448478,0.12813812137551675,0.1190273604891245,0.013846742311214348,0.29780753198848564,0.031115423949034528,0.052582930179297556,0.6750298879578677,0.0003565761236253053,0.07353289623153063,0.009762041278015098,0.02532720380477649,0.05142378274811682,0.047926860124222516,"candidate=neutral; anchor_balance=-0.547; mixed_evidence=0.062; strongest=sadness=0.68, affection=0.30",final_model,reactionfusion_v2_hybrid_development
361,45,56,4,1,1,0,0,107,107,RF_POST_000361,මමත් හොඳයි හැබයි මට හොඳ අයට 😌❤️,False,sinhala,b169131cf765353036ac04405633cfa48eb18e8f6e764110d9aad8199ed13327,DUP_b169131cf7653530,1,False,107,4.68213122712422,0.4205607476635514,0.4035087719298245,0.5233644859813084,0.5,0.0373831775700934,0.043859649122807,0.0093457943925233,0.0175438596491228,0.0093457943925233,0.0175438596491228,0.0,0.0087719298245614,0.0,0.0087719298245614,love,0.5233644859813084,0.102803738317757,positive,0.4709317033803885,0.6973941750771107,0.4693668951379656,False,0.5439252336448598,0.0,positive,1.0,reactionfusion_v1_provisional,train,approved,positive,positive,0.5686895114307962,False,False,0.5523749856147665,0.03876315688524677,0.047641865225227266,0.18546287252766072,0.5686895114307962,0.19820575081631586,0.9882564255154201,0.9807745635930137,0.7850037345669645,3.936811222829487e-05,0.007644174063187404,1.9462336124340325e-07,0.015446146587443917,0.00014785060180161187,8.327861913074577e-06,0.9892714829274347,0.0010894796500275715,"candidate=positive; anchor_balance=0.507; mixed_evidence=0.039; strongest=approval=0.99, joy=0.99",final_model,reactionfusion_v2_hybrid_development
362,32,1,0,145,0,0,0,178,178,RF_POST_000362,Voice msg ekk ewnnd ! 🌝❤️,False,singlish,6ac208962675e8a7063392bad10f25598efb92b9e33d1aa55542430897eb739a,DUP_6ac208962675e8a7,1,False,178,5.187385805840755,0.1797752808988764,0.1783783783783784,0.0056179775280898,0.0108108108108108,0.0,0.0054054054054054,0.8146067415730337,0.7891891891891892,0.0,0.0054054054054054,0.0,0.0054054054054054,0.0,0.0054054054054054,haha,0.8146067415730337,0.6348314606741573,neutral,0.4966030476613075,0.022588987848503,0.2593383088628954,True,0.0056179775280898,0.0,positive,1.0,reactionfusion_v1_provisional,train,approved,negative,negative,0.3270178372460544,False,False,0.3371956945379947,0.014581435439480853,0.3270178372460544,0.22592437108622346,0.19250442967575682,0.2545533619919654,0.07834349691278099,0.3072611669060164,0.6853795086085279,0.11883558192981024,0.5778869015312076,0.8365611752053651,0.4315303255946656,0.022115438513733942,0.8447346714224534,0.2367435649383546,0.6995586754560205,"candidate=negative; anchor_balance=0.003; mixed_evidence=0.015; strongest=disgust=0.84, anger=0.84",final_model,reactionfusion_v2_hybrid_development
363,166,7,1,213,0,1,0,388,388,RF_POST_000363,දෙයක් ස්තීර වනතුරු කාගෙන් නැතැත් නෑයන්ගෙන් රහසිගතව තබාගන්න 😍😂,False,sinhala,5d5c4cb62ed902a9517f12d2b383a867ff31ff2334cdbd813ccdffdfbb3e2f68,DUP_5d5c4cb62ed902a9,1,False,388,5.963579343618446,0.4278350515463917,0.4227848101265822,0.018041237113402,0.020253164556962,0.0025773195876288,0.0050632911392405,0.5489690721649485,0.5417721518987342,0.0,0.0025316455696202,0.0025773195876288,0.0050632911392405,0.0,0.0025316455696202,haha,0.5489690721649485,0.1211340206185567,neutral,0.3612280006811979,0.0584388882438117,0.4088716885814536,True,0.0194587628865979,0.0025773195876288,positive,0.7660818713450291,reactionfusion_v1_provisional,train,approved,uncertain,mixed,0.29143099682056234,True,True,0.4413383972151863,0.013407748776157559,0.2861789822018033,0.18905864490091942,0.23333137607671492,0.29143099682056234,0.2704436192408394,0.5774750205460614,0.8193574722654462,0.026707924083466922,0.436258104107979,0.5649698061262787,0.21808235782392463,0.2442238278209224,0.3731866634933435,0.6697063428981889,0.8342130988190136,"candidate=mixed; anchor_balance=0.015; mixed_evidence=0.013; strongest=sarcasm=0.83, amusement=0.82",final_model,reactionfusion_v2_hybrid_development
364,54,1,0,149,0,0,0,204,204,RF_POST_000364,අපිත් ලොකු මාතෘකා තමයි ඉන්න තැනින් නැගිටලා ගියාම 😌,False,sinhala,0a989704f94ea041c22f37ce3e4165f587ee98373025fb22080348c9c00b4c08,DUP_0a989704f94ea041,1,False,204,5.3230099791384085,0.2647058823529412,0.2606635071090047,0.0049019607843137,0.0094786729857819,0.0,0.0047393364928909,0.7303921568627451,0.7109004739336493,0.0,0.0047393364928909,0.0,0.0047393364928909,0.0,0.0047393364928909,haha,0.7303921568627451,0.4656862745098039,neutral,0.5434416533949119,0.0188899797948872,0.3121260851517764,True,0.0049019607843137,0.0,positive,1.0,reactionfusion_v1_provisional,train,approved,negative,negative,0.3207955994511354,False,False,0.3795958877548525,0.014392261147103413,0.3207955994511354,0.20767421663288585,0.19510452805869763,0.27642565585728124,0.08234349290220133,0.3475989657200478,0.7252992232865255,0.08654825615871307,0.5506667686294053,0.8588410513898329,0.3977931047830207,0.08460531490342722,0.7968108791846987,0.34962298867197905,0.7587476753976835,"candidate=negative; anchor_balance=0.003; mixed_evidence=0.014; strongest=anger=0.86, disgust=0.80",final_model,reactionfusion_v2_hybrid_development
365,51,0,0,217,0,0,0,268,268,RF_POST_000365,Adare thitthaid ? 😐,False,singlish,8e0a26311c756a3425f2b81981fb26ed42231d2060af721a12cfec0d556cd345,DUP_8e0a26311c756a34,1,False,268,5.594711379601839,0.1902985074626865,0.1890909090909091,0.0,0.0036363636363636,0.0,0.0036363636363636,0.8097014925373134,0.7927272727272727,0.0,0.0036363636363636,0.0,0.0036363636363636,0.0,0.0036363636363636,haha,0.8097014925373134,0.6194029850746269,neutral,0.6221074497165563,0.0,0.2500914620219693,True,0.0,0.0,neutral,0.0,reactionfusion_v1_provisional,train,approved,negative,negative,0.34768659874467067,False,False,0.3089509271709524,0.006965439085308745,0.34768659874467067,0.22711010700016263,0.17452396557630426,0.2506793286788625,0.04290514247183374,0.20419934772236722,0.7045505887935527,0.22288253419866189,0.5504297530570785,0.9054013888132663,0.520911247823263,0.020700694294258144,0.8599709994246194,0.1910916954513548,0.7365085662179315,"candidate=negative; anchor_balance=-0.002; mixed_evidence=0.007; strongest=anger=0.91, disgust=0.86",final_model,reactionfusion_v2_hybrid_development
366,62,1,0,225,1,2,0,291,291,RF_POST_000366,පාරෙදි දැකපු කෙනෙක්ව Fb එකෙන් හොයාගන්නේ කෝමද? 😒,False,mixed,9eb9da79b10652b91c59027ed63bd2805ed1f00962d601d8281b904056037151,DUP_9eb9da79b10652b9,1,False,291,5.676753802268282,0.2130584192439862,0.2114093959731543,0.0034364261168384,0.0067114093959731,0.0,0.0033557046979865,0.7731958762886598,0.7583892617449665,0.0034364261168384,0.0067114093959731,0.0068728522336769,0.0100671140939597,0.0,0.0033557046979865,haha,0.7731958762886598,0.5601374570446735,neutral,0.5791653697135827,-0.0135065279515678,0.309126371883267,True,0.0034364261168384,0.0068728522336769,negative,-0.3333333333333333,reactionfusion_v1_provisional,train,approved,negative,negative,0.34588404219240126,False,False,0.35456749957433115,0.012136203005564356,0.34588404219240126,0.24477868495784552,0.1766328280226441,0.23270444482710909,0.03659516208552346,0.19610354103500724,0.7067919792467409,0.2127842642189676,0.5054304378967089,0.8860077623865493,0.4354948167934282,0.037909286008492415,0.8360189065243323,0.18156404045793478,0.7604462544474389,"candidate=negative; anchor_balance=-0.005; mixed_evidence=0.012; strongest=anger=0.89, disgust=0.84",final_model,reactionfusion_v2_hybrid_development
368,32,1,0,69,0,0,0,102,102,RF_POST_000368,හිත් රිද්දන්නෙ නැතුව දීපූ ණය ඉල්ලන්නෙ කොහොමද 🥹💔,False,sinhala,96a879664efb3fefe2c09419854af2cad63d9449a2b8aa8a3f827a040c67f711,DUP_96a879664efb3fef,1,False,102,4.634728988229636,0.3137254901960784,0.3027522935779816,0.0098039215686274,0.018348623853211,0.0,0.0091743119266055,0.6764705882352942,0.6422018348623854,0.0,0.0091743119266055,0.0,0.0091743119266055,0.0,0.0091743119266055,haha,0.6764705882352942,0.3627450980392157,neutral,0.4067186351051838,0.0366452192509598,0.3460769248772455,True,0.0098039215686274,0.0,positive,1.0,reactionfusion_v1_provisional,train,approved,mixed,mixed,0.32644654643973403,False,True,0.458223861043157,0.03363110906738767,0.28007931576887624,0.17944785602821758,0.2140262817631722,0.32644654643973403,0.13731926374044032,0.49637977140917533,0.7423456760227776,0.015038436170708422,0.5584311554961032,0.7756824015389733,0.2004485614504638,0.2369607904059988,0.74840568846757,0.4610012611472055,0.7597900838502882,"candidate=mixed; anchor_balance=0.005; mixed_evidence=0.034; strongest=anger=0.78, sarcasm=0.76",final_model,reactionfusion_v2_hybrid_development
369,25,1,0,74,0,2,0,102,102,RF_POST_000369,මාත් හරියට සඳුදා වගේ කවුරුත් කැමති නෑ 🫤,False,sinhala,134404965111b0023b5462bba47ee00f4f68602246aeb552b82c90ab4e6bbbfc,DUP_134404965111b002,1,False,102,4.634728988229636,0.2450980392156862,0.2385321100917431,0.0098039215686274,0.018348623853211,0.0,0.0091743119266055,0.7254901960784313,0.6880733944954128,0.0,0.0091743119266055,0.0196078431372549,0.0275229357798165,0.0,0.0091743119266055,haha,0.7254901960784313,0.4803921568627451,neutral,0.4074165680558745,-0.0373369062348996,0.3596694898166805,True,0.0098039215686274,0.0196078431372549,negative,-0.3333333333333333,reactionfusion_v1_provisional,train,approved,uncertain,negative,0.29974060007898656,True,True,0.46275682679180913,0.04330384984657297,0.29974060007898656,0.22908221859263056,0.19783712400003908,0.27334005732834377,0.06472029475208452,0.36618192240356673,0.7279904133764078,0.0384637667061123,0.6447923213519173,0.7352337038954477,0.15318501191285988,0.18734982760856406,0.714585722998244,0.28453005130297715,0.7614187268497963,"candidate=negative; anchor_balance=-0.013; mixed_evidence=0.043; strongest=sarcasm=0.76, anger=0.74",final_model,reactionfusion_v2_hybrid_development
370,80,1,2,221,1,0,0,305,305,RF_POST_000370,අත්භූත විදිහට සල්ලි හම්බ කරන ඔයාගෙ යාලුවා කවුද 😍😂￼,False,sinhala,d0a9eb3f494dc08b4fdad60b449599fd185e2324706e68e1579a81573b7a28bb,DUP_d0a9eb3f494dc08b,1,False,305,5.723585101952381,0.2622950819672131,0.2596153846153846,0.0032786885245901,0.0064102564102564,0.0065573770491803,0.0096153846153846,0.7245901639344262,0.7115384615384616,0.0032786885245901,0.0064102564102564,0.0,0.0032051282051282,0.0,0.0032051282051282,haha,0.7245901639344262,0.4622950819672131,neutral,0.5201261391863459,0.026393777828859,0.3365658570361548,True,0.0068852459016393,0.0,positive,1.0,reactionfusion_v1_provisional,train,approved,negative,negative,0.330376671204427,False,False,0.37950043387424987,0.009730780355749997,0.330376671204427,0.2224195734235709,0.2052497766064302,0.24195397876557187,0.08245238393608541,0.3312775226501446,0.7596400590365895,0.11510403298855441,0.47808487819230727,0.8095534210188513,0.4012896279819379,0.05380260144587983,0.7286037156997509,0.35170482567129446,0.7220118547160691,"candidate=negative; anchor_balance=0.005; mixed_evidence=0.010; strongest=anger=0.81, amusement=0.76",final_model,reactionfusion_v2_hybrid_development
371,63,2,0,98,2,1,0,166,166,RF_POST_000371,මෝඩ වැඩකට නාස්ති කරපු වැඩිම මුදල කීයද 😍😂,False,sinhala,e2579803c4a85f0c367d6746b603b821c372a514a3d71127e8b036d9b65312e6,DUP_e2579803c4a85f0c,1,False,166,5.117993812416755,0.3795180722891566,0.3699421965317919,0.0120481927710843,0.0173410404624277,0.0,0.0057803468208092,0.5903614457831325,0.5722543352601156,0.0120481927710843,0.0173410404624277,0.0060240963855421,0.0115606936416184,0.0,0.0057803468208092,haha,0.5903614457831325,0.2108433734939759,neutral,0.5621310594212219,0.0213861979954535,0.4193939339293338,True,0.0120481927710843,0.0060240963855421,positive,0.3333333333333333,reactionfusion_v1_provisional,train,approved,negative,negative,0.34544873067762705,False,False,0.4825775610419166,0.03347358804915028,0.34544873067762705,0.2198878997046065,0.2127983847045152,0.22186498491325113,0.06090450634515803,0.2984100363669773,0.7599023429612946,0.01382169644300739,0.3532852123182493,0.8669011363928706,0.2578116847046746,0.37399014678592507,0.8050841135070806,0.3069675243846638,0.845467019474586,"candidate=negative; anchor_balance=0.003; mixed_evidence=0.033; strongest=anger=0.87, sarcasm=0.85",final_model,reactionfusion_v2_hybrid_development
372,25,3,0,119,0,0,0,147,147,RF_POST_000372,Mn oyt chooty kynnd 👀,False,singlish,5d50d96cfe58310618240b101d9f6572e00ef9bbdc13c7efb7504f71bc4ce9f4,DUP_5d50d96cfe583106,1,False,147,4.997212273764115,0.1700680272108843,0.1688311688311688,0.0204081632653061,0.0259740259740259,0.0,0.0064935064935064,0.8095238095238095,0.7792207792207793,0.0,0.0064935064935064,0.0,0.0064935064935064,0.0,0.0064935064935064,haha,0.8095238095238095,0.6394557823129252,neutral,0.1960156156000791,0.0813030839711746,0.2835535907933217,True,0.0204081632653061,0.0,positive,1.0,reactionfusion_v1_provisional,train,approved,uncertain,negative,0.2604306218627437,True,True,0.37019369266219654,0.019230841177256965,0.2604306218627437,0.23419241740181787,0.257640030567898,0.24773693016754048,0.4337067012944622,0.5896166136782649,0.6741532244871244,0.04364280723443407,0.5508339612192912,0.32416441360543646,0.20719938015598494,0.007341891915126221,0.5486892474196557,0.37846532261405474,0.577742764494103,"candidate=negative; anchor_balance=0.017; mixed_evidence=0.019; strongest=amusement=0.67, affection=0.59",final_model,reactionfusion_v2_hybrid_development
374,30,1,0,105,0,2,0,138,138,RF_POST_000374,මොනවා වුණත් දෙවෙනි ඉනිම ඉවර වෙන එකට චුට්ටක් දුකයි 👀💔,False,sinhala,7cc581cb2b1b332a975b1c8a90b1a9d13413500cec66645781122feeaac36e20,DUP_7cc581cb2b1b332a,1,False,138,4.934473933130692,0.217391304347826,0.2137931034482758,0.0072463768115942,0.0137931034482758,0.0,0.0068965517241379,0.7608695652173914,0.7310344827586207,0.0,0.0068965517241379,0.0144927536231884,0.0206896551724137,0.0,0.0068965517241379,haha,0.7608695652173914,0.5434782608695652,neutral,0.4755759801078145,-0.0281919920346875,0.3272301914076515,True,0.0072463768115942,0.0144927536231884,negative,-0.3333333333333333,reactionfusion_v1_provisional,train,approved,negative,negative,0.31133314886280095,False,False,0.41170740331117095,0.02896148630188927,0.31133314886280095,0.23622402314347027,0.1909894987491719,0.2614533292445569,0.058396858229957646,0.31634875675399143,0.709739026122694,0.08020226953739237,0.6348007762170412,0.8006125679559423,0.256078514246923,0.09546033716102899,0.7693407187687984,0.25173610067551117,0.7488210463722056,"candidate=negative; anchor_balance=-0.010; mixed_evidence=0.029; strongest=anger=0.80, disgust=0.77",final_model,reactionfusion_v2_hybrid_development
376,28,1,0,169,1,0,0,199,199,RF_POST_000376,oya ylu weld inne.🌚,False,singlish,42df4422fd19966619b181a2918a4563d952636cb491c75258536de0351b4a34,DUP_42df4422fd199666,1,False,199,5.298317366548036,0.1407035175879397,0.1407766990291262,0.0050251256281407,0.0097087378640776,0.0,0.0048543689320388,0.8492462311557789,0.8252427184466019,0.0050251256281407,0.0097087378640776,0.0,0.0048543689320388,0.0,0.0048543689320388,haha,0.8492462311557789,0.7085427135678392,neutral,0.5044197417886076,0.0205478956118093,0.2404554902950196,True,0.0050251256281407,0.0,positive,1.0,reactionfusion_v1_provisional,train,approved,negative,negative,0.3569535258397471,False,False,0.30941816370201736,0.012016239367068634,0.3569535258397471,0.2534796744303791,0.1889361016441026,0.20063069808577128,0.05158850440855516,0.1963941670159564,0.6633170017440188,0.1474083723186934,0.4948972384432936,0.8675926672873348,0.4894752413106709,0.008250335640418058,0.8925238851781903,0.12678445851759815,0.6850908328708865,"candidate=negative; anchor_balance=0.003; mixed_evidence=0.012; strongest=disgust=0.89, anger=0.87",final_model,reactionfusion_v2_hybrid_development
378,203,250,8,4,1,0,0,466,466,RF_POST_000378,කොල්ලෙක් පරිණත වුණාම බයික් එකේ 50ට වඩා වෙගෙන් යන්නේ නෑ. 😌❤️,False,sinhala,a4f28bc26ced706892effb553db8454de94fb405ff3334f1514417954453b72c,DUP_a4f28bc26ced7068,1,False,466,6.1463292576688975,0.4356223175965665,0.4312896405919662,0.5364806866952789,0.5306553911205074,0.0171673819742489,0.0190274841437632,0.0085836909871244,0.0105708245243128,0.0021459227467811,0.0042283298097251,0.0,0.0021141649048625,0.0,0.0021141649048625,love,0.5364806866952789,0.1008583690987124,positive,0.5542256523773298,0.7022074814556879,0.4213346117946346,False,0.5459227467811159,0.0,positive,1.0,reactionfusion_v1_provisional,train,approved,positive,positive,0.6111672200391065,False,False,0.447904720146174,0.007575555520442689,0.07228859223300492,0.1425292689018549,0.6111672200391065,0.17401491882603376,0.9787925313040691,0.9977820386037726,0.2867485543972126,0.0007697450528815631,0.0044457859259466855,2.3856455984994168e-05,0.458272403727,0.0011107292154219077,0.00484824927509761,0.9933304160973089,0.047950898415654905,"candidate=positive; anchor_balance=0.537; mixed_evidence=0.008; strongest=affection=1.00, approval=0.99",final_model,reactionfusion_v2_hybrid_development
379,36,0,0,84,0,5,0,125,125,RF_POST_000379,තෙල් මිල වගේ පඩි හම්බ වෙන ජොබ් නැද්ද ! සතියෙන් සතිය වැඩි වෙනවනේ 😍😂,False,sinhala,53f58b93c144ddbc6dd872135540452995cea0149f435a5c2b1070df768a9130,DUP_53f58b93c144ddbc,1,False,125,4.836281906951478,0.288,0.2803030303030303,0.0,0.0075757575757575,0.0,0.0075757575757575,0.672,0.6439393939393939,0.0,0.0075757575757575,0.04,0.0454545454545454,0.0,0.0075757575757575,haha,0.672,0.384,negative,0.108491301010423,-0.1466117948879192,0.3876714852806018,True,0.0,0.04,negative,-1.0,reactionfusion_v1_provisional,train,approved,negative,negative,0.3245773055051884,False,False,0.47710780486001325,0.02240960901615214,0.3245773055051884,0.28492825749117473,0.14394140470336944,0.2465530323002675,0.06596021795173915,0.245786900231047,0.5834856340313718,0.05586540108258448,0.7913662219082688,0.3596213331963876,0.1362427814217802,0.2138870937861627,0.19847194836009024,0.20799100831994025,0.6622330897420341,"grouped_out_of_fold; candidate=negative; mixed_evidence=0.022; strongest=sadness=0.79, sarcasm=0.66",grouped_out_of_fold,reactionfusion_v2_hybrid_development
380,133,245,74,0,0,0,0,452,452,RF_POST_000380,මගේම සල්ලි වලින් පොඩියට දන්සලක් දෙනවා මම කවදා හරි 🥺❤️,False,sinhala,18700dd4d72150303d925119d2978794986115c8e9f5fbac120c71e4bcd554ee,DUP_18700dd4d7215030,1,False,452,6.115892125483034,0.2942477876106195,0.2919389978213507,0.5420353982300885,0.5359477124183006,0.163716814159292,0.1633986928104575,0.0,0.0021786492374727,0.0,0.0021786492374727,0.0,0.0021786492374727,0.0,0.0021786492374727,love,0.5420353982300885,0.247787610619469,positive,0.5473864054540346,0.7337632491076946,0.5078257383962136,False,0.6320796460176992,0.0,positive,1.0,reactionfusion_v1_provisional,train,approved,positive,positive,0.7328160067686653,False,False,0.5360668945151272,0.00934321384775821,0.06707858328438071,0.10792211727121924,0.7328160067686653,0.09218329267573475,0.9538243100784987,0.9999843930178233,0.8863162538586619,0.00018466543891031137,0.017648907665194155,6.518236711867987e-07,0.6213964334367299,0.00951681091975832,1.8053967177138665e-05,0.9999620976292103,0.00023267936922714537,"candidate=positive; anchor_balance=0.621; mixed_evidence=0.009; strongest=affection=1.00, approval=1.00",final_model,reactionfusion_v2_hybrid_development
381,86,110,15,1,1,0,0,213,213,RF_POST_000381,කවුරු මොනවා කිව්වත් pixel LED වලින් ගහන තොරණට වඩා ඉස්සර ෆ්ළෑශර් කොටෙන් ගහන තොරණ ලස්සනයි 😌❤️,False,mixed,f4e98dd834af418213b5335826329526f166fe551fc1855b417bf93b451b9846,DUP_f4e98dd834af4182,1,False,213,5.365976015021851,0.4037558685446009,0.3954545454545454,0.5164319248826291,0.5045454545454545,0.0704225352112676,0.0727272727272727,0.0046948356807511,0.009090909090909,0.0046948356807511,0.009090909090909,0.0,0.0045454545454545,0.0,0.0045454545454545,love,0.5164319248826291,0.1126760563380281,positive,0.5212873955275396,0.6982322036144711,0.4854476045308198,False,0.5551643192488263,0.0,positive,1.0,reactionfusion_v1_provisional,train,approved,positive,positive,0.6493467556257931,False,False,0.5329877813021345,0.019381373865532164,0.05655231047602322,0.14467646516175048,0.6493467556257931,0.14942446873643325,0.9808651440964232,0.9985928271240075,0.7394079996575756,0.000136323332741206,0.011780680235001846,1.7664742514696256e-06,0.17202657785477748,0.001648439997672507,0.00010055095495288161,0.9986289273320418,0.002860938216416227,"candidate=positive; anchor_balance=0.535; mixed_evidence=0.019; strongest=approval=1.00, affection=1.00",final_model,reactionfusion_v2_hybrid_development
382,51,1,0,249,1,3,0,305,305,RF_POST_000382,පුලුවන් නම් පෙට්රල් Full Tank කරලා පෙන්නන්න ශ්රිලංකා රජයේ පනිවිඩයක් 😍😂,False,mixed,859ebda22dc587839c93b7c3cddc1b4edde2a5d9d6031df02d74ce9728a46ead,DUP_859ebda22dc58783,1,False,305,5.723585101952381,0.1672131147540983,0.1666666666666666,0.0032786885245901,0.0064102564102564,0.0,0.0032051282051282,0.8163934426229508,0.8012820512820513,0.0032786885245901,0.0064102564102564,0.0098360655737704,0.0128205128205128,0.0,0.0032051282051282,haha,0.8163934426229508,0.6491803278688525,neutral,0.4991116823633791,-0.0263109767180949,0.2814315856203097,True,0.0032786885245901,0.0098360655737704,negative,-0.5,reactionfusion_v1_provisional,train,approved,negative,negative,0.34534332447789234,False,False,0.32558313705827235,0.010644064096135827,0.34534332447789234,0.2554706311798515,0.16962562207111487,0.22956042227114126,0.03186950477885745,0.15639806083538263,0.6946989597963603,0.2854116784639044,0.5252858485613742,0.8694892300191419,0.43149677769524153,0.016007021038451707,0.8300180126676034,0.12501488481754205,0.7402153795593813,"candidate=negative; anchor_balance=-0.008; mixed_evidence=0.011; strongest=anger=0.87, disgust=0.83",final_model,reactionfusion_v2_hybrid_development
383,62,69,14,0,0,0,0,145,145,RF_POST_000383,"🪔 “සබ්බ පාපස්ස අකරණං, කුසලස්ස උපසම්පදා; සචිත්ත පරියෝදපනං, ඒතං බුද්ධාන සාසනං.” පිංබර වෙසක් මංගල්යයක් වේවා ! 🙏❤️",False,sinhala,0cf05eb92a4d08937818a002843582e3c89578a75f05ca01dc3cf63b78f5cba3,DUP_0cf05eb92a4d0893,1,False,145,4.983606621708336,0.4275862068965517,0.4144736842105263,0.4758620689655172,0.4605263157894737,0.096551724137931,0.0986842105263157,0.0,0.006578947368421,0.0,0.006578947368421,0.0,0.006578947368421,0.0,0.006578947368421,love,0.4758620689655172,0.0482758620689655,positive,0.4829306099646555,0.6743347748110102,0.4842833000552998,False,0.5289655172413793,0.0,positive,1.0,reactionfusion_v1_provisional,train,approved,positive,positive,0.5997927350600025,False,False,0.5564874357186591,0.029288812406245215,0.05636157421117336,0.13001043895632336,0.5997927350600025,0.21383525177250076,0.9811967138992416,0.9994505074082873,0.915039909559721,3.9658130245752076e-05,0.06932166130321044,1.5562797295655506e-06,0.034409374235584884,0.004711494406197276,4.622574863048474e-05,0.9997476250987632,0.0022135978500539655,"candidate=positive; anchor_balance=0.502; mixed_evidence=0.029; strongest=approval=1.00, affection=1.00",final_model,reactionfusion_v2_hybrid_development
384,96,2,0,340,1,0,0,439,439,RF_POST_000384,ඉතුරු උන සුදු සව් කොල කෑලී තියාගන්න මචං 🙂,False,sinhala,206cf65b4728911550ed76826d0eaada654cd11a115e75572d2d2f3ae054e3be,DUP_206cf65b47289115,1,False,439,6.0867747269123065,0.2186788154897494,0.2174887892376681,0.0045558086560364,0.0067264573991031,0.0,0.0022421524663677,0.7744874715261959,0.7645739910313901,0.0022779043280182,0.0044843049327354,0.0,0.0022421524663677,0.0,0.0022421524663677,haha,0.7744874715261959,0.5558086560364465,neutral,0.5493752058322974,0.0179560822838439,0.2922899386626846,True,0.0045558086560364,0.0,positive,1.0,reactionfusion_v1_provisional,train,approved,negative,negative,0.35164459278518856,False,False,0.32682232915039633,0.005862283930948813,0.35164459278518856,0.19511401802353023,0.18533424082723918,0.2679071483640421,0.08971794594219426,0.29815935747277067,0.7603955532470632,0.23781216415337325,0.47824536312491184,0.7888935872638024,0.5081259665032094,0.016143745312445685,0.6917642281417872,0.251052155752072,0.7552862738436998,"grouped_out_of_fold; candidate=negative; mixed_evidence=0.006; strongest=anger=0.79, amusement=0.76",grouped_out_of_fold,reactionfusion_v2_hybrid_development
387,30,23,2,123,1,0,0,179,179,RF_POST_000387,මට ආසයි ඉක්මනට කසාද බැදලා හස්බන්ට එක එක කෑම ජාති හදලා දෙන්න😌,False,sinhala,84d9f3cc7300dd1f13c8cbfdffd99a022db7d3bda1cbf073c2d5ff5e56ca5269,DUP_84d9f3cc7300dd1f,1,False,179,5.19295685089021,0.1675977653631284,0.1666666666666666,0.1284916201117318,0.1290322580645161,0.0111731843575419,0.0161290322580645,0.6871508379888268,0.6666666666666666,0.0055865921787709,0.010752688172043,0.0,0.0053763440860215,0.0,0.0053763440860215,haha,0.6871508379888268,0.5195530726256983,positive,0.3373942643079222,0.4514784891273932,0.4625222908212418,True,0.1346368715083798,0.0,positive,1.0,reactionfusion_v1_provisional,train,approved,positive,positive,0.5008351983089139,False,False,0.5162880820593952,0.022205939013307325,0.16457805144700874,0.11665118956057921,0.5008351983089139,0.21793556068349818,0.9999978960450939,0.9988148028749854,0.7358716893790784,0.00019711468140254162,0.18347947186837005,1.2839391167043473e-07,0.0010616420402181001,2.6064102850509534e-06,2.7071066012811064e-05,0.9748954689770375,0.04010075733241595,"candidate=positive; anchor_balance=0.127; mixed_evidence=0.022; strongest=joy=1.00, affection=1.00",final_model,reactionfusion_v2_hybrid_development
388,53,6,3,214,1,0,0,277,277,RF_POST_000388,කේන්දරේට කිව්වා ආත්ම ගත සහාකාරයා ලබන අවුරුද්දේ එනවලු 😌,False,sinhala,bbc1db8d19a0be8c01b2736d40a6323d97b41c9b5d71fe82d68c84fc25106604,DUP_bbc1db8d19a0be8c,1,False,277,5.627621113690637,0.1913357400722021,0.1901408450704225,0.0216606498194945,0.0246478873239436,0.0108303249097472,0.0140845070422535,0.7725631768953068,0.7570422535211268,0.003610108303249,0.0070422535211267,0.0,0.0035211267605633,0.0,0.0035211267605633,haha,0.7725631768953068,0.5812274368231047,neutral,0.0706175575854721,0.1073337217767203,0.343332545523942,True,0.0276173285198555,0.0,positive,1.0,reactionfusion_v1_provisional,train,approved,positive,positive,0.3162393433532727,False,False,0.386624408284747,0.01089082840238724,0.24513847008836742,0.2418697159581307,0.3162393433532727,0.19675247060022924,0.6259059723087035,0.6443681615260525,0.7671238074923022,0.06411552128801458,0.47019361035785495,0.10987054411147608,0.17076990775765252,0.003307787856944597,0.2196719691450449,0.5027154542763955,0.5100467467719094,"grouped_out_of_fold; candidate=positive; mixed_evidence=0.011; strongest=amusement=0.77, affection=0.64",grouped_out_of_fold,reactionfusion_v2_hybrid_development
389,19,0,0,92,0,0,0,111,111,RF_POST_000389,මට වෙලාවකට හිතෙනවා මමත් නාග කන්යාවියක්ද දන්නේ නෑ කියලා 😃😃,False,sinhala,402c6c6f7c00bb68f958c3148992a7b6506ad2c66e4f5562604e5f33a8fb19fc,DUP_402c6c6f7c00bb68,1,False,111,4.718498871295094,0.1711711711711711,0.1694915254237288,0.0,0.0084745762711864,0.0,0.0084745762711864,0.8288288288288288,0.788135593220339,0.0,0.0084745762711864,0.0,0.0084745762711864,0.0,0.0084745762711864,haha,0.8288288288288288,0.6576576576576577,neutral,0.5505368336985834,0.0,0.2352310061702766,True,0.0,0.0,neutral,0.0,reactionfusion_v1_provisional,train,approved,negative,negative,0.33379326352521616,False,False,0.3549138184148105,0.018648014187896824,0.33379326352521616,0.23708780063942955,0.1959130964411466,0.23320583939420753,0.054206643882286756,0.2516729049642128,0.6834308273361822,0.06896802577644795,0.6038807447652754,0.8893215132370414,0.3571852300057743,0.03007470547574727,0.8785952445278251,0.18700809536047414,0.6872210993900122,"candidate=negative; anchor_balance=-0.004; mixed_evidence=0.019; strongest=anger=0.89, disgust=0.88",final_model,reactionfusion_v2_hybrid_development
390,132,1,0,0,0,0,0,133,133,RF_POST_000390,රට ඉන්න කෙනෙක්ට ලංකාවේ Bank එකක account එකක් open කරන්න විදිහක් තියෙනවද 🥲,False,mixed,17b9b3ed3939a4b1ba3dee47b62e7078af5415174ef5235be9a565097aaffbcc,DUP_17b9b3ed3939a4b1,1,False,133,4.897839799950911,0.9924812030075189,0.95,0.0075187969924812,0.0142857142857142,0.0,0.0071428571428571,0.0,0.0071428571428571,0.0,0.0071428571428571,0.0,0.0071428571428571,0.0,0.0071428571428571,like,0.9924812030075189,0.9849624060150376,neutral,0.4044098859077972,0.0179628188088011,0.0227451416846218,True,0.0075187969924812,0.0,positive,1.0,reactionfusion_v1_provisional,train,approved,negative,negative,0.3600204211125572,False,False,0.14692798038902846,0.008395884593658769,0.3600204211125572,0.3464568054782861,0.16580239051694579,0.12772038289221088,0.127643477213518,0.0454483193945222,0.0012356835639701967,0.0011506666406074007,0.7045781310473826,0.5319173518283471,0.9275924804031848,0.061211137970446056,0.6651848556547716,0.13707861537903737,0.26001071921220614,"candidate=negative; anchor_balance=0.004; mixed_evidence=0.008; strongest=care_empathy=0.93, sadness=0.70",final_model,reactionfusion_v2_hybrid_development
391,81,2,1,580,0,2,1,667,667,RF_POST_000391,හොරෙන්ම බැන්දා කියලා යාලුවොන්ට කියන්නේ කොහොමද හිත රිදෙන් නැති වෙන්න එයාලට වෙඩින් එක කිව්වේත් නෑ 😞,False,sinhala,3d54ad71b4f5183efbbbad58d40de6d5974cdbe1e8a8dbfc1dc4f4bedfc1ddda,DUP_3d54ad71b4f5183e,1,False,667,6.504288173536645,0.12143928035982,0.1216617210682492,0.0029985007496251,0.0044510385756676,0.0014992503748125,0.0029673590504451,0.8695652173913043,0.8620178041543026,0.0,0.0014836795252225,0.0029985007496251,0.0044510385756676,0.0014992503748125,0.0029673590504451,haha,0.8695652173913043,0.7481259370314842,neutral,0.5968023104732798,-0.002784015163109,0.2219560766466526,True,0.0038230884557721,0.0044977511244377,negative,-0.0810810810810811,reactionfusion_v1_provisional,train,approved,negative,negative,0.3276127224851506,False,False,0.24496456189093507,0.0059605620400761655,0.3276127224851506,0.23848985671621814,0.13172018286874204,0.3021772379298893,0.02360999840935568,0.11089165233603876,0.7320439516365921,0.6868389277405094,0.1636369109345483,0.9091128691817433,0.023574847909035086,0.008455719454684653,0.9284047768366935,0.14904032204208287,0.7709162738398991,"grouped_out_of_fold; candidate=negative; mixed_evidence=0.006; strongest=disgust=0.93, anger=0.91",grouped_out_of_fold,reactionfusion_v2_hybrid_development
393,101,4,0,232,0,0,0,337,337,RF_POST_000393,වෙඩින් එක දවසට ෆෝන් එකෙන්ම ෆොටෝ ටිකක් අරන් ලස්සනට එඩිට් කරලා ගන්න එක හොදයි වගේ 🤣,False,sinhala,b5c1bb646fe0ba438f9e89fd25b81b87c2dee8a63eada322be9307868561a624,DUP_b5c1bb646fe0ba43,1,False,337,5.823045895483019,0.2997032640949555,0.2965116279069767,0.0118694362017804,0.0145348837209302,0.0,0.002906976744186,0.6884272997032641,0.6773255813953488,0.0,0.002906976744186,0.0,0.002906976744186,0.0,0.002906976744186,haha,0.6884272997032641,0.3887240356083086,neutral,0.421923261472858,0.0446073029473651,0.3447122232975614,True,0.0118694362017804,0.0,positive,1.0,reactionfusion_v1_provisional,train,approved,uncertain,negative,0.304702284137471,True,True,0.3873573798686557,0.009008311159736179,0.304702284137471,0.21510968219364776,0.21234288134119433,0.26784515232768685,0.181441045729084,0.4472475131522635,0.7481616825759495,0.0927351224667024,0.4779761639541383,0.6846570694845276,0.3198896823710291,0.058007262255080426,0.5996796816284256,0.46046163392359685,0.7578419507752249,"candidate=negative; anchor_balance=0.010; mixed_evidence=0.009; strongest=sarcasm=0.76, amusement=0.75",final_model,reactionfusion_v2_hybrid_development
394,465,476,88,2,0,0,0,1031,1031,RF_POST_000394,දැකපු හොදම Quality එකට වැඩේ කරලා දෙන photographer කවුද ?,False,mixed,28aebbcce67888df772b8bd0bfbe118010d4ac5595b0c1613de51160a2dc0b23,DUP_28aebbcce67888df,1,False,1031,6.939253946041508,0.4510184287099903,0.4489402697495183,0.4616876818622696,0.4595375722543353,0.0853540252182347,0.0857418111753371,0.0019398642095053,0.0028901734104046,0.0,0.0009633911368015,0.0,0.0009633911368015,0.0,0.0009633911368015,love,0.4616876818622696,0.0106692531522793,positive,0.5030161177906657,0.6627763773582823,0.4820940047581583,False,0.5086323957322988,0.0,positive,1.0,reactionfusion_v1_provisional,train,approved,positive,positive,0.6353723611339086,False,False,0.49562111646510315,0.003819815926513319,0.08650943218844237,0.13025441975112007,0.6353723611339086,0.147863786926529,0.9129338505539147,0.9994903221922018,0.764884205057177,0.000898395024067264,0.011358076262489185,3.3633797427920084e-05,0.5642336602960479,0.014284228268684014,0.00241863240904965,0.9991776431894713,0.03382261995083094,"candidate=positive; anchor_balance=0.505; mixed_evidence=0.004; strongest=affection=1.00, approval=1.00",final_model,reactionfusion_v2_hybrid_development
397,160,14,0,788,0,1,0,963,963,RF_POST_000397,"Electric බස් 100කුත් ගේනවලු හෙට අනිද්දට, ගැමුනුවට නම් සැනසීමක් ඇත්තෙම නෑ 🤦♂️",False,mixed,adb6f01a6d0e6ba0685704ca9eac2f5ac4040d8b547a36cd002167719814b5a2,DUP_adb6f01a6d0e6ba0,1,False,963,6.871091294610546,0.166147455867082,0.1659793814432989,0.0145379023883696,0.0154639175257731,0.0,0.0010309278350515,0.818276220145379,0.8134020618556701,0.0,0.0010309278350515,0.0010384215991692,0.002061855670103,0.0,0.0010309278350515,haha,0.818276220145379,0.652128764278297,neutral,0.3492023340619833,0.0541574720728478,0.2728636517367334,True,0.0145379023883696,0.0010384215991692,positive,0.8666666666666667,reactionfusion_v1_provisional,train,approved,negative,negative,0.32069716853567487,False,False,0.29012973927124097,0.003589233887891641,0.32069716853567487,0.24551832755568317,0.18383088995309252,0.24995361395554955,0.13312756309640053,0.30403482070325827,0.7081609990775078,0.4641848528026439,0.3714474244899337,0.4994566887273353,0.37492143789632076,0.002062817799078746,0.6037861785328176,0.2101560291281149,0.6905715101896615,"candidate=negative; anchor_balance=0.013; mixed_evidence=0.004; strongest=amusement=0.71, sarcasm=0.69",final_model,reactionfusion_v2_hybrid_development
398,49,1,1,1086,0,0,0,1137,1137,RF_POST_000398,"දිලිත් වගකීමෙන් කියනවා ආණ්ඩුවට දැන් බුද්ධි තොරතුරු එන්නෙ නෑලු, උගෙ අම්මටලු එන්නෙ ❤️",False,sinhala,e7de8ae0fb433144b8536937bffa38d2fd73465500311fa3b7e1446dbed54750,DUP_e7de8ae0fb433144,1,False,1137,7.037027614686276,0.0430958663148636,0.0437062937062937,0.0008795074758135,0.0017482517482517,0.0008795074758135,0.0017482517482517,0.9551451187335092,0.9501748251748252,0.0,0.0008741258741258,0.0,0.0008741258741258,0.0,0.0008741258741258,haha,0.9551451187335092,0.9120492524186457,neutral,0.5223820227191088,0.005872543525457,0.0985234346060884,True,0.0013632365875109,0.0,positive,1.0,reactionfusion_v1_provisional,train,approved,negative,negative,0.37234262454073697,False,False,0.1161627516878758,0.0008123269348802504,0.37234262454073697,0.21463132585454947,0.1395308278166395,0.27349522178807417,0.0629160830222902,0.14901041683804755,0.6279549668618818,0.784298588891543,0.4582811287140329,0.8261172327252155,0.7096113553530533,0.00013342651624511333,0.9521383616385732,0.040868093807536775,0.7157334773546271,"grouped_out_of_fold; candidate=negative; mixed_evidence=0.001; strongest=disgust=0.95, anger=0.83",grouped_out_of_fold,reactionfusion_v2_hybrid_development
400,330,2,0,68,3,269,8,680,680,RF_POST_000400,"අර ගුවන් නියමුවරිය දාපු නඩුවෙන් චාමික කියන http දිනයි වගේ බන්, DNA එකක් කරන්ඩ ඒ කෙල්ල කරපු ඉල්ලීමත් උසාවියෙන් ප්රතික්ශේප කරලා ප්රමාණවත් සාක්ෂි නෑ කියලා 😏",False,mixed,025112bc9d172b3027cc68b7ade17036763751983e71f5355b12be32dfe7ea03,DUP_025112bc9d172b30,1,False,680,6.523562306149512,0.4852941176470588,0.4818049490538573,0.0029411764705882,0.0043668122270742,0.0,0.0014556040756914,0.1,0.1004366812227074,0.0044117647058823,0.0058224163027656,0.3955882352941176,0.3930131004366812,0.0117647058823529,0.0131004366812227,like,0.4852941176470588,0.0897058823529411,negative,0.4694792290980625,-0.6409872138763804,0.5351351748616883,False,0.0029411764705882,0.4073529411764706,negative,-0.985663082437276,reactionfusion_v1_provisional,train,approved,neutral,neutral,0.3432779031496529,False,False,0.5497060332673999,0.011362191662877844,0.3315722994377791,0.3432779031496529,0.18834012670146827,0.1368096707110998,0.0534077341360021,0.14934831248056185,0.015173296861070077,0.27208251620498497,0.10159586935272977,0.019747977770165483,0.0020166988275260663,0.8899493160124745,0.016898518707273182,0.03544835423311758,0.1081373577762446,"candidate=neutral; anchor_balance=-0.401; mixed_evidence=0.011; strongest=fear=0.89, surprise=0.27",final_model,reactionfusion_v2_hybrid_development
401,981,343,17,3272,8,0,1,4622,4622,RF_POST_000401,"බිමල් බොසා අර ගැමුනුවා එක්ක පෞද්ගලික අවුලක් තියෙනවද දන්නෙත් නෑ, අයෙත් Metro බස් 50ක් ගේනවලු 🤣",False,mixed,631a3c7f68518ee675e7169d1eb5907f2b3bf64c1909be9327236ab58fdc2e3a,DUP_631a3c7f68518ee6,1,False,4622,8.438799123988225,0.2122457810471657,0.2121408511557571,0.0742102985720467,0.0743141067185137,0.0036780614452617,0.0038885288399222,0.707918649935093,0.7070641607258588,0.001730852444829,0.0019442644199611,0.0,0.0002160293799956,0.0002163565556036,0.0004320587599913,haha,0.707918649935093,0.4956728688879273,positive,0.2189417059902479,0.2755901424242111,0.4111064055895381,True,0.0762332323669407,0.0002163565556036,positive,0.9943398896278476,reactionfusion_v1_provisional,train,approved,positive,positive,0.3587468037770173,False,False,0.41424442922885174,0.0010738676065556753,0.19029822613125685,0.22692441115506296,0.3587468037770173,0.22403055893666288,0.995746543748668,0.9603974808367842,0.7345032717985958,0.12788127571477378,0.08730382310743834,0.0001400295165650392,0.015037310041351531,2.2248576879363128e-05,0.003741661711859735,0.7720990688126212,0.364811127575058,"candidate=positive; anchor_balance=0.076; mixed_evidence=0.001; strongest=joy=1.00, affection=0.96",final_model,reactionfusion_v2_hybrid_development
403,68,2,1,689,0,2,1,763,763,RF_POST_000403,"මේ කාවඩි htc නිසා අපිට සුපුන්ව අමතක උනා නේත, පොර සල්ලි හොයාගත්තද දන්නෑ 🙂↔️",False,mixed,5a6f4e49b07ce2c48b55b82084870cbbd65415516a303a31d4fdeab72b691622,DUP_5a6f4e49b07ce2c4,1,False,763,6.638567789166521,0.0891218872870249,0.0896103896103896,0.0026212319790301,0.0038961038961038,0.001310615989515,0.0025974025974025,0.9030144167758848,0.8961038961038961,0.0,0.0012987012987012,0.0026212319790301,0.0038961038961038,0.001310615989515,0.0025974025974025,haha,0.9030144167758848,0.8138925294888598,neutral,0.579318362587209,-0.0024741234330698,0.1830283157750714,True,0.0033420707732634,0.0039318479685452,negative,-0.0810810810810811,reactionfusion_v1_provisional,train,approved,negative,negative,0.3480336757163257,False,False,0.20414837420415263,0.004348095242789745,0.3480336757163257,0.22959603672139317,0.1389057192319866,0.2834645683302944,0.015792607200026832,0.09314273629555192,0.6949951445389637,0.6337713852577245,0.44310189941157113,0.88412546144951,0.6042439169810195,0.0012963605463286246,0.8889872601860985,0.05905841541753987,0.7326519449175514,"candidate=negative; anchor_balance=-0.001; mixed_evidence=0.004; strongest=disgust=0.89, anger=0.88",final_model,reactionfusion_v2_hybrid_development
405,231,5,3,1855,2,0,0,2096,2096,RF_POST_000405,නාමලයා දැන් high capacity බයික් පදින උන්ව හාවෝ කරන්ඩ යන්නෙ 😍,False,mixed,edc01291f7c820efae9f4ef5d5c9a83dec0e9de9e086e365bee4d174ce113c39,DUP_edc01291f7c820ef,1,False,2096,7.64826303090192,0.1102099236641221,0.1103185924869234,0.0023854961832061,0.0028530670470756,0.0014312977099236,0.0019020446980504,0.8850190839694656,0.8825487398953875,0.0009541984732824,0.0014265335235378,0.0,0.0004755111745126,0.0,0.0004755111745126,haha,0.8850190839694656,0.7748091603053435,neutral,0.5322012195522736,0.0132116181666118,0.1960879123707306,True,0.0031727099236641,0.0,positive,1.0,reactionfusion_v1_provisional,train,approved,negative,negative,0.3442350142896832,False,False,0.2048954049654504,0.0007794404373388507,0.3442350142896832,0.23482202141041272,0.1308070559291342,0.29013590837076997,0.012881475347354034,0.07509043583837689,0.725639823386199,0.8270712786652832,0.2818486785440562,0.839401915915306,0.586447549831134,0.0007040998035058105,0.8423114257083665,0.05318921948991378,0.746262907891415,"candidate=negative; anchor_balance=0.003; mixed_evidence=0.001; strongest=disgust=0.84, anger=0.84",final_model,reactionfusion_v2_hybrid_development
407,29,2,0,344,1,2,0,378,378,RF_POST_000407,"ඩොලර් යුපුන්ට ක්රීඩා ඇමතිගෙ බලකායක් fb එකේ දැන් අනම් මනම් කියනවලු, ඒවා නම් මහ cry වැඩ මචං 💔",False,mixed,528a65ceefa42fa260d16565279bcfa288400738d8ad5c42d5f9ee61d3b97743,DUP_528a65ceefa42fa2,1,False,378,5.937536205082426,0.0767195767195767,0.0779220779220779,0.0052910052910052,0.0077922077922077,0.0,0.0025974025974025,0.91005291005291,0.8961038961038961,0.0026455026455026,0.0051948051948051,0.0052910052910052,0.0077922077922077,0.0,0.0025974025974025,haha,0.91005291005291,0.8333333333333334,neutral,0.5906339195961618,0.0,0.1818834530241612,True,0.0052910052910052,0.0052910052910052,neutral,0.0,reactionfusion_v1_provisional,train,approved,negative,negative,0.3629011256899751,False,False,0.22152618551773953,0.008170576193121823,0.3629011256899751,0.2436932269098957,0.15515385044305258,0.23825179695707654,0.02263072972569812,0.11131678918452016,0.6614814104744074,0.41815416234350566,0.5163373047008106,0.8808215986650673,0.6125091723938282,0.0018534899201717691,0.9112376132084508,0.06079906224669881,0.7173296019981262,"candidate=negative; anchor_balance=-0.001; mixed_evidence=0.008; strongest=disgust=0.91, anger=0.88",final_model,reactionfusion_v2_hybrid_development
408,138,7,2,2998,4,1,1,3151,3151,RF_POST_000408,සඳනි අහල පහල අයත් එක්ක රණ්ඩු වෙනවා බලන්ඩ ආසයි 😚,False,sinhala,f151cc8d0363abc1fcad9f81e9d82479da5db1010788b2d637981865cb91ec03,DUP_f151cc8d0363abc1,1,False,3151,8.05579245097777,0.0437956204379562,0.0440151994933502,0.0022215169787369,0.0025332488917036,0.0006347191367819,0.0009499683343888,0.951443986036179,0.9496516782773908,0.0012694382735639,0.0015832805573147,0.0003173595683909,0.0006333122229259,0.0003173595683909,0.0006333122229259,haha,0.951443986036179,0.9076483655982228,neutral,0.5170333898891889,0.0083193603321052,0.1110969093873964,True,0.0025706125039669,0.0006347191367819,positive,0.6039603960396039,reactionfusion_v1_provisional,train,approved,negative,negative,0.357423154739879,False,False,0.11707683799495855,0.0005931695401897837,0.357423154739879,0.2514152410699308,0.11901409354039034,0.27214751064979986,0.0059723999772482005,0.0337794309219118,0.7162609758745617,0.8971023697039363,0.23004321019830837,0.8587622278786218,0.6519801493757917,9.829821872844082e-05,0.8892772659986655,0.01706561103376457,0.7595242251790189,"candidate=negative; anchor_balance=0.002; mixed_evidence=0.001; strongest=surprise=0.90, disgust=0.89",final_model,reactionfusion_v2_hybrid_development
409,56,2,0,5,0,0,0,63,63,RF_POST_000409,විජය කුමාරතුංගගෙ ඉස්සරහ දත් දෙක අතර හිඩැසක් තිබ්බද??🤔 විජයව ඇත්තට දැකපු අය කෝ🥰♥️,False,sinhala,89c3904fd1cb2cd6d52273b60c56cca463c42a8d42f190b8f5439dbe6fd75552,DUP_89c3904fd1cb2cd6,1,False,63,4.158883083359672,0.8888888888888888,0.8142857142857143,0.0317460317460317,0.0428571428571428,0.0,0.0142857142857142,0.0793650793650793,0.0857142857142857,0.0,0.0142857142857142,0.0,0.0142857142857142,0.0,0.0142857142857142,like,0.8888888888888888,0.8095238095238095,neutral,0.1464589115863588,0.0795618603884721,0.2134253191373441,True,0.0317460317460317,0.0,positive,1.0,reactionfusion_v1_provisional,train,approved,uncertain,negative,0.2851161352714318,True,True,0.38831884710454234,0.044379296811947695,0.2851161352714318,0.2534519486592756,0.24493903936057065,0.21649287670872197,0.23582105777802045,0.19776851529310388,0.00815165404753754,0.0006154378644776295,0.6537176943723252,0.22791447392192996,0.44825107477204923,0.2621097444046335,0.5974419780001886,0.38582277475669985,0.2655080933760393,"candidate=negative; anchor_balance=0.022; mixed_evidence=0.044; strongest=sadness=0.65, disgust=0.60",final_model,reactionfusion_v2_hybrid_development
410,34,1,0,985,0,0,0,1020,1020,RF_POST_000410,"නාමල් අද ගෝඨා වෙනුවෙන් උසාවියට ගිහිම් ලෝයර් කෙනෙක් වගේ, එතන හිටිය පොරක් නාමල්ගෙන් සිවිල් නඩු විධාන සංග්රහයේ පළවෙනි වාක්ය දෙක අහලා නාමලයා නැගිටලා එලියට ඇවිත් 😚",False,sinhala,cf4614092af75a2dab014138b2703c0dc4cfc5d05963ec5526a68f3946f8c00a,DUP_cf4614092af75a2d,1,False,1020,6.928537818164665,0.0333333333333333,0.0340798442064264,0.0009803921568627,0.0019474196689386,0.0,0.0009737098344693,0.965686274509804,0.9600778967867576,0.0,0.0009737098344693,0.0,0.0009737098344693,0.0,0.0009737098344693,haha,0.965686274509804,0.9323529411764706,neutral,0.5204535432615478,0.0042450813036739,0.0790802841219924,True,0.0009803921568627,0.0,positive,1.0,reactionfusion_v1_provisional,train,approved,negative,negative,0.369717010544934,False,False,0.099405699403351,0.0007743384568907576,0.369717010544934,0.23934768865844352,0.1288131545387765,0.262122146257846,0.012319712772657894,0.048233639548284905,0.693884437410749,0.7096119799362712,0.4015893629475524,0.8895595224286533,0.7106133094742637,0.00016208079776832153,0.9087082604490887,0.02434382594669716,0.740181330169368,"candidate=negative; anchor_balance=0.001; mixed_evidence=0.001; strongest=disgust=0.91, anger=0.89",final_model,reactionfusion_v2_hybrid_development
412,163,13,3,741,5,1,1,927,927,RF_POST_000412,"ශාන්ත බණ්ඩාර කියන්නෙ හොඳ පියෙක්, පාර්ලිමේන්තු ඇමති වෙලා ඉද්දි තමන්ගෙ අවුරුදු 19ක පුතාට බාර් එකකුත් දාලා දීලා ❤️",False,sinhala,484ba8ab3930dbd55ff773c09fd2c378e9f5a1ff9ef5002cab25b26d0b0d6217,DUP_484ba8ab3930dbd5,1,False,927,6.833031732786201,0.1758360302049622,0.1755888650963597,0.0140237324703344,0.0149892933618843,0.0032362459546925,0.0042826552462526,0.7993527508090615,0.7944325481798715,0.0053937432578209,0.006423982869379,0.0010787486515641,0.0021413276231263,0.0010787486515641,0.0021413276231263,haha,0.7993527508090615,0.6235167206040992,neutral,0.3599445799334783,0.0541264159128552,0.3114012414514456,True,0.0158036677454153,0.0021574973031283,positive,0.7597597597597598,reactionfusion_v1_provisional,train,approved,negative,negative,0.334768342126922,False,False,0.32547296769838735,0.0055755540505077065,0.334768342126922,0.2703726757711697,0.19544208192488907,0.19941690017701919,0.10097044458987536,0.25837513301914933,0.7166674014764269,0.38656973082186324,0.287091117142995,0.5277691727346645,0.3400906834746929,0.0026058326457770896,0.632852162424661,0.17549303960703036,0.6674156773771023,"candidate=negative; anchor_balance=0.013; mixed_evidence=0.006; strongest=amusement=0.72, sarcasm=0.67",final_model,reactionfusion_v2_hybrid_development
413,20,0,1,629,1,1,0,652,652,RF_POST_000413,කඹුරුපිටියේ ඩයල් එකක් මායා බන්ධන බලලා high tension line එකකට නැගලා සමාන්තර ලෝකෙකට යන්ඩ 😍,False,mixed,7dbf56f54ac484621d688d3c4b36db3d43a5b770ae29136f26640c28fe6ebf69,DUP_7dbf56f54ac48462,1,False,652,6.481577129276431,0.0306748466257668,0.0318664643399089,0.0,0.0015174506828528,0.0015337423312883,0.0030349013657056,0.964723926380368,0.9559939301972686,0.0015337423312883,0.0030349013657056,0.0015337423312883,0.0030349013657056,0.0,0.0015174506828528,haha,0.964723926380368,0.9340490797546012,neutral,0.5304939712066081,-0.0029847226135242,0.0880530511196533,True,0.0008435582822085,0.0015337423312883,negative,-0.2903225806451612,reactionfusion_v1_provisional,train,approved,negative,negative,0.37676120740639174,False,False,0.11579437306421062,0.0014759829040051128,0.37676120740639174,0.24761741504247506,0.1384159751328136,0.23720540241831964,0.014022982357708089,0.052959267279143955,0.6900810437908081,0.5811686058055603,0.4537936672603355,0.8967066449029928,0.6993400010568933,0.0002377490971438027,0.9121592622980412,0.02618428767011728,0.7204533666531894,"candidate=negative; anchor_balance=-0.001; mixed_evidence=0.001; strongest=disgust=0.91, anger=0.90",final_model,reactionfusion_v2_hybrid_development
415,193,385,55,5,2,0,0,640,640,RF_POST_000415,"අපි ඉස්කෝලේ කොහොම නැටුවත් ගුරුවරු ඒවට කන් පිරෙන්ඩ සැලකුවා මිසක් චරිත සහතික වලින් අපිව වැට්ටුවෙ නෑ, ඒකයි අදටත් දැක්ක තැන ඒ ගුරුවරුන්ට වඳින්නෙ 😘",False,sinhala,780701d5d427435aea6aa99894d1fbf07f182d0dc059c02ba802945836d39276,DUP_780701d5d427435a,1,False,640,6.46302945692067,0.3015625,0.2998454404945904,0.6015625,0.5965996908809892,0.0859375,0.0865533230293663,0.0078125,0.0092735703245749,0.003125,0.0046367851622874,0.0,0.0015455950540958,0.0,0.0015455950540958,love,0.6015625,0.3,positive,0.5780066240823768,0.7605457034731529,0.4800171319302703,False,0.648828125,0.0,positive,1.0,reactionfusion_v1_provisional,train,approved,positive,positive,0.7143180271727927,False,False,0.4981908899787535,0.0061600110043740774,0.06723723393128155,0.1190710856085477,0.7143180271727927,0.09937365328737804,0.9725674264847901,0.9998683826366683,0.4027214027830713,0.0010593024549877801,0.002508366176691674,1.4718691279678368e-06,0.7481588236172931,0.001095414415335661,0.00016879994277091425,0.9993033059309148,0.00114493844634984,"candidate=positive; anchor_balance=0.641; mixed_evidence=0.006; strongest=affection=1.00, approval=1.00",final_model,reactionfusion_v2_hybrid_development
416,48,1,1,465,0,0,0,515,515,RF_POST_000416,මනේෂා දැන් අර සාර්ථකත්වය ගැන කියන කෙල්ලට video එකක් දැම්මා නම් මනේෂගෙ නෝ බෝල් ටික ශේප් වෙනවා 😚,False,mixed,33c79f95fc0bf25dc0f067d4f283e80ad27fd4bfbe8cce054f2f6e8d79e2ffa7,DUP_33c79f95fc0bf25d,1,False,515,6.246106765481563,0.0932038834951456,0.0938697318007662,0.0019417475728155,0.003831417624521,0.0019417475728155,0.003831417624521,0.9029126213592232,0.89272030651341,0.0,0.0019157088122605,0.0,0.0019157088122605,0.0,0.0019157088122605,haha,0.9029126213592232,0.8097087378640777,neutral,0.5249247798953265,0.0126414802001851,0.1735089559275981,True,0.003009708737864,0.0,positive,1.0,reactionfusion_v1_provisional,train,approved,negative,negative,0.3548985506322568,False,False,0.20658338477625338,0.0031660288854598218,0.3548985506322568,0.23189269105339744,0.1550296045141048,0.258179153800241,0.03226499164937761,0.130476058618736,0.6940504912703677,0.4834637573804296,0.4953858852327157,0.8564662599706739,0.6176860099272372,0.0014259958570611991,0.8686004362403238,0.08524530694585297,0.6982792051034363,"candidate=negative; anchor_balance=0.002; mixed_evidence=0.003; strongest=disgust=0.87, anger=0.86",final_model,reactionfusion_v2_hybrid_development
417,44,3,0,482,0,0,0,529,529,RF_POST_000417,"ආජන්ටිනාවේ ස්පාඤ්ඤයේ උනුත් ලෝක කුසලානේ බලලා පාඩුවේ ඉන්නවා, අපේ උන් 1800 ගනන්වල ඒ රටවල් තිබුන විදිය ගැනත් හෑලි ලියනවා 😚",False,sinhala,796fee074fd988f465d57e988703d0fb27ee488d0d175d5ee2242538b406bb0f,DUP_796fee074fd988f4,1,False,529,6.272877006546167,0.0831758034026465,0.083955223880597,0.0056710775047258,0.0074626865671641,0.0,0.001865671641791,0.9111531190926276,0.9011194029850746,0.0,0.001865671641791,0.0,0.001865671641791,0.0,0.001865671641791,haha,0.9111531190926276,0.8279773156899811,neutral,0.4664633962851786,0.0238968742670496,0.1649367286825495,True,0.0056710775047258,0.0,positive,1.0,reactionfusion_v1_provisional,train,approved,negative,negative,0.3546171851057,False,False,0.19798784748988058,0.0029550424998489636,0.3546171851057,0.24053639494852652,0.16043126068858907,0.24441515925718427,0.04929625156445655,0.14580762233484362,0.678068998855956,0.46029051219406253,0.4789823388616889,0.7914975523275022,0.5809566454893824,0.0008153373510301326,0.8403011234347667,0.08255702325479725,0.6867241207499732,"candidate=negative; anchor_balance=0.005; mixed_evidence=0.003; strongest=disgust=0.84, anger=0.79",final_model,reactionfusion_v2_hybrid_development
418,194,6,0,1160,4,1,0,1365,1365,RF_POST_000418,අර සුද්දා එක්ක කතා කරන ලංකාවේ කෙල්ල කුරුණෑගල කෙල්ලෙක්ලු නේත ❤️,False,sinhala,ad2fd9b8dc68bc7aeab8dfefa6958ddab14b433ae08e9f804af79a4b80c9cb9a,DUP_ad2fd9b8dc68bc7a,1,False,1365,7.219642040130735,0.1421245421245421,0.1421282798833819,0.0043956043956043,0.0051020408163265,0.0,0.0007288629737609,0.8498168498168498,0.8462099125364432,0.0029304029304029,0.0036443148688046,0.0007326007326007,0.0014577259475218,0.0,0.0007288629737609,haha,0.8498168498168498,0.7076923076923077,neutral,0.5414062658354644,0.0149855709031245,0.2373300023449676,True,0.0043956043956043,0.0007326007326007,positive,0.7142857142857143,reactionfusion_v1_provisional,train,approved,negative,negative,0.3476380993705876,False,False,0.24977719255826744,0.0021846401681481116,0.3476380993705876,0.23587918429721083,0.14125333380590646,0.2752293825262951,0.018905036576164425,0.09922460788181889,0.7124270199937728,0.7070611399114634,0.30458743888291356,0.8470512939203358,0.5544739665901907,0.0018850545322768488,0.8446653958069464,0.07636270982737182,0.7502195606782105,"candidate=negative; anchor_balance=0.003; mixed_evidence=0.002; strongest=anger=0.85, disgust=0.84",final_model,reactionfusion_v2_hybrid_development
420,34,70,15,11,3,0,0,133,133,RF_POST_000420,"ප්රතිපත්තියක් විදිහට ජීවිතේ කිසිම දවසක,කිසිම මනුස්සයෙක්ට අපහාස කරලා නෑ.කරන්නෙත් නෑ ☺️",False,sinhala,62eefb75cd0a8efd89848fa80447463246b9d42f7f215e8dd5ee58bbdf2bb24a,DUP_62eefb75cd0a8efd,1,False,133,4.897839799950911,0.2556390977443609,0.25,0.5263157894736842,0.5071428571428571,0.112781954887218,0.1142857142857142,0.0827067669172932,0.0857142857142857,0.0225563909774436,0.0285714285714285,0.0,0.0071428571428571,0.0,0.0071428571428571,love,0.5263157894736842,0.2706766917293233,positive,0.478613209571341,0.7507974850577552,0.6291664027957536,False,0.5883458646616541,0.0,positive,1.0,reactionfusion_v1_provisional,train,approved,positive,positive,0.7320367860137267,False,False,0.6791423871948941,0.038808136411136805,0.05093425529064301,0.15222567498125736,0.7320367860137267,0.06480328371437294,0.9990367386505977,0.9889440184561956,0.9572693635665208,2.6609598174621756e-05,0.0024477662388876806,6.115839985043802e-10,0.02008256802472127,1.0743630049726494e-05,1.6081942298922628e-08,0.9975175994985298,1.1404482140281107e-05,"candidate=positive; anchor_balance=0.556; mixed_evidence=0.039; strongest=joy=1.00, approval=1.00",final_model,reactionfusion_v2_hybrid_development
422,190,3,0,1086,4,0,0,1283,1283,RF_POST_000422,"මනේෂා මොකක් හරි කරලද, එයාගෙ ජෝක් වලට හිනා යන දායක සභාවේ අයම අවුල් ගිහිම් post දාලා තියෙනවා දැක්කා 🥹",False,mixed,c89b438c1b6d534d8b1740f2099d64fbb50cf99b251ae73ca8362c5eb32c37cd,DUP_c89b438c1b6d534d,1,False,1283,7.157735484249907,0.1480904130943102,0.1480620155038759,0.0023382696804364,0.0031007751937984,0.0,0.0007751937984496,0.8464536243180046,0.8426356589147287,0.0031176929072486,0.003875968992248,0.0,0.0007751937984496,0.0,0.0007751937984496,haha,0.8464536243180046,0.6983632112236945,neutral,0.5680278958485414,0.009559539843261,0.2343908637391706,True,0.0023382696804364,0.0,positive,1.0,reactionfusion_v1_provisional,train,approved,negative,negative,0.35126089026197616,False,False,0.24830727481309772,0.0015398900763602958,0.35126089026197616,0.23437260054779752,0.1394907064937956,0.27487580269643075,0.015866206523172326,0.08930136027823116,0.7159176865531813,0.6972602911029258,0.30921142656454587,0.8816415231029604,0.5787103945763776,0.002300468279109793,0.8634347586414103,0.07389113936943174,0.7583675046324623,"candidate=negative; anchor_balance=0.002; mixed_evidence=0.002; strongest=anger=0.88, disgust=0.86",final_model,reactionfusion_v2_hybrid_development
423,16,8,2,51,1,0,0,78,78,RF_POST_000423,මම මත්ද්රව්ය නිවාරණය ගැන වැඩසටහනක් කරොත් ඔයාලා සහභාගි වෙනවද 🙄,False,sinhala,1b6f39d948623317424225473d07dcdf998aa86713f720af58d50e1e7c733863,DUP_1b6f39d948623317,1,False,78,4.3694478524670215,0.2051282051282051,0.2,0.1025641025641025,0.1058823529411764,0.0256410256410256,0.0352941176470588,0.6538461538461539,0.611764705882353,0.0128205128205128,0.0235294117647058,0.0,0.0117647058823529,0.0,0.0117647058823529,haha,0.6538461538461539,0.4487179487179487,positive,0.2308003417914664,0.3913680000595079,0.5067626330431569,True,0.1166666666666666,0.0,positive,1.0,reactionfusion_v1_provisional,train,approved,positive,positive,0.5002311556471105,False,False,0.601798562951062,0.05663986474833525,0.16392124124419444,0.13466840374402755,0.5002311556471105,0.20117919936466744,0.999908150803118,0.9827527118882635,0.8826714016051974,7.888675460304935e-05,0.19723530146025875,1.5897003649571534e-06,0.0008473580180773689,3.826741161986951e-05,9.920463997037554e-05,0.9263936221953457,0.03663841179099829,"candidate=positive; anchor_balance=0.102; mixed_evidence=0.057; strongest=joy=1.00, affection=0.98",final_model,reactionfusion_v2_hybrid_development
425,43,1,1,401,1,3,0,450,450,RF_POST_000425,"Hto රඹුටන් තියෙන්නෙ ලෙල්ල අයින් කරලා කටේ දාගන කන්ඩ, මුන් ඒකටත් මිරිස්කුඩු දාගන කනවා 🤦♂️",False,mixed,a927984444db12e970e60d359c9d8e9f6e6030e347b0852caa63e4cdc744332f,DUP_a927984444db12e9,1,False,450,6.111467339502679,0.0955555555555555,0.0962800875273523,0.0022222222222222,0.0043763676148796,0.0022222222222222,0.0043763676148796,0.8911111111111111,0.8796498905908097,0.0022222222222222,0.0043763676148796,0.0066666666666666,0.0087527352297593,0.0,0.0021881838074398,haha,0.8911111111111111,0.7955555555555556,neutral,0.5355718426780316,-0.0134224968996872,0.2061936451586335,True,0.0034444444444444,0.0066666666666666,negative,-0.3186813186813186,reactionfusion_v1_provisional,train,approved,negative,negative,0.35333249193783417,False,False,0.23861769267490932,0.006474528203870625,0.35333249193783417,0.24280066978551265,0.1535347807305904,0.25033205754606275,0.02160502569996045,0.11042245100587529,0.6939195025207079,0.46897048530115115,0.5123442545289272,0.8720065557650807,0.5672588816999558,0.002559771469210175,0.8726367304236536,0.07113660013059114,0.715308048325012,"candidate=negative; anchor_balance=-0.004; mixed_evidence=0.006; strongest=disgust=0.87, anger=0.87",final_model,reactionfusion_v2_hybrid_development
427,608,21,5,3607,7,5,4,4257,4257,RF_POST_000427,උමාලි බැද්දේගම එකේ තමන්ගෙ රඟපෑම උපරිමයෙන්ම කරන්නෙ සාරංගට බලන්ඩ වෙන්ඩැති ❤️,False,sinhala,d51c4cc727df2e6906b222202da813ab86c4934f0a2cd0762572ff9cdd8405ad,DUP_d51c4cc727df2e69,1,False,4257,8.356554845453426,0.1428235846840498,0.1428236397748593,0.0049330514446793,0.0051594746716697,0.0011745360582569,0.0014071294559099,0.8473103124265915,0.8461538461538461,0.0016443504815597,0.0018761726078799,0.0011745360582569,0.0014071294559099,0.0009396288466055,0.0011726078799249,haha,0.8473103124265915,0.7044867277425417,neutral,0.5492928250558166,0.014144529584203,0.2453799269472868,True,0.0055790462767206,0.0021141649048625,positive,0.4503816793893129,reactionfusion_v1_provisional,train,approved,negative,negative,0.33365551480343436,False,False,0.2490636214953692,0.0025700748934794192,0.33365551480343436,0.24665586864443906,0.12620168397935094,0.29348693257277564,0.00766035717198689,0.06945910028789075,0.7391570794272719,0.9038831469834344,0.18417612498242467,0.8210204167714138,0.498380621464365,0.001033107755363479,0.8224293354225669,0.05199718397345563,0.7750676915190582,"candidate=negative; anchor_balance=0.003; mixed_evidence=0.003; strongest=surprise=0.90, disgust=0.82",final_model,reactionfusion_v2_hybrid_development
429,670,22,5,21,4,349,0,1071,1071,RF_POST_000429,"අපි ඒ live එක ගැන ආයෙ කතා නොකර photo නොදා ඉමු මචං, ඕවා දැකලා තව උන් පෙලඹෙනවා 😣",False,mixed,4270ba9527c437b9689781a7e5da53172ef3dfb93c22f0192fd695e003f44209,DUP_4270ba9527c437b9,1,False,1071,6.977281341630747,0.6255835667600373,0.6224489795918368,0.0205415499533146,0.0213358070500927,0.0046685340802987,0.0055658627087198,0.0196078431372549,0.0204081632653061,0.003734827264239,0.0046382189239332,0.3258636788048553,0.3246753246753247,0.0,0.0009276437847866,like,0.6255835667600373,0.299719887955182,negative,0.38987965511836,-0.5007469913072011,0.4428077968284137,False,0.0231092436974789,0.3258636788048553,negative,-0.8675585284280937,reactionfusion_v1_provisional,train,approved,neutral,neutral,0.320770087023771,False,False,0.4533309434102465,0.0442397172975491,0.28203603401786353,0.320770087023771,0.19541668415325644,0.20177719480510906,0.13806619043666987,0.3297456947528039,0.003679148616316244,0.4037269103440166,0.2008164815894172,0.01027216440516747,0.34764411337662243,0.7918407950091323,0.0833282632842479,0.22593575217013404,0.1055355352147971,"candidate=neutral; anchor_balance=-0.301; mixed_evidence=0.044; strongest=fear=0.79, surprise=0.40",final_model,reactionfusion_v2_hybrid_development
430,33,77,9,102,1,7,0,229,229,RF_POST_000430,"මං කැම්පස් ගිහිල්ලත් නෑ, බූට් කාලත් නෑ, බූට් තියලත් නෑ 😞 ඒත් අර දිවුල්ගනේ මහත්තයගෙ සමනළ වැව පුරවන්නට සිංදුව ඇහිච්ච ගමන් මනෝ පාරක් වදිනවනෙ ඕයි උන්හිටිතැන් අමතක වෙලා යන්නම 😩💔",False,sinhala,d21b1c585f3a641633f69723c3340a251b37c7518bdca08fb6540038c7572abb,DUP_d21b1c585f3a6416,1,False,229,5.438079308923196,0.1441048034934497,0.1440677966101695,0.3362445414847161,0.3305084745762712,0.0393013100436681,0.0423728813559322,0.445414847161572,0.4364406779661017,0.0043668122270742,0.0084745762711864,0.0305676855895196,0.0338983050847457,0.0,0.0042372881355932,haha,0.445414847161572,0.1091703056768559,positive,0.4672100837992574,0.6989538630765244,0.6492644452326901,False,0.3578602620087336,0.0305676855895196,positive,0.8426082068577853,reactionfusion_v1_provisional,train,approved,positive,positive,0.5884859734690623,False,False,0.6779102967037334,0.10341004525989154,0.1337508934931559,0.07656945482168372,0.5884859734690623,0.20119367821609815,0.9999999796706742,0.9999944279829912,0.9533238079985394,2.514528553242343e-06,0.10423668361905983,1.0491123601847837e-11,0.0007338141631419123,8.405383787724068e-08,1.1307211183935576e-07,0.9997332514792026,0.008853714576607446,"candidate=positive; anchor_balance=0.316; mixed_evidence=0.103; strongest=joy=1.00, affection=1.00",final_model,reactionfusion_v2_hybrid_development
431,1048,240,17,1738,9,5,0,3057,3057,RF_POST_000431,Monetization on වෙන්න IQ test එකක් තිබ්බ නම් අපිට ඔය වට්ටක්කා හොදියි පාලම් බෝක්කුයි නැතුව හොඳ content බලන්ඩ පුලුවන් 😚,False,mixed,513fd201eaeb6d2e191d1b8d44178fe9fe42684b2a82718ba1d8d533e6181913,DUP_513fd201eaeb6d2e,1,False,3057,8.025516386489008,0.3428197579326136,0.3423629242819843,0.0785083415112855,0.0786553524804177,0.005561007523716,0.0058746736292428,0.5685312397775597,0.5675587467362925,0.0029440628066732,0.0032637075718015,0.0016355904481517,0.0019582245430809,0.0,0.0003263707571801,haha,0.5685312397775597,0.225711481844946,positive,0.2019971885652266,0.2667155141216367,0.4852985456773616,True,0.0815668956493294,0.0016355904481517,positive,0.960684096717122,reactionfusion_v1_provisional,train,approved,positive,positive,0.35655408617615975,False,False,0.4893002148896819,0.004471411885414847,0.2012319745662044,0.21498787044688208,0.35655408617615975,0.22722606881075372,0.9906920062011897,0.9548308336558399,0.8064178457899492,0.04710294412206711,0.09732076134033749,0.000481667298280826,0.01939781409256596,0.0005373930334843381,0.006388450578203026,0.8772899757833317,0.5381020748615166,"candidate=positive; anchor_balance=0.080; mixed_evidence=0.004; strongest=joy=0.99, affection=0.95",final_model,reactionfusion_v2_hybrid_development
432,27,5,1,249,1,1,0,284,284,RF_POST_000432,දැන් තනියම පාඩුවේ හිටියට ඉස්සර මට ලස්සන කොල්ලෙක් හිටියා ❤️,False,sinhala,a778cc510c5ab8dcf8003100d8ae45e2f71fa19c93bea5d2d6c8e1f6234e8f14,DUP_a778cc510c5ab8dc,1,False,284,5.652489180268651,0.0950704225352112,0.0962199312714776,0.0176056338028169,0.0206185567010309,0.0035211267605633,0.0068728522336769,0.8767605633802817,0.8591065292096219,0.0035211267605633,0.0068728522336769,0.0035211267605633,0.0068728522336769,0.0,0.0034364261168384,haha,0.8767605633802817,0.7816901408450704,neutral,0.2788834849155391,0.0659004186715318,0.2414383575150593,True,0.0195422535211267,0.0035211267605633,positive,0.6946564885496184,reactionfusion_v1_provisional,train,approved,negative,negative,0.3138716733228242,False,False,0.2867246797207777,0.011823698132815575,0.3138716733228242,0.2701817105029552,0.22898882058998155,0.18695779558423906,0.24197446129329717,0.3780068619631657,0.6684850923118565,0.14837924929043897,0.4908391417475284,0.37117408425902754,0.348540259261957,0.0011217564340369735,0.6388435991941807,0.17829701085882468,0.5693524360742429,"candidate=negative; anchor_balance=0.014; mixed_evidence=0.012; strongest=amusement=0.67, disgust=0.64",final_model,reactionfusion_v2_hybrid_development
433,198,1,10,4358,0,5,0,4572,4572,RF_POST_000433,"මයෙ ලිස්ටෙකේ යාලුවෙක් ඉන්නවා ඌ ජපන් ගිහිම් නම ජපන් අකුරු වලින් දාගන ඉන්නෙ දැන්, මට දැන් උගෙ නම මතක නෑ 🤦♂️",False,sinhala,23f17403ef986e47c4f445345dcf3a804d619ad0373d504b91899587c393e86e,DUP_23f17403ef986e47,1,False,4572,8.427924723658055,0.0433070866141732,0.0434592705830967,0.0002187226596675,0.0004367765887748,0.0021872265966754,0.0024022712382616,0.953193350831146,0.9519545752347676,0.0,0.0002183882943874,0.0010936132983377,0.0013103297663245,0.0,0.0002183882943874,haha,0.953193350831146,0.9098862642169728,neutral,0.5460099976766225,0.0014112484969767,0.1050154233139777,True,0.001421697287839,0.0010936132983377,positive,0.1304347826086956,reactionfusion_v1_provisional,train,approved,negative,negative,0.35312532063940827,False,False,0.10966817452439427,0.0006706068763230049,0.35312532063940827,0.25454084233307045,0.11309643733094595,0.27923739969657535,0.0034856258308411793,0.02773483421858701,0.7367441942231573,0.9391970167265935,0.214569869767177,0.8745272851289058,0.6732404129804758,9.780703872891232e-05,0.8926686316467646,0.015069937178216645,0.7744756639821568,"candidate=negative; anchor_balance=0.000; mixed_evidence=0.001; strongest=surprise=0.94, disgust=0.89",final_model,reactionfusion_v2_hybrid_development
434,41,11,0,384,0,1,0,437,437,RF_POST_000434,"ඇත්තටම මං හිතුවෙ නෑ කට්ටිය මට මෙච්චර ආදරෙයි කියලා, ආදරෙයි මං ගැන හොයලා බැලුවට, මං ඉන්නෙ මීගමුවෙ නෙමෙයි වැලිකඩ, මම හොඳින් ❤️",False,sinhala,039640177a878167ac1881d5dee4ce9ec6e5fd0ce2778acc8e807f307a1835b7,DUP_039640177a878167,1,False,437,6.082218910376446,0.0938215102974828,0.0945945945945946,0.0251716247139588,0.027027027027027,0.0,0.0022522522522522,0.8787185354691075,0.8671171171171171,0.0,0.0022522522522522,0.0022883295194508,0.0045045045045045,0.0,0.0022522522522522,haha,0.8787185354691075,0.7848970251716247,neutral,0.1326376998045111,0.0940574733277299,0.2272568579763244,True,0.0251716247139588,0.0022883295194508,positive,0.8333333333333334,reactionfusion_v1_provisional,train,approved,uncertain,neutral,0.28548487366035585,True,True,0.26199570370954,0.0070809649651227035,0.27413615894373317,0.28548487366035585,0.24938176429248565,0.19099720310342527,0.5245061527651171,0.518400184075503,0.6541053275946597,0.1832926809034484,0.46586142634601957,0.14510728032318046,0.26955021077433355,0.0003526429095162579,0.4085668166273909,0.23629592341960126,0.5512249148780748,"candidate=neutral; anchor_balance=0.022; mixed_evidence=0.007; strongest=amusement=0.65, sarcasm=0.55",final_model,reactionfusion_v2_hybrid_development
435,40,0,0,375,0,0,0,415,415,RF_POST_000435,"ජලනිටවත් බැරිද බන් සජියට කියන්ඩ තවුසෙ ඔහොම හැසිරෙන්ඩ එපා කියලා, ඒකිත් දකිනවා ඇතිනෙ පොර කියවන ඒවා 😣",False,sinhala,3d6944ca521b5ac59464d8d0b6e680b0c54b02503cd46c9642117f200ad40485,DUP_3d6944ca521b5ac5,1,False,415,6.030685260261263,0.0963855421686747,0.0971563981042654,0.0,0.0023696682464454,0.0,0.0023696682464454,0.9036144578313252,0.8909952606635071,0.0,0.0023696682464454,0.0,0.0023696682464454,0.0,0.0023696682464454,haha,0.9036144578313252,0.8072289156626506,neutral,0.5813258100675345,0.0,0.1629406304506636,True,0.0,0.0,neutral,0.0,reactionfusion_v1_provisional,train,approved,negative,negative,0.3613244393976629,False,False,0.20605895071100214,0.0030274063848535863,0.3613244393976629,0.23308283925429185,0.1525178683150803,0.25307485303296495,0.02595937142073724,0.11024724096896278,0.684688557593793,0.44554434590712416,0.5203057035519589,0.903121139258616,0.6362716592367957,0.001928866616930617,0.8966801790361695,0.07570822844128472,0.7171197940355877,"candidate=negative; anchor_balance=-0.001; mixed_evidence=0.003; strongest=anger=0.90, disgust=0.90",final_model,reactionfusion_v2_hybrid_development
437,59,0,0,713,3,1,1,777,777,RF_POST_000437,අධිකරණ ඇමති රටෙන් සමාව අරගෙන ඉල්ලා අස් විය යුතුයි!,False,sinhala,01b55658475b119cc130a0db43c02f52048280440a0cc9df475f38910140b9ff,DUP_01b55658475b119c,1,False,777,6.656726524178391,0.0759330759330759,0.0765306122448979,0.0,0.0012755102040816,0.0,0.0012755102040816,0.9176319176319176,0.9107142857142856,0.0038610038610038,0.0051020408163265,0.0012870012870012,0.0025510204081632,0.0012870012870012,0.0025510204081632,haha,0.9176319176319176,0.8416988416988417,neutral,0.5278106426901908,-0.0108880352529412,0.1609595439035724,True,0.0,0.0025740025740025,negative,-1.0,reactionfusion_v1_provisional,train,approved,negative,negative,0.3666711293543467,False,False,0.18308139523032782,0.00144783756432147,0.3666711293543467,0.2507648535035046,0.1394329096034566,0.24313110753869208,0.012070786322121484,0.053280142432811615,0.6874449242704025,0.6181172503093265,0.3662004609902661,0.9119219341715682,0.6112500652745426,0.0006306827727679815,0.906447133066783,0.03188830668305482,0.7340244789183784,"candidate=negative; anchor_balance=-0.003; mixed_evidence=0.001; strongest=anger=0.91, disgust=0.91",final_model,reactionfusion_v2_hybrid_development
439,343,139,12,428,1,2,1,926,926,RF_POST_000439,"මං නම් කියන්නෙ high capacity බයික් register කරන්ඩ දීලා ct100 pulser වගේ ඒවා තහනම් කරන්ඩෝනි, high capacity බයික් පදිනුන්ට මොලයක් තත්වයක් තියෙනවා 😚",False,mixed,ebda09b1b74f18c17bfae74f5e3971dfb9c4244da382e9a1c622d26b8096a696,DUP_ebda09b1b74f18c1,1,False,926,6.831953565565855,0.3704103671706263,0.3687031082529475,0.1501079913606911,0.15005359056806,0.0129589632829373,0.0139335476956055,0.4622030237580993,0.4598070739549839,0.0010799136069114,0.0021436227224008,0.0021598272138228,0.0032154340836012,0.0010799136069114,0.0021436227224008,haha,0.4622030237580993,0.091792656587473,positive,0.316832514253653,0.4406522933633311,0.5619840318807261,True,0.1572354211663066,0.0032397408207343,positive,0.9596231493943472,reactionfusion_v1_provisional,train,approved,positive,positive,0.43874307086715825,False,False,0.5725276975462846,0.012272833816640613,0.16834799447956933,0.1268733192731921,0.43874307086715825,0.2660356153800804,0.9999654171989256,0.9988971483662706,0.8322469029124534,0.0010349566702251953,0.1209471848222468,2.18775452290536e-06,0.0024551494804249093,0.000176654946182011,0.00022763765880675702,0.992890110680343,0.2828757269269201,"candidate=positive; anchor_balance=0.152; mixed_evidence=0.012; strongest=joy=1.00, affection=1.00",final_model,reactionfusion_v2_hybrid_development
441,13,0,1,115,0,0,0,129,129,RF_POST_000441,"සාත්තර අපල හොල්මන් ඇස්වහ වගේ දේවල් මම විශ්වාස කරන්නෑ, ඒත් හූනා චුක් චුක් ගානෙක විශ්වාස කරනවා බන් 😚",False,sinhala,208517f7f6c2007e570a6b23d62e2e955ea03f67917112509f623d73539e0703,DUP_208517f7f6c2007e,1,False,129,4.867534450455582,0.1007751937984496,0.1029411764705882,0.0,0.0073529411764705,0.0077519379844961,0.0147058823529411,0.8914728682170543,0.8529411764705882,0.0,0.0073529411764705,0.0,0.0073529411764705,0.0,0.0073529411764705,haha,0.8914728682170543,0.7906976744186046,neutral,0.4687341521675158,0.0177866824787129,0.1908366026012656,True,0.0042635658914728,0.0,positive,1.0,reactionfusion_v1_provisional,train,approved,negative,negative,0.33915195162537315,False,False,0.2961396078744896,0.017419976933793508,0.33915195162537315,0.23224960421741878,0.1974325369857242,0.2311659071714839,0.05001385717248361,0.2542900151101713,0.7000898236069678,0.0987598757757699,0.6511612518138783,0.8533531691499718,0.4597911627035491,0.00808622460166298,0.8922015780492151,0.16228147710781876,0.6232254725422308,"candidate=negative; anchor_balance=0.001; mixed_evidence=0.017; strongest=disgust=0.89, anger=0.85",final_model,reactionfusion_v2_hybrid_development
442,32,3,0,257,0,4,0,296,296,RF_POST_000442,උදේම වසන්ත කරන්නාගොඩ අංකල් Arrest කරලා කියලා දැනගත්ත ගමන් පපුව හෝස් ගාලා ගියා 🥹,False,mixed,2e2871111e804f6dca64db85515fe8bdb8a42bb8a68f75e647b86597ffc33d69,DUP_2e2871111e804f6d,1,False,296,5.6937321388027,0.1081081081081081,0.1089108910891089,0.0101351351351351,0.0132013201320132,0.0,0.0033003300330033,0.8682432432432432,0.8514851485148515,0.0,0.0033003300330033,0.0135135135135135,0.0165016501650165,0.0,0.0033003300330033,haha,0.8682432432432432,0.7601351351351351,neutral,0.5470993350659824,-0.0138621266361926,0.2404372033080545,True,0.0101351351351351,0.0135135135135135,negative,-0.1428571428571428,reactionfusion_v1_provisional,train,approved,negative,negative,0.3340451691061549,False,False,0.2876819043502163,0.01727990316559055,0.3340451691061549,0.24030291357723538,0.1605661861054748,0.26508573121113493,0.03266121455206734,0.19385676020568898,0.6701204007440795,0.3377745535929269,0.6163265242684367,0.8070230514177734,0.47972065742018904,0.007472421634512192,0.8578678342320404,0.11239072790716086,0.7351047748658506,"candidate=negative; anchor_balance=-0.005; mixed_evidence=0.017; strongest=disgust=0.86, anger=0.81",final_model,reactionfusion_v2_hybrid_development
445,23,1,0,240,0,0,0,264,264,RF_POST_000445,සලේ උපවාසේ අතහැරලා දෙන ඕන htc කාලා ශානි එක්කම ඉන්නම් කීවලු ❤️,False,mixed,1b8616746956743a139ae58b756009f80cc104faa3749e82121dd5f05c4bab40,DUP_1b8616746956743a,1,False,264,5.579729825986222,0.0871212121212121,0.088560885608856,0.0037878787878787,0.007380073800738,0.0,0.003690036900369,0.9090909090909092,0.8892988929889298,0.0,0.003690036900369,0.0,0.003690036900369,0.0,0.003690036900369,haha,0.9090909090909092,0.821969696969697,neutral,0.5023168115679374,0.0159569429998489,0.1646437916936009,True,0.0037878787878787,0.0,positive,1.0,reactionfusion_v1_provisional,train,approved,negative,negative,0.35777058245489807,False,False,0.2250505969119125,0.006643560056440221,0.35777058245489807,0.2407167384942037,0.17093260360581936,0.2305800754450788,0.0465661748752791,0.16620961261414807,0.6630037145361235,0.2784676593491354,0.5655906816484779,0.8581105473337257,0.5855515828243457,0.0021203463353972225,0.8886183688095907,0.09609020345968652,0.6794489858570474,"candidate=negative; anchor_balance=0.002; mixed_evidence=0.007; strongest=disgust=0.89, anger=0.86",final_model,reactionfusion_v2_hybrid_development
446,25,0,0,191,1,0,0,217,217,RF_POST_000446,බත් දන්සැල්වල බෝංචි උයද්දි ඕවා අඟලක්වත් තියලා ක/පපම් නැත්තම් තිබ්බටු හොදි කියලා හිතන්නෙ අපි 😣,False,sinhala,5e126ff009065d59c80624c030b0b4a07b1c57ef110c1c8463d0cad165be02a2,DUP_5e126ff009065d59,1,False,217,5.384495062789089,0.1152073732718894,0.1160714285714285,0.0,0.0044642857142857,0.0,0.0044642857142857,0.880184331797235,0.8571428571428571,0.0046082949308755,0.0089285714285714,0.0,0.0044642857142857,0.0,0.0044642857142857,haha,0.880184331797235,0.7649769585253456,neutral,0.591394034077162,0.0,0.1984111894245726,True,0.0,0.0,neutral,0.0,reactionfusion_v1_provisional,train,approved,negative,negative,0.3713596890661476,False,False,0.26766945730189073,0.007408708193177333,0.3713596890661476,0.25586367346942834,0.1758090344440151,0.19696760302040886,0.030558307731966095,0.12507900912284756,0.6647562537093864,0.21031894476623716,0.5064034113164438,0.915984347584897,0.5577790725939971,0.004744573703760228,0.9153758819700035,0.08167024567618385,0.6941509175434384,"candidate=negative; anchor_balance=-0.002; mixed_evidence=0.007; strongest=anger=0.92, disgust=0.92",final_model,reactionfusion_v2_hybrid_development
448,24,3,3,206,2,2,0,240,240,RF_POST_000448,"තුන් වෙනි වරටත් මම තනියම දෙන මහා උම්මා දන්සල තියෙනවා අදයි හෙටයි අපේ ගෙදර ඉස්සරහා, ඔයාලා හැමෝම එන්න ❤️",False,sinhala,41e7b2e55dc42a31af6cf4e709113f11b9bddcdc22a3d87cd3a8a9f00d9329dc,DUP_41e7b2e55dc42a31,1,False,240,5.484796933490655,0.1,0.1012145748987854,0.0125,0.0161943319838056,0.0125,0.0161943319838056,0.8583333333333333,0.8380566801619433,0.0083333333333333,0.0121457489878542,0.0083333333333333,0.0121457489878542,0.0,0.0040485829959514,haha,0.8583333333333333,0.7583333333333333,neutral,0.398274690246772,0.0448807773835946,0.2830151581274869,True,0.019375,0.0083333333333333,positive,0.3984962406015038,reactionfusion_v1_provisional,train,approved,negative,negative,0.33369586201709917,False,False,0.3303767237886658,0.021400921379022886,0.33369586201709917,0.26562889143642976,0.22120688803516944,0.1794683585113016,0.09451846483335952,0.31718828423157985,0.7230595964046458,0.12205382874981918,0.4979768803156057,0.5232643852920815,0.38452227144312456,0.0033609486780944216,0.7440141144235892,0.1619712345995564,0.5732797117268331,"candidate=negative; anchor_balance=0.009; mixed_evidence=0.021; strongest=disgust=0.74, amusement=0.72",final_model,reactionfusion_v2_hybrid_development
449,1286,20,6,8172,43,12,10,9549,9549,RF_POST_000449,Hto කොත්තුවා මහ රෑ ගිහිම් හොඳම සේවකයා කියලා කොල්ලන්ට දෙන බයික් එක video කරලා ඉවර උනාම ආයෙ ගන්නවලු 🤣🤣,False,mixed,f75252bd02b1a814cb33413727134764949dcaea568d6b2eb48ed4e3239ee0db,DUP_f75252bd02b1a814,1,False,9549,9.164296433474776,0.1346737878311865,0.1346797823357053,0.0020944601528955,0.0021975722059439,0.0006283380458686,0.0007325240686479,0.8557964184731386,0.8552741732942654,0.0045030893287255,0.00460443700293,0.0012566760917373,0.0013604018417748,0.0010472300764477,0.0011511092507325,haha,0.8557964184731386,0.721122630641952,neutral,0.6155073967180436,0.000558548547588,0.2367714341715448,True,0.0024400460781233,0.0023039061681851,neutral,0.0286975717439293,reactionfusion_v1_provisional,train,approved,negative,negative,0.3371330475738651,False,False,0.23845027310352807,0.0023954820236436474,0.3371330475738651,0.2681829686889491,0.11407578422336079,0.2806081995138252,0.001823716201305309,0.02831938372331964,0.7467910135529185,0.9658039532206755,0.10068470247658183,0.8966879172838718,0.5348289977990048,0.0006313644843207453,0.8894254094589368,0.021502773764902103,0.812274716910602,"candidate=negative; anchor_balance=0.000; mixed_evidence=0.002; strongest=surprise=0.97, anger=0.90",final_model,reactionfusion_v2_hybrid_development
450,463,16,2,2994,4,1,3,3483,3483,RF_POST_000450,"දකුණේ උන් post දානවා දැන් තේරෙනවද Mr.කොත්තු දකුණෙ open කරන් නැත්තෙ ඇයි අහලා, ඒ උනාට හෙල රැවුලා කු/ගල ඉඳන් දකුණට ගිහිම් කෑමවලට hcnw 😚",False,mixed,148e616a3f2d30d5f3b77aea6d0c26ffdc176f417c3c0b613c91a2bef3c529b6,DUP_148e616a3f2d30d5,1,False,3483,8.155936337972394,0.1329313809933965,0.1329512893982808,0.0045937410278495,0.0048710601719197,0.0005742176284811,0.0008595988538681,0.859603789836348,0.8581661891117478,0.0011484352569623,0.0014326647564469,0.0002871088142405,0.0005730659025787,0.0008613264427217,0.0011461318051575,haha,0.859603789836348,0.7266724088429515,neutral,0.5348735483092859,0.0154569869273852,0.2279122996489883,True,0.0049095607235142,0.0011484352569623,positive,0.6208530805687204,reactionfusion_v1_provisional,train,approved,negative,negative,0.3366761959206802,False,False,0.23277126895981395,0.001600719328090411,0.3366761959206802,0.24334571231740373,0.12745326772178123,0.2925248240401349,0.009594640208707194,0.07165168876101359,0.7322711646244291,0.8838542846712479,0.2071221139971242,0.821732880268529,0.5169674497613674,0.0008286055391278713,0.8245477629681652,0.05197099392229933,0.7668855952119555,"candidate=negative; anchor_balance=0.004; mixed_evidence=0.002; strongest=surprise=0.88, disgust=0.82",final_model,reactionfusion_v2_hybrid_development
451,620,87,7,523,1,1,1,1240,1240,RF_POST_000451,"කොත්තුවා ගැන අපි නම් කීවේ අද ඊයෙක නෙමෙයි, ඌ ගැන හෑලි ලියාගෙන නටපු උන්ට අද video වලින්ම ඌ කෞද කියලා බලාගන්ඩ පුලුවන් 😚",False,mixed,fac1664992926d174327301af3e2b3a39fc4417aa84db8a34621102c1d5f149b,DUP_fac1664992926d17,1,False,1240,7.123672785204607,0.5,0.4979951884522854,0.0701612903225806,0.0705693664795509,0.0056451612903225,0.0064153969526864,0.4217741935483871,0.4202085004009623,0.0008064516129032,0.0016038492381716,0.0008064516129032,0.0016038492381716,0.0008064516129032,0.0016038492381716,like,0.5,0.0782258064516129,positive,0.1670904652261684,0.2205658893160255,0.4848929655700618,True,0.073266129032258,0.0016129032258064,positive,0.9569197630586967,reactionfusion_v1_provisional,train,approved,positive,positive,0.31914583459492507,False,False,0.49434636274617744,0.006342856298266912,0.2086659632164171,0.2133479156252443,0.31914583459492507,0.25884028656341346,0.9525639628544436,0.9132055214678557,0.7473423721353718,0.01459898395102678,0.1962568295950881,0.006834094674957673,0.04691654673501918,0.018250206235664965,0.028990674124177118,0.9095106319470074,0.6971651565679606,"candidate=positive; anchor_balance=0.071; mixed_evidence=0.006; strongest=joy=0.95, affection=0.91",final_model,reactionfusion_v2_hybrid_development
452,88,5,1,1390,1,1,0,1486,1486,RF_POST_000452,"රඛිත රාජපක්ෂ hrc ktge ගෑනිගෙන් ලක්ෂ 1200ක් අරන් තියෙන්නෙ නීතිඥ ගාස්තුලු බන්, රඛිත ඒකෙන් ලක්ෂ 200ක් චරිත්ට දීලා තියෙන්නෙ බෙහෙත් ගන්ඩලු, අපි නිකම් කලබල උනා 🙂",False,mixed,36e0d585159fad1b771fb331ed30118c31f956cc8e26b7d08eecf41f47525455,DUP_36e0d585159fad1b,1,False,1486,7.304515946460155,0.0592193808882907,0.0596115204286671,0.003364737550471,0.0040187541862022,0.0006729475100942,0.001339584728734,0.9353970390309556,0.9316811788345613,0.0006729475100942,0.001339584728734,0.0006729475100942,0.001339584728734,0.0,0.000669792364367,haha,0.9353970390309556,0.8761776581426649,neutral,0.5060024641229545,0.01305527526107,0.1355454108277055,True,0.0037348586810228,0.0006729475100942,positive,0.6946564885496184,reactionfusion_v1_provisional,train,approved,negative,negative,0.3561947488515437,False,False,0.1478384868038412,0.0011882530754494939,0.3561947488515437,0.2382059504185098,0.13123182879492076,0.27436747193502575,0.01456994387141245,0.06372698216552386,0.7022713101863161,0.778435904182784,0.33720523311445305,0.8364781894849652,0.6391997600180731,0.00024717088941395623,0.8709260198017055,0.03449794222383619,0.7316297899872631,"candidate=negative; anchor_balance=0.003; mixed_evidence=0.001; strongest=disgust=0.87, anger=0.84",final_model,reactionfusion_v2_hybrid_development
455,367,8,2,1510,1,1,1,1890,1890,RF_POST_000455,මට නිකම් කඳට දැනෙනවා දයාසිරි http නටන විදියට ඊලඟ ටිකට් එක උට ඇදෙයි කියලා 😍,False,mixed,e49c2f9c4b0302531d1f691000575ba630f0cf6a90d9ece805f5309f5947571c,DUP_e49c2f9c4b030253,1,False,1890,7.544861068658458,0.1941798941798941,0.1939905113336847,0.0042328042328042,0.0047443331576172,0.001058201058201,0.0015814443858724,0.798941798941799,0.7965208223510807,0.0005291005291005,0.0010542962572482,0.0005291005291005,0.0010542962572482,0.0005291005291005,0.0010542962572482,haha,0.798941798941799,0.6047619047619047,neutral,0.5589848010162385,0.0149834723739739,0.2774784624534618,True,0.0048148148148148,0.001058201058201,positive,0.6396396396396397,reactionfusion_v1_provisional,train,approved,negative,negative,0.3334563814637969,False,False,0.2860413040692402,0.002412578210388953,0.3334563814637969,0.22974577387895495,0.13931335173799836,0.2974844929192498,0.018511029030042113,0.1275853838353818,0.7453562218454511,0.7344381879969283,0.28546640491165276,0.8329268201195347,0.49053555174903063,0.004693613772300406,0.7856775237599575,0.12134033535385606,0.7756223525618061,"candidate=negative; anchor_balance=0.004; mixed_evidence=0.002; strongest=anger=0.83, disgust=0.79",final_model,reactionfusion_v2_hybrid_development
458,474,13,2,14,3,175,0,681,681,RF_POST_000458,මනුස්සයෙක් අරහෙම ගඟේ පා කරලා යවන්ඩ නම් ඌත් අනිවා ඒ වගේම දෙයක් කරලා ඇති එහෙම කරපු උන්ට 🙃,False,sinhala,06cc68d5b2ed62bf7baaca963bad3a78ea1162952f772a042d2d49a9f498f2fb,DUP_06cc68d5b2ed62bf,1,False,681,6.525029657843462,0.6960352422907489,0.690406976744186,0.0190895741556534,0.0203488372093023,0.0029368575624082,0.004360465116279,0.0205580029368575,0.0218023255813953,0.0044052863436123,0.005813953488372,0.2569750367107195,0.2558139534883721,0.0,0.001453488372093,like,0.6960352422907489,0.4390602055800294,negative,0.3415675932172877,-0.429646367639377,0.4100039741179506,True,0.0207048458149779,0.2569750367107195,negative,-0.8508725542041249,reactionfusion_v1_provisional,train,approved,neutral,neutral,0.3112552614369492,False,False,0.4266987835393064,0.0388246276883148,0.27411412620941517,0.3112552614369492,0.21804243664230635,0.1965881757113291,0.23685706908310966,0.23509996913124434,0.0012474505417861914,0.45064370825361316,0.19509447578970138,0.02135015598963603,0.4944895695409248,0.854430934971421,0.1504484079683857,0.2314791807800951,0.09687354293953496,"candidate=neutral; anchor_balance=-0.235; mixed_evidence=0.039; strongest=fear=0.85, care_empathy=0.49",final_model,reactionfusion_v2_hybrid_development
460,52,3,1,699,2,0,0,757,757,RF_POST_000460,Monetization නිසා දැන් ගොඩක් කෙල්ලො workout කරන්ඩ පටන්ගෙන නේත 😍,False,mixed,6ee5b2d46939c710aa13a4352dd7830472e0c920da2b510b815423cf86d01608,DUP_6ee5b2d46939c710,1,False,757,6.630683385642372,0.0686922060766182,0.0693717277486911,0.0039630118890356,0.0052356020942408,0.0013210039630118,0.0026178010471204,0.9233817701453104,0.9162303664921466,0.0026420079260237,0.0039267015706806,0.0,0.0013089005235602,0.0,0.0013089005235602,haha,0.9233817701453104,0.8546895640686922,neutral,0.4823522254306302,0.0198740411808046,0.1561893264730055,True,0.0046895640686922,0.0,positive,1.0,reactionfusion_v1_provisional,train,approved,negative,negative,0.36504469720067656,False,False,0.1785573263258051,0.0018697102233068597,0.36504469720067656,0.2470769149908288,0.15154336062423138,0.23633502718426322,0.028502766474177092,0.09345858164261828,0.6870506985539343,0.568732284098503,0.39374013499446997,0.8213896029090163,0.6140258127698033,0.0004408219365592116,0.8645984547671183,0.0503638966916513,0.6937444642766492,"candidate=negative; anchor_balance=0.004; mixed_evidence=0.002; strongest=disgust=0.86, anger=0.82",final_model,reactionfusion_v2_hybrid_development
461,84,4,0,1179,3,0,0,1270,1270,RF_POST_000461,අඩෝ සුගියට බන්ධනාගාරෙ ඇතුලෙ උන් කතා කරන්නෙ පඩි දෙකා කියලලු 😚,False,sinhala,ec58d4b46ca8461af457ada8e3b97c7f17c4ce10c0f108d445f23b79fc09cbc2,DUP_ec58d4b46ca8461a,1,False,1270,7.147559271189454,0.0661417322834645,0.0665622552858261,0.0031496062992125,0.0039154267815191,0.0,0.0007830853563038,0.9283464566929134,0.9240407204385278,0.0023622047244094,0.0031323414252153,0.0,0.0007830853563038,0.0,0.0007830853563038,haha,0.9283464566929134,0.8622047244094488,neutral,0.5083775925588151,0.0133895010260374,0.144452219898625,True,0.0031496062992125,0.0,positive,1.0,reactionfusion_v1_provisional,train,approved,negative,negative,0.361821659196287,False,False,0.15926878225322258,0.0009977684087907445,0.361821659196287,0.24201071725644943,0.13512657892820376,0.2610410446190599,0.015504143013256397,0.06219942947246541,0.6944607699035247,0.7336250529270476,0.3273864129803095,0.8537899895359004,0.6383911555110267,0.0002987223174192275,0.8821841472864922,0.034484915976925004,0.7297030119142877,"candidate=negative; anchor_balance=0.003; mixed_evidence=0.001; strongest=disgust=0.88, anger=0.85",final_model,reactionfusion_v2_hybrid_development
462,27,9,2,689,1,1,0,729,729,RF_POST_000462,එදා යුlද්ධ කාලේ කොල්ලො හමුදාවට එන්ඩ තිබුන බය නැති කරන්ඩ තමෛ මහින්ද රාජපක්ෂ දෙපාරක් හිතන් නැතුව තමන්ගෙ පුතාව නේවි එකට බාර දුන්නෙ ❤️,False,mixed,1bed88819f0300ccb564df29957cf030a3547cb80a9fc9ccbe85cc95715620ff,DUP_1bed88819f0300cc,1,False,729,6.593044534142437,0.037037037037037,0.0380434782608695,0.0123456790123456,0.0135869565217391,0.0027434842249657,0.0040760869565217,0.9451303155006858,0.9375,0.0013717421124828,0.0027173913043478,0.0013717421124828,0.0027173913043478,0.0,0.0013586956521739,haha,0.9451303155006858,0.9080932784636488,neutral,0.3159589108830769,0.0532263195771918,0.1356296887659655,True,0.0138545953360768,0.0013717421124828,positive,0.8198198198198198,reactionfusion_v1_provisional,train,approved,negative,negative,0.35796773866514303,False,False,0.15765518735998046,0.0025704650113040294,0.35796773866514303,0.27514998355756437,0.18192116870454336,0.18496110907274926,0.11000228453803962,0.17503461776635065,0.6790833910843451,0.4295086840587103,0.4109095225734985,0.46870379281190666,0.49439356616150637,0.00010677353628081961,0.6968081651762191,0.06358043151756937,0.6152540856413125,"candidate=negative; anchor_balance=0.012; mixed_evidence=0.003; strongest=disgust=0.70, amusement=0.68",final_model,reactionfusion_v2_hybrid_development
466,99,41,10,330,10,1,0,491,491,RF_POST_000466,Dp eke අහක බලාගෙන සුදු ඇදන් ඉන්න කොල්ලා මගේ echchri!!! 💗😒🫶,False,mixed,87dfdf27f0eefd6daabb6e8cc1051183f467ebe65c0ef0aa32f8f07177aaadd8,DUP_87dfdf27f0eefd6d,1,False,491,6.198478716492308,0.2016293279022403,0.2008032128514056,0.0835030549898167,0.0843373493975903,0.020366598778004,0.0220883534136546,0.6720977596741344,0.6646586345381527,0.020366598778004,0.0220883534136546,0.0020366598778004,0.0040160642570281,0.0,0.002008032128514,haha,0.6720977596741344,0.470468431771894,positive,0.2419024441691054,0.3220614301085479,0.497705278976557,True,0.0947046843177189,0.0020366598778004,positive,0.9578947368421052,reactionfusion_v1_provisional,train,approved,positive,positive,0.4981765677504263,False,False,0.5167242912096455,0.012451187739991456,0.17708026867066412,0.20615469885387996,0.4981765677504263,0.11858846472502962,0.9994920089024641,0.938623777279738,0.8090963866407253,0.002774784284175886,0.06325964982256266,1.3337189341843671e-05,0.013527585484164675,1.7866571732691763e-05,0.0005266677268106412,0.7470572576370306,0.0897236382377645,"candidate=positive; anchor_balance=0.090; mixed_evidence=0.012; strongest=joy=1.00, affection=0.94",final_model,reactionfusion_v2_hybrid_development
467,130,1,1,1620,2,0,0,1754,1754,RF_POST_000467,"නාමලයට තාත්තා වගේ උඩු රැවුල තියන්ඩ කියපු පොර තංගල්ලෙ එකෙක්ලු, ඌට එහෙම කියන්ඩ කියලා මුන් ඌව කන්තලේට යවලා තියෙන්නේ 🤣🤣",False,sinhala,70f67a6a9fe6368632c5330b644726b4e192e09e019b1c61ce5f2481fe47efc4,DUP_70f67a6a9fe63686,1,False,1754,7.470224135899966,0.0741163055872291,0.0743895513912549,0.000570125427594,0.0011357183418512,0.000570125427594,0.0011357183418512,0.9236031927023944,0.9204997160704146,0.0011402508551881,0.0017035775127768,0.0,0.0005678591709256,0.0,0.0005678591709256,haha,0.9236031927023944,0.8494868871151653,neutral,0.5546892877725219,0.0037514068690281,0.1451788402756766,True,0.0008836944127708,0.0,positive,1.0,reactionfusion_v1_provisional,train,approved,negative,negative,0.3545021992369654,False,False,0.156378964831681,0.0007104098345561885,0.3545021992369654,0.23498652459131258,0.12475216770118386,0.28575910847053804,0.008794333581780465,0.04983864072156595,0.7122103913855554,0.8254936599119367,0.30829398534685687,0.8901696855477805,0.6635919214266683,0.00036549324724711936,0.8951580443787895,0.03154580234358969,0.7544732704232604,"candidate=negative; anchor_balance=0.001; mixed_evidence=0.001; strongest=disgust=0.90, anger=0.89",final_model,reactionfusion_v2_hybrid_development
468,105,2,1,1233,1,1,0,1343,1343,RF_POST_000468,FB වැඩ නැති උන ගමන් ටීපෝසයා එහෙම සෑහෙන්ඩ බය වෙන්ඩැති නේත අයෙ ගෑනිගෙන් හම්බකරන් කන්ඩ නැති වෙයි කියලා 🥹,False,mixed,e01826c542e40eaf8e8861355eb58da1b795af3ed1c03b46266ab071cc598aa7,DUP_e01826c542e40eaf,1,False,1343,7.203405521083095,0.0781831720029784,0.0785185185185185,0.0014892032762472,0.0022222222222222,0.0007446016381236,0.0014814814814814,0.9180938198064036,0.914074074074074,0.0007446016381236,0.0014814814814814,0.0007446016381236,0.0014814814814814,0.0,0.0007407407407407,haha,0.9180938198064036,0.8399106478034252,neutral,0.5544616934292373,0.0048839392857539,0.1559708141301658,True,0.0018987341772151,0.0007446016381236,positive,0.4366197183098591,reactionfusion_v1_provisional,train,approved,negative,negative,0.3525563560757452,False,False,0.16947208821709495,0.0015064185619297328,0.3525563560757452,0.23047489693154874,0.12919011158496774,0.2877786354077384,0.011691724306711376,0.0638809909603384,0.7062720690585325,0.7760479496718482,0.35452073048981475,0.8814051618902707,0.6549938201936784,0.000527792785742304,0.8898945684894279,0.04055643279712357,0.7451618361154494,"candidate=negative; anchor_balance=0.001; mixed_evidence=0.002; strongest=disgust=0.89, anger=0.88",final_model,reactionfusion_v2_hybrid_development
469,24,0,1,213,0,1,0,239,239,RF_POST_000469,"මං හිතුවේ අකවුන්ට් එකට හරි තමෛ කියලා, බැලින්නම් මෙටා එකේ නෝ බෝලයක් 😚",False,sinhala,ab9b7e2b0a2825f264acf17c47b4c1b14aca6c07d3a5c57ed299ecc059f2f813,DUP_ab9b7e2b0a2825f2,1,False,239,5.480638923341991,0.100418410041841,0.1016260162601626,0.0,0.0040650406504065,0.00418410041841,0.008130081300813,0.891213389121339,0.8699186991869918,0.0,0.0040650406504065,0.00418410041841,0.008130081300813,0.0,0.0040650406504065,haha,0.891213389121339,0.7907949790794979,neutral,0.5536690979092026,-0.0078526908245845,0.1949078061868038,True,0.0023012552301255,0.00418410041841,negative,-0.2903225806451612,reactionfusion_v1_provisional,train,approved,negative,negative,0.35026073804360064,False,False,0.2564231696607018,0.008755913110365427,0.35026073804360064,0.24052906122079382,0.17238440108863817,0.23682579964696726,0.03506749150627689,0.16786558766254073,0.6988411956316873,0.2630567005888119,0.6120617863500357,0.8693467417752129,0.5378108743116407,0.004620578025601952,0.867226031778622,0.11176597018161863,0.6768883537611878,"candidate=negative; anchor_balance=-0.004; mixed_evidence=0.009; strongest=anger=0.87, disgust=0.87",final_model,reactionfusion_v2_hybrid_development
470,105,5,2,1255,2,2,0,1371,1371,RF_POST_000470,"ශානු බැන්දට පස්සෙ පලවෙනි කෑම වේල ඉව්වලු නේත, බොන්ඩ හේතුවක් නැතුව හිටියේ අද බොන්ඩෝනි ටිකක් සතුටට 😍",False,sinhala,fbc85fc8bef4eaee9fa36b1275eb7c75eb988bb700a4c3b2c4c4c30cc24217a7,DUP_fbc85fc8bef4eaee,1,False,1371,7.22402480828583,0.0765864332603938,0.0769230769230769,0.0036469730123997,0.0043541364296081,0.0014587892049598,0.002177068214804,0.9153902261123268,0.911465892597968,0.0014587892049598,0.002177068214804,0.0014587892049598,0.002177068214804,0.0,0.0007256894049346,haha,0.9153902261123268,0.8388037928519329,neutral,0.5225335728644874,0.0126225361468984,0.1679178571324536,True,0.0044493070751276,0.0014587892049598,positive,0.5061728395061729,reactionfusion_v1_provisional,train,approved,negative,negative,0.35193598137236,False,False,0.1802497939908295,0.0020928858518528826,0.35193598137236,0.23548821094280098,0.13477215007788235,0.27780365760695663,0.01533588639320903,0.07568468090052387,0.7043191412702466,0.7594181490300479,0.3416989212727565,0.836701468044117,0.619668283354182,0.0004673014816152044,0.8671111146092458,0.04442184355077349,0.728264559559492,"candidate=negative; anchor_balance=0.003; mixed_evidence=0.002; strongest=disgust=0.87, anger=0.84",final_model,reactionfusion_v2_hybrid_development
471,58,1,3,1773,1,7,0,1843,1843,RF_POST_000471,"පුදුම ආන්ඩුවක් තමෛ මේක නම්, මිනිහා එක්ක තියෙන තරහට ගෑනි අල්ලගෙන, පෞ ශෂී වීරවංශ 🥹",False,sinhala,86172b64b6f5fac8eaa385cdebbce5e83743680a7e481fa98e543008fce25d25,DUP_86172b64b6f5fac8,1,False,1843,7.519692404116539,0.0314704286489419,0.0318918918918918,0.0005425935973955,0.001081081081081,0.0016277807921866,0.0021621621621621,0.9620184481823114,0.9589189189189188,0.0005425935973955,0.001081081081081,0.0037981551817688,0.0043243243243243,0.0,0.0005405405405405,haha,0.9620184481823114,0.9305480195333696,neutral,0.5012675112872651,-0.0101854799497182,0.0955218185524002,True,0.0014378730330982,0.0037981551817688,negative,-0.4507772020725388,reactionfusion_v1_provisional,train,approved,negative,negative,0.35842055999289985,False,False,0.10573322108771481,0.0009601719536614102,0.35842055999289985,0.24651618808223766,0.11971230455646614,0.2753509473683964,0.006589952829599582,0.03477211753429024,0.7178005334499721,0.8390271446794845,0.33330825037512396,0.8764397985159684,0.6702921678674019,0.0001304751984830993,0.890015274936859,0.017562324650506264,0.7567322934186671,"candidate=negative; anchor_balance=-0.003; mixed_evidence=0.001; strongest=disgust=0.89, anger=0.88",final_model,reactionfusion_v2_hybrid_development
472,557,336,41,1112,0,0,0,2046,2046,RF_POST_000472,යෂ් පැංචි Sunsilk බැයිනම් මාමයිට් ඔලුවෙ ගාන advertisement එකක හිටියත් කමක් නෑ ඒකිට මං හෙන ආදරෙයි 😘,False,mixed,d2f4e2a770f8d6964185fef11addb7d9e6cf88a12bf104a784b21e9ca4a76d7d,DUP_d2f4e2a770f8d696,1,False,2046,7.624130585661289,0.272238514173998,0.2717973697028738,0.1642228739002932,0.164150024354603,0.0200391006842619,0.0204578665367754,0.5434995112414467,0.5421334632245495,0.0,0.0004870920603994,0.0,0.0004870920603994,0.0,0.0004870920603994,haha,0.5434995112414467,0.2712609970674486,positive,0.3727428836766728,0.512378753997407,0.5450494160085365,False,0.1752443792766373,0.0,positive,1.0,reactionfusion_v1_provisional,train,approved,positive,positive,0.49078986479827,False,False,0.5515754092762862,0.002149344020560297,0.16646268869996547,0.11349734597182716,0.49078986479827,0.2292501005299374,0.9999981072457508,0.9998198845232926,0.7901546383651366,0.0016597633265436663,0.07579291540100373,6.378480735903134e-08,0.001103809821486477,5.461748247136315e-06,2.2489517405417946e-05,0.9961611360587005,0.10627438651456983,"candidate=positive; anchor_balance=0.174; mixed_evidence=0.002; strongest=joy=1.00, affection=1.00",final_model,reactionfusion_v2_hybrid_development
474,25,4,1,643,1,1,0,675,675,RF_POST_000474,"අද සලේගෙ අම්මා අඬපු නිසයි, කට්ටිය බෝධි පූජා තියපු නිසයි, වීරවංශත් සලේව නිදහස් කරන්ඩ කියපු නිසයි හෙට සලේව නිදහස් කරයි 😍",False,sinhala,b237f0ff29d4ef3f21b541f376a14d737147d33394955beb78eddf1f91a658bf,DUP_b237f0ff29d4ef3f,1,False,675,6.516193076042964,0.037037037037037,0.0381231671554252,0.0059259259259259,0.0073313782991202,0.0014814814814814,0.002932551319648,0.9525925925925924,0.9442815249266864,0.0014814814814814,0.002932551319648,0.0014814814814814,0.002932551319648,0.0,0.001466275659824,haha,0.9525925925925924,0.9155555555555556,neutral,0.4534517869082869,0.0225709661603335,0.1170035642210104,True,0.0067407407407407,0.0014814814814814,positive,0.6396396396396397,reactionfusion_v1_provisional,train,approved,negative,negative,0.3703846921120259,False,False,0.14162771902667798,0.0024919833259826035,0.3703846921120259,0.25253286950032217,0.15270632465794787,0.2243761137297041,0.032896491059711604,0.09377287127932248,0.6785744607223827,0.5280007355851122,0.43726699393823165,0.780303520052721,0.6266960887619533,0.00020976283587395054,0.8600882704626238,0.04081297319442901,0.6829882237467422,"candidate=negative; anchor_balance=0.005; mixed_evidence=0.002; strongest=disgust=0.86, anger=0.78",final_model,reactionfusion_v2_hybrid_development
475,159,4,0,1955,5,1,0,2124,2124,RF_POST_000475,"අපේ htyo තමෛ තවුසෙ ඒයි හලෝ ගගා අපිට කතා කරන්නෙ, ඒකට සලේගෙ වයිෆ් සර් කියලා කතා කරන්නෙ 😏",False,mixed,676222f54b9a7b39ce2696dae4a7f6a83aebaeb17f0d6cccb431839d94091322,DUP_676222f54b9a7b39,1,False,2124,7.661527081358517,0.0748587570621469,0.0750821210699202,0.0018832391713747,0.002346316283435,0.0,0.000469263256687,0.9204331450094162,0.9178789300797748,0.0023540489642184,0.002815579540122,0.0004708097928436,0.000938526513374,0.0,0.000469263256687,haha,0.9204331450094162,0.8455743879472694,neutral,0.5483150213980411,0.0059838906290069,0.1541843153701685,True,0.0018832391713747,0.0004708097928436,positive,0.6,reactionfusion_v1_provisional,train,approved,negative,negative,0.3547673037543152,False,False,0.16317852458434035,0.0009188842304139296,0.3547673037543152,0.24048317602087096,0.12414066807789563,0.28060885214691816,0.00787266099042918,0.045520915271451794,0.7088071708803134,0.8501625915590891,0.2661245035809407,0.8819535812533353,0.6464896181029867,0.00031680895804028775,0.8949802284567236,0.027713541025025542,0.7587017572721128,"candidate=negative; anchor_balance=0.001; mixed_evidence=0.001; strongest=disgust=0.89, anger=0.88",final_model,reactionfusion_v2_hybrid_development
477,577,8,2,348,2,16,26,979,979,RF_POST_000477,"අර වැඩිහිටි නිවාසේ සීන්නෙකේදී සමහර Film වල තියෙන ඒවයි, ඒ ලොකු අය්යා කියන පොරගෙ මූන දැක්කමයි මට හිතෙනවා බන් ඒක උගෙ ගේමක් කියලා 🙃",False,mixed,e0118e5844a05753bdbaf798c0c76a6c661871613b2861d9c760baf052ba7fab,DUP_e0118e5844a05753,1,False,979,6.887552571664617,0.5893769152196119,0.5862068965517241,0.0081716036772216,0.0091277890466531,0.0020429009193054,0.0030425963488843,0.355464759959142,0.3539553752535497,0.0020429009193054,0.0030425963488843,0.0163432073544433,0.0172413793103448,0.0265577119509703,0.0273833671399594,like,0.5893769152196119,0.2339121552604698,neutral,0.1123612000995308,-0.1016094849213106,0.4663367498461387,True,0.0092951991828396,0.0429009193054136,negative,-0.6438356164383561,reactionfusion_v1_provisional,train,approved,neutral,neutral,0.35329394004868375,False,False,0.47656641699173,0.02058998921282728,0.34177092772658624,0.35329394004868375,0.15680877448466013,0.1481263577400699,0.014959610781286813,0.10725810820831239,0.24812991116080604,0.04350709623998768,0.08777180981091044,0.8641487618516881,0.03866487969662541,0.26411003070113687,0.550433764762123,0.12628649659178942,0.6941618698618449,"candidate=neutral; anchor_balance=-0.034; mixed_evidence=0.021; strongest=anger=0.86, sarcasm=0.69",final_model,reactionfusion_v2_hybrid_development
478,49,0,0,1056,1,2,1,1109,1109,RF_POST_000478,"නාමලයා අර ටැමිල් කොල්ලා Arrest කරපු එක ගැන tweet එකක් දාලා තියෙන්නෙ තලපතිට පේන්ඩ, ඌ ගනම් අරගෙන නෑ දවස් 2ක් ගිහිල්ලත් 💔",False,mixed,1d0d1a137680dd1a7d406c85cb51b3f360a25e5a0205d371997ab30491fc22a9,DUP_1d0d1a137680dd1a,1,False,1109,7.01211529430638,0.0441839495040577,0.0448028673835125,0.0,0.0008960573476702,0.0,0.0008960573476702,0.9522091974752028,0.9471326164874552,0.0009017132551848,0.0017921146953405,0.0018034265103697,0.0026881720430107,0.0009017132551848,0.0017921146953405,haha,0.9522091974752028,0.9080252479711453,neutral,0.4999109049546487,-0.0116324843548314,0.1071455915804171,True,0.0,0.0027051397655545,negative,-1.0,reactionfusion_v1_provisional,train,approved,negative,negative,0.36298877933804147,False,False,0.12422684952411789,0.0006901491640228771,0.36298877933804147,0.24573427420713592,0.12732215375495537,0.26395479269986716,0.009820205459431075,0.04199031437307161,0.6994471392034981,0.7314222945773883,0.3735964346750508,0.8970126037918509,0.6500414550812837,0.00021636511018690262,0.898429834862745,0.022308565167538246,0.7464562757167527,"candidate=negative; anchor_balance=-0.003; mixed_evidence=0.001; strongest=disgust=0.90, anger=0.90",final_model,reactionfusion_v2_hybrid_development
479,36,1,0,389,1,0,0,427,427,RF_POST_000479,දැන් ඔය දෙවනි ඉනිමේ රඟපාපු උන්ට පැන්ෂන් එකක් එහෙම හම්බෙනවද 🙂,False,sinhala,5c7d43dbaff31a2e7de842187dee936d1f63153436e9f9fc2a38d04bf51e505d,DUP_5c7d43dbaff31a2e,1,False,427,6.059123195581797,0.0843091334894613,0.0852534562211981,0.0023419203747072,0.0046082949308755,0.0,0.0023041474654377,0.911007025761124,0.8986175115207373,0.0023419203747072,0.0046082949308755,0.0,0.0023041474654377,0.0,0.0023041474654377,haha,0.911007025761124,0.8266978922716628,neutral,0.5346187305522243,0.0098775280417682,0.1653714361478725,True,0.0023419203747072,0.0,positive,1.0,reactionfusion_v1_provisional,train,approved,negative,negative,0.36831146077303883,False,False,0.20428944920889372,0.0037657041328828336,0.36831146077303883,0.24261506837216126,0.15681516757725997,0.23225830327754,0.02730948720901749,0.10576356117047757,0.6718681610771157,0.42798214297731035,0.476072727388553,0.888058446910598,0.6348747484779304,0.0012950490615049686,0.903891802205069,0.06359152635258965,0.7054382067255058,"candidate=negative; anchor_balance=0.001; mixed_evidence=0.004; strongest=disgust=0.90, anger=0.89",final_model,reactionfusion_v2_hybrid_development
480,258,51,5,82,1,2,0,399,399,RF_POST_000480,වැඩිහිටි නිවාසෙකට කෑම වේලක් දීලා තියෙනවද කියලා තමන්ගෙ හිතෙන් අහපම් මේකට ඇවිත් මනුස්සකම ගැන ක|යිවාරු ග්හම්ඩ කලිම් 😚,False,sinhala,8637bf55197c8ba1401541adc4a54a04f45726bfab1d8ba3747e7daf6e26a203,DUP_8637bf55197c8ba1,1,False,399,5.991464547107982,0.6466165413533834,0.6379310344827587,0.1278195488721804,0.1280788177339901,0.012531328320802,0.0147783251231527,0.2055137844611528,0.2044334975369458,0.0025062656641604,0.0049261083743842,0.0050125313283208,0.0073891625615763,0.0,0.0024630541871921,like,0.6466165413533834,0.4411027568922305,positive,0.2413402248199175,0.3211843404355369,0.4966711085039542,True,0.1347117794486215,0.0050125313283208,positive,0.9282511210762332,reactionfusion_v1_provisional,train,approved,positive,positive,0.3655940169930638,False,False,0.5211128965968009,0.020536468831401023,0.14602506416867347,0.20182484701063322,0.3655940169930638,0.2865560718276295,0.9823684930395318,0.9253097106012776,0.13320354776883087,0.005870060512284434,0.3170562665465489,0.0007310390754481192,0.15681378910030908,0.01974212098866805,0.0508089641738574,0.9600547241760271,0.3111338482667814,"candidate=positive; anchor_balance=0.126; mixed_evidence=0.021; strongest=joy=0.98, approval=0.96",final_model,reactionfusion_v2_hybrid_development
481,281,8,3,928,2,13,11,1246,1246,RF_POST_000481,ඒ වැඩිහිටි නිවාසෙට අම්මා තාත්තා දාලා බලාගන්නවට මාසෙට දාහස් ගනම් ගෙවපු දරුවන්ගෙත් සාධාරණ හේතු තියෙන්ඩ ඇති එහෙම කරන්ඩ 🙃,False,sinhala,61cb91cce228ad841e577c77874ffddd86b50795ea02538263d5684c1f408578,DUP_61cb91cce228ad84,1,False,1246,7.1284959456800365,0.225521669341894,0.2250598563447725,0.0064205457463884,0.0071827613727055,0.0024077046548956,0.0031923383878691,0.7447833065810594,0.7414205905826018,0.0016051364365971,0.0023942537909018,0.0104333868378812,0.0111731843575419,0.0088282504012841,0.0095770151636073,haha,0.7447833065810594,0.5192616372391653,neutral,0.4291296540984262,-0.0443120699814965,0.3607336990190309,True,0.007744783306581,0.0192616372391653,negative,-0.4264487369985141,reactionfusion_v1_provisional,train,approved,negative,negative,0.3245199452309325,False,False,0.37024193702354175,0.013237700541623838,0.3245199452309325,0.2844731028164464,0.1470705284252872,0.24393642352733377,0.010533500401141382,0.11742842778054692,0.7366954423516733,0.5222248525587824,0.2658590382818455,0.859790164333747,0.19359764795614676,0.017131682324293348,0.747831533337893,0.09552490438796127,0.7912837936042982,"candidate=negative; anchor_balance=-0.012; mixed_evidence=0.013; strongest=anger=0.86, sarcasm=0.79",final_model,reactionfusion_v2_hybrid_development
482,44,3,0,1155,3,0,0,1205,1205,RF_POST_000482,මේ රට හදන්ඩ නම් සජිත්ගෙ කඳයි රනිල්ගෙ මොලෙයි නාමල්ගෙ අට දෙකයි ඕනේ ❤️,False,sinhala,5795af23bb19506162df931a8cb9f0b3f28e4d2244b1175b1907f481db04b67e,DUP_5795af23bb195061,1,False,1205,7.095064377287131,0.0365145228215767,0.0371287128712871,0.0024896265560165,0.0033003300330033,0.0,0.0008250825082508,0.95850622406639,0.9537953795379538,0.0024896265560165,0.0033003300330033,0.0,0.0008250825082508,0.0,0.0008250825082508,haha,0.95850622406639,0.9219917012448132,neutral,0.5000310727946695,0.0107363193893776,0.0983288939577706,True,0.0024896265560165,0.0,positive,1.0,reactionfusion_v1_provisional,train,approved,negative,negative,0.3723670872488859,False,False,0.11443872698837308,0.000755371135236786,0.3723670872488859,0.2483445991533882,0.13211024635385046,0.24717806724387525,0.012897260170057562,0.04630665007332983,0.6902307488478211,0.7208236396860298,0.3349006233305845,0.8679326127225321,0.680242768285752,0.0001350382737698031,0.9010222403691714,0.022145423605781256,0.7320031123334042,"candidate=negative; anchor_balance=0.002; mixed_evidence=0.001; strongest=disgust=0.90, anger=0.87",final_model,reactionfusion_v2_hybrid_development
483,452,6,2,2715,8,8,3,3194,3194,RF_POST_000483,"Hto අශ්නිකයට ඒ වෙඩින් එකට කෙල්ලගෙ පැත්තෙන්වත් කොල්ලගෙ පැත්තෙන්වත් ආරාධනා කරලා නෑලු, වෙඩින් එකට ආපු උන් ඌට එන්ඩ කියලා තියෙන්නෙ 🤣🤣🤣",False,mixed,b0db7ddd71c289901e970f2b0821a04c81b9f1fdb2c9947f67ba5447dbeedc7d,DUP_b0db7ddd71c28990,1,False,3194,8.069342366811636,0.1415153412648716,0.1415182755388941,0.0018785222291797,0.0021868166198063,0.0006261740763932,0.0009372071227741,0.8500313087038197,0.8484848484848485,0.0025046963055729,0.0028116213683223,0.0025046963055729,0.0028116213683223,0.0009392611145898,0.0012496094970321,haha,0.8500313087038197,0.7085159674389481,neutral,0.594382517467553,-0.0049949159001192,0.2403956338862469,True,0.0022229179711959,0.0034439574201628,negative,-0.2154696132596685,reactionfusion_v1_provisional,train,approved,negative,negative,0.3336773756942641,False,False,0.24535419231257988,0.002652063434556471,0.3336773756942641,0.2975393954572806,0.1463395813228662,0.22244364752558907,0.01245816943977183,0.06315422200471994,0.7024349180872964,0.0019276790200752456,0.2522005244225632,0.9151079123631879,0.5806874276958116,0.002192284190151929,0.7543392874150485,0.08508664775102924,0.7301020434800297,"grouped_out_of_fold; candidate=negative; mixed_evidence=0.003; strongest=anger=0.92, disgust=0.75",grouped_out_of_fold,reactionfusion_v2_hybrid_development
484,49,1,1,377,1,0,0,429,429,RF_POST_000484,"ඊයෙ News එකක් දැක්කා Elnino ලඟදිම එනවලු කියලා, අශේනයයි ටීපෝසයයි කන්දසාමියි දැන් ඉඳන්ම ලෑස්ති වෙනව ඇති මිනිස්සුන්ට උදව් කරන්ඩ ❤️",False,mixed,df3484b403524b8fbbfdd3eebb413b3dec1c479c66f6e8100fda5de3d4e5a8a3,DUP_df3484b403524b8f,1,False,429,6.063785208687608,0.1142191142191142,0.1146788990825688,0.0023310023310023,0.0045871559633027,0.0023310023310023,0.0045871559633027,0.8787878787878788,0.8669724770642202,0.0023310023310023,0.0045871559633027,0.0,0.0022935779816513,0.0,0.0022935779816513,haha,0.8787878787878788,0.7645687645687645,neutral,0.5282076166028652,0.0149938012547061,0.2074872199247343,True,0.0036130536130536,0.0,positive,1.0,reactionfusion_v1_provisional,train,approved,negative,negative,0.3579903055113891,False,False,0.24363257860203688,0.00447032254315664,0.3579903055113891,0.23986906038619615,0.1659772484863904,0.23616338561602432,0.03636500768325225,0.14655849372756585,0.6921135782033377,0.3879105562205854,0.4764939565343155,0.8593987903319881,0.5843915797135993,0.002602434490323555,0.8694653357077187,0.10076757521293386,0.6920294226715434,"candidate=negative; anchor_balance=0.003; mixed_evidence=0.004; strongest=disgust=0.87, anger=0.86",final_model,reactionfusion_v2_hybrid_development
486,201,1,0,1257,2,0,0,1461,1461,RF_POST_000486,තෙල් මිල පොඩ්ඩක් වැඩි වුන ගමන් නාමලයා හිතනවා ඇති නේත මිනිස්සු ඌව 2029 ජනාධිපති කරයි කියලා 🤣🤣🤣,False,sinhala,2681dad770585d18fa620392d3f083ca9416ae8c20d2007128e39935e27711e8,DUP_2681dad770585d18,1,False,1461,7.2875606403097235,0.1375770020533881,0.1376021798365122,0.000684462696783,0.0013623978201634,0.0,0.0006811989100817,0.8603696098562629,0.8569482288828338,0.001368925393566,0.0020435967302452,0.0,0.0006811989100817,0.0,0.0006811989100817,haha,0.8603696098562629,0.7227926078028748,neutral,0.592707315163058,0.0028194562683493,0.2139366409232753,True,0.000684462696783,0.0,positive,1.0,reactionfusion_v1_provisional,train,approved,negative,negative,0.3470108109808212,False,False,0.22701943588097817,0.0012371631383159573,0.3470108109808212,0.22677807553057092,0.1308158745097747,0.2953952389788333,0.01163579794219938,0.07642764762353223,0.7211104823425135,0.763345074499085,0.3227727067796013,0.9004429252806353,0.6134109387488362,0.0019265167266902482,0.8770923910740217,0.06457769148880281,0.7694187749887941,"candidate=negative; anchor_balance=0.000; mixed_evidence=0.001; strongest=anger=0.90, disgust=0.88",final_model,reactionfusion_v2_hybrid_development
487,14,0,0,310,1,1,0,326,326,RF_POST_000487,අද මෛනට http කීවොත් පෞ සිද්ධ වෙයිද හලෝ 🙂,False,mixed,280956a480456863ae51adb92cd75381c8540d824221331b02c09a062f8939b7,DUP_280956a480456863,1,False,326,5.7899601708972535,0.0429447852760736,0.045045045045045,0.0,0.003003003003003,0.0,0.003003003003003,0.950920245398773,0.933933933933934,0.0030674846625766,0.006006006006006,0.0030674846625766,0.006006006006006,0.0,0.003003003003003,haha,0.950920245398773,0.9079754601226994,neutral,0.4943475683951644,-0.0131783852961895,0.1123078032428741,True,0.0,0.0030674846625766,negative,-1.0,reactionfusion_v1_provisional,train,approved,negative,negative,0.3799312440163239,False,False,0.16303156656278492,0.0030354225606284277,0.3799312440163239,0.2632253029210324,0.15552155756722347,0.20132189549542037,0.02115802476113277,0.06672044630349126,0.6681737684463176,0.3625230087201299,0.5158329805625848,0.8999061007662916,0.6254136787782294,0.0005499762054553981,0.908541746520036,0.03288879407480774,0.6994064368541905,"candidate=negative; anchor_balance=-0.004; mixed_evidence=0.003; strongest=disgust=0.91, anger=0.90",final_model,reactionfusion_v2_hybrid_development
489,86,0,0,597,0,2,9,694,694,RF_POST_000489,රාජපක්ෂ නිකායේ මහානායක ගලබොඩ අත්තේ http කියනවා පල්ලේගම ලොකු සේවයක් කරලා තියෙනවලු ඒ නිසා ගිහියන්ට කට පියාගෙන ඉන්ඩලු 😚,False,mixed,e47032214190f14b79f30bf4e6ffa76f65ed9129297396e4cf8513e4fdf50e43,DUP_e47032214190f14b,1,False,694,6.543911845564792,0.1239193083573487,0.1241084165477888,0.0,0.0014265335235378,0.0,0.0014265335235378,0.8602305475504323,0.8530670470756063,0.0,0.0014265335235378,0.0028818443804034,0.0042796005706134,0.0129682997118155,0.014265335235378,haha,0.8602305475504323,0.7363112391930836,neutral,0.2840681182721885,-0.0648924910442503,0.23715285985061,True,0.0,0.015850144092219,negative,-1.0,reactionfusion_v1_provisional,train,approved,negative,negative,0.3420742409000122,False,False,0.26031045036010064,0.002302317820588622,0.3420742409000122,0.307947273781321,0.14793641777637778,0.20204206754228898,0.010745814739005015,0.057304076423681335,0.6908352444633107,0.4162108938286798,0.29527659185810073,0.9110085745783243,0.19850680119403682,0.0012589175763468693,0.8122001322862945,0.030140794304462596,0.7285480233085618,"candidate=negative; anchor_balance=-0.016; mixed_evidence=0.002; strongest=anger=0.91, disgust=0.81",final_model,reactionfusion_v2_hybrid_development
490,125,0,4,1746,3,0,0,1878,1878,RF_POST_000490,අඩෝ සජබෙන් නාමල් ලඟට ගියපු ඡන්ද 63 ක් ගත්ත අර ඩයල් එක නාමල්ට හරි දේශපාලන ගමනක් නෑ කියලා ආයෙ සජබෙටම ගිහිම් 🤣🤣,False,sinhala,b1079f669fed52c1413a1aa9fa78be06675d20272f3d89a2af67fa08a1370ef0,DUP_b1079f669fed52c1,1,False,1878,7.538494999413465,0.0665601703940362,0.0668435013262599,0.0,0.0005305039787798,0.0021299254526091,0.0026525198938992,0.9297124600638976,0.926790450928382,0.0015974440894568,0.0021220159151193,0.0,0.0005305039787798,0.0,0.0005305039787798,haha,0.9297124600638976,0.8631522896698616,neutral,0.5460908947747726,0.0049854720336008,0.1395239980833932,True,0.001171458998935,0.0,positive,1.0,reactionfusion_v1_provisional,train,approved,negative,negative,0.3562966554233275,False,False,0.1501098228144627,0.000637070866056075,0.3562966554233275,0.23878780115085352,0.12561219938862264,0.2793033440371962,0.00831274790532368,0.047563739680809326,0.7191558400423267,0.8310549266242585,0.2961855339288443,0.8820924562613572,0.6645838063530866,0.0002887242466371451,0.8909373096061762,0.02894391334061354,0.7450196866174621,"candidate=negative; anchor_balance=0.001; mixed_evidence=0.001; strongest=disgust=0.89, anger=0.88",final_model,reactionfusion_v2_hybrid_development
491,123,0,1,1264,1,0,2,1391,1391,RF_POST_000491,"මෛනා කියනවා හරි උනත් වැරදි උනත් මහනායක හිමිවරු කියන දේට අවනත වෙන්ඩෝනලු, පල්ලේගම ශිරන්ති එවන්ඩ කීවොත් ඒත් යවනවලු අවනත වෙලා 😚",False,sinhala,a0dbefa689edd5fc033562636aafbb8db9eb99fd84a5b753eb5cc9a320763f2b,DUP_a0dbefa689edd5fc,1,False,1391,7.238496840894365,0.0884255930984903,0.0886981402002861,0.0,0.0007153075822603,0.0007189072609633,0.0014306151645207,0.9086987778576564,0.9048640915593704,0.0007189072609633,0.0014306151645207,0.0,0.0007153075822603,0.0014378145219266,0.0021459227467811,haha,0.9086987778576564,0.8202731847591661,neutral,0.5612325520650885,-0.0043928140443304,0.1651162631653616,True,0.0003953989935298,0.0014378145219266,negative,-0.5686274509803921,reactionfusion_v1_provisional,train,approved,negative,negative,0.35125786520263613,False,False,0.17864087635211823,0.0010733786561929852,0.35125786520263613,0.235253048492483,0.1279979015892143,0.2854911847156665,0.00944638274215616,0.05650641761008347,0.7104566707759125,0.7732770833637488,0.330117806010894,0.9023693407082736,0.6187603000181853,0.0006187299453955437,0.8923268733521506,0.03749746898169716,0.7518820312128559,"candidate=negative; anchor_balance=-0.001; mixed_evidence=0.001; strongest=anger=0.90, disgust=0.89",final_model,reactionfusion_v2_hybrid_development
492,33,1,0,876,0,0,0,910,910,RF_POST_000492,"එකෙක් කියනවා නාමලයා බන්ධනාගාරේ දැම්මොත් උගෙ තනියට තරුණයෝ 20000ක් බන්ධනාගාරේ යන්ඩ ඉන්නවලු, ඉන්නවා Pcc 🤣🤣🤣",False,mixed,45f0f44d7069a6113321a68a8354b84d9261145ee0f868522d8e0fef6b3787a7,DUP_45f0f44d7069a611,1,False,910,6.814542897259958,0.0362637362637362,0.0370774263904034,0.001098901098901,0.0021810250817884,0.0,0.0010905125408942,0.9626373626373628,0.9563794983642312,0.0,0.0010905125408942,0.0,0.0010905125408942,0.0,0.0010905125408942,haha,0.9626373626373628,0.9263736263736264,neutral,0.5207794589751341,0.0047513350083052,0.0844990848400249,True,0.001098901098901,0.0,positive,1.0,reactionfusion_v1_provisional,train,approved,negative,negative,0.36978023084731093,False,False,0.10685743643772332,0.0009322349961851544,0.36978023084731093,0.23866474656970607,0.1313178236907474,0.2602371988922356,0.0137589957995302,0.0529854873212847,0.6909448981302727,0.681247276050239,0.41786072190952595,0.8887890130549785,0.706719188677849,0.00019353166019162239,0.9079938385178028,0.027057311457692773,0.735378417974568,"candidate=negative; anchor_balance=0.001; mixed_evidence=0.001; strongest=disgust=0.91, anger=0.89",final_model,reactionfusion_v2_hybrid_development
495,17,3,2,282,1,0,0,305,305,RF_POST_000495,"ඊයෙ පානදුරේදි නාමල් දිවුරුම් දුන්නලු නේත, දැන් අපිට අලුත් ජනාධිපති කෙනෙක් ඉන්නවා 😍",False,sinhala,f6e9d304d878eb9a2932e5ac6f273f5bd83398a6698f69226de594070f674aac,DUP_f6e9d304d878eb9a,1,False,305,5.723585101952381,0.0557377049180327,0.0576923076923076,0.0098360655737704,0.0128205128205128,0.0065573770491803,0.0096153846153846,0.9245901639344264,0.907051282051282,0.0032786885245901,0.0064102564102564,0.0,0.0032051282051282,0.0,0.0032051282051282,haha,0.9245901639344264,0.8688524590163934,neutral,0.3076124865093346,0.0567522482767208,0.1698906467395734,True,0.0134426229508196,0.0,positive,1.0,reactionfusion_v1_provisional,train,approved,negative,negative,0.34197671884396486,False,False,0.21725632576991213,0.005570675019741337,0.34197671884396486,0.27492888785352193,0.21558883558738776,0.16750555771512537,0.16477688045366448,0.2565687346979973,0.6830586755042172,0.1801454280186133,0.4928905854871279,0.4929699265293733,0.4476955426873532,0.0003769039605116415,0.7033295168603118,0.10901621765198696,0.5479397780672851,"candidate=negative; anchor_balance=0.012; mixed_evidence=0.006; strongest=disgust=0.70, amusement=0.68",final_model,reactionfusion_v2_hybrid_development
496,20,0,0,221,0,3,0,244,244,RF_POST_000496,අඩෝ මං status දාන මං ආස background colour එක නෑනෙ දැන් මේ hte update එක නිසා 😭,False,mixed,297f4c8130ac40a6bbe8bcd166671698cbc78410323677ac4fb26e9cb44efa88,DUP_297f4c8130ac40a6,1,False,244,5.501258210544727,0.081967213114754,0.0836653386454183,0.0,0.0039840637450199,0.0,0.0039840637450199,0.9057377049180328,0.8844621513944223,0.0,0.0039840637450199,0.0122950819672131,0.0159362549800796,0.0,0.0039840637450199,haha,0.9057377049180328,0.8237704918032787,neutral,0.3338372076390532,-0.051537165473827,0.1792422818572603,True,0.0,0.0122950819672131,negative,-1.0,reactionfusion_v1_provisional,train,approved,negative,negative,0.3482548924408206,False,False,0.24162263489778418,0.005968367873969171,0.3482548924408206,0.2734633586211647,0.16379233438699073,0.21448941455102394,0.03201312523199192,0.10568284403359503,0.6913428356506535,0.2962660017343829,0.6279363120571894,0.8420162292824197,0.41928299699112814,0.0024916661848662113,0.7939600484507836,0.061904915475289715,0.6994113876523067,"candidate=negative; anchor_balance=-0.014; mixed_evidence=0.006; strongest=anger=0.84, disgust=0.79",final_model,reactionfusion_v2_hybrid_development
497,16772,5828,225,102,10,5,4,22946,22946,RF_POST_000497,අගමැතිතුමිය..! 'හතේ විද්යා පොත' ගේන්න මේක තමයි වෙලාව. එකෙක් හ්ම්.. කියන්නෑ. අධ්යාපන ප්රතිසංස්කරණ එතනින් පටන් ගමු. නීතිය සහ ජීවිතයට විද්යාව සිලබස් එකට ගේන්න වෙලාව මේක. ඒක රටක බලාපොරොත්තුව. ඉදිරිපත් වන්න. පෙනී සිටින්න.!,False,sinhala,6fb56fc5e177711dc7bdfe8bb754870956b30aa0fa224207ea86989859060345,DUP_6fb56fc5e177711d,1,False,22946,10.040942487989977,0.7309334960341671,0.7307541497843419,0.2539876231151399,0.253953731538361,0.0098056306109997,0.0098462074674334,0.0044452192103198,0.0044874308369276,0.0004358058049333,0.0004792401864679,0.0002179029024666,0.0002614037380734,0.0001743223219733,0.0002178364483945,like,0.7309334960341671,0.4769458729190273,positive,0.3832792934589906,0.4606007408090934,0.3357417411629846,False,0.2593807199511898,0.0003922252244399,positive,0.9969802457744412,reactionfusion_v1_provisional,train,approved,uncertain,neutral,0.26936771669453324,True,True,0.3364517356539597,0.0006449647701291433,0.25547066862126794,0.26936771669453324,0.22044309445107876,0.2547185202331201,0.18495671426701701,0.44248877090996824,0.05930803424544689,0.326003172369263,0.013885609540403902,0.0029933741385587682,0.6115012193984856,0.0009733239247352522,0.5504887509695038,0.7301274773236465,0.6806888338347384,"candidate=neutral; anchor_balance=0.259; mixed_evidence=0.001; strongest=approval=0.73, sarcasm=0.68",final_model,reactionfusion_v2_hybrid_development
498,437,1,2,2687,2,1,4,3134,3134,RF_POST_000498,ඒ අස්සෙ කන්දසාමියා කීයක් හරි හොයාගන්ඩ උගෙ පන්සල හො රු කඩලා කියලා බයිලා ග්හනවා 🤦♂️,False,sinhala,0874c82e7cbcfcc22558fec7ac70f97cb3c8a3c6cfc569d5b8fda8e462ed514e,DUP_0874c82e7cbcfcc2,1,False,3134,8.050384453067021,0.1394384173580089,0.1394460362941738,0.0003190810465858,0.0006367398917542,0.0006381620931716,0.0009551098376313,0.8573707721761328,0.8557784145176696,0.0006381620931716,0.0009551098376313,0.0003190810465858,0.0006367398917542,0.0012763241863433,0.0015918497293855,haha,0.8573707721761328,0.7179323548181238,neutral,0.5910564269755259,-0.0038039582832859,0.2208121755125283,True,0.0006700701978302,0.0015954052329291,negative,-0.4084507042253521,reactionfusion_v1_provisional,train,approved,negative,negative,0.3377415894956946,False,False,0.2265842267300077,0.0010532090768093322,0.3377415894956946,0.29125020095913495,0.1476005997268439,0.22340760981832658,0.013868644143191394,0.0587008856751748,0.718478780310856,0.001714660935027179,0.2553920587881011,0.919122059394825,0.6518205323375093,0.0018116318037254516,0.7459005595569861,0.09179716607983004,0.7310552387693434,"grouped_out_of_fold; candidate=negative; mixed_evidence=0.001; strongest=anger=0.92, disgust=0.75",grouped_out_of_fold,reactionfusion_v2_hybrid_development
499,216,2,1,628,1,73,0,921,921,RF_POST_000499,දිල්කගෙ සීන්නෙකෙ කාන්තාවන් වෙනුවෙන් කියලා ආපු උන් අර පොඩි කෙල්ල වෙනුවෙන් කතා කරන් නැත්තෙ දිල්කගෙ වගේ htt ලොකුවට නැති නිසා 😚,False,mixed,34caa6003ebe286ca7899552ca5bf182f9197063c3da5e82ea3cd4bc453a780d,DUP_34caa6003ebe286c,1,False,921,6.826545223556594,0.2345276872964169,0.2338362068965517,0.002171552660152,0.0032327586206896,0.001085776330076,0.0021551724137931,0.6818675352877307,0.677801724137931,0.001085776330076,0.0021551724137931,0.0792616720955483,0.0797413793103448,0.0,0.0010775862068965,haha,0.6818675352877307,0.4473398479913137,negative,0.2147087285858223,-0.2729366321699542,0.4266770713234613,True,0.0027687296416938,0.0792616720955483,negative,-0.9324950363997352,reactionfusion_v1_provisional,train,approved,neutral,neutral,0.3653825619763626,False,False,0.4406279125015042,0.007786958798517962,0.32551893706490126,0.3653825619763626,0.1319612853774734,0.17713721558126272,0.020541707975372036,0.06823495916862066,0.7744025269504285,0.5647548014934843,0.5841582549504746,0.3728824590885265,0.02783967764468754,0.06909623327678996,0.05785255374390042,0.060263471011855155,0.8171507273597242,"candidate=neutral; anchor_balance=-0.076; mixed_evidence=0.008; strongest=sarcasm=0.82, amusement=0.77",final_model,reactionfusion_v2_hybrid_development
500,104,1,0,314,0,102,12,533,533,RF_POST_000500,පල්ලේගම හොස්පිට්ල් ඉඳන් අද ඇප අරන් ගිහිම් යාලුවෝ සෙට් උනාම උන්ගෙන් අහනවා ඇති ගොඩ දවසකින් මුකුත් කරගන්ඩ බැරි උනා නැද්ද පොඩි එකක් හොයාගන්ඩ කියලා 😚,False,sinhala,56ac902c10729ffe781aa9687f5b75a2b3ac80e626cfbd1e9119ecaf24638fc1,DUP_56ac902c10729ffe,1,False,533,6.280395838960195,0.1951219512195122,0.1944444444444444,0.0018761726078799,0.0037037037037037,0.0,0.0018518518518518,0.5891181988742964,0.5833333333333334,0.0,0.0018518518518518,0.1913696060037523,0.1907407407407407,0.0225140712945591,0.024074074074074,haha,0.5891181988742964,0.3939962476547842,negative,0.4424220686947375,-0.6046694179894231,0.5366137687279424,False,0.0018761726078799,0.2138836772983114,negative,-0.982608695652174,reactionfusion_v1_provisional,train,approved,negative,negative,0.5952602487376222,False,False,0.5563552868705833,0.010508933196444352,0.5952602487376222,0.10717793084698596,0.10444512381812453,0.19311669659726732,0.04247954076372329,0.051521699382614874,0.04692014376331848,0.00970143529200001,0.9993350768320993,0.013030487667403163,9.113383783372907e-06,0.9616572263953372,2.530076196145052e-06,0.006588966180775374,0.03414536835468637,"grouped_out_of_fold; candidate=negative; mixed_evidence=0.011; strongest=sadness=1.00, fear=0.96",grouped_out_of_fold,reactionfusion_v2_hybrid_development
502,64,1,0,279,2,0,0,346,346,RF_POST_000502,මයිනයි නාමලයයි බැසිලයි පිල්ලෙයාන් බලන්ඩ බන්ධනාගාරෙට ගිහිම් තියෙන්නෙ ලඟම ඥාතියෝ නිසා ❤️,False,sinhala,64478fcf6443bb89c78bb66c294152c52a031c1b822b06259dd180737eb90c80,DUP_64478fcf6443bb89,1,False,346,5.849324779946859,0.1849710982658959,0.1841359773371104,0.0028901734104046,0.0056657223796034,0.0,0.0028328611898017,0.8063583815028902,0.7932011331444759,0.0057803468208092,0.0084985835694051,0.0,0.0028328611898017,0.0,0.0028328611898017,haha,0.8063583815028902,0.6213872832369942,neutral,0.5747835222004465,0.01157868339815,0.2735913343361218,True,0.0028901734104046,0.0,positive,1.0,reactionfusion_v1_provisional,train,approved,negative,negative,0.3651744830141783,False,False,0.3160617931935918,0.007162873500138058,0.3651744830141783,0.24910546805209904,0.17583033878648857,0.20988971014723404,0.03499801543607223,0.15983324301369137,0.6930217117638735,0.24704674106815808,0.4260263391468294,0.90169119658916,0.5304592896894222,0.01308674396151777,0.8833452180209681,0.1360864419934431,0.7364271763892396,"candidate=negative; anchor_balance=0.002; mixed_evidence=0.007; strongest=anger=0.90, disgust=0.88",final_model,reactionfusion_v2_hybrid_development
503,92,2,1,1847,2,1,1,1946,1946,RF_POST_000503,නිකමට හිතපම්කො හිතේ තියාගෙන ආපු දේ කරගන්ඩත් නැතුව තව ඇදගෙනත් වැටුනම කොහොම මලක් ඇද්ද විමලට 🤣,False,sinhala,4c0fa75928ed355b237614f26f88215d5002102b0e3d97008d48fa6ec95ac11d,DUP_4c0fa75928ed355b,1,False,1946,7.574045005372199,0.0472764645426515,0.0476190476190476,0.001027749229188,0.0015360983102918,0.000513874614594,0.0010240655401945,0.94912641315519,0.946236559139785,0.001027749229188,0.0015360983102918,0.000513874614594,0.0010240655401945,0.000513874614594,0.0010240655401945,haha,0.94912641315519,0.9018499486125384,neutral,0.5508112275821573,0.0012136864134027,0.1128781643968228,True,0.0013103802672147,0.001027749229188,positive,0.1208791208791208,reactionfusion_v1_provisional,train,approved,negative,negative,0.3688550921353605,False,False,0.12247276955030748,0.001003361143269288,0.3688550921353605,0.2499710758088583,0.10605096659700348,0.2751228654587778,0.011676713552717145,0.038694813671598625,0.7467557775304944,0.975332748899949,0.060591991812393435,0.9336551728404135,0.026332300008004256,0.001346063206196144,0.9744883270026125,0.057558955401678456,0.7407365096546281,"grouped_out_of_fold; candidate=negative; mixed_evidence=0.001; strongest=surprise=0.98, disgust=0.97",grouped_out_of_fold,reactionfusion_v2_hybrid_development
505,232,4,0,1077,8,1,6,1328,1328,RF_POST_000505,"සමහර pgyl ඉන්නවා පාන් කියාගන්ඩ බෑ, ඒ උනාට ආන්ඩුවට බනිම්නෙ custom import duty එක 50% වැඩි කරා කියලා 🤣",False,mixed,b835f3756044ef59fc963dbdf61e0ded45d9d97121651b53b976a5c9916e00df,DUP_b835f3756044ef59,1,False,1328,7.192182058713246,0.1746987951807229,0.1745318352059925,0.003012048192771,0.0037453183520599,0.0,0.0007490636704119,0.8109939759036144,0.8074906367041198,0.0060240963855421,0.0067415730337078,0.0007530120481927,0.0014981273408239,0.0045180722891566,0.0052434456928838,haha,0.8109939759036144,0.6362951807228916,neutral,0.5935962563215635,-0.0090539911021745,0.2840759476872295,True,0.003012048192771,0.0052710843373493,negative,-0.2727272727272727,reactionfusion_v1_provisional,train,approved,negative,negative,0.3326384270700115,False,False,0.29530049606411446,0.004910614990729095,0.3326384270700115,0.29530320896936835,0.15222061849655566,0.21983774546406454,0.015992310326119724,0.08282683550986857,0.6855456656848729,0.002567055307728075,0.2682710914061465,0.9257531330971149,0.3933846251525474,0.005478007634590567,0.8270932886671531,0.09085976014954195,0.7558131497293707,"grouped_out_of_fold; candidate=negative; mixed_evidence=0.005; strongest=anger=0.93, disgust=0.83",grouped_out_of_fold,reactionfusion_v2_hybrid_development
506,857,124,3,144,3,1,0,1132,1132,RF_POST_000506,🔴 බන්ධනාගාර නියාමකයන් ලෙස විශ්රාම ගිය හමුදා නිළධාරීන් 1000ක් බදවා ගන්න රජයේ අවධානය,False,sinhala,5a67e905ca67509c3190208f8fcb210a9d32834fd81f35f4ee6f96a283547add,DUP_5a67e905ca67509c,1,False,1132,7.032624261028007,0.7570671378091873,0.7532923617208077,0.1095406360424028,0.1097453906935908,0.0026501766784452,0.0035118525021949,0.127208480565371,0.1273046532045654,0.0026501766784452,0.0035118525021949,0.0008833922261484,0.0017559262510974,0.0,0.0008779631255487,like,0.7570671378091873,0.6298586572438163,positive,0.2136232252225839,0.264862221699329,0.3869105689484877,True,0.1109982332155477,0.0008833922261484,positive,0.9842084484800632,reactionfusion_v1_provisional,train,approved,uncertain,positive,0.3017247902085752,True,True,0.3984324304991582,0.0041977077840122026,0.2263375891351812,0.2680481328433186,0.3017247902085752,0.20388948781292507,0.7684601843213433,0.49744781651088216,0.024484449357372293,0.04457343308461189,0.23357616890000749,0.009970866657869,0.5274151526855455,0.014930279828260819,0.318980291226675,0.7871859282285304,0.4161644637628881,"candidate=positive; anchor_balance=0.109; mixed_evidence=0.004; strongest=approval=0.79, joy=0.77",final_model,reactionfusion_v2_hybrid_development
507,2257,491,20,84,7,2,7,2868,2868,RF_POST_000507,සද්දෙන් 📢 දැම්මොත් අත්අඩංගුවට ගන්න වරෙන්තු ඕනේ නෑ.... නීති අලුත් වෙයි 👌,False,sinhala,8e34a55fb4befea664b1b8592e16dca23e2d737898214f258854c3cec0539f36,DUP_8e34a55fb4befea6,1,False,2868,7.961718815981363,0.7869595536959554,0.7853913043478261,0.1711994421199442,0.1711304347826087,0.00697350069735,0.0073043478260869,0.0292887029288702,0.0295652173913043,0.0024407252440725,0.0027826086956521,0.000697350069735,0.0010434782608695,0.0024407252440725,0.0027826086956521,like,0.7869595536959554,0.6157601115760112,positive,0.29151149067705,0.3513872002288897,0.3407961901448733,True,0.1750348675034867,0.0031380753138075,positive,0.9647749510763208,reactionfusion_v1_provisional,train,approved,neutral,neutral,0.31885857253171923,False,False,0.34522583371707755,0.005283456237757013,0.2407694816342635,0.31885857253171923,0.2627911137033576,0.17758083213065975,0.43645077143891475,0.3397150790286151,0.025799981198069883,0.05984385697071557,0.09512937798152535,0.005679234566462271,0.510491108649882,0.004003455271755421,0.438866715909078,0.70548100189755,0.48575990171915345,"candidate=neutral; anchor_balance=0.171; mixed_evidence=0.005; strongest=approval=0.71, care_empathy=0.51",final_model,reactionfusion_v2_hybrid_development
508,95,11,1,31,0,0,0,138,138,RF_POST_000508,පාසලේදී ඔයා ජනප්රිය චරිතයක් වුනේ කොහොමද ? 🤔,False,sinhala,ed02fd991bc6e98631c3ed27e43277abdce66b4acc81f9265df8a6ddd07b03aa,DUP_ed02fd991bc6e986,1,False,138,4.934473933130692,0.6884057971014492,0.6620689655172414,0.0797101449275362,0.0827586206896551,0.0072463768115942,0.0137931034482758,0.2246376811594203,0.2206896551724138,0.0,0.0068965517241379,0.0,0.0068965517241379,0.0,0.0068965517241379,like,0.6884057971014492,0.463768115942029,positive,0.1644312380344676,0.2231128335822485,0.4264322952595903,True,0.083695652173913,0.0,positive,1.0,reactionfusion_v1_provisional,train,approved,positive,positive,0.33368403599201135,False,False,0.5009277013922331,0.027637390421640446,0.15413672201238468,0.1868673364380608,0.33368403599201135,0.3253119055575433,0.923147675399952,0.8125454638755956,0.11361082687509289,0.0021278793943918504,0.5096233036252421,0.009799205484256925,0.15196421248034886,0.11175681858496309,0.11500214708872558,0.9077353062798859,0.3244652227390469,"candidate=positive; anchor_balance=0.077; mixed_evidence=0.028; strongest=joy=0.92, approval=0.91",final_model,reactionfusion_v2_hybrid_development
509,454,3,2,72,37,8,9,585,585,RF_POST_000509,🔴 අස්වැසුම මාටියා.... ඊයේ නෝර්වුඩ් කෝටි 1.6 යි අද තලවාකැලේ 916000 යි,False,sinhala,718f71f7b71507173d46135d909a74905b2b21a29d032c3d76d35df109fb126a,DUP_718f71f7b7150717,1,False,585,6.373319789577012,0.7760683760683761,0.768581081081081,0.0051282051282051,0.0067567567567567,0.0034188034188034,0.0050675675675675,0.123076923076923,0.1233108108108108,0.0632478632478632,0.0641891891891891,0.0136752136752136,0.0152027027027027,0.0153846153846153,0.0168918918918918,like,0.7760683760683761,0.652991452991453,neutral,0.3729086071166028,-0.0565428123105787,0.4103809395548323,True,0.007008547008547,0.029059829059829,negative,-0.6113744075829384,reactionfusion_v1_provisional,train,approved,neutral,neutral,0.4957734191160601,False,False,0.4264200860334792,0.016278874906007823,0.300649572222143,0.4957734191160601,0.15583613270769575,0.04774087595410131,0.0013460352574494615,0.0003222740043007296,0.005035418747140484,0.02356563100846376,0.0043013400076424265,0.9279052857705294,0.35461442348635247,0.00572675920172703,0.9439218057435992,0.000569102112762812,0.2629090201185611,"candidate=neutral; anchor_balance=-0.023; mixed_evidence=0.016; strongest=disgust=0.94, anger=0.93",final_model,reactionfusion_v2_hybrid_development
510,293,2,0,130,17,6,46,494,494,RF_POST_000510,"ඇගිලි සලකුණු යන්ත්ර භාවිතා නොකර රේගු නිලධාරින් සදහා 2025දී අතිකාල දිමනා ලෙස රුපියල් එකසිය හතලිස් දෙකෝටි, හැට දෙලක්ෂ, දාසය දහස් හයසිය හැට දෙකක මුදලක් (1,426,216,662) ශ්රි ලංකා රේගුව විසින් ගෙවා ඇත. 😅",False,sinhala,76e3897379323fda63b8ae6c315b891265bd45ce040a75c5e586a2ccc09db224,DUP_76e3897379323fda,1,False,494,6.20455776256869,0.5931174089068826,0.5868263473053892,0.0040485829959514,0.0059880239520958,0.0,0.0019960079840319,0.2631578947368421,0.2614770459081836,0.034412955465587,0.0359281437125748,0.0121457489878542,0.0139720558882235,0.0931174089068826,0.0938123752495009,like,0.5931174089068826,0.3299595141700405,negative,0.1956027225744126,-0.2701711401101941,0.5519346324430071,True,0.0040485829959514,0.1052631578947368,negative,-0.925925925925926,reactionfusion_v1_provisional,train,approved,negative,negative,0.39517380218527653,False,False,0.5692839863719509,0.016135394424115174,0.39517380218527653,0.3613711453923086,0.13704055327041376,0.1064144991520012,0.00036278765717232095,0.00010167857925895393,0.015884294157275988,0.03322597995585069,6.489988268427149e-05,0.9558593946961863,1.6043442745820463e-05,8.70638422459986e-05,0.5560797134267244,2.4036568437152534e-05,0.07787784370238213,"candidate=negative; anchor_balance=-0.101; mixed_evidence=0.016; strongest=anger=0.96, disgust=0.56",final_model,reactionfusion_v2_hybrid_development
511,614,1,1,373,4,6,3,1002,1002,RF_POST_000511,"ඊයේ රෑ මැගසින්, උදේ කුරුවිට දැන් පල්ලන්සේන මොනාද බන් මේ නාට්ය 😂😂",False,sinhala,6098a30f1705719d138bc38ab58d997b4333b35d6110f5cc671050ff8bac9880,DUP_6098a30f1705719d,1,False,1002,6.910750787961936,0.6127744510978044,0.6095143706640238,0.0009980039920159,0.0019821605550049,0.0009980039920159,0.0019821605550049,0.3722554890219561,0.3706640237859266,0.0039920159680638,0.0049554013875123,0.0059880239520958,0.0069375619425173,0.0029940119760479,0.0039643211100099,like,0.6127744510978044,0.2405189620758483,neutral,0.5588881409749186,-0.023249039991594,0.3863754332562193,True,0.0015469061876247,0.0089820359281437,negative,-0.7061611374407583,reactionfusion_v1_provisional,train,approved,negative,negative,0.37388906082384893,False,False,0.39930755110205696,0.0049072483980827615,0.37388906082384893,0.2684623710464897,0.17655410743708272,0.18109446069257876,0.029618764829350473,0.1276568404780403,0.35754487285493136,0.08666911052157682,0.2699756840182872,0.8757331502216179,0.45616455719390336,0.3810212913111805,0.5938136468718417,0.31084838719519536,0.7873692113381836,"candidate=negative; anchor_balance=-0.008; mixed_evidence=0.005; strongest=anger=0.88, sarcasm=0.79",final_model,reactionfusion_v2_hybrid_development
512,159,1,1,32,2,2,0,197,197,RF_POST_000512,🔴 කුරුවිට බන්ධනාගාරයේ නොසන්සුන්තාවය මැද දෙදෙනෙකු මි|ය|ය|යි,False,sinhala,f6516a87afffabeac3b4f104f4bbb745957221977160d90a802d0c3e2cfacacf,DUP_f6516a87afffabea,1,False,197,5.288267030694535,0.8071065989847716,0.7843137254901961,0.0050761421319796,0.0098039215686274,0.0050761421319796,0.0098039215686274,0.1624365482233502,0.1617647058823529,0.0101522842639593,0.0147058823529411,0.0101522842639593,0.0147058823529411,0.0,0.0049019607843137,like,0.8071065989847716,0.6446700507614214,neutral,0.6121635680662154,-0.0061500122398179,0.3160585118849602,True,0.0078680203045685,0.0101522842639593,negative,-0.1267605633802817,reactionfusion_v1_provisional,train,approved,negative,negative,0.3624313222462354,False,False,0.3731296365557149,0.02268042888868071,0.3624313222462354,0.2524009683887259,0.20183291584573984,0.1833347935192988,0.07031478866027234,0.10920446682781668,0.016607797158323664,0.007904603948426087,0.5114764098904794,0.6913366738649066,0.7706101954864256,0.4546281892632605,0.7114765924808119,0.2736492641381567,0.42920515994751085,"candidate=negative; anchor_balance=-0.004; mixed_evidence=0.023; strongest=care_empathy=0.77, disgust=0.71",final_model,reactionfusion_v2_hybrid_development
513,260,2,1,264,2,0,0,529,529,RF_POST_000513,📢 මැගසින් බන්ධනාගාරය ලඟට ආපු ඔක්කොම කට්ටිය දැන් ගෙවල් වලට පරිස්සමින් යන්න.... 😂,False,sinhala,2a7e7211e9e8b304f9a79ac67e0f4101108fc243d6038333c7da64ef3ea17002,DUP_2a7e7211e9e8b304,1,False,529,6.272877006546167,0.4914933837429111,0.4869402985074627,0.0037807183364839,0.0055970149253731,0.0018903591682419,0.003731343283582,0.499054820415879,0.4944029850746269,0.0037807183364839,0.0055970149253731,0.0,0.001865671641791,0.0,0.001865671641791,haha,0.499054820415879,0.0075614366729678,neutral,0.5984120495329667,0.0163333133551238,0.3854261897179157,True,0.004820415879017,0.0,positive,1.0,reactionfusion_v1_provisional,train,approved,negative,negative,0.3626560758378155,False,False,0.4116457188730516,0.006143965953329129,0.3626560758378155,0.208301440197592,0.20683519228337716,0.2222072916812152,0.06371696494560297,0.2731189314751527,0.8472058767544458,0.025578036623124942,0.33351091577684877,0.8951024400107008,0.33456115224944116,0.40728610282599353,0.5551116183972651,0.4695454217222094,0.8966233731156015,"candidate=negative; anchor_balance=0.004; mixed_evidence=0.006; strongest=sarcasm=0.90, anger=0.90",final_model,reactionfusion_v2_hybrid_development
515,369,3,1,273,21,7,9,683,683,RF_POST_000515,පාර්ලිමේන්තුවේ 225ම රුපියල් 60000 කින් ඉන්ධන දීමනාව වැඩි කරගෙන නේත 🤔,False,sinhala,30c75fa8f4bba7a1b93d64b56a25903f0d4a62161a09063b6ec72189d65142ab,DUP_30c75fa8f4bba7a1,1,False,683,6.52795791762255,0.5402635431918009,0.5362318840579711,0.0043923865300146,0.0057971014492753,0.0014641288433382,0.0028985507246376,0.3997071742313323,0.3971014492753623,0.0307467057101024,0.0318840579710144,0.0102489019033674,0.0115942028985507,0.0131771595900439,0.0144927536231884,like,0.5402635431918009,0.1405563689604685,neutral,0.3880638435119377,-0.0572795684775484,0.4849296949653686,True,0.0051976573938506,0.0234260614934114,negative,-0.6368286445012787,reactionfusion_v1_provisional,train,approved,neutral,neutral,0.38615950165716867,False,False,0.4988003070266897,0.014747139512093435,0.3698673528237406,0.38615950165716867,0.1602941349632556,0.08367901055583522,0.005764264086433285,0.017106164107188793,0.44595635919428844,0.03306886539990756,0.032615969505247304,0.9476437396346885,0.10991108231126472,0.12479567782277014,0.7946302702818203,0.025363989118165637,0.7796875156120967,"candidate=neutral; anchor_balance=-0.019; mixed_evidence=0.015; strongest=anger=0.95, disgust=0.79",final_model,reactionfusion_v2_hybrid_development
517,141,26,1,6,2,1,1,178,178,RF_POST_000517,🔴 අකිල 18 දක්වා රිමාන්ඩ්…,False,sinhala,1105924e56d07c1759ef5c110ca17cfa30584990425355bb3fc1984ef3f38f86,DUP_1105924e56d07c17,1,False,178,5.187385805840755,0.7921348314606742,0.7675675675675676,0.146067415730337,0.1459459459459459,0.0056179775280898,0.0108108108108108,0.0337078651685393,0.0378378378378378,0.0112359550561797,0.0162162162162162,0.0056179775280898,0.0108108108108108,0.0056179775280898,0.0108108108108108,like,0.7921348314606742,0.6460674157303371,positive,0.2320393595871318,0.2928254949546652,0.3687797045800772,True,0.1491573033707865,0.0112359550561797,positive,0.8598949211908932,reactionfusion_v1_provisional,train,approved,neutral,neutral,0.3981419891956175,False,False,0.42215970779485423,0.03651110986333875,0.1807114884858264,0.3981419891956175,0.32250456646208986,0.09864195585646626,0.6342002280797012,0.16494474523931155,0.03069778804763797,0.0010852145734747338,0.2027478259261322,0.0023180201602950716,0.20627969670695553,0.008163883663539326,0.12593183570317196,0.49368205470926274,0.1669972074883506,"candidate=neutral; anchor_balance=0.130; mixed_evidence=0.037; strongest=joy=0.63, approval=0.49",final_model,reactionfusion_v2_hybrid_development
518,1269,191,10,31,2,0,0,1503,1503,RF_POST_000518,"නඩු වලදි සුළු වැරදිකරුවන් නිවාස අඩස්සියේ තැබීමට කල යෝජනාවට කැබිනට් අනුමැතිය.. ඒක නම් හොඳ වැඩක්👏 රටේ සල්ලිත් ඉතුරුයි, තදබදයත් අඩුවෙයි ✌️",False,sinhala,f44913a07db878eb161c464c707c54f4ba92436bcc45a3ba2b2a184a55116272,DUP_f44913a07db878eb,1,False,1503,7.315883504509785,0.844311377245509,0.8410596026490066,0.1270791749833666,0.1271523178807947,0.0066533599467731,0.0072847682119205,0.0206254158349966,0.0211920529801324,0.0013306719893546,0.0019867549668874,0.0,0.0006622516556291,0.0,0.0006622516556291,like,0.844311377245509,0.7172322022621423,positive,0.2430605580089951,0.2811504045598488,0.2709570815696557,True,0.1307385229540918,0.0,positive,1.0,reactionfusion_v1_provisional,train,approved,negative,negative,0.30850627481642984,False,False,0.28131000511670934,0.0014903841330686587,0.30850627481642984,0.2919592656876871,0.23497398226671082,0.1645604772291723,0.37763531428777536,0.20942273162544883,0.01133186974060471,0.039327236346054735,0.22029661309481688,0.02629147799286464,0.7957884871562192,0.009131982380625075,0.6373146146786113,0.6233180184412735,0.509840678103758,"candidate=negative; anchor_balance=0.130; mixed_evidence=0.001; strongest=care_empathy=0.80, disgust=0.64",final_model,reactionfusion_v2_hybrid_development
520,104,0,0,20,0,5,6,135,135,RF_POST_000520,"සම 🐂 දිට්ටා එකේ පරණ වීඩියෝ , ෆොටෝ ආයේ දානවා 😡",False,sinhala,bcdd03ba03e0f6f0208518a3740ab066d132acf9bb7143deaef329c0a45e6a12,DUP_bcdd03ba03e0f6f0,1,False,135,4.912654885736052,0.7703703703703704,0.7394366197183099,0.0,0.0070422535211267,0.0,0.0070422535211267,0.1481481481481481,0.1478873239436619,0.0,0.0070422535211267,0.037037037037037,0.0422535211267605,0.0444444444444444,0.0492957746478873,like,0.7703703703703704,0.6222222222222222,negative,0.1554237770938231,-0.2060242460442171,0.38250424216619,True,0.0,0.0814814814814814,negative,-1.0,reactionfusion_v1_provisional,train,approved,neutral,neutral,0.4372826549996122,False,False,0.45872558793620155,0.020028863698622886,0.23866987181959196,0.4372826549996122,0.21755647972665423,0.1064909934541417,0.04437156033529205,0.05808793354072545,0.001321701158440131,0.0017317255744429155,0.10710960940544098,0.11533083853475017,0.04744641964258754,0.43090193449441017,0.008980121502461195,0.09686159103789449,0.08118530373124476,"grouped_out_of_fold; candidate=neutral; mixed_evidence=0.020; strongest=fear=0.43, anger=0.12",grouped_out_of_fold,reactionfusion_v2_hybrid_development
521,209,0,0,0,2,309,0,520,520,RF_POST_000521,🔴 අධික වර්ෂාව නිසා හැටන් පොල්පිටිය ප්රදේශයේ නිවසක් මතට පස් කන්දක් කඩා වැටීමෙන් 4දෙනෙක් අතුරුදන්ව කාන්තාවක් ජීවිතක්ෂයට පත්වෙයි 😥,False,sinhala,cec8bc40519067e3c0dce73e2ebec55f0e1003f78ef3cb514f7a1169cc4b4e20,DUP_cec8bc40519067e3,1,False,520,6.255750041753367,0.4019230769230769,0.3984819734345351,0.0,0.0018975332068311,0.0,0.0018975332068311,0.0,0.0018975332068311,0.0038461538461538,0.0056925996204933,0.5942307692307692,0.5882352941176471,0.0,0.0018975332068311,sad,0.5942307692307692,0.1923076923076923,negative,0.6020660956819208,-0.7334448944174742,0.3582013503987789,False,0.0,0.5942307692307692,negative,-1.0,reactionfusion_v1_provisional,train,approved,neutral,neutral,0.4103104859593719,False,False,0.38838706677641066,0.004569259609134243,0.3565651505037241,0.4103104859593719,0.15220052582431748,0.08092383771258649,0.02855355256724743,0.2096908213049628,0.008419409896796334,0.057123850157030594,0.268899376242033,0.0029020099621904806,0.00251047865537711,0.5761763802884213,0.011988311304815655,0.01240705431366477,0.03727490228989051,"candidate=neutral; anchor_balance=-0.587; mixed_evidence=0.005; strongest=fear=0.58, sadness=0.27",final_model,reactionfusion_v2_hybrid_development
523,55,1,1,0,0,1,0,58,58,RF_POST_000523,🔴 නුවර - නුවරඑළිය දිස්ත්රික්ක වල පාසල් හෙට නිවාඩු...,False,sinhala,155a7e6af1200019454bdecaf68a6c6da450431a90c26b3ee6bf3f7f99fd8bb5,DUP_155a7e6af1200019,1,False,58,4.07753744390572,0.9482758620689656,0.8615384615384616,0.0172413793103448,0.0307692307692307,0.0172413793103448,0.0307692307692307,0.0,0.0153846153846153,0.0,0.0153846153846153,0.0172413793103448,0.0307692307692307,0.0,0.0153846153846153,like,0.9482758620689656,0.9310344827586208,neutral,0.3176237153343724,0.0220659040246785,0.1338117691862261,True,0.0267241379310344,0.0172413793103448,positive,0.2156862745098039,reactionfusion_v1_provisional,train,approved,negative,negative,0.3325938262882692,False,False,0.33013299753497455,0.060947630314149154,0.3325938262882692,0.25248685330395637,0.21285833348430333,0.20206098692347105,0.11055248984029464,0.18270938619836402,0.006085041096455802,0.0001660685710170808,0.8544922847102249,0.18885463717690412,0.5259669241788817,0.20179647216075777,0.5207056189820103,0.35196947903510484,0.2259959962012712,"candidate=negative; anchor_balance=0.002; mixed_evidence=0.061; strongest=sadness=0.85, care_empathy=0.53",final_model,reactionfusion_v2_hybrid_development
525,250,2,0,0,2,55,0,309,309,RF_POST_000525,Breaking... 🚨 මහනුවර කොළඹ මාර්ගය අයහපත් කාලගුණය හේතුවෙන් කඩුගන්නාව ප්රදේශයෙන් තාවකාලිකව වසා ඇත.,False,mixed,953bda910cfe41754ccd3f63ea9fcc1ad5c50927eacbd3db3e0b96bb5ccce172,DUP_953bda910cfe4175,1,False,309,5.736572297479192,0.8090614886731392,0.7943037974683544,0.0064724919093851,0.0094936708860759,0.0,0.0031645569620253,0.0,0.0031645569620253,0.0064724919093851,0.0094936708860759,0.1779935275080906,0.1772151898734177,0.0,0.0031645569620253,like,0.8090614886731392,0.6310679611650486,negative,0.2928249668924761,-0.3411020175480916,0.2795030072326139,True,0.0064724919093851,0.1779935275080906,negative,-0.9298245614035088,reactionfusion_v1_provisional,train,approved,neutral,neutral,0.4254122209765788,False,False,0.32511304308066125,0.014609510163751234,0.33927827727994103,0.4254122209765788,0.1267135082845161,0.10859599345896406,0.01157947374035804,0.0054243307148329565,0.000323292428338952,0.12366959848153504,0.23558927517537978,0.027445241438577964,0.7091956634701738,0.7876871478644301,0.2468923468822597,0.012120205012249662,0.08387918392424884,"grouped_out_of_fold; candidate=neutral; mixed_evidence=0.015; strongest=fear=0.79, care_empathy=0.71",grouped_out_of_fold,reactionfusion_v2_hybrid_development
528,218,40,1,8,0,0,0,267,267,RF_POST_000528,🔴 Breaking.... මහර බන්ධනාගාරයේ තත්වය සම්පුර්ණයෙන්ම පාලනය කරයි...,False,mixed,0dedbec2a976b8625d1e43f8b0153ddf12bfe663023d45df11323f879576cca9,DUP_0dedbec2a976b862,1,False,267,5.5909869805108565,0.8164794007490637,0.7992700729927007,0.149812734082397,0.1496350364963503,0.0037453183520599,0.0072992700729927,0.0299625468164794,0.0328467153284671,0.0,0.0036496350364963,0.0,0.0036496350364963,0.0,0.0036496350364963,like,0.8164794007490637,0.6666666666666666,positive,0.2719053516151817,0.3206740570837775,0.2959915056775043,True,0.1518726591760299,0.0,positive,1.0,reactionfusion_v1_provisional,train,approved,uncertain,positive,0.3010509602416802,True,True,0.3457984848131687,0.010096306125931933,0.20017219254169763,0.23072804333809993,0.3010509602416802,0.26804880387852215,0.795153289834612,0.503847054946665,0.01652192371533382,0.004106487129280901,0.38773871311880603,0.00922418653906203,0.5973561409848118,0.01929403570128068,0.45970569899207947,0.8332789820537334,0.3813190621592018,"candidate=positive; anchor_balance=0.146; mixed_evidence=0.010; strongest=approval=0.83, joy=0.80",final_model,reactionfusion_v2_hybrid_development
529,277,2,3,2686,1,1,0,2970,2970,RF_POST_000529,කවුද මන්දා නැන්දා කෙනෙක් කියනවා ළමයි ටිකට අපි කඩෙන් මොනා හරි අරගෙන දෙන්නම් අනේ සර් උදේට තේ බොන්න එලියට දාන්නලු 😂,False,sinhala,917682ba99921c04243490f10742d02d06412b22ad5f501d2b1afd8dc8bca448,DUP_917682ba99921c04,1,False,2970,7.996653875462607,0.0932659932659932,0.0933825999328182,0.0006734006734006,0.0010077258985555,0.001010101010101,0.0013436345314074,0.9043771043771044,0.9025864964729594,0.0003367003367003,0.0006718172657037,0.0003367003367003,0.0006718172657037,0.0,0.0003359086328518,haha,0.9043771043771044,0.8111111111111111,neutral,0.5663619641427166,0.0037526298755853,0.1692898622031207,True,0.0012289562289562,0.0003367003367003,positive,0.5698924731182796,reactionfusion_v1_provisional,train,approved,negative,negative,0.3450098603859713,False,False,0.1758880642991142,0.000708987830564115,0.3450098603859713,0.23768821396631876,0.12007391366320948,0.29722801198450033,0.006428629917274996,0.04837756449061819,0.7303622576366069,0.8977167836414633,0.2525507281721817,0.8789981688451578,0.630705565490901,0.0004451455899822341,0.8765602062901146,0.033723936643307244,0.769912755963913,"candidate=negative; anchor_balance=0.001; mixed_evidence=0.001; strongest=surprise=0.90, anger=0.88",final_model,reactionfusion_v2_hybrid_development
530,325,1,0,106,1,1,0,434,434,RF_POST_000530,මහර ඇතුලේ ඉන්න අය හෙට ඉදන් ගෙදරින් තුන් වේලම ගෙන්නගෙන කන්නත් පුලුවන් නැතිනම් බඩිගින්නෙත් ඉන්න පුළුවන්.... 😂😂,False,sinhala,d305aad030a4cdb9c9ea16248330ea759c0b84e2875c72d1fb09ed5c9f861df4,DUP_d305aad030a4cdb9,1,False,434,6.075346031088684,0.7488479262672811,0.7392290249433107,0.0023041474654377,0.0045351473922902,0.0,0.0022675736961451,0.2442396313364055,0.2426303854875283,0.0023041474654377,0.0045351473922902,0.0023041474654377,0.0045351473922902,0.0,0.0022675736961451,like,0.7488479262672811,0.5046082949308756,neutral,0.6547885529018598,0.0,0.3097997076623776,True,0.0023041474654377,0.0023041474654377,neutral,0.0,reactionfusion_v1_provisional,train,approved,negative,negative,0.3685531357368656,False,False,0.3432848797199265,0.007939922388079933,0.3685531357368656,0.23571431103632937,0.18366011834348087,0.21207243488332408,0.06802676582155412,0.13082718070381752,0.05320951118999356,0.03127464693754534,0.5029754844297003,0.7932240316598891,0.7613953794775791,0.40702208155007924,0.6468762798157188,0.37261849298838184,0.6004066324657015,"candidate=negative; anchor_balance=-0.001; mixed_evidence=0.008; strongest=anger=0.79, care_empathy=0.76",final_model,reactionfusion_v2_hybrid_development
531,646,2,2,16,8,151,6,831,831,RF_POST_000531,මහර අහසම කළු දුමින් වැසී යයි බන්ධනාගාර මුළුතැන්ගෙය අවසානයි.. 😥,False,sinhala,8de657d2b9c654ebe7c02efb363891fe8fd9c2c2e1b643d2115fdce01564a9cb,DUP_8de657d2b9c654eb,1,False,831,6.723832440821209,0.7773766546329723,0.7720763723150358,0.0024067388688327,0.0035799522673031,0.0024067388688327,0.0035799522673031,0.0192539109506618,0.0202863961813842,0.0096269554753309,0.0107398568019093,0.1817087845968712,0.1813842482100238,0.0072202166064981,0.0083532219570405,like,0.7773766546329723,0.5956678700361011,negative,0.3029282860498406,-0.3683276866618856,0.3551152120340371,True,0.0037304452466907,0.1889290012033694,negative,-0.961274203622736,reactionfusion_v1_provisional,train,approved,neutral,neutral,0.39934797013979323,False,False,0.36868378422185,0.00818319616530598,0.2625526877734844,0.39934797013979323,0.1955779026079455,0.142521439478777,0.1520428410305299,0.03999514021881167,0.0004816072869668319,0.7325629586197296,0.04769905701641908,0.09958410749475298,0.36359843749966264,0.5955728661135221,0.15172338955142417,0.06470662907724249,0.04671125526661055,"candidate=neutral; anchor_balance=-0.184; mixed_evidence=0.008; strongest=surprise=0.73, fear=0.60",final_model,reactionfusion_v2_hybrid_development
532,330,3,1,35,3,9,0,381,381,RF_POST_000532,🔴 මහර බන්ධනාගාර පරිශ්රයට හමුදා සන්නද්ධ රථ කැදවයි. තත්වය පාලනයට කදුළු ගෑස්. මොනාද මේ වෙන්නෙ? තවමත් මේක ඉවරයක් නැද්ද?,False,sinhala,127ef780c0267afcd62143766b79fa6901e3b58796d3dac52143ed5f39c5e031,DUP_127ef780c0267afc,1,False,381,5.945420608606575,0.8661417322834646,0.8530927835051546,0.0078740157480314,0.0103092783505154,0.0026246719160104,0.0051546391752577,0.0918635170603674,0.0927835051546391,0.0078740157480314,0.0103092783505154,0.0236220472440944,0.0257731958762886,0.0,0.0025773195876288,like,0.8661417322834646,0.7742782152230971,neutral,0.4429664652246347,-0.0362065649305948,0.2693611094924408,True,0.0093175853018372,0.0236220472440944,negative,-0.4342629482071713,reactionfusion_v1_provisional,train,approved,negative,negative,0.3548586218885041,False,False,0.3017956855869221,0.015867608211271162,0.3548586218885041,0.3278541738411016,0.18333545999561596,0.13395174427477846,0.06951042119165181,0.06493726568081953,0.003929985255088786,0.025151738860204723,0.48014518483077634,0.5387917827129971,0.8680838357128707,0.2859322751217751,0.6343136672156109,0.1923979219727158,0.33099274094600434,"candidate=negative; anchor_balance=-0.015; mixed_evidence=0.016; strongest=care_empathy=0.87, disgust=0.63",final_model,reactionfusion_v2_hybrid_development
533,411,31,1,229,2,0,1,675,675,RF_POST_000533,🔴 මහර බන්ධනාගාර පරිශ්රයට ආරක්ෂක ලේකම් - හමුදාපති ඇතුළුවෙයි. වත්මන් තත්ත්වය නිරීක්ෂණයට ශ්රී ලංකා ගුවන් හමුදාවේ බෙල් 412 හෙලිකොප්ටර් යානයක්,False,sinhala,10d18f6ee3b6bdde6a6a3b912c760ac452939c3c822fd190a5134cb114f8245c,DUP_10d18f6ee3b6bdde,1,False,675,6.516193076042964,0.6088888888888889,0.6041055718475073,0.0459259259259259,0.0469208211143695,0.0014814814814814,0.002932551319648,0.3392592592592592,0.3372434017595307,0.0029629629629629,0.0043988269794721,0.0,0.001466275659824,0.0014814814814814,0.002932551319648,like,0.6088888888888889,0.2696296296296296,positive,0.1057802370816986,0.1351996415738821,0.4351972997728818,True,0.0467407407407407,0.0014814814814814,positive,0.9385560675883258,reactionfusion_v1_provisional,train,approved,uncertain,positive,0.2716705615281528,True,True,0.4533746742972604,0.007977266996432733,0.2714710763155056,0.18979223775586496,0.2716705615281528,0.2670661244004766,0.5380478431991303,0.5842954996321811,0.478873333710952,0.02240990095281386,0.3771704241095333,0.19291046710227078,0.1974314516704824,0.10515215299365284,0.043540048643069734,0.7939256042652273,0.6796947950958963,"grouped_out_of_fold; candidate=positive; mixed_evidence=0.008; strongest=approval=0.79, sarcasm=0.68",grouped_out_of_fold,reactionfusion_v2_hybrid_development
535,231,0,1,5,2,35,0,274,274,RF_POST_000535,මහරත් මීගමුවක් වෙන්න එපා 🙏,False,sinhala,d6c75d3a136320b055db2eb50df8396577e85be6701604ef2b335ef5002b95e2,DUP_d6c75d3a136320b0,1,False,274,5.616771097666572,0.843065693430657,0.8256227758007118,0.0,0.0035587188612099,0.0036496350364963,0.0071174377224199,0.0182481751824817,0.0213523131672597,0.0072992700729927,0.0106761565836298,0.1277372262773722,0.1281138790035587,0.0,0.0035587188612099,like,0.843065693430657,0.7153284671532847,negative,0.2325279401052152,-0.2708157583556022,0.2755694410248577,True,0.0020072992700729,0.1277372262773722,negative,-0.9690576652601972,reactionfusion_v1_provisional,train,approved,neutral,neutral,0.37332762330601765,False,False,0.3224121792475349,0.009637944148324886,0.2960518979878216,0.37332762330601765,0.22929342866633046,0.10132705003983017,0.278270698590479,0.07566573160779376,0.0006850906618361724,0.22136908486676798,0.20931944826520044,0.1585937470120211,0.7531244907724888,0.5928264600277641,0.1985102590854564,0.17364981265057136,0.061760762650136476,"candidate=neutral; anchor_balance=-0.124; mixed_evidence=0.010; strongest=care_empathy=0.75, fear=0.59",final_model,reactionfusion_v2_hybrid_development
536,96,0,0,67,2,21,0,186,186,RF_POST_000536,"මැදපෙරදිග අර්බූදය හමුවේ අපේ උද්ධමනය අප්රේල් 5.4%, මැයි 5.5% - ජුනි 6.5% ජුලි 7.3% 😞",False,sinhala,2aca639e438a46c7d1f3bde47f6843f0a6cb0acff98623a5b1f0b11ea49aa6a2,DUP_2aca639e438a46c7,1,False,186,5.231108616854587,0.5161290322580645,0.5025906735751295,0.0,0.005181347150259,0.0,0.005181347150259,0.3602150537634409,0.3523316062176165,0.010752688172043,0.0155440414507772,0.1129032258064516,0.1139896373056994,0.0,0.005181347150259,like,0.5161290322580645,0.1559139784946236,negative,0.2317359534544923,-0.3200781564138453,0.5160417512329178,True,0.0,0.1129032258064516,negative,-1.0,reactionfusion_v1_provisional,train,approved,neutral,neutral,0.3376696950473843,False,False,0.5690876873345919,0.018281573375515392,0.3216799714756281,0.3376696950473843,0.22064862228413049,0.12000171119285728,0.10324650719625444,0.060855574572831694,0.29356928700450274,0.21202907328844237,0.3251265646773038,0.2152331509602637,0.021017986596710742,0.6649758004266518,0.025663197443961446,0.11226264082217303,0.5006655021387237,"candidate=neutral; anchor_balance=-0.111; mixed_evidence=0.018; strongest=fear=0.66, sarcasm=0.50",final_model,reactionfusion_v2_hybrid_development
538,611,27,5,181,5,0,2,831,831,RF_POST_000538,පොලිස් ඉතිහාසයේ ම|ර|ණ දඬුවමක් නියමු වූ පලමු පොලිස්පතිවරයා පූජිත් ජයසුන්දර ……. ඔබට අපගෙන් උණුසුම් සුබ පැතුම් 💐,False,sinhala,7f65fb8b0fdf34d555a709484a786f27c59cb45c2c78e4fe135fe721f7d60cf6,DUP_7f65fb8b0fdf34d5,1,False,831,6.723832440821209,0.7352587244283996,0.7303102625298329,0.0324909747292418,0.0334128878281622,0.0060168471720818,0.0071599045346062,0.2178098676293622,0.2171837708830549,0.0060168471720818,0.0071599045346062,0.0,0.0011933174224343,0.0024067388688327,0.0035799522673031,like,0.7352587244283996,0.5174488567990373,neutral,0.1593561752582346,0.0923479052211158,0.3830953742598203,True,0.0358002406738868,0.0024067388688327,positive,0.8740157480314961,reactionfusion_v1_provisional,train,approved,negative,negative,0.33238867935764727,False,False,0.39758138805251914,0.0075910527551793635,0.33238867935764727,0.2838349530628323,0.23156174798196144,0.15221461959755897,0.19198979715518866,0.21088807569964865,0.05780931728468441,0.03966969112558775,0.29418782950452516,0.26825084771941055,0.5503631691033544,0.12189791529159616,0.4287953644219161,0.49137343397524097,0.4850834868873525,"candidate=negative; anchor_balance=0.033; mixed_evidence=0.008; strongest=care_empathy=0.55, approval=0.49",final_model,reactionfusion_v2_hybrid_development
540,490,153,5,4,7,2,1,662,662,RF_POST_000540,"🔴 Breaking News - පාස්කු සිදුවීම වලකා නොගැනීම, රාජකාරිය පැ|හැ|ර හැරීම, අනුබල දීම හේතු කොටගෙන හිටපු පොලිස්පති පූජිත් ජයසුන්දරට ම|ර|ණ දඬුවම නියම කෙරේ",False,mixed,35f72ca693b9dc5ebd01e809215aafdb1b622753723eccce27d1dcaf682e2a44,DUP_35f72ca693b9dc5e,1,False,662,6.496774990185863,0.7401812688821753,0.7339312406576981,0.2311178247734139,0.2301943198804185,0.0075528700906344,0.0089686098654708,0.0060422960725075,0.007473841554559,0.0105740181268882,0.0119581464872944,0.0030211480362537,0.0044843049327354,0.0015105740181268,0.0029895366218236,like,0.7401812688821753,0.5090634441087614,positive,0.3479177740183586,0.424813700699133,0.3620189647465301,True,0.2352719033232628,0.0045317220543806,positive,0.9622047244094488,reactionfusion_v1_provisional,train,approved,positive,positive,0.36958602533382584,False,False,0.3795545297768387,0.011346921667469019,0.21215992342896398,0.3312989112343313,0.36958602533382584,0.08695514000287902,0.6905329006890145,0.20400683279708964,0.05766717972726976,0.00575258576415622,0.050854054987978445,0.001113155375298225,0.6169411128948173,0.001895653454221717,0.19922448932005463,0.6486184035022183,0.3021858063324522,"candidate=positive; anchor_balance=0.228; mixed_evidence=0.011; strongest=joy=0.69, approval=0.65",final_model,reactionfusion_v2_hybrid_development
541,242,4,0,127,3,8,2,386,386,RF_POST_000541,"621,638කගේ අස්වැසුමට රුපියල් කෝටි 310.8 අද බැංකු ගිණුම් වලට...",False,sinhala,44fa135868fff92e6b4d46b4c4caafdceac16c51e0b134bd89dc6256c10da8f2,DUP_44fa135868fff92e,1,False,386,5.958424693029782,0.6269430051813472,0.6183206106870229,0.0103626943005181,0.0127226463104325,0.0,0.0025445292620865,0.3290155440414508,0.3256997455470738,0.0077720207253886,0.010178117048346,0.0207253886010362,0.0229007633587786,0.005181347150259,0.0076335877862595,like,0.6269430051813472,0.2979274611398964,neutral,0.4390778234327674,-0.0466564736770711,0.4374202758301556,True,0.0103626943005181,0.0259067357512953,negative,-0.4285714285714285,reactionfusion_v1_provisional,train,approved,negative,negative,0.3419165653990648,False,False,0.46443091668199277,0.026235028881272875,0.3419165653990648,0.25868693269517096,0.1971969537564416,0.20219954814932264,0.04711156275030172,0.16551052456957918,0.1906263597317934,0.03343450545880223,0.3202783373594588,0.7734493110871764,0.3166184884130839,0.6049760859928641,0.6137065466411925,0.2925380682446389,0.721467668724789,"candidate=negative; anchor_balance=-0.016; mixed_evidence=0.026; strongest=anger=0.77, sarcasm=0.72",final_model,reactionfusion_v2_hybrid_development
543,1546,7,0,37,10,776,1,2377,2377,RF_POST_000543,කටානේ බයික් ඇක්සිඩන්ට් එක දැක්කහම නම් බයික් පදිනවා තියා අල්ලන්නත් බය හිතෙනවා 😥,False,sinhala,84eefb15e44b2b44f2145f3425a8c372edde30530067022d62286d9b3ec1ae56,DUP_84eefb15e44b2b44,1,False,2377,7.774015077250727,0.6503996634413126,0.6489093959731543,0.0029448885149347,0.0033557046979865,0.0,0.0004194630872483,0.0155658392932267,0.0159395973154362,0.0042069835927639,0.0046140939597315,0.3264619267984855,0.3259228187919463,0.0004206983592763,0.0008389261744966,like,0.6503996634413126,0.3239377366428271,negative,0.4291163454610064,-0.5321424392135427,0.3872124685443215,False,0.0029448885149347,0.3268826251577619,negative,-0.9821428571428572,reactionfusion_v1_provisional,train,approved,neutral,neutral,0.5182205200789212,False,False,0.39320007045099914,0.005640705708651078,0.22016350320813002,0.5182205200789212,0.20370230016195986,0.057913676550988974,0.2732842528773705,0.10458855320050152,0.0006409189780120458,0.9678499342209453,0.005569626233887607,0.05172257428109724,0.38440320215349155,0.00022975574814106619,0.06356292362378331,0.07115605529860683,0.026507563235984365,"grouped_out_of_fold; candidate=neutral; mixed_evidence=0.006; strongest=surprise=0.97, care_empathy=0.38",grouped_out_of_fold,reactionfusion_v2_hybrid_development
544,1324,28,9,1846,35,10,8,3260,3260,RF_POST_000544,"බෝපිටිය කහ බත් දන්සලට ඇවිත් හතර පාරකට බත් බෙදාගෙන කාලා එකක් අරගෙන ගිය කහ බල්ව්ස් එකේ රෝස මල් තිබ්බ, කළු සායක් ඇඳලා හිටපු නංගි මේක දැක්කොත් මැසේජ් එකක් දාන්න. මමයි දන්සලේ බත් බෙදපු අයියා 😔",False,sinhala,4d6300dc0b8f3cff343af5a94f6f3c9a1ae9566c71d43fff4c5d5b9d8fa7a789,DUP_4d6300dc0b8f3cff,1,False,3260,8.089789175789319,0.4061349693251533,0.4055708601163146,0.0085889570552147,0.0088766452402816,0.002760736196319,0.0030609121518212,0.5662576687116564,0.5653504744413835,0.0107361963190184,0.0110192837465564,0.0030674846625766,0.0033670033670033,0.0024539877300613,0.0027548209366391,haha,0.5662576687116564,0.160122699386503,neutral,0.6169226081879955,0.0160704261156229,0.4246322815663532,True,0.0101073619631901,0.005521472392638,positive,0.2934249263984299,reactionfusion_v1_provisional,train,approved,negative,negative,0.3686813067064329,False,False,0.4281682714748231,0.010484683721452663,0.3686813067064329,0.31370188216301687,0.16020693756757975,0.15740987356297045,0.009569467341258025,0.10491962107215405,0.8255397474887314,0.3283161417368513,0.09647851962188096,0.8727075026435023,0.27417257439773346,0.08308531148369819,0.6898212218806405,0.15476886413414565,0.8875632861125675,"candidate=negative; anchor_balance=0.004; mixed_evidence=0.010; strongest=sarcasm=0.89, anger=0.87",final_model,reactionfusion_v2_hybrid_development
545,102,1,0,24,1,0,0,128,128,RF_POST_000545,🔴 පුස්තකාල සේවා මණ්ඩල සභාපති රත්න ශ්රී විජේසිංහ මහතා ඉල්ලා අස්වෙයි.,False,sinhala,284ba314e9b96d6e03c7719d5cdd1f57b55a464d03afc23cd31a679e98b8d7c3,DUP_284ba314e9b96d6e,1,False,128,4.859812404361672,0.796875,0.762962962962963,0.0078125,0.0148148148148148,0.0,0.0074074074074074,0.1875,0.1851851851851851,0.0078125,0.0148148148148148,0.0,0.0074074074074074,0.0,0.0074074074074074,like,0.796875,0.609375,neutral,0.489411767183121,0.0215653476717489,0.2932406516408244,True,0.0078125,0.0,positive,1.0,reactionfusion_v1_provisional,train,approved,negative,negative,0.3527969575174025,False,False,0.3867200176013233,0.022916741783782123,0.3527969575174025,0.22947359246827137,0.20836130913156486,0.20936814088276126,0.10470839349059126,0.13861261057206622,0.023173019581082217,0.0036203190066575754,0.5195512039771369,0.7238607579666253,0.6949034983348884,0.4515986967130054,0.7507560638010148,0.31233800347553936,0.46478948519010765,"candidate=negative; anchor_balance=0.004; mixed_evidence=0.023; strongest=disgust=0.75, anger=0.72",final_model,reactionfusion_v2_hybrid_development
547,135,1,0,12,0,0,0,148,148,RF_POST_000547,🔴 ප්රදේශීය වාර්තාකරුවනි... තම බලප්රදේශයේ අද පැවැත්වෙන දන්සල් පිලිබඳ වාර්තාවක් කරුණාකර ලබාදෙන්න 🥰,False,sinhala,4fb4e568d9f063704460eba76492e0796bd3c37b83ee333613721f40e4160b5d,DUP_4fb4e568d9f06370,1,False,148,5.003946305945459,0.9121621621621622,0.8774193548387097,0.0067567567567567,0.0129032258064516,0.0,0.0064516129032258,0.081081081081081,0.0838709677419354,0.0,0.0064516129032258,0.0,0.0064516129032258,0.0,0.0064516129032258,like,0.9121621621621622,0.831081081081081,neutral,0.4729937302962822,0.017245437504258,0.1651295711006048,True,0.0067567567567567,0.0,positive,1.0,reactionfusion_v1_provisional,train,approved,negative,negative,0.3512934816926456,False,False,0.2615218474354102,0.013497901803117945,0.3512934816926456,0.27293777576182915,0.19214213781872932,0.1836266047267958,0.1374879199834446,0.09906653629321345,0.00398317649030944,0.003471410951086296,0.6806966320573774,0.5950741744910402,0.8700078582002557,0.22952846663964396,0.6704405235211638,0.2839109468162131,0.32508749755519867,"candidate=negative; anchor_balance=0.004; mixed_evidence=0.013; strongest=care_empathy=0.87, sadness=0.68",final_model,reactionfusion_v2_hybrid_development
548,6,0,0,32,2,1,0,41,41,RF_POST_000548,අපි දන්නේ නැති උනාට සමහරු බැච් Fund එකෙන් කාලා බීලත් තියනවා 😡,False,mixed,5df8ce5c4bf19b8eec6f337eac011dfc58a5303139c4f2d84e6397cc0ff1492b,DUP_5df8ce5c4bf19b8e,1,False,41,3.737669618283368,0.1463414634146341,0.1458333333333333,0.0,0.0208333333333333,0.0,0.0208333333333333,0.7804878048780488,0.6875,0.048780487804878,0.0625,0.024390243902439,0.0416666666666666,0.0,0.0208333333333333,haha,0.7804878048780488,0.6341463414634146,neutral,0.0793903870446818,-0.0950762919363165,0.366197123533631,True,0.0,0.024390243902439,negative,-1.0,reactionfusion_v1_provisional,train,approved,neutral,neutral,0.4737132686967999,False,False,0.5581085534488504,0.07208902148714316,0.3203583572979362,0.4737132686967999,0.1608252768232643,0.045103097181999605,0.002856718464013402,0.0008074324268570877,0.9449357646766947,0.007606400175409419,0.08522225186944629,0.0016820558884867338,0.027597881832546155,0.0011166829957244189,0.4020718349115021,0.0012874971453874773,0.767017054202978,"grouped_out_of_fold; candidate=neutral; mixed_evidence=0.072; strongest=amusement=0.94, sarcasm=0.77",grouped_out_of_fold,reactionfusion_v2_hybrid_development
551,3,0,0,96,0,2,0,101,101,RF_POST_000551,උදේ ඇහැරෙද්දි මෙච්චර ඇඟට අමාරු මං හිතන්නෙ හීනෙනුත් තව මොකක් හරි රස්සාවක් කරනව ඇති. 🤔,False,sinhala,ba946823025992280a13991765133c23780ae141b0ecb4d4e924c328e17a64c1,DUP_ba94682302599228,1,False,101,4.624972813284271,0.0297029702970297,0.037037037037037,0.0,0.0092592592592592,0.0,0.0092592592592592,0.9504950495049505,0.8981481481481481,0.0,0.0092592592592592,0.0198019801980198,0.0277777777777777,0.0,0.0092592592592592,haha,0.9504950495049505,0.9207920792079208,neutral,0.1435481695057341,-0.0844839422553708,0.1183880056455971,True,0.0,0.0198019801980198,negative,-1.0,reactionfusion_v1_provisional,train,approved,negative,negative,0.3457069172541434,False,False,0.25258195507712566,0.01450007519887203,0.3457069172541434,0.3184844508422487,0.18092477223449793,0.15488385966910995,0.03254421888171522,0.08246192757641663,0.7022015403650704,0.09055195512043003,0.7076468900586977,0.7514592665021073,0.20232750191534904,0.0010994694114434182,0.7102067841920162,0.03090645640287318,0.6399822677814543,"candidate=negative; anchor_balance=-0.023; mixed_evidence=0.015; strongest=anger=0.75, disgust=0.71",final_model,reactionfusion_v2_hybrid_development
554,2,0,0,40,0,0,0,42,42,RF_POST_000554,සඳෙන් සඳට කල් ගෙවුනා සිංදුවට ටික්ටොක් එකක් හදලා මේ කපේට දාන්න වෙන්නැති සීන් එකක් තියෙන්නෙ 😞💔,False,sinhala,f9951a352cd20be079b5bbfeb29483f703480ea7a0185517d7888cd136f4a38d,DUP_f9951a352cd20be0,1,False,42,3.7612001156935615,0.0476190476190476,0.0612244897959183,0.0,0.0204081632653061,0.0,0.0204081632653061,0.9523809523809524,0.8367346938775511,0.0,0.0204081632653061,0.0,0.0204081632653061,0.0,0.0204081632653061,haha,0.9523809523809524,0.9047619047619048,neutral,0.3120996922131039,0.0,0.0983827963745696,True,0.0,0.0,neutral,0.0,reactionfusion_v1_provisional,train,approved,negative,negative,0.34199528120355893,False,False,0.3686109223365548,0.04664056568340081,0.34199528120355893,0.2665262898633767,0.21085993242804393,0.1806184965050205,0.03196877048305878,0.14171056031858556,0.6959729484055588,0.009624697279041458,0.6272773370817343,0.8010642664771299,0.06157946597696114,0.0036227756077545584,0.9053391531092359,0.05558661052308243,0.5618345857716749,"candidate=negative; anchor_balance=-0.009; mixed_evidence=0.047; strongest=disgust=0.91, anger=0.80",final_model,reactionfusion_v2_hybrid_development
555,6,3,2,51,1,0,0,63,63,RF_POST_000555,මං කවදහරි දවසක Relationship එකක් පටන් අරන් ඉන්නවා දැක්කොත් ඔයාලා බලාපොරොත්තු නැති කරගන්න එපා. මේ හිත ඇතුලේ තව 50කට උනත් ඉඩ තියෙනව. 😚,False,mixed,56303fa59a27258028d0e87ca1182c5b9675940b03ac7c07880010272f6b581b,DUP_56303fa59a272580,1,False,63,4.158883083359672,0.0952380952380952,0.1,0.0476190476190476,0.0571428571428571,0.0317460317460317,0.0428571428571428,0.8095238095238095,0.7428571428571429,0.0158730158730158,0.0285714285714285,0.0,0.0142857142857142,0.0,0.0142857142857142,haha,0.8095238095238095,0.7142857142857143,positive,0.1460323940151605,0.2497599128303661,0.3675734770645135,True,0.065079365079365,0.0,positive,1.0,reactionfusion_v1_provisional,train,approved,positive,positive,0.42883767243671733,False,False,0.4998124905736384,0.0571214274941301,0.19056673110787897,0.15097682304723514,0.42883767243671733,0.22961877340816841,0.9779666714718273,0.7913601267093175,0.8407326752391373,0.0007634146197696891,0.49755423259379067,0.00028565897485441377,0.003013280362991703,6.946291987833767e-05,0.0032559389965003604,0.8593115980098914,0.07745060233702429,"grouped_out_of_fold; candidate=positive; mixed_evidence=0.057; strongest=joy=0.98, approval=0.86",grouped_out_of_fold,reactionfusion_v2_hybrid_development
556,2,2,0,14,0,0,0,18,18,RF_POST_000556,ඒ රූපෙට මං ආස උනත් බාල උනා😓🫶🏻,False,sinhala,c42b34510b3b03d555555a3b57dd299a98e7af3368d0889796e24ec16e570a43,DUP_c42b34510b3b03d5,1,False,18,2.9444389791664403,0.1111111111111111,0.12,0.1111111111111111,0.12,0.0,0.04,0.7777777777777778,0.6,0.0,0.04,0.0,0.04,0.0,0.04,haha,0.7777777777777778,0.6666666666666666,positive,0.1004903457966124,0.4032362661523209,0.3513722903293815,True,0.1111111111111111,0.0,positive,1.0,reactionfusion_v1_provisional,train,approved,positive,positive,0.495598193597808,False,False,0.6836794368806757,0.21877741980181623,0.16574518104377162,0.18629235407633574,0.495598193597808,0.15236427128208452,0.9955621157135962,0.63010058255994,0.9969999906713394,1.8708648932107875e-06,0.008952121188742036,7.435507101684866e-06,1.7675798054333024e-06,3.8305582316675565e-05,0.0027109068896988076,0.42385358726935785,0.024483075595480117,"grouped_out_of_fold; candidate=positive; mixed_evidence=0.219; strongest=amusement=1.00, joy=1.00",grouped_out_of_fold,reactionfusion_v2_hybrid_development
557,299,83,10,0,0,0,0,392,392,RF_POST_000557,"මගේ ලොකුකමක් නම් නෑ, ඒත් මගේ ඔලුව නැමෙන්නේ ගෞරවයක් ලබන්න සුදුසු අය ළග විතරයි ♥️🙂🙂",False,sinhala,4155ba52fea2f137f35a2bab493d3b4bc3f810caaf0d6b41416df2413d38e337,DUP_4155ba52fea2f137,2,True,392,5.973809611869261,0.7627551020408163,0.7518796992481203,0.211734693877551,0.2105263157894736,0.0255102040816326,0.0275689223057644,0.0,0.0025062656641604,0.0,0.0025062656641604,0.0,0.0025062656641604,0.0,0.0025062656641604,like,0.7627551020408163,0.5510204081632653,positive,0.3498070341379239,0.4173883106962407,0.3231691563832586,True,0.225765306122449,0.0,positive,1.0,reactionfusion_v1_provisional,train,approved,positive,positive,0.33136176958013586,False,False,0.3604956994224451,0.007227983948319701,0.16627810194190795,0.20705327316779157,0.33136176958013586,0.29530685531016476,0.7870615049326937,0.7585789709884848,0.05326364943018111,0.003504697584394617,0.26273068351456574,0.0029080853800422927,0.6175089093878008,0.014582045539672099,0.3465552650523269,0.9461641989971105,0.33564773306597884,"candidate=positive; anchor_balance=0.221; mixed_evidence=0.007; strongest=approval=0.95, joy=0.79",final_model,reactionfusion_v2_hybrid_development
558,134,36,6,3,0,4,0,183,183,RF_POST_000558,"පිරිමි ලමයෙක්ට එක්තරා යුගයක් එනවා,කැපකිරීම් විතරක්ම ජීවිතේ වන....එදාට තමංගේ පුංචිම සතුටත් අතාරින්න වෙනවා.. 💔",False,sinhala,a9255b183079f76cbb9dd836529240ad08e2b1c1e8521c6ad8f085f5a9c00817,DUP_a9255b183079f76c,2,True,183,5.214935757608986,0.73224043715847,0.7105263157894737,0.1967213114754098,0.1947368421052631,0.0327868852459016,0.0368421052631578,0.0163934426229508,0.0210526315789473,0.0,0.0052631578947368,0.0218579234972677,0.0263157894736842,0.0,0.0052631578947368,like,0.73224043715847,0.5355191256830601,positive,0.2837777037263534,0.3679572761826153,0.4168113753874375,True,0.2147540983606557,0.0218579234972677,positive,0.8152424942263279,reactionfusion_v1_provisional,train,approved,mixed,mixed,0.3857251604426066,False,True,0.4703651423334891,0.05941454429475652,0.13470938667660293,0.17385536767633933,0.30571008520445114,0.3857251604426066,0.8284219364335593,0.8752343536171968,0.11748902533683837,0.0008426840634218739,0.5974257895535727,0.0004546268116897908,0.47509129233159375,0.01750697803194293,0.13893186476549127,0.9724259599429804,0.25246391780376326,"candidate=mixed; anchor_balance=0.183; mixed_evidence=0.059; strongest=approval=0.97, affection=0.88",final_model,reactionfusion_v2_hybrid_development
559,353,134,35,20,0,0,0,542,542,RF_POST_000559,සිස්සත්වෙ ලේසිලු දරු පැටියට 🙈💜,False,sinhala,ae6d71d785d205709ee11363682986bd7bfabd20b064ec5f3846880ec7b9528c,DUP_ae6d71d785d20570,2,True,542,6.297109319933935,0.6512915129151291,0.644808743169399,0.2472324723247232,0.2459016393442623,0.0645756457564575,0.0655737704918032,0.03690036900369,0.0382513661202185,0.0,0.0018214936247723,0.0,0.0018214936247723,0.0,0.0018214936247723,like,0.6512915129151291,0.4040590405904059,positive,0.3761275214766722,0.4931487896663272,0.4745581801591633,False,0.2827490774907749,0.0,positive,1.0,reactionfusion_v1_provisional,train,approved,positive,positive,0.4539769994609366,False,False,0.4963576431474023,0.007232898260800034,0.11359553824945716,0.17865286740169106,0.4539769994609366,0.2537745948879151,0.9395871262908988,0.9853449519633852,0.27462636646209504,0.0031081692396956575,0.19845561518263977,0.00019799351049725478,0.39545472294547246,0.02793744489407193,0.03504386381680893,0.9961474915384194,0.1076587683225295,"candidate=positive; anchor_balance=0.278; mixed_evidence=0.007; strongest=approval=1.00, affection=0.99",final_model,reactionfusion_v2_hybrid_development
562,463,264,25,0,0,0,0,752,752,RF_POST_000562,තමන්ට රස්සාව උගන්නපු අයව කවදාවත් අමතක කරන්න එපා ❤️,False,sinhala,af7991a39d0bb1f3da20b634bd06b13bf1d40b8c5030c64a2d20566bbbd3ffea,DUP_af7991a39d0bb1f3,1,False,752,6.6240652277998935,0.6156914893617021,0.61133069828722,0.351063829787234,0.3491436100131752,0.0332446808510638,0.0342555994729907,0.0,0.0013175230566534,0.0,0.0013175230566534,0.0,0.0013175230566534,0.0,0.0013175230566534,like,0.6156914893617021,0.2646276595744681,positive,0.4506710207218667,0.5635020863979389,0.4004632314374841,False,0.3693484042553192,0.0,positive,1.0,reactionfusion_v1_provisional,train,approved,positive,positive,0.4485586002427312,False,False,0.420762902482373,0.004434918603239768,0.12197512176947795,0.18572140802538936,0.4485586002427312,0.24374486996240158,0.8859919303647218,0.9791118278212192,0.21677645260970663,0.0031141011434622627,0.04586241981416004,0.00043231196640470317,0.5565918862761792,0.008398504310044816,0.1028948743477854,0.9888244816529148,0.2548854142424539,"candidate=positive; anchor_balance=0.365; mixed_evidence=0.004; strongest=approval=0.99, affection=0.98",final_model,reactionfusion_v2_hybrid_development
564,217,27,5,1191,5,3,1,1449,1449,RF_POST_000564,කොල්ලො කවදාවත් කෙල්ලෙක් ඉන්නවනම් වෙන කෙල්ලො එක්ක මැසේජ් කරන්නයි හුරතල් වෙන්නයි යන්නෙ නෑ ♥️,False,sinhala,5e30e5b539f194c80719e0201f0a358843af7a3dc7515ec9cba50a2f5ce4b630,DUP_5e30e5b539f194c8,1,False,1449,7.27931883541462,0.1497584541062802,0.1497252747252747,0.0186335403726708,0.0192307692307692,0.0034506556245686,0.0041208791208791,0.8219461697722568,0.8186813186813187,0.0034506556245686,0.0041208791208791,0.0020703933747412,0.0027472527472527,0.0006901311249137,0.0013736263736263,haha,0.8219461697722568,0.6721877156659766,neutral,0.2639642512546516,0.0711310216912579,0.2963524610826579,True,0.0205314009661835,0.0027605244996549,positive,0.762962962962963,reactionfusion_v1_provisional,train,approved,negative,negative,0.3206668289043026,False,False,0.3055676502378258,0.0050368293995246005,0.3206668289043026,0.2731085338068961,0.19854281569356544,0.20768182159523596,0.15208961363091786,0.309108349012907,0.7159012477409614,0.5092698383486686,0.26277132584461993,0.303839060298531,0.294600811863092,0.0008799403079267786,0.4968187443744126,0.17736877131100723,0.6383499837717408,"candidate=negative; anchor_balance=0.017; mixed_evidence=0.005; strongest=amusement=0.72, sarcasm=0.64",final_model,reactionfusion_v2_hybrid_development
565,53,1,0,76,0,1,0,131,131,RF_POST_000565,ලස්සනම ලස්සන ගැහැනු ලමයින්ට බූට් තියෙන්නෙ නළුවො වෙන්න ඇති නේද ? 😌👍,False,sinhala,612a4100fdea4b1d4c7079154a8cba6a8fb510c74e700fbe6186ed00b04ee3bc,DUP_612a4100fdea4b1d,1,False,131,4.882801922586371,0.4045801526717557,0.391304347826087,0.0076335877862595,0.0144927536231884,0.0,0.0072463768115942,0.5801526717557252,0.5579710144927537,0.0,0.0072463768115942,0.0076335877862595,0.0144927536231884,0.0,0.0072463768115942,haha,0.5801526717557252,0.1755725190839694,neutral,0.6438074852599532,0.0,0.388717586474022,True,0.0076335877862595,0.0076335877862595,neutral,0.0,reactionfusion_v1_provisional,train,approved,mixed,mixed,0.3671355984744168,False,True,0.47409082282644127,0.035041495600215224,0.2800910436282267,0.14921521314563932,0.20355814475171718,0.3671355984744168,0.0855356312422764,0.45023098074468987,0.7847883802981316,0.012744537776151893,0.56102003322994,0.854540914572432,0.2215240798882415,0.6070601841962101,0.7025579857406262,0.508636467531498,0.8544716592415846,"candidate=mixed; anchor_balance=-0.003; mixed_evidence=0.035; strongest=anger=0.85, sarcasm=0.85",final_model,reactionfusion_v2_hybrid_development
566,590,346,79,2,0,0,0,1017,1017,RF_POST_000566,තමන්ගේ මහන්සියෙන් ගොඩයන්න ගේමක් ගහන ගැහැනු ලමයින්ට ජීවිතේ කොතනකදිවත් වරදින්න එපා ❤️,False,sinhala,b132a5afb4cfcaf9dee6991de18e5da732d712918fa0802b51aaf9e2e878c890,DUP_b132a5afb4cfcaf9,1,False,1017,6.925595197110468,0.5801376597836775,0.5771484375,0.3402163225172074,0.3388671875,0.0776794493608653,0.078125,0.0019665683382497,0.0029296875,0.0,0.0009765625,0.0,0.0009765625,0.0,0.0009765625,like,0.5801376597836775,0.23992133726647,positive,0.4386723850997852,0.5693834899635097,0.4591320490467305,False,0.3829400196656833,0.0,positive,1.0,reactionfusion_v1_provisional,train,approved,positive,positive,0.5195492828608285,False,False,0.47304753752886775,0.0036956838869442793,0.112940446278357,0.16888585038173648,0.5195492828608285,0.19862442047907808,0.8425605672646687,0.9946637723351938,0.49565131964624526,0.0028072867663168554,0.05306069279973676,0.00015380867089806918,0.5844345185659858,0.021999183928509476,0.02116212867997638,0.9974869546325086,0.08779724921036279,"candidate=positive; anchor_balance=0.380; mixed_evidence=0.004; strongest=approval=1.00, affection=0.99",final_model,reactionfusion_v2_hybrid_development
567,1343,6651,91,100,4,3,2,8194,8194,RF_POST_000567,තමන්ගෙ ෆෝන් එක බෝයිෆ්රෙන්ඩ් ගාව පැයක් නෙවෙයි ඕන තරම් වෙලා තියලා යන්න පුළුවන් අවංක ගැහැණු ලමයි මේකට හාර්ට් දාන්න ❤️,False,sinhala,b1712d97e0f9fb8e7bd3647c4823f8dc05d73550d665a0f01de7a444bbdb6a27,DUP_b1712d97e0f9fb8e,1,False,8194,9.01127949117793,0.1639004149377593,0.1638824533593464,0.8116914815718819,0.8111205950493843,0.0111056870881132,0.0112181441287647,0.0122040517451794,0.0123155712717961,0.0004881620698071,0.0006096817461285,0.0003661215523553,0.0004877453969028,0.0002440810349035,0.0003658090476771,love,0.8116914815718819,0.6477910666341226,positive,0.7534019822502971,0.8848537852673931,0.2971153092312822,False,0.8177996094703441,0.0006102025872589,positive,0.9985088092095944,reactionfusion_v1_provisional,train,approved,positive,positive,0.7179965635321457,False,False,0.29901029508813703,0.0010208862653905424,0.05717062971178142,0.135142221413948,0.7179965635321457,0.089690585342125,0.944532405115273,0.9998589640109427,0.00855190256998044,0.06459768146289957,3.986456518761666e-05,1.2661006062255362e-06,0.9562218070742381,2.600222042698183e-06,0.0014186513296560426,0.9832965089547943,0.0015721153936205836,"candidate=positive; anchor_balance=0.816; mixed_evidence=0.001; strongest=affection=1.00, approval=0.98",final_model,reactionfusion_v2_hybrid_development
569,291,139,16,0,0,0,0,446,446,RF_POST_000569,මා වෙනුවෙන් ඇවිද ආ මිනිසුන් වෙනුවෙන් දවසක මා දිව යාමට වුවද අවිවාදයෙන් ඉදිරිපත් වෙමි ❤️ ඔවුන් සුන්දරයි ❤️,False,sinhala,2c97f9e11b382002a5cfd6d9e562fd657ea5b127139fbcf8ae0e860cf93e9c96,DUP_2c97f9e11b382002,1,False,446,6.102558594613569,0.6524663677130045,0.6445916114790287,0.3116591928251121,0.3090507726269316,0.0358744394618834,0.0375275938189845,0.0,0.0022075055187637,0.0,0.0022075055187637,0.0,0.0022075055187637,0.0,0.0022075055187637,like,0.6524663677130045,0.3408071748878923,positive,0.4259784237140923,0.5296459797409483,0.3912447335309132,False,0.331390134529148,0.0,positive,1.0,reactionfusion_v1_provisional,train,approved,positive,positive,0.42859855540275593,False,False,0.4230216673555795,0.007470581321952839,0.11896568884628504,0.18977649531542026,0.42859855540275593,0.26265926043553883,0.8965418572028149,0.965163197802155,0.18472574827277866,0.002012498632552877,0.10090867900427554,0.0004835957246360871,0.49691520238826964,0.01161504747111093,0.10459977926783283,0.9878658121138343,0.21798156491189188,"candidate=positive; anchor_balance=0.325; mixed_evidence=0.007; strongest=approval=0.99, affection=0.97",final_model,reactionfusion_v2_hybrid_development
570,847,248,26,2,0,1,0,1124,1124,RF_POST_000570,තනියම සතුටින් ඉන්න පුරුදු වෙන්න ❤️ මොකද ඔයත් එක්ක හැමදාම ඉන්න කවුරුත් නෑ 🙂👍,False,sinhala,395853e6ebb04de16cc0cae4b01d48c2f6d072238137f4922feb61a99526ff18,DUP_395853e6ebb04de1,1,False,1124,7.025538314638521,0.75355871886121,0.7497789566755084,0.2206405693950178,0.2201591511936339,0.0231316725978647,0.0238726790450928,0.0017793594306049,0.0026525198938992,0.0,0.0008841732979664,0.0008896797153024,0.0017683465959328,0.0,0.0008841732979664,like,0.75355871886121,0.5329181494661922,positive,0.3549219452128159,0.4262559860614575,0.3347004763334603,False,0.2333629893238434,0.0008896797153024,positive,0.992404101785036,reactionfusion_v1_provisional,train,approved,uncertain,positive,0.3015263027938189,True,True,0.3482429293157899,0.003694885191679468,0.19698197037917922,0.21745769301169132,0.3015263027938189,0.2840340338153105,0.65719339380061,0.734457743220768,0.05037753501153814,0.013781899760682727,0.15025479772460332,0.0036615908189084685,0.702249901084943,0.009116117035228789,0.47628444728313535,0.9294594877201388,0.46463431427200075,"candidate=positive; anchor_balance=0.231; mixed_evidence=0.004; strongest=approval=0.93, affection=0.73",final_model,reactionfusion_v2_hybrid_development
571,326,30,5,186,2,0,0,549,549,RF_POST_000571,සාර්ථකව විවාහ ජීවිතයක් ගත කිරීමට නම් බිරිද ගිරවියක් වන විට සැමියා බකමූනෙකු විය යුතුය 🤓👍,False,sinhala,9902fc22aa2ee65131f3631942cfc6b47286eb1c8ca3d1251233ea53f411605c,DUP_9902fc22aa2ee651,1,False,549,6.309918278226516,0.5938069216757741,0.5881294964028777,0.0546448087431694,0.0557553956834532,0.0091074681238615,0.0107913669064748,0.3387978142076502,0.3363309352517986,0.0036429872495446,0.0053956834532374,0.0,0.0017985611510791,0.0,0.0017985611510791,like,0.5938069216757741,0.2550091074681239,positive,0.1353590327931546,0.1759799682901726,0.461627871133396,True,0.0596539162112932,0.0,positive,1.0,reactionfusion_v1_provisional,train,approved,positive,positive,0.3262136891579511,False,False,0.4827620989322705,0.006946217250824036,0.21311401269061625,0.21927569176570952,0.3262136891579511,0.2413966063857232,0.8368586025609202,0.7567648495925817,0.39868288111536776,0.012784666752486086,0.3073530738247852,0.032358089233962065,0.18244244595360937,0.07798669842915697,0.10101203535120631,0.8622512045496651,0.5567259585570883,"candidate=positive; anchor_balance=0.058; mixed_evidence=0.007; strongest=approval=0.86, joy=0.84",final_model,reactionfusion_v2_hybrid_development
573,2361,681,90,647,7,0,0,3786,3786,RF_POST_000573,"තාමත් බියර් එකක් නොබී, Tatoo එකක් කරලා නැත්නම් රැල්ලට අහුනොවුනු ඔයා ඇත්තටම ගැහැනු ලමයෝ බුද්ධිමත් වගේම මාරම පරිණතයි💚🥰",False,mixed,d676c20f1ba371428369a08cb2eaf0a477f11b23363ab73efec4d5b43bf519c1,DUP_d676c20f1ba37142,1,False,3786,8.239329427901795,0.6236133122028527,0.6227260743474822,0.1798732171156893,0.1798049037701028,0.0237717908082408,0.0239915634062747,0.1708927628103539,0.1708410229369892,0.0018489170628631,0.0021091484313208,0.0,0.0002636435539151,0.0,0.0002636435539151,like,0.6236133122028527,0.4437400950871632,positive,0.3180134688295321,0.4287993826271309,0.5167260881713276,True,0.1929477020602218,0.0,positive,1.0,reactionfusion_v1_provisional,train,approved,positive,positive,0.39007977954049045,False,False,0.5201616650457019,0.001097098159864386,0.135538312440364,0.22864156550282666,0.39007977954049045,0.2457403425163189,0.9796550788078158,0.9583089884192899,0.15666971953497505,0.06078056028969029,0.07047403171632603,0.00011714698196897166,0.1425268923533961,0.002439274585516315,0.02649818818931812,0.9739769452690468,0.26569997923683397,"candidate=positive; anchor_balance=0.192; mixed_evidence=0.001; strongest=joy=0.98, approval=0.97",final_model,reactionfusion_v2_hybrid_development
574,756,135,8,4,0,9,0,912,912,RF_POST_000574,මිනිස්සුන්ව ඕනෑවට වඩා විශ්වාස කරන්න එපා.⁣. වෙනස් වෙන්න යන්නෙ චූටි කාලයයි.. ආදරේ කරන අය පවා.. 💔,False,sinhala,fecf576838038dd574d43eead3112b80482eca8ff0eb3545a442badd81aec666,DUP_fecf576838038dd5,1,False,912,6.816735880594968,0.8289473684210527,0.823721436343852,0.1480263157894736,0.147986942328618,0.0087719298245614,0.0097932535364526,0.0043859649122807,0.0054406964091403,0.0,0.001088139281828,0.0098684210526315,0.0108813928182807,0.0,0.001088139281828,like,0.8289473684210527,0.680921052631579,positive,0.2532326002343172,0.2948418176173498,0.2822477129294081,True,0.1528508771929824,0.0098684210526315,positive,0.8787061994609164,reactionfusion_v1_provisional,train,approved,uncertain,negative,0.28762972484135163,True,True,0.29816327998865055,0.014275499803591541,0.28762972484135163,0.24503852121328495,0.23357238169598193,0.23375937224938148,0.43043623497974415,0.35146146141472284,0.013419947582145144,0.015952790658595645,0.3456337969631019,0.014958807645565241,0.8107138507127183,0.01248274583427591,0.6849915726595883,0.7375215828095264,0.560888701535496,"candidate=negative; anchor_balance=0.141; mixed_evidence=0.014; strongest=care_empathy=0.81, approval=0.74",final_model,reactionfusion_v2_hybrid_development
575,520,163,21,2,0,0,0,706,706,RF_POST_000575,"ගොඩක්ම Professional වෙන්නත් එපා 😼 ආදරණීය මනුස්සයෙක් විදියට හිනාවෙලා ආතල් එකේ ඉන්න, මොකද අපි මැරෙන මිනිස්සු 🙂❤️",False,mixed,dcb65349e2c4d83c80c0cfecd206fc82125d839f4e2f5f1d95db0892fb1a3569,DUP_dcb65349e2c4d83c,1,False,706,6.561030665896573,0.7365439093484419,0.7307152875175316,0.2308781869688385,0.2300140252454418,0.0297450424929178,0.0308555399719495,0.0028328611898017,0.0042075736325385,0.0,0.0014025245441795,0.0,0.0014025245441795,0.0,0.0014025245441795,like,0.7365439093484419,0.5056657223796034,positive,0.366023061524385,0.4441859651352217,0.351936530209381,False,0.2472379603399433,0.0,positive,1.0,reactionfusion_v1_provisional,train,approved,positive,positive,0.3354964531622859,False,False,0.372715127169702,0.0041819369107399945,0.16637445428422995,0.206651412685103,0.3354964531622859,0.29147767986838125,0.7654385672574566,0.8354994100828741,0.07001819966876459,0.006937344205290677,0.17403951297588935,0.0022604309860912173,0.6473210318198437,0.012851133656612475,0.33998490025275424,0.9602030116655524,0.3625589630436984,"candidate=positive; anchor_balance=0.244; mixed_evidence=0.004; strongest=approval=0.96, affection=0.84",final_model,reactionfusion_v2_hybrid_development
576,226,3,2,378,8,7,1,625,625,RF_POST_000576,පිරිමි ලමයින්ගෙන් බහුතරයකට අතිරේක ආදරවන්තියක් ඇත 😂😾🌝,False,sinhala,131c3dcac4a3401dd222f92b8b319b8b91f7fc558688118339df98a5be1f77ce,DUP_131c3dcac4a3401d,1,False,625,6.439350371100098,0.3616,0.3591772151898734,0.0048,0.0063291139240506,0.0032,0.0047468354430379,0.6048,0.5996835443037974,0.0128,0.0142405063291139,0.0112,0.0126582278481012,0.0016,0.0031645569620253,haha,0.6048,0.2432,neutral,0.5811692581508241,-0.0223069099683652,0.4277482850513854,True,0.00656,0.0128,negative,-0.3223140495867769,reactionfusion_v1_provisional,train,approved,negative,negative,0.36927771810806,False,False,0.44500210510073496,0.015913049960880714,0.36927771810806,0.2879341101604317,0.18310878380285264,0.15967938792865566,0.017962882829511754,0.13458523534126263,0.7787731750625781,0.12795374501197404,0.23995293411080135,0.9051751773239725,0.29572056741697816,0.18445715911527347,0.7579522949638802,0.17810679167411964,0.8490917757953703,"candidate=negative; anchor_balance=-0.007; mixed_evidence=0.016; strongest=anger=0.91, sarcasm=0.85",final_model,reactionfusion_v2_hybrid_development
577,102,7,1,129,4,0,0,243,243,RF_POST_000577,ගැහැණු ලමයි සෑහිමකට පත්වෙන්නෙ පිරිමි ලමයින්ට තරහගිය පසුවය 🙈😬😒,False,sinhala,ead74c4f284dd3adf2edc43ed16f9bf3f34b170592ddff586b6770ea5e67e19c,DUP_ead74c4f284dd3ad,1,False,243,5.497168225293202,0.419753086419753,0.412,0.0288065843621399,0.032,0.0041152263374485,0.008,0.5308641975308642,0.52,0.0164609053497942,0.02,0.0,0.004,0.0,0.004,haha,0.5308641975308642,0.1111111111111111,neutral,0.0872394632771188,0.1055361574212357,0.4588802486400888,True,0.0310699588477366,0.0,positive,1.0,reactionfusion_v1_provisional,train,approved,positive,positive,0.38693171839517015,False,False,0.5018518434275653,0.01605925898968209,0.24416777484053306,0.25850939331876377,0.38693171839517015,0.11039111344553307,0.6990585658987797,0.3264142321496717,0.7672812941071057,0.0042118888712519625,0.15733563302839515,0.05094997460136508,0.4135084453992731,0.06717254645748348,0.3317679118715717,0.6297667893550928,0.5418458388430342,"grouped_out_of_fold; candidate=positive; mixed_evidence=0.016; strongest=amusement=0.77, joy=0.70",grouped_out_of_fold,reactionfusion_v2_hybrid_development
578,1270,551,69,10,1,9,0,1910,1910,RF_POST_000578,අගහිගකම් දරාගෙන ගොඩ යන්න හයියක් වෙන Wife කෙනෙක් ලැබෙන්නත් වාසනාව තියෙන්නෙ ඕන 🥺❤️,False,mixed,f1e178fb6d36e8f1e0590850ec05cddb28ad9f79b351ab8f77b6a3e45b96e17a,DUP_f1e178fb6d36e8f1,1,False,1910,7.555381944240273,0.6649214659685864,0.6630151278038602,0.2884816753926701,0.2879499217527386,0.0361256544502617,0.0365153886280646,0.0052356020942408,0.0057381324986958,0.000523560209424,0.0010432968179447,0.0047120418848167,0.0052164840897235,0.0,0.0005216484089723,like,0.6649214659685864,0.3764397905759162,positive,0.398357699860776,0.5025088577462321,0.4145246647097022,False,0.3083507853403141,0.0047120418848167,positive,0.9698971485910192,reactionfusion_v1_provisional,train,approved,positive,positive,0.4708866132559009,False,False,0.4213769589879642,0.009671667290281913,0.2333146260236979,0.23502633876857268,0.4708866132559009,0.060772421951828456,0.7157941067811262,0.6788191661584493,0.14372611750464667,0.006434682886831646,0.042022406893112145,0.0004841004536577501,0.002675127975984109,0.0041636421430881684,0.37249973007074144,0.9749934738866036,0.31356757251846173,"grouped_out_of_fold; candidate=positive; mixed_evidence=0.010; strongest=approval=0.97, joy=0.72",grouped_out_of_fold,reactionfusion_v2_hybrid_development
579,590,3513,3,22,1,1,3,4133,4133,RF_POST_000579,ඔබ සිතන්නේ බන්ධනාගාර සිදුවීම් සැලසුම් සහගත එකක් ද.? ❤ ඔව් 👍 නෑ,False,sinhala,7c2ebdc29e87b034b26bae22f0f198b8dac84f3357693fbd6f2e6399fdb00eb2,DUP_7c2ebdc29e87b034,1,False,4133,8.327000740241713,0.1427534478586982,0.1427536231884058,0.8499879022501815,0.8487922705314009,0.000725864989112,0.0009661835748792,0.0053230099201548,0.0055555555555555,0.0002419549963706,0.0004830917874396,0.0002419549963706,0.0004830917874396,0.000725864989112,0.0009661835748792,love,0.8499879022501815,0.7072344543914831,positive,0.797378548821828,0.9038461225003492,0.2355878307780869,False,0.8503871279941931,0.0009678199854827,positive,0.9977264007502876,reactionfusion_v1_provisional,train,approved,positive,positive,0.7172028434223752,False,False,0.23982738865809727,0.0013903037023657813,0.05181658417872637,0.13992141714133088,0.7172028434223752,0.09105915525756757,0.962974815837255,0.9998849234703633,0.004916138803822922,0.02529550072162158,4.216127467958967e-05,9.960017878340436e-07,0.951089254197592,1.1754650819416104e-06,0.0009927189027940009,0.9782266296099228,0.0009792758789742356,"candidate=positive; anchor_balance=0.848; mixed_evidence=0.001; strongest=affection=1.00, approval=0.98",final_model,reactionfusion_v2_hybrid_development
580,895,245,16,3,3,4,1,1167,1167,RF_POST_000580,දැන් මං මගෙ මානසික නිදහස වෙනුවෙන් ඕනම දෙයක් අත්හරිනවා.. 🙂❤️,False,sinhala,cb5934c2938caadfc385b2f4b9dfe15b083b4d0acdc761dfe20ca420fa048e83,DUP_cb5934c2938caadf,1,False,1167,7.0630481633881725,0.766923736075407,0.7632027257240205,0.2099400171379606,0.2095400340715502,0.0137103684661525,0.014480408858603,0.0025706940874035,0.0034071550255536,0.0025706940874035,0.0034071550255536,0.0034275921165381,0.004258943781942,0.0008568980291345,0.0017035775127768,like,0.766923736075407,0.5569837189374465,positive,0.3344541071719218,0.4010434491547837,0.332080437163469,True,0.2174807197943445,0.0042844901456726,positive,0.9613601236476044,reactionfusion_v1_provisional,train,approved,uncertain,positive,0.3012744674478626,True,True,0.3432172486803158,0.008185760615884873,0.22889827388735492,0.25730118314925376,0.3012744674478626,0.2125260755155287,0.5819307058756286,0.4934647637615604,0.03822386041330907,0.014859027742888737,0.12817794877306093,0.003797675577993087,0.6808870550231724,0.005345211998923202,0.4837748313364245,0.8380497973431555,0.4793948476679829,"candidate=positive; anchor_balance=0.212; mixed_evidence=0.008; strongest=approval=0.84, care_empathy=0.68",final_model,reactionfusion_v2_hybrid_development
581,182,25,3,3,0,0,0,213,213,RF_POST_000581,ඔබ චරිතයක් විය හැකිය.. එහෙත් ඔබේ අම්මාට එය අදාල නැත.. 🙂👍,False,sinhala,fb753b8d3650b0bb58d196337fe7aa4b02a97cd44e38de23cf7904553d3ffb63,DUP_fb753b8d3650b0bb,1,False,213,5.365976015021851,0.8544600938967136,0.8318181818181818,0.1173708920187793,0.1181818181818181,0.0140845070422535,0.0181818181818181,0.0140845070422535,0.0181818181818181,0.0,0.0045454545454545,0.0,0.0045454545454545,0.0,0.0045454545454545,like,0.8544600938967136,0.7370892018779343,positive,0.2306962907822349,0.2689658097178458,0.2599950319293547,True,0.1251173708920187,0.0,positive,1.0,reactionfusion_v1_provisional,train,approved,uncertain,positive,0.29725886147313174,True,True,0.32109589955947426,0.011676214529435427,0.22870639488714326,0.2306759924022854,0.29725886147313174,0.24335875123743955,0.6416909804775025,0.37101896737932066,0.013520633148746469,0.002799275734560512,0.5144191654449703,0.01824016543040142,0.6810447003200917,0.031779782397887736,0.4492597150969087,0.7904365336815555,0.2959593504363523,"candidate=positive; anchor_balance=0.119; mixed_evidence=0.012; strongest=approval=0.79, care_empathy=0.68",final_model,reactionfusion_v2_hybrid_development
582,272,314,75,6,1,3,0,671,671,RF_POST_000582,"""ඔයාගෙ පාර්ට්නර් ලයිෆ් එකේ කට්ටක් කාගෙන ගේමක් ගහන කෙනෙක් නම්, එයාව හයියට අල්ල ගන්න"" ❤",False,sinhala,bb473d217332d381527f5df7ba86e5beb0da67e489617912900f3657b0507582,DUP_bb473d217332d381,1,False,671,6.51025834052315,0.405365126676602,0.4026548672566372,0.4679582712369597,0.4646017699115044,0.1117734724292101,0.1120943952802359,0.0089418777943368,0.0103244837758112,0.0014903129657228,0.0029498525073746,0.0044709388971684,0.0058997050147492,0.0,0.0014749262536873,love,0.4679582712369597,0.0625931445603576,positive,0.4908285522855546,0.6703846045043385,0.535678540530444,False,0.5294336810730254,0.0044709388971684,positive,0.983251919050942,reactionfusion_v1_provisional,train,approved,positive,positive,0.6664210147980902,False,False,0.5509225980668631,0.016251404072768823,0.08535767155093633,0.11716556731133544,0.6664210147980902,0.13105574633963793,0.9422038526287649,0.9998029458560747,0.8767465869226088,0.0004043954071898436,0.01944464418128228,5.416479199149995e-06,0.641432650082889,0.008505909737056566,0.00037374154552206445,0.9997457149085424,0.006864029248238803,"candidate=positive; anchor_balance=0.519; mixed_evidence=0.016; strongest=affection=1.00, approval=1.00",final_model,reactionfusion_v2_hybrid_development
583,309,5,1,349,4,0,1,669,669,RF_POST_000583,ලව් කරන අය රෑට පැය ගනන් කතා කරන්නෙ මොනවද 🙄,False,sinhala,43188d96015c4448d999327cd979e1bb58ffadd478cc9bdac9fc8fa5b8db7bc4,DUP_43188d96015c4448,1,False,669,6.507277712385012,0.4618834080717489,0.4585798816568047,0.007473841554559,0.0088757396449704,0.0014947683109118,0.0029585798816568,0.5216741405082213,0.5177514792899408,0.0059790732436472,0.007396449704142,0.0,0.0014792899408284,0.0014947683109118,0.0029585798816568,haha,0.5216741405082213,0.0597907324364723,neutral,0.5650262684340404,0.023298921311297,0.402326797974585,True,0.0082959641255605,0.0014947683109118,positive,0.6946564885496184,reactionfusion_v1_provisional,train,approved,negative,negative,0.3673029324075219,False,False,0.4217327789255101,0.007486380690985386,0.3673029324075219,0.24267391814004416,0.20174335724914974,0.1882797922032842,0.05621582082998874,0.24867128228345298,0.8312800327608076,0.039832523913210446,0.261625083223241,0.8716568762664051,0.2917323330168703,0.26731786737507207,0.5845415871848557,0.39268226199761663,0.8835363148662244,"candidate=negative; anchor_balance=0.006; mixed_evidence=0.007; strongest=sarcasm=0.88, anger=0.87",final_model,reactionfusion_v2_hybrid_development
585,402,206,22,0,0,0,0,630,630,RF_POST_000585,කොහෙදි දැක්කත් හිනා වෙලා කතා කරලා යන මිනිස්සුන්ට හදවතින්ම ආදරෙයි ❤️,False,sinhala,c207a400698012a321dc403927832d686804dff026d712f5e07ecac9c383ae2b,DUP_c207a400698012a3,1,False,630,6.447305862541213,0.638095238095238,0.6326530612244898,0.326984126984127,0.3249607535321821,0.0349206349206349,0.0361067503924646,0.0,0.0015698587127158,0.0,0.0015698587127158,0.0,0.0015698587127158,0.0,0.0015698587127158,like,0.638095238095238,0.3111111111111111,positive,0.4357966971136608,0.5431734050825013,0.3953626501079325,False,0.3461904761904762,0.0,positive,1.0,reactionfusion_v1_provisional,train,approved,positive,positive,0.4325902399497516,False,False,0.4190261567393607,0.005262494904105001,0.12415256077380034,0.18919538388442725,0.4325902399497516,0.25406181539202094,0.8821908835786878,0.971092088962945,0.19220571560178323,0.0029133929523876873,0.06883542597650139,0.0005083231740924778,0.5480752508797823,0.0100548048960594,0.11702900105464357,0.9878207676430211,0.24933634932596366,"candidate=positive; anchor_balance=0.342; mixed_evidence=0.005; strongest=approval=0.99, affection=0.97",final_model,reactionfusion_v2_hybrid_development
586,476,23,7,500,4,8,0,1018,1018,RF_POST_000586,මට නිදිමත වේවා! මට නිදිමත වේවා! මට නිදිමත වේවා! මට මෙන්ම සියලුම සත්වයන්ට නිදිමත වේවා!!!,False,sinhala,1275830250dcef74205c73a83868c7bee8cd7fd87e46a7324e55980b1e1b1cf1,DUP_1275830250dcef74,1,False,1018,6.926577033222725,0.4675834970530452,0.4653658536585366,0.0225933202357563,0.0234146341463414,0.0068762278978389,0.0078048780487804,0.4911591355599214,0.488780487804878,0.0039292730844793,0.0048780487804878,0.0078585461689587,0.008780487804878,0.0,0.0009756097560975,haha,0.4911591355599214,0.0235756385068762,neutral,0.3542024963098246,0.0615539271216524,0.4544792327372062,True,0.0263752455795677,0.0078585461689587,positive,0.5408895265423243,reactionfusion_v1_provisional,train,approved,negative,negative,0.3253979844861238,False,False,0.4655683496325224,0.01816852096126917,0.3253979844861238,0.22926762037024026,0.23095348048233091,0.21438091466130507,0.1530411641270507,0.492524443363887,0.860551398355434,0.04411993315997089,0.2713654577779428,0.4660075764589393,0.19253467962213422,0.25734774307065156,0.2919650114692521,0.6121224546381783,0.8739684272906024,"candidate=negative; anchor_balance=0.018; mixed_evidence=0.018; strongest=sarcasm=0.87, amusement=0.86",final_model,reactionfusion_v2_hybrid_development
588,932,121,14,10,0,3,2,1082,1082,RF_POST_000588,"සල්ලි හම්බ කරන්න, සහෝදරයෙක් වුනත් ඔබව සහෝදරයෙක් විදියට පිළිගන්නෙ අත දිග ඇරලා වියදම් කරන්න සල්ලි තියෙනම් විතරයි 🙂👍",False,sinhala,26dbb0abb9b90c6fd9d5acb904635e2f18fae613183c15b7bb1bb206112cb000,DUP_26dbb0abb9b90c6f,1,False,1082,6.987490247000991,0.8613678373382625,0.8567493112947658,0.1118299445471349,0.1120293847566574,0.0129390018484288,0.0137741046831955,0.0092421441774491,0.0101010101010101,0.0,0.0009182736455463,0.0027726432532347,0.0036730945821854,0.0018484288354898,0.0027548209366391,like,0.8613678373382625,0.7495378927911276,positive,0.2149255062990178,0.2466840596947874,0.257483627836603,True,0.1189463955637707,0.0046210720887245,positive,0.925205684367988,reactionfusion_v1_provisional,train,approved,negative,negative,0.33565843681275515,False,False,0.2705078922776831,0.00695520751494502,0.33565843681275515,0.3157889736187075,0.2989218175752226,0.049630771993314685,0.39941897019608197,0.02584997091692054,0.012724384084326303,0.004613897083773242,0.2349302207531522,0.046306748025458845,0.3601492294577721,0.015438133207824578,0.5269869950301699,0.6059870030906452,0.24450202988616745,"grouped_out_of_fold; candidate=negative; mixed_evidence=0.007; strongest=approval=0.61, disgust=0.53",grouped_out_of_fold,reactionfusion_v2_hybrid_development
589,501,7,2,535,5,13,1,1064,1064,RF_POST_000589,දවස් දෙකක වෙඩින් එකට අවුරුදු 5 ක ලෝන් එකක් ගන්න ජාතියක් අපි 🤓👍,False,sinhala,12ae7e4bb08fd281e7f36c986cd9e7d29884bb87ea5a7d653488fd0da6f955cc,DUP_12ae7e4bb08fd281,1,False,1064,6.970730078143525,0.4708646616541353,0.4687208216619981,0.006578947368421,0.007469654528478,0.0018796992481203,0.0028011204481792,0.5028195488721805,0.5004668534080299,0.0046992481203007,0.0056022408963585,0.0122180451127819,0.0130718954248366,0.0009398496240601,0.0018674136321195,haha,0.5028195488721805,0.0319548872180451,neutral,0.6022558404685846,-0.0187042592154059,0.4269247717202829,True,0.0076127819548872,0.0131578947368421,negative,-0.2669683257918552,reactionfusion_v1_provisional,train,approved,negative,negative,0.42581887240508604,False,False,0.43790308910733433,0.015782501624223257,0.42581887240508604,0.2872526990625653,0.19716249108934938,0.08976593744299932,0.03386108443349862,0.09636952856247069,0.8058099330179126,0.2103358152113148,0.08369451506982943,0.906757080892886,0.38738198905970006,0.19704247091009056,0.6749384459528853,0.10641878230319848,0.8902372101531866,"grouped_out_of_fold; candidate=negative; mixed_evidence=0.016; strongest=anger=0.91, sarcasm=0.89",grouped_out_of_fold,reactionfusion_v2_hybrid_development
590,1045,33,9,366,12,349,1,1815,1815,RF_POST_000590,බිලියන අටක් ඉන්න ලෝකේ ඇයි ඔබ තෝරගත්තෙ ඔබව මගහරින කෙනාවම 🙄💔,False,sinhala,3ac0572803333c164c9c3fb5fc3828ee33caf9a2f48be0a0d55269610e64aefa,DUP_3ac0572803333c16,1,False,1815,7.504391559161238,0.5757575757575758,0.5740944017563118,0.0181818181818181,0.0186608122941822,0.0049586776859504,0.0054884742041712,0.2016528925619834,0.2014270032930845,0.0066115702479338,0.0071350164654226,0.1922865013774104,0.1920965971459934,0.0005509641873278,0.0010976948408342,like,0.5757575757575758,0.3741046831955923,negative,0.2841993998402547,-0.3953653298191741,0.5623453631089133,True,0.0209090909090909,0.1928374655647383,negative,-0.8043562314731281,reactionfusion_v1_provisional,train,approved,neutral,neutral,0.3089102185865857,False,False,0.5672794656763684,0.04919327967994852,0.25418260102378853,0.3089102185865857,0.1702506492993802,0.26665653109024556,0.051498782090947395,0.12094282098083538,0.02701431836370881,0.8464430983123096,0.2198162276584427,0.02565823053175488,0.08717395808687954,0.7707396548159329,0.036442331726329116,0.14864802254260429,0.3250104931189693,"candidate=neutral; anchor_balance=-0.172; mixed_evidence=0.049; strongest=surprise=0.85, fear=0.77",final_model,reactionfusion_v2_hybrid_development
591,830,76,14,1,0,158,1,1080,1080,RF_POST_000591,"සමහර මිනිස්සු මට විතරක් වෙනස්කම් කරා , මං ඇස් දෙකෙන් දැක්කා..🙂💔",False,sinhala,b94fd7cc1a717f566b6e3bd71e7142b8396fdcade2c721d40ffcfd424743cd40,DUP_b94fd7cc1a717f56,1,False,1080,6.985641817639208,0.7685185185185185,0.764489420423183,0.0703703703703703,0.0708371665133394,0.0129629629629629,0.0137994480220791,0.0009259259259259,0.0018399264029438,0.0,0.0009199632014719,0.1462962962962962,0.1462741490340386,0.0009259259259259,0.0018399264029438,like,0.7685185185185185,0.6222222222222222,negative,0.115878757560369,-0.1430659186704135,0.3800648164774294,True,0.0775,0.1472222222222222,negative,-0.3102595797280593,reactionfusion_v1_provisional,train,approved,negative,negative,0.3635915715180578,False,False,0.39196297816219183,0.12296170704076119,0.3635915715180578,0.2893428018128217,0.1556996601976192,0.19136596647150117,0.07963429951543853,0.42426819827752943,0.0018588691205576485,0.001792385744091695,0.7814562216248502,0.005211410653420686,0.9418572731212698,0.28552617374741446,0.39032398296701537,0.42711481192272016,0.21955700657871438,"grouped_out_of_fold; candidate=negative; mixed_evidence=0.123; strongest=care_empathy=0.94, sadness=0.78",grouped_out_of_fold,reactionfusion_v2_hybrid_development
592,213,6,0,440,2,0,0,661,661,RF_POST_000592,මාළු කවදාවත් කසාද බදින්නෙ නෑ මොකද වයසට ගියාම බොන්න වතුර තියෙනව 🐠🐳🤓👍,False,sinhala,b6f1874c35cb0ffec92d6dae666811eb2aac5a554584ae7bcbd3ff7460fe1b00,DUP_b6f1874c35cb0ffe,1,False,661,6.495265555937008,0.3222390317700453,0.3203592814371258,0.0090771558245083,0.0104790419161676,0.0,0.0014970059880239,0.6656580937972768,0.6601796407185628,0.0030257186081694,0.0044910179640718,0.0,0.0014970059880239,0.0,0.0014970059880239,haha,0.6656580937972768,0.3434190620272315,neutral,0.4880233880314663,0.0337325662469715,0.3577061527535294,True,0.0090771558245083,0.0,positive,1.0,reactionfusion_v1_provisional,train,approved,negative,negative,0.34334537346574734,False,False,0.3803152647011797,0.004554673828756644,0.34334537346574734,0.24424809949154908,0.1941775799577738,0.21822894708492965,0.08503590507399227,0.2919482774970118,0.7686035240983673,0.17228267612005307,0.3479942211377737,0.7803555557942997,0.36266841038610276,0.05226893917987886,0.6406457547416329,0.3481556106162181,0.8001524852469132,"candidate=negative; anchor_balance=0.008; mixed_evidence=0.005; strongest=sarcasm=0.80, anger=0.78",final_model,reactionfusion_v2_hybrid_development
595,564,167,13,2,0,3,0,749,749,RF_POST_000595,කසාදෙ ඇතුලෙ දුක් විදින අය වගේම කසාද ජීවිතේ උපරිම සතුටින් ගෙවන අයත් ඕන තරම් ඉන්නවා ❤️,False,sinhala,0ad132365f98dcde6f71990e4446bdbb7e34fa602a6483379a4e8db5fb2bae0a,DUP_0ad132365f98dcde,1,False,749,6.620073206530356,0.753004005340454,0.7473544973544973,0.2229639519359145,0.2222222222222222,0.0173564753004005,0.0185185185185185,0.0026702269692923,0.0039682539682539,0.0,0.0013227513227513,0.0040053404539385,0.0052910052910052,0.0,0.0013227513227513,like,0.753004005340454,0.5300400534045394,positive,0.3497377737325122,0.4207080813728509,0.3373845268760528,True,0.2325100133511348,0.0040053404539385,positive,0.966130397967824,reactionfusion_v1_provisional,train,approved,mixed,mixed,0.30481498905246346,False,True,0.3561118224799702,0.009420947684655295,0.19050339862252375,0.20763763125147633,0.2970439810735364,0.30481498905246346,0.7247870228121887,0.7424226115299472,0.044626251375530945,0.008443139010449007,0.19507997220726506,0.003266322478027055,0.6953183307273507,0.009319622093811089,0.502342627701493,0.9290440959552195,0.4819245466475065,"candidate=mixed; anchor_balance=0.226; mixed_evidence=0.009; strongest=approval=0.93, affection=0.74",final_model,reactionfusion_v2_hybrid_development
596,526,61,4,0,2,5,0,598,598,RF_POST_000596,සමහරු අන් අයගෙන් තමන්ට වෙන වැරදි සෙව්වා මිස තමන්ගෙන් අන් අයට වුන වැරදි සිතුවේ නැත 🙂👍,False,sinhala,8a2ae9d8a0bd48cefa0099a7689949275fc086ec60c0046b17cfd4e2accbe0c0,DUP_8a2ae9d8a0bd48ce,1,False,598,6.395261598115449,0.8795986622073578,0.8710743801652893,0.1020066889632107,0.1024793388429752,0.0066889632107023,0.0082644628099173,0.0,0.0016528925619834,0.0033444816053511,0.0049586776859504,0.0083612040133779,0.0099173553719008,0.0,0.0016528925619834,like,0.8795986622073578,0.7775919732441472,positive,0.1879257109580419,0.211774743940831,0.225218841052246,True,0.1056856187290969,0.0083612040133779,positive,0.8533724340175953,reactionfusion_v1_provisional,train,approved,negative,negative,0.33812098327270995,False,False,0.2500456162215316,0.011572359097856009,0.33812098327270995,0.3143786643246061,0.2113526870426746,0.13614766536000927,0.27509626516683755,0.11803794164224518,0.006664727156676395,0.009607551210830092,0.3969989627875387,0.04560151041139076,0.8723593556308675,0.015323030318575714,0.6548334154148491,0.440000217776573,0.4558084284655183,"candidate=negative; anchor_balance=0.095; mixed_evidence=0.012; strongest=care_empathy=0.87, disgust=0.65",final_model,reactionfusion_v2_hybrid_development
597,253,27,1,1,0,0,0,282,282,RF_POST_000597,අපි හිතන තරම් මිනිස්සු අහිංසක නෑ.. කොහමහරි තමන්ට ඕන දේවල් ලබාගන්න හැමකෙනෙක්ම සූදානමින් ඉන්නෙ.. 🥸👍,False,sinhala,1be6ffacb743a12188fbe5eace9666295e79379b68f528974a68972af50b295a,DUP_1be6ffacb743a121,1,False,282,5.645446897643238,0.8971631205673759,0.8788927335640139,0.0957446808510638,0.0968858131487889,0.0035460992907801,0.0069204152249134,0.0035460992907801,0.0069204152249134,0.0,0.0034602076124567,0.0,0.0034602076124567,0.0,0.0034602076124567,like,0.8971631205673759,0.8014184397163121,positive,0.1948850439381019,0.2156372810205501,0.186028754318178,True,0.0976950354609929,0.0,positive,1.0,reactionfusion_v1_provisional,train,approved,uncertain,negative,0.301429167057986,True,True,0.24012761411022943,0.006647131186442337,0.301429167057986,0.27919549607243077,0.23635764573586632,0.1830176911337169,0.4435318368456214,0.16849022438355513,0.005724110870907503,0.0041864549103981154,0.5052735529287306,0.06334248645936125,0.8279780029107413,0.02304311207209432,0.6338691685944149,0.5427229846981536,0.3933305784444915,"candidate=negative; anchor_balance=0.094; mixed_evidence=0.007; strongest=care_empathy=0.83, disgust=0.63",final_model,reactionfusion_v2_hybrid_development
598,271,48,10,1,0,1,0,331,331,RF_POST_000598,මිනිස්සු දුක් විදින්නෙ වටින දේවල් නිසා නෙවෙයි.. ආස දේවල් නිසා.. 🙄💔,False,sinhala,bf54b57f290037ca2ddcd9bbcedd0ba69e931eb6a7b7e95f45072558c77240c2,DUP_bf54b57f290037ca,1,False,331,5.805134968916488,0.8187311178247734,0.8047337278106509,0.1450151057401812,0.1449704142011834,0.0302114803625377,0.0325443786982248,0.0030211480362537,0.0059171597633136,0.0,0.0029585798816568,0.0030211480362537,0.0059171597633136,0.0,0.0029585798816568,like,0.8187311178247734,0.6737160120845922,positive,0.2722857076594026,0.3208384455002682,0.3003952895751312,True,0.161631419939577,0.0030211480362537,positive,0.963302752293578,reactionfusion_v1_provisional,train,approved,uncertain,positive,0.3037777513198511,True,True,0.3399068368912437,0.012067698351168415,0.2055946745607875,0.20616949035234153,0.3037777513198511,0.2844580837670199,0.6390350992344705,0.570237581962568,0.02975231219696067,0.0036337385963110353,0.4732856891002141,0.007503591205912131,0.7124680040028035,0.02703782495046339,0.38338124052648576,0.9054514146470833,0.2934211376630842,"candidate=positive; anchor_balance=0.154; mixed_evidence=0.012; strongest=approval=0.91, care_empathy=0.71",final_model,reactionfusion_v2_hybrid_development
604,309,6,3,371,5,3,0,697,697,RF_POST_000604,කසාද බැදලා ඉද්දිත් කෙල්ලො ටෝක් කරන යාළුවෙක් අපි හැමෝටම ඉන්නවා 😴👍,False,sinhala,cea6ac4755b8a3c858a0f652cf5c327ea5a43fc076364709584ba51b234b0299,DUP_cea6ac4755b8a3c8,1,False,697,6.548219102762372,0.4433285509325681,0.4403409090909091,0.0086083213773314,0.0099431818181818,0.0043041606886657,0.0056818181818181,0.5322812051649928,0.5284090909090909,0.0071736011477761,0.0085227272727272,0.0043041606886657,0.0056818181818181,0.0,0.0014204545454545,haha,0.5322812051649928,0.0889526542324246,neutral,0.5747967005305398,0.022929845208227,0.4211508184677878,True,0.0109756097560975,0.0043041606886657,positive,0.4366197183098592,reactionfusion_v1_provisional,train,approved,negative,negative,0.3604543473745765,False,False,0.43823247162221657,0.012449786125631154,0.3604543473745765,0.23652653375494034,0.20591803749269252,0.19710108137779067,0.052608036217854676,0.2744775824236429,0.8343823528778451,0.0533102764590479,0.28150765618380685,0.8348643379727781,0.31065565698042935,0.30051773046179964,0.5777369525178153,0.4116847173414279,0.8758145084444707,"candidate=negative; anchor_balance=0.006; mixed_evidence=0.012; strongest=sarcasm=0.88, anger=0.83",final_model,reactionfusion_v2_hybrid_development
605,678,146,22,1,0,77,0,924,924,RF_POST_000605,කවදාවත් පිරිමි ලමයෙක්ට සල්ලි නැති වෙන්න හොඳ නෑ.ඒ ඇයි කියලා අහන්න එපා.එහෙම වෙන්න හොඳ නෑ.. 🙏💰,False,sinhala,666ebd28737a265fef60a2197ac163be954d5441c3fc84a50ef7e1daba6c5ef9,DUP_666ebd28737a265f,1,False,924,6.829793737512425,0.7337662337662337,0.7293233082706767,0.158008658008658,0.1578947368421052,0.0238095238095238,0.024704618689581,0.001082251082251,0.0021482277121374,0.0,0.0010741138560687,0.0833333333333333,0.0837808807733619,0.0,0.0010741138560687,like,0.7337662337662337,0.5757575757575758,positive,0.1378060884103494,0.1747146407231374,0.4225009519675308,True,0.1711038961038961,0.0833333333333333,positive,0.344959591663122,reactionfusion_v1_provisional,train,approved,mixed,mixed,0.4172851820435533,False,True,0.43614353683169416,0.1480358299020573,0.28637883334415554,0.17112868543475968,0.1252072991775315,0.4172851820435533,0.1231117065228197,0.7569041283339227,0.06122062669840653,0.0030398353534609296,0.8643809193234439,0.00047552640450838397,0.9354606182790788,0.013404289656482037,0.5742195438998435,0.8163167706308075,0.8270615042920612,"candidate=mixed; anchor_balance=0.087; mixed_evidence=0.148; strongest=care_empathy=0.94, sadness=0.86",final_model,reactionfusion_v2_hybrid_development
606,61,3,2,224,11,1,0,302,302,RF_POST_000606,ඔබ මේ කියවන්නේ ස්ත්රී ස්ඵර්ශයක්වත් ලබා නැති කුළුඳුල් පිරිමියෙකුගේ post එකකි 😇😏🤍,False,mixed,5717b20ef63a36970e05726bde63c83be9ef35b2f68d39e2286c3088df392e9b,DUP_5717b20ef63a3697,1,False,302,5.713732805509369,0.2019867549668874,0.2006472491909385,0.009933774834437,0.0129449838187702,0.0066225165562913,0.0097087378640776,0.7417218543046358,0.7281553398058253,0.0364238410596026,0.0388349514563106,0.0033112582781456,0.0064724919093851,0.0,0.0032362459546925,haha,0.7417218543046358,0.5397350993377483,neutral,0.4663862714868673,0.0394117176477652,0.3922609167445043,True,0.0135761589403973,0.0033112582781456,positive,0.6078431372549019,reactionfusion_v1_provisional,train,approved,negative,negative,0.3881575905748967,False,False,0.42750245774579637,0.016602037194011512,0.3881575905748967,0.33116671855243524,0.20495484305714665,0.07572084781552142,0.021428727531938127,0.049143213271480045,0.6905431073877011,0.04846394985947892,0.08719172939882071,0.8653638869028519,0.39730784072802017,0.006543674089817536,0.9162090152406065,0.02887112432873635,0.6675563214960365,"candidate=negative; anchor_balance=0.009; mixed_evidence=0.017; strongest=disgust=0.92, anger=0.87",final_model,reactionfusion_v2_hybrid_development
609,170,2,0,103,1,0,0,276,276,RF_POST_000609,සතුට සල්ලි වලට ගන්න බෑ කියන කෙනෙක්ට හාරදාහක් පන්දාහක් දීලා බලන්නකො සතුටු වෙන හැටි බලාගන්න පුළුවන් 🤓😂,False,sinhala,65b9d69c4371d91698535fea0456441c7fb9c0ebc636485e2b95249cde2d6103,DUP_65b9d69c4371d916,1,False,276,5.6240175061873385,0.6159420289855072,0.6042402826855123,0.0072463768115942,0.0106007067137809,0.0,0.0035335689045936,0.3731884057971014,0.3674911660777385,0.0036231884057971,0.0070671378091872,0.0,0.0035335689045936,0.0,0.0035335689045936,like,0.6159420289855072,0.2427536231884058,neutral,0.5536306544525685,0.0227114851943593,0.3712385323727597,True,0.0072463768115942,0.0,positive,1.0,reactionfusion_v1_provisional,train,approved,negative,negative,0.3399450165992655,False,False,0.41899642520822533,0.011844421914013437,0.3399450165992655,0.18582388334315722,0.2082742418314388,0.26595685822613846,0.11194003095044136,0.2752394074794213,0.3585396976708334,0.014532638853055713,0.453654649837675,0.8175676448284864,0.48492555167489027,0.5224044107961469,0.6121278405806616,0.5114116170342494,0.7622839964377386,"candidate=negative; anchor_balance=0.005; mixed_evidence=0.012; strongest=anger=0.82, sarcasm=0.76",final_model,reactionfusion_v2_hybrid_development
610,216,16,2,251,2,1,0,488,488,RF_POST_000610,සමහර ගැහැනු ලමයි ඉන්නවා අන්තක්පුරයක අගබිසව වෙන්න ගිහින් නූලෙන් බේරුන 🌝🙏 වාසනාව කියන්නෙ මොකක්ද ඇහැව්වොත් ඒ ගැහැනු ලමයින්ව පෙන්නන්න ❤️,False,sinhala,f0e5ec58030a98f8ebeb88d6b6a517e825676a9bc597b00baafbef2b2f9d5886,DUP_f0e5ec58030a98f8,1,False,488,6.192362489474872,0.4426229508196721,0.4383838383838384,0.0327868852459016,0.0343434343434343,0.0040983606557377,0.006060606060606,0.514344262295082,0.509090909090909,0.0040983606557377,0.006060606060606,0.0020491803278688,0.004040404040404,0.0,0.002020202020202,haha,0.514344262295082,0.0717213114754098,neutral,0.0554280574322157,0.1108149599472706,0.4483879780519816,True,0.0350409836065573,0.0020491803278688,positive,0.8895027624309393,reactionfusion_v1_provisional,train,approved,uncertain,mixed,0.29464452733257607,True,True,0.4716025796061538,0.011432789808634032,0.2857119292080038,0.15789061352976924,0.2617529299296508,0.29464452733257607,0.5045967222822682,0.7088282365047966,0.8882071533504337,0.012988748668523597,0.3967775599961501,0.2701959127252884,0.1276099200718812,0.1118485410029961,0.023590843596338618,0.7843560204401123,0.8363039960958665,"grouped_out_of_fold; candidate=mixed; mixed_evidence=0.011; strongest=amusement=0.89, sarcasm=0.84",grouped_out_of_fold,reactionfusion_v2_hybrid_development
613,96,3,0,131,2,2,1,235,235,RF_POST_000613,ඔන්න ගහක් උඩ ගිරව් දෙන්නෙක් ඉන්නවලු.. එක්කෙනෙක්ගෙ නම I Love You අනිත් කෙනාගෙ නම You Love Me.. රෑ වැස්සක් ඇවිත් You Love Me ගිරවා ගහගෙන ගියාලු.. ඉතිරි ගිරවගේ නම මොකක්ද? 🌝💘,False,mixed,31895851144c8b7320f8bdd0d2086e8e129d73db540ac272369e0059cd5279cc,DUP_31895851144c8b73,1,False,235,5.4638318050256105,0.4085106382978723,0.4008264462809917,0.0127659574468085,0.0165289256198347,0.0,0.0041322314049586,0.5574468085106383,0.5454545454545454,0.0085106382978723,0.012396694214876,0.0085106382978723,0.012396694214876,0.0042553191489361,0.0082644628099173,haha,0.5574468085106383,0.1489361702127659,neutral,0.7122582826590341,-3.014727947186928e-18,0.4375918616589995,True,0.0127659574468085,0.0127659574468085,neutral,0.0,reactionfusion_v1_provisional,train,approved,negative,negative,0.3372171538305913,False,False,0.4810321342029596,0.03617679686980936,0.3372171538305913,0.21816464787408205,0.20178287501059722,0.24283532328472954,0.039229410594399605,0.287759585603955,0.7725343062787565,0.017935435595853724,0.3408085693955325,0.888956371298672,0.1960359213501431,0.4774309183171696,0.7806375662772935,0.3071670344010224,0.8784572114882323,"candidate=negative; anchor_balance=-0.002; mixed_evidence=0.036; strongest=anger=0.89, sarcasm=0.88",final_model,reactionfusion_v2_hybrid_development
615,1217,446,42,2,0,11,0,1718,1718,RF_POST_000615,"""මඟහරින්න එපා..' පවසා සමුගන්න, ඒක හරිම ගෞරවාන්විතයි ❤️",False,sinhala,32fc24fc24708c4fab8b231cac331f08d47a2689c698dee088e60d89356ebefd,DUP_32fc24fc24708c4f,1,False,1718,7.449498005382849,0.7083818393480792,0.7060869565217391,0.259604190919674,0.2591304347826087,0.0244470314318975,0.024927536231884,0.0011641443538998,0.0017391304347826,0.0,0.0005797101449275,0.0064027939464493,0.0069565217391304,0.0,0.0005797101449275,like,0.7083818393480792,0.4487776484284051,positive,0.3765881449757224,0.4628417035075733,0.3727129940028802,False,0.2730500582072176,0.0064027939464493,positive,0.954176213288898,reactionfusion_v1_provisional,train,approved,uncertain,positive,0.304190311068196,True,True,0.3812847417444232,0.011493800910556524,0.18870789474012065,0.20611305303470112,0.304190311068196,0.30098874115698226,0.6414792476157306,0.8472902712576728,0.08060356690126212,0.01712505194199556,0.10053075642292107,0.0016649230281893504,0.7205148496898435,0.005896747816203771,0.44208903564224883,0.9521279684522709,0.4980501383678125,"candidate=positive; anchor_balance=0.265; mixed_evidence=0.011; strongest=approval=0.95, affection=0.85",final_model,reactionfusion_v2_hybrid_development
616,208,7,3,143,0,1,0,362,362,RF_POST_000616,ඔබ සිංහයෙකු විය හැක.එහෙත් ඔබේ බිරිදට එය අදාල නැත 🦁🤐🙏,False,sinhala,154f96fd04c01578e3950a252935ee7b804f645f23aee07013d2760474e1044d,DUP_154f96fd04c01578,1,False,362,5.8944028342648505,0.574585635359116,0.5663956639566395,0.0193370165745856,0.021680216802168,0.0082872928176795,0.010840108401084,0.3950276243093922,0.3902439024390244,0.0,0.002710027100271,0.0027624309392265,0.005420054200542,0.0,0.002710027100271,like,0.574585635359116,0.1795580110497237,neutral,0.3168962890203459,0.0664073560714582,0.4201520613896788,True,0.0238950276243093,0.0027624309392265,positive,0.7927461139896373,reactionfusion_v1_provisional,train,approved,mixed,mixed,0.3194541750740695,False,True,0.45306055494891484,0.014733676583704546,0.26927294224210624,0.16624229009863248,0.24503059258519183,0.3194541750740695,0.30976483036415203,0.5758224947820795,0.5576988642846068,0.015301812420994834,0.4884508783518844,0.4374464499840875,0.30471377700173047,0.4383528261786961,0.31114705174621143,0.764143716066152,0.7407779293737865,"candidate=mixed; anchor_balance=0.020; mixed_evidence=0.015; strongest=approval=0.76, sarcasm=0.74",final_model,reactionfusion_v2_hybrid_development
617,301,10,5,103,1,9,0,429,429,RF_POST_000617,මේ ලෝකෙ මිනිස්සු වර්ග 2 යි.කොටසක් ඇත්තටම තනිකඩයි 🥺💔 තව කොටසක් කසාද බැදලත් තනිකඩයි 😞💔,False,sinhala,c6470a909b8b4e145b821ea92ca9529a73a2bbccde4e4a7f68b4d4daedcccb4a,DUP_c6470a909b8b4e14,1,False,429,6.063785208687608,0.7016317016317016,0.6926605504587156,0.0233100233100233,0.0252293577981651,0.0116550116550116,0.0137614678899082,0.2400932400932401,0.2385321100917431,0.0023310023310023,0.0045871559633027,0.0209790209790209,0.0229357798165137,0.0,0.0022935779816513,like,0.7016317016317016,0.4615384615384615,neutral,0.5668269170400854,0.0244772626528109,0.42441496222903,True,0.0297202797202797,0.0209790209790209,positive,0.1724137931034483,reactionfusion_v1_provisional,train,approved,mixed,mixed,0.30843165304639775,False,True,0.4487733435041057,0.04528905301417581,0.3041802180971626,0.1773981154626399,0.20999001339379975,0.30843165304639775,0.0943110343203476,0.39385054959507537,0.10386050912792599,0.02596741750413949,0.6088501481745349,0.3298748697867771,0.5921375195601267,0.6566036444561203,0.46450031250735374,0.6114777953856959,0.634181719791785,"candidate=mixed; anchor_balance=0.008; mixed_evidence=0.045; strongest=fear=0.66, sarcasm=0.63",final_model,reactionfusion_v2_hybrid_development
618,320,5,1,100,3,1,1,431,431,RF_POST_000618,බොහෝ අය ලංකාව දියුණු වෙනවට කැමතිය.. අල්ලපු ගෙදර කෙනා පොඩ්ඩක්හරි උඩට එනවට අකමැතිය.. 🙂👍,False,sinhala,4bfd5c40f108b0f8af0822c79ce0dab39874d4b4d78a8101dd36cf4c9b472752,DUP_4bfd5c40f108b0f8,1,False,431,6.068425588244111,0.7424593967517401,0.7328767123287672,0.0116009280742459,0.0136986301369863,0.0023201856148491,0.0045662100456621,0.2320185614849187,0.230593607305936,0.0069605568445475,0.0091324200913242,0.0023201856148491,0.0045662100456621,0.0023201856148491,0.0045662100456621,like,0.7424593967517401,0.5104408352668214,neutral,0.5451216533765422,0.0233476586195817,0.3538503948586147,True,0.0128770301624129,0.0046403712296983,positive,0.4701986754966887,reactionfusion_v1_provisional,train,approved,negative,negative,0.3649678795394477,False,False,0.381079664593685,0.013920718341321825,0.3649678795394477,0.25982236000295267,0.1934316265870145,0.18177813387058495,0.07287402309811272,0.13587002207895907,0.050605030725439495,0.022303914433316772,0.3998382841978701,0.698047427184844,0.6695972289273543,0.33480093992097043,0.6587680513422055,0.33930058424760756,0.5656249570194327,"candidate=negative; anchor_balance=0.007; mixed_evidence=0.014; strongest=anger=0.70, care_empathy=0.67",final_model,reactionfusion_v2_hybrid_development
620,327,34,4,2,0,37,0,404,404,RF_POST_000620,හැමෝම පරිස්සමින් 🥺💔 ඔයාලගෙ පැත්තෙ කාලගුන තත්වෙ කොහමද 🥺🙏,False,sinhala,65918904ce0379c0a13295825bae3f16bf7d2a050ba2b84e9f05b36a1116b956,DUP_65918904ce0379c0,1,False,404,6.003887067106539,0.8094059405940595,0.7980535279805353,0.0841584158415841,0.0851581508515815,0.0099009900990099,0.0121654501216545,0.0049504950495049,0.0072992700729927,0.0,0.0024330900243309,0.0915841584158415,0.0924574209245742,0.0,0.0024330900243309,like,0.8094059405940595,0.7178217821782178,neutral,0.6481959926542009,-0.004257378120146,0.34449371578305,True,0.0896039603960396,0.0915841584158415,neutral,-0.0109289617486338,reactionfusion_v1_provisional,train,approved,negative,negative,0.35814705703992855,False,False,0.3745141888089135,0.13759523725096337,0.35814705703992855,0.28638358098046296,0.11936098679091592,0.23610837518869257,0.05506559635807097,0.46510962239798015,0.008251964864814446,0.0021833060202288077,0.9206253495006499,0.005041830815488383,0.8626708916254009,0.24606733644318915,0.507900702637883,0.3448314731149233,0.776632866300739,"candidate=negative; anchor_balance=-0.003; mixed_evidence=0.138; strongest=sadness=0.92, care_empathy=0.86",final_model,reactionfusion_v2_hybrid_development
622,683,119,17,11,0,4,0,834,834,RF_POST_000622,කියවිමට නොදත් පිරිමියෙකු ලගට නොගිය යුතු පොතකි ගැහැනිය.... 🙂🌻📌,False,sinhala,7f15f9cd3868ae8ac17994d7bfbeb870bd69632d5d78a8f306dc6cfea1b902ff,DUP_7f15f9cd3868ae8a,1,False,834,6.727431724850855,0.8189448441247003,0.8133174791914387,0.1426858513189448,0.1426872770511296,0.0203836930455635,0.0214030915576694,0.013189448441247,0.0142687277051129,0.0,0.0011890606420927,0.0047961630695443,0.0059453032104637,0.0,0.0011890606420927,like,0.8189448441247003,0.6762589928057554,positive,0.2604897319062768,0.3082926521410982,0.3101138158936165,True,0.1538968824940048,0.0047961630695443,positive,0.9395542123158293,reactionfusion_v1_provisional,train,approved,uncertain,positive,0.26789835455409766,True,True,0.3264730787566011,0.009316710927655679,0.24704585634889994,0.22728144057950636,0.26789835455409766,0.25777434851749603,0.5151790933371,0.4818111219557141,0.02036793946372589,0.015497023249366304,0.3478864646684623,0.01119902368459176,0.7727278880289041,0.018472437614511283,0.5340939841215832,0.8470043933001428,0.43161522870321634,"candidate=positive; anchor_balance=0.147; mixed_evidence=0.009; strongest=approval=0.85, care_empathy=0.77",final_model,reactionfusion_v2_hybrid_development
624,1329,60,16,7,1,419,1,1833,1833,RF_POST_000624,කවදාවත් මානසික රෝහලකින් බෙහෙත් තුණ්ඩුවක් ලියාගන්න වෙන තරමට ආදරේ කරන්න එපා.. එච්චරයි... 🙂👍,False,sinhala,d47557cf481d6836ca1b3b3956ece8e35a0ebe833f341931748adc92b7bb7427,DUP_d47557cf481d6836,1,False,1833,7.51425465281641,0.7250409165302782,0.7228260869565217,0.0327332242225859,0.0331521739130434,0.0087288597926895,0.0092391304347826,0.0038188761593016,0.0043478260869565,0.000545553737043,0.0010869565217391,0.2285870158210583,0.2282608695652173,0.000545553737043,0.0010869565217391,like,0.7250409165302782,0.4964539007092198,negative,0.2882374322980658,-0.357413813904846,0.3870940568916954,True,0.0375340971085651,0.2291325695581014,negative,-0.718494271685761,reactionfusion_v1_provisional,train,approved,negative,negative,0.3050759128662557,False,False,0.39391224540015485,0.06024288361717586,0.3050759128662557,0.27187358815405505,0.1754265117463739,0.24762398723331552,0.11706551201092907,0.44961193601418115,0.0023767008252977796,0.2775570671559345,0.2822327014713691,0.01645345643260985,0.8523647079072912,0.6597791792864383,0.22862092985027288,0.4047511312780378,0.17944113695307454,"candidate=negative; anchor_balance=-0.191; mixed_evidence=0.060; strongest=care_empathy=0.85, fear=0.66",final_model,reactionfusion_v2_hybrid_development
625,87,3,4,58,0,2,0,154,154,RF_POST_000625,Crush එකට ලව් කරන්න ගිහින් ගොඩක් අය වරද්දා ගත්තා මිත්රයා 🙋🥸🥸🙋♀️,False,mixed,f5d16f0a55271235b248b7805d57fab880e09a0bc397411a6a9e9ff5874797b2,DUP_f5d16f0a55271235,1,False,154,5.043425116919247,0.564935064935065,0.546583850931677,0.0194805194805194,0.0248447204968944,0.0259740259740259,0.031055900621118,0.3766233766233766,0.3664596273291925,0.0,0.0062111801242236,0.0129870129870129,0.0186335403726708,0.0,0.0062111801242236,like,0.564935064935065,0.1883116883116883,neutral,0.3292863751465379,0.0637230466339276,0.4719311718294699,True,0.0337662337662337,0.0129870129870129,positive,0.4444444444444445,reactionfusion_v1_provisional,train,approved,mixed,mixed,0.4326471492969353,False,True,0.5318929238172092,0.05285892410605805,0.20683654238159863,0.10985530467575443,0.25066100364571164,0.4326471492969353,0.31464654812578197,0.7765072942160517,0.6936866162252749,0.003329631569011738,0.6865151611760095,0.22804920173290177,0.18748351643168554,0.7323491165270382,0.21942699580588973,0.8817294760823611,0.6704005401611982,"candidate=mixed; anchor_balance=0.017; mixed_evidence=0.053; strongest=approval=0.88, affection=0.78",final_model,reactionfusion_v2_hybrid_development
627,128,1,2,249,1,8,0,389,389,RF_POST_000627,අපිට ඉතිං සෙට් වුනේම love නෙවෙයිනෙ මාස දෙකේ කෝස්නෙ නැත්තන් අපිත් දැන් බැදලා 🥴👍,False,mixed,7f7b9b67ed368768bc0cc751fa9fd58924e37ef4d1f97846162fa6e1922af0d6,DUP_7f7b9b67ed368768,1,False,389,5.966146739123692,0.3290488431876606,0.3257575757575757,0.0025706940874035,0.005050505050505,0.0051413881748071,0.0075757575757575,0.6401028277634961,0.6313131313131313,0.0025706940874035,0.005050505050505,0.0205655526992287,0.0227272727272727,0.0,0.0025252525252525,haha,0.6401028277634961,0.3110539845758355,neutral,0.379586853725802,-0.0551529418599121,0.4054445135302514,True,0.0053984575835475,0.0205655526992287,negative,-0.5841584158415842,reactionfusion_v1_provisional,train,approved,negative,negative,0.32707746790061387,False,False,0.435406276827556,0.016052857681015956,0.32707746790061387,0.24053436594150546,0.1928151036812218,0.2395730624766588,0.04252845024095169,0.2661498294480552,0.7923400161567526,0.14183615010197834,0.5069010028103071,0.8108078112958963,0.25825190859696473,0.2478234691312313,0.5403656089840805,0.3367962436353105,0.8111789779225597,"candidate=negative; anchor_balance=-0.016; mixed_evidence=0.016; strongest=sarcasm=0.81, anger=0.81",final_model,reactionfusion_v2_hybrid_development
628,705,201,40,1,2,39,0,988,988,RF_POST_000628,පවුලේ එකම කෙල්ල වෙලා බලන්නම ඕනී..එහෙම අය තනිකරම කොල්ලෙක් වගේ තනියම හැම වැඩක්ම කරගන්න වෙද්දි පුදුම දුකක් දැනෙන්නේ 🥺,False,sinhala,4e32a65eb56cd5a2abe1ff50f5199168f52f5a5002b8c8452ee801e026858e4d,DUP_4e32a65eb56cd5a2,1,False,988,6.8966943316227125,0.7135627530364372,0.7095477386934673,0.2034412955465587,0.2030150753768844,0.0404858299595141,0.0412060301507537,0.0010121457489878,0.0020100502512562,0.0020242914979757,0.0030150753768844,0.0394736842105263,0.0402010050251256,0.0,0.0010050251256281,like,0.7135627530364372,0.5101214574898786,positive,0.2703589671380897,0.3449686161228806,0.4325590490806214,True,0.2257085020242915,0.0394736842105263,positive,0.7022900763358778,reactionfusion_v1_provisional,train,approved,mixed,mixed,0.353110922225494,False,True,0.4443680654335319,0.07324257560914496,0.23063478120014475,0.17789444055535159,0.23835985601900975,0.353110922225494,0.39326105261085886,0.8441756162306645,0.15474235302256617,0.004945392180949827,0.48958931138534145,0.00048550849265938914,0.8965251078005181,0.005581403967614207,0.31414732863228517,0.9559360072627411,0.4951160915236995,"candidate=mixed; anchor_balance=0.184; mixed_evidence=0.073; strongest=approval=0.96, care_empathy=0.90",final_model,reactionfusion_v2_hybrid_development
629,1910,1239,268,192,12,9,1,3631,3631,RF_POST_000629,තමන්ගේ සහෝදරී වගේ නෑනලත් ඉන්නවා 🌻😍♥️,False,sinhala,9afa9713cefe8514a0913b0031f0f3c85bd35f42a2d00db8f3642da6b454bd79,DUP_9afa9713cefe8514,1,False,3631,8.197538739721184,0.526025888185073,0.5252886201209456,0.3412283117598457,0.3408466190214403,0.0738088680804186,0.0739417262231995,0.0528779950426879,0.0530511269928532,0.0033048746901679,0.0035733919736118,0.0024786560176259,0.0027487630566245,0.0002754062241806,0.0005497526113249,like,0.526025888185073,0.1847975764252272,positive,0.4233871709779837,0.5878123031319911,0.5594477396199935,False,0.381823189204076,0.0027540622418066,positive,0.9856774563162418,reactionfusion_v1_provisional,train,approved,positive,positive,0.5572618568411678,False,False,0.5621421075823283,0.007416938197897679,0.10156838829007564,0.1772374257454601,0.5572618568411678,0.1639323291232964,0.9236342325999389,0.9955244173661031,0.6338529263888518,0.011739102109488302,0.014796288635155242,1.8638437902463727e-05,0.38433344927423135,0.004791466724733142,0.0039243514828296985,0.996928398914702,0.06398863658612293,"candidate=positive; anchor_balance=0.378; mixed_evidence=0.007; strongest=approval=1.00, affection=1.00",final_model,reactionfusion_v2_hybrid_development
630,236,8,5,441,8,2,1,701,701,RF_POST_000630,හැම ගැහැනු ලමයෙක්ටම ඉන්නවා දුක අහන අයියා කෙනෙක්... 😌,False,sinhala,2e568d4255124322a1c64d61d945be7d2333aa934ebd192e790927c822c6ca3c,DUP_2e568d4255124322,1,False,701,6.553933404025811,0.3366619115549215,0.3347457627118644,0.0114122681883024,0.0127118644067796,0.007132667617689,0.0084745762711864,0.6291012838801712,0.6242937853107344,0.0114122681883024,0.0127118644067796,0.0028530670470756,0.0042372881355932,0.0014265335235378,0.0028248587570621,haha,0.6291012838801712,0.2924393723252496,neutral,0.4739299690642278,0.0400211285616287,0.4221666702442016,True,0.0153352353780313,0.0042796005706134,positive,0.5636363636363636,reactionfusion_v1_provisional,train,approved,negative,negative,0.35500980639785384,False,False,0.43763994141659274,0.012362710209508269,0.35500980639785384,0.27922313187569286,0.2085340047167043,0.15723305700974913,0.06231244081699956,0.25792495350816885,0.7931212857989035,0.10565684903787712,0.227740933283395,0.7274067379815798,0.2803856069257563,0.06684515345241573,0.6261207247825378,0.2921484014400507,0.7785391676728647,"candidate=negative; anchor_balance=0.010; mixed_evidence=0.012; strongest=amusement=0.79, sarcasm=0.78",final_model,reactionfusion_v2_hybrid_development
631,287,13,4,248,5,53,0,610,610,RF_POST_000631,බලන් ගියාම මට විතරයි Love ekak neththe 🥲👍,False,mixed,59318ddfc0fdc3a913162a35374491c16ed89d532ce30ada16e61afb202b9150,DUP_59318ddfc0fdc3a9,1,False,610,6.415096959171596,0.4704918032786885,0.46677471636953,0.021311475409836,0.0226904376012965,0.0065573770491803,0.0081037277147487,0.4065573770491803,0.4035656401944895,0.0081967213114754,0.0097244732576985,0.0868852459016393,0.0875202593192868,0.0,0.0016207455429497,like,0.4704918032786885,0.0639344262295081,negative,0.1343312222946091,-0.1864110189122389,0.5587558200247655,True,0.0249180327868852,0.0868852459016393,negative,-0.5542521994134897,reactionfusion_v1_provisional,train,approved,neutral,neutral,0.3947984814406835,False,False,0.5732141304757998,0.062245294557339695,0.31052661047605895,0.3947984814406835,0.18993970786312098,0.10473520022013642,0.06369266845776234,0.17589267580246454,0.7431450068061768,0.2601953249444568,0.13520343072910224,0.3024711249943449,0.0857822704408667,0.2969761187602999,0.1807443573290764,0.20358496281230065,0.8623677056007876,"grouped_out_of_fold; candidate=neutral; mixed_evidence=0.062; strongest=sarcasm=0.86, amusement=0.74",grouped_out_of_fold,reactionfusion_v2_hybrid_development
632,886,25,3,686,1,2,0,1603,1603,RF_POST_000632,අද කාලේ engagement එකක් ගන්න අය ආයේ වෙඩින් එකක් ගන්නැ... ස්ථීරයි...🙂👍,False,mixed,678a1af857c4d9fe96558d469db7ba2dc39357e4bdec268df2d135063c03514b,DUP_678a1af857c4d9fe,1,False,1603,7.38025578842646,0.5527136618839675,0.5509316770186335,0.0155957579538365,0.0161490683229813,0.0018714909544603,0.0024844720496894,0.4279475982532751,0.4267080745341615,0.0006238303181534,0.0012422360248447,0.0012476606363069,0.001863354037267,0.0,0.0006211180124223,like,0.5527136618839675,0.1247660636306924,neutral,0.4108912658276734,0.0496173496537571,0.4011109742744576,True,0.0166250779787897,0.0012476606363069,positive,0.8603839441535777,reactionfusion_v1_provisional,train,approved,negative,negative,0.34920497473649104,False,False,0.4100822751975402,0.004075351803205369,0.34920497473649104,0.2507200096838373,0.20278520874982042,0.1972898068298512,0.09717805854221886,0.3112667784070318,0.6657870584789096,0.096354739823488,0.2601214153703778,0.6286675057486965,0.326234097403036,0.20784391326618729,0.3669830765516079,0.5361771029013315,0.845408936225463,"candidate=negative; anchor_balance=0.015; mixed_evidence=0.004; strongest=sarcasm=0.85, amusement=0.67",final_model,reactionfusion_v2_hybrid_development
633,708,29,3,104,2,0,0,846,846,RF_POST_000633,මීමැස්සන් කරන කාර්යය කිසිදාක ඔබට නිලමැස්සෙකුගෙන් බලාපොරොත්තු විය නොහැකි බව සිහි තබාගන්න 🙂👍,False,sinhala,541f4940f75dd6e056af17d9d0cbf4d78887e792570a0e9a081e436455f9194f,DUP_541f4940f75dd6e0,1,False,846,6.741700694652055,0.8368794326241135,0.8311840562719812,0.0342789598108747,0.0351699882766705,0.0035460992907801,0.0046893317702227,0.1229314420803782,0.123094958968347,0.0023640661938534,0.003516998827667,0.0,0.0011723329425556,0.0,0.0011723329425556,like,0.8368794326241135,0.7139479905437353,neutral,0.1419773384953935,0.093504626338323,0.286057075554137,True,0.0362293144208037,0.0,positive,1.0,reactionfusion_v1_provisional,train,approved,negative,negative,0.34722928986787926,False,False,0.3032636135576413,0.0028442073956168,0.34722928986787926,0.29707734997570945,0.20686236025451746,0.14883099990189386,0.1800303116272593,0.12905013118234554,0.011351676092405182,0.04494732385976506,0.4069744900125881,0.267063414670562,0.814866466172531,0.07850838934994785,0.5319129124820893,0.42864125137140263,0.41193909152065167,"candidate=negative; anchor_balance=0.035; mixed_evidence=0.003; strongest=care_empathy=0.81, disgust=0.53",final_model,reactionfusion_v2_hybrid_development
634,240,7,0,448,7,12,0,714,714,RF_POST_000634,පුතේ බලන්න මේ ලමයාගෙ ෆොටො එක එයා නම් ඔයාට නියමෙට ගැලපෙනවා 🥱🙏 මේ දවස් වල අනුගනන් වල ඉපදුන කසාද නොබැදපු අයගෙ ගෙවල් වල තත්වය 🥱👍,False,sinhala,886f55d92713feb3b560a137ed22aad608c42b8707f0a4d04091f41a8e666bc0,DUP_886f55d92713feb3,1,False,714,6.572282542694008,0.3361344537815126,0.3342579750346741,0.0098039215686274,0.0110957004160887,0.0,0.001386962552011,0.6274509803921569,0.6227461858529819,0.0098039215686274,0.0110957004160887,0.0168067226890756,0.0180305131761442,0.0,0.001386962552011,haha,0.6274509803921569,0.2913165266106443,neutral,0.5605008372752639,-0.0253014152962951,0.4205099886869362,True,0.0098039215686274,0.0168067226890756,negative,-0.2631578947368421,reactionfusion_v1_provisional,train,approved,negative,negative,0.3565982584638859,False,False,0.4377302503051269,0.020763348904903386,0.3565982584638859,0.27788353994683296,0.17498970013729906,0.1905285014519821,0.019908127862513857,0.1558613078254761,0.7560553778184138,0.21640854107192456,0.29607478762999767,0.8649684175286174,0.31272101239030703,0.17574091770063252,0.7527186748656665,0.18687924313914223,0.8638957353675808,"candidate=negative; anchor_balance=-0.008; mixed_evidence=0.021; strongest=anger=0.86, sarcasm=0.86",final_model,reactionfusion_v2_hybrid_development
635,700,183,30,1,0,58,0,972,972,RF_POST_000635,ප්රශ්න කෝටියක් තියාගෙන සැනසිල්ලේ නින්දක් හොයන අපි වගේ මිනිස්සුන්ට ඒ සැනසීම ඉක්මනට ලැබෙන්න ඕනී.. ❤,False,sinhala,678c857054dd2fdf9afbb262408bb27d612239d22c9c5241ac3719a8a4c1493d,DUP_678c857054dd2fdf,1,False,972,6.880384082186005,0.720164609053498,0.7160367722165475,0.1882716049382716,0.187946884576098,0.0308641975308641,0.0316649642492339,0.0010288065843621,0.0020429009193054,0.0,0.0010214504596527,0.0596707818930041,0.0602655771195097,0.0,0.0010214504596527,like,0.720164609053498,0.5318930041152263,positive,0.2186217994059478,0.27819814106673,0.4283015022563782,True,0.2052469135802469,0.0596707818930041,positive,0.5495145631067961,reactionfusion_v1_provisional,train,approved,mixed,mixed,0.4460156600056331,False,True,0.4412720989848564,0.10817702120159911,0.24207905766449453,0.15055433309677846,0.16135094923309384,0.4460156600056331,0.27199078416311895,0.8410022526926002,0.10310533644287566,0.004002582105892314,0.7255368224638256,0.0004629869171151795,0.9233974321954014,0.006592112742429865,0.508854667635282,0.9313111805591701,0.7069067005879119,"candidate=mixed; anchor_balance=0.144; mixed_evidence=0.108; strongest=approval=0.93, care_empathy=0.92",final_model,reactionfusion_v2_hybrid_development
636,473,202,18,6,2,0,0,701,701,RF_POST_000636,දැන් මම ඉන්නෙ Love නෙවෙයි ගේමක් ගහල ජීවිතේ ගොඩ දාගන්න ඕනි කියල හිතෙන වයසක 🤍🙌,False,mixed,b413d0e0338f256b1574e4d8abc6a34a7297263ae7459a1eff7f3a12c2ccf9c8,DUP_b413d0e0338f256b,1,False,701,6.553933404025811,0.6747503566333809,0.6694915254237288,0.2881597717546362,0.2867231638418079,0.0256776034236804,0.0268361581920903,0.0085592011412268,0.0098870056497175,0.0028530670470756,0.0042372881355932,0.0,0.001412429378531,0.0,0.001412429378531,like,0.6747503566333809,0.3865905848787446,positive,0.4055689946901016,0.506494988866337,0.3985258130092881,False,0.3022824536376605,0.0,positive,1.0,reactionfusion_v1_provisional,train,approved,positive,positive,0.4136034578020681,False,False,0.4168933420148857,0.004710659231806618,0.14387126296436908,0.21474355322803837,0.4136034578020681,0.22778172600552452,0.8660054594495761,0.8845387286116927,0.12502334221937225,0.005081434499786363,0.0657777403050964,0.0006509328154551702,0.5830833969588605,0.0066283848155607745,0.15679618313652052,0.9656555728717896,0.2851003147614179,"candidate=positive; anchor_balance=0.299; mixed_evidence=0.005; strongest=approval=0.97, affection=0.88",final_model,reactionfusion_v2_hybrid_development
639,2816,1879,359,38,2,4,3,5101,5101,RF_POST_000639,තමන්ගේ නංගිගේ හරි මල්ලිගේ ජීවිත තමන්ට වඩා ලස්සන වෙනවා දකින එක තමයි පවුලේ වැඩිමලාගේ එකම හිනේ 💐,False,sinhala,96a5c0cb49331f0b63981cf2c7d8396f672d6ec4ae09e5d260163e8ce8afebde,DUP_96a5c0cb49331f0b,1,False,5101,8.537387898701757,0.5520486179180553,0.5514878621769773,0.3683591452656342,0.3680501174628034,0.0703783571848657,0.0704776820673453,0.0074495197020192,0.0076350822239624,0.0003920799843168,0.0005873140172278,0.0007841599686336,0.0009788566953797,0.0005881199764752,0.0007830853563038,like,0.5520486179180553,0.183689472652421,positive,0.4489636434983602,0.5903738371766531,0.4790530500286373,False,0.4070672417173103,0.0013722799451088,positive,0.9932803762989272,reactionfusion_v1_provisional,train,approved,positive,positive,0.5008180291875874,False,False,0.4815241016453454,0.0033936702543524737,0.11481268269566354,0.18786996748484536,0.5008180291875874,0.19649932063190367,0.6669632838294722,0.9932452164887996,0.5385278029086622,0.01713856672319902,0.01261626295479589,0.00010995981599112091,0.5103626059104015,0.007265242368035977,0.017902480037807627,0.9952079111138961,0.11735413777105475,"candidate=positive; anchor_balance=0.405; mixed_evidence=0.003; strongest=approval=1.00, affection=0.99",final_model,reactionfusion_v2_hybrid_development
641,1136,20,0,15,26,8,1,1206,1206,RF_POST_000641,රාගම පොලිස් බල ප්රදේශයට නැවත දැනුම්දෙනතුරු පොලිස් ඇඳිරිනීතිය පනවයි,False,sinhala,ea8ab56ca7df03a5b2cc9ef53db69e8116d97b01b32828c38bf1cd0af9c7b6ef,DUP_ea8ab56ca7df03a5,1,False,1206,7.095893221097532,0.9419568822553898,0.9373454245671888,0.0165837479270315,0.0173124484748557,0.0,0.0008244023083264,0.0124378109452736,0.0131904369332234,0.0215588723051409,0.0222588623248145,0.0066334991708126,0.0074196207749381,0.0008291873963515,0.0016488046166529,like,0.9419568822553898,0.9203980099502488,neutral,0.472760152422258,0.0217261304385453,0.1545534646337321,True,0.0165837479270315,0.0074626865671641,positive,0.3793103448275862,reactionfusion_v1_provisional,train,approved,neutral,neutral,0.47159172567331037,False,False,0.16725515356173987,0.006066963525734999,0.34731545076613257,0.47159172567331037,0.12260323072166847,0.058489592838888424,0.013564511716793261,0.005046017001958831,0.0014894701296361847,0.015523746416959886,0.16726198486741206,0.6325148416762185,0.944294622628196,0.011281293833343777,0.8136865244715128,0.017412835342128136,0.37747293666503295,"candidate=neutral; anchor_balance=0.009; mixed_evidence=0.006; strongest=care_empathy=0.94, disgust=0.81",final_model,reactionfusion_v2_hybrid_development
642,475,218,32,12,1,4,0,742,742,RF_POST_000642,කොයිතරම් තිබුනත් මෙට්ට.. හබියගෙ අත තමයි දොයියන්න පට්ට.. 🌝❤️,False,sinhala,c3d31767453979999e9440676bda0effcff4451152f384dc40fae7943f127ef9,DUP_c3d3176745397999,1,False,742,6.610696044717759,0.6401617250673854,0.6355140186915887,0.2938005390835579,0.2923898531375167,0.0431266846361186,0.0440587449933244,0.0161725067385444,0.0173564753004005,0.0013477088948787,0.0026702269692923,0.0053908355795148,0.0066755674232309,0.0,0.0013351134846461,like,0.6401617250673854,0.3463611859838275,positive,0.3971823620893405,0.5140406615862622,0.4546650319679259,False,0.3175202156334232,0.0053908355795148,positive,0.96661101836394,reactionfusion_v1_provisional,train,approved,positive,positive,0.43346076991590343,False,False,0.46952559864908605,0.01504487899543133,0.1311691742548838,0.18751732666096535,0.43346076991590343,0.2478527291682474,0.8889416128501534,0.969808309115088,0.223936592590879,0.0041477165898031135,0.10024485949348456,0.0002667117859118066,0.582315379260288,0.009868744574311864,0.08713602766527083,0.990077426736687,0.2121473753468742,"candidate=positive; anchor_balance=0.309; mixed_evidence=0.015; strongest=approval=0.99, affection=0.97",final_model,reactionfusion_v2_hybrid_development
643,183,1,4,329,5,0,0,522,522,RF_POST_000643,කලින් කසාද බැඳපු අත්දැකීම් බහුල කෙනෙක්ව ම කසාද බඳිනව මිසක් මේක අත්හදාබැලීම් කර කර ඉන්න වෙලාවක් නෙමෙයි 😴🙏,False,sinhala,1abb8277ad49043d6d9cd3f1d20e8f9e37d5e57f1b07b5e374a3cfecc7fda920,DUP_1abb8277ad49043d,1,False,522,6.259581464064923,0.3505747126436782,0.3478260869565217,0.0019157088122605,0.0037807183364839,0.0076628352490421,0.0094517958412098,0.6302681992337165,0.6238185255198487,0.0095785440613026,0.0113421550094517,0.0,0.0018903591682419,0.0,0.0018903591682419,haha,0.6302681992337165,0.2796934865900383,neutral,0.5642559348480805,0.0223311286258063,0.3865767279699919,True,0.0061302681992337,0.0,positive,1.0,reactionfusion_v1_provisional,train,approved,negative,negative,0.3673650082288218,False,False,0.41181820158937804,0.0062278745041871916,0.3673650082288218,0.25304054320466446,0.20293965467582148,0.17665479389069214,0.0470824950417162,0.22644264735767922,0.8034290696443954,0.08897049220990208,0.2983471178685298,0.8653693543956839,0.38640724890109673,0.1102809985147896,0.6990829830591323,0.310387767187995,0.7925212612370545,"candidate=negative; anchor_balance=0.005; mixed_evidence=0.006; strongest=anger=0.87, amusement=0.80",final_model,reactionfusion_v2_hybrid_development
644,951,376,55,0,0,4,0,1386,1386,RF_POST_000644,ජීවිත ගමන තුල හමුවිය යුතු එකම දෙය නම් ආදරණීය මිනිසුන් පමනි ❤,False,sinhala,fbb632beb2ebd5bfa525b08956ddc34cda635b6fe5dd3b18fa9f4328e2d38676,DUP_fbb632beb2ebd5bf,1,False,1386,7.234898420314831,0.6861471861471862,0.6834170854271356,0.2712842712842713,0.2706389088298636,0.0396825396825396,0.0402010050251256,0.0,0.0007178750897343,0.0,0.0007178750897343,0.0028860028860028,0.0035893754486719,0.0,0.0007178750897343,like,0.6861471861471862,0.4148629148629149,positive,0.3926140877871334,0.4874676048917367,0.3891684951056816,False,0.2931096681096681,0.0028860028860028,positive,0.9804996953077392,reactionfusion_v1_provisional,train,approved,positive,positive,0.35878501989213474,False,False,0.40025384674107917,0.006895974387498852,0.16271694674174042,0.20332878963632686,0.35878501989213474,0.2751692437297979,0.7022364183406212,0.9240314564748536,0.13647492474928857,0.010703960951478656,0.09397297168570248,0.0010577156781902066,0.6859634883501813,0.009439141642141779,0.2485819112872088,0.9772418443987381,0.34467878086666415,"candidate=positive; anchor_balance=0.288; mixed_evidence=0.007; strongest=approval=0.98, affection=0.92",final_model,reactionfusion_v2_hybrid_development
645,524,23,5,479,6,30,0,1067,1067,RF_POST_000645,කාගෙවත් මාරම love එකක් වෙන්න බැරි වුනාට මම හැමදාම කාටහරි time pass කරන්න උදව් වුණා 🙂👍,False,mixed,a1a8dc36069b8bf02d619f04c925c30a33f8eaf7b356354ba34de12754919350,DUP_a1a8dc36069b8bf0,1,False,1067,6.97354301952014,0.4910965323336457,0.4888268156424581,0.021555763823805,0.0223463687150838,0.0046860356138706,0.0055865921787709,0.4489222118088097,0.4469273743016759,0.0056232427366447,0.0065176908752327,0.0281162136832239,0.0288640595903165,0.0,0.0009310986964618,like,0.4910965323336457,0.0421743205248359,neutral,0.6637079220455793,-0.0128229156789538,0.4862309642587374,True,0.0241330834114339,0.0281162136832239,negative,-0.0762331838565022,reactionfusion_v1_provisional,train,approved,negative,negative,0.33093776503814804,False,False,0.49609936541299277,0.05044138799171211,0.33093776503814804,0.22033869778860504,0.19707783568126452,0.25164570149198245,0.0236172720058596,0.3183263026353468,0.7910693525367746,0.07716968333143082,0.32944895050559725,0.6818754530046124,0.24960396403527688,0.7035222980827632,0.5458424572228633,0.4082042045269793,0.9309992960801643,"candidate=negative; anchor_balance=-0.004; mixed_evidence=0.050; strongest=sarcasm=0.93, amusement=0.79",final_model,reactionfusion_v2_hybrid_development
646,126,0,3,604,1,1,0,735,735,RF_POST_000646,"Apitath Love thiyenawa ithin, හැබැයි ප්රසිද්ධ කරන්න බයයි, මොකද තව කාගෙ හරි Love එකක් හරි කසාදයක් හරිද දන්නෑනෙ 🥴👍",False,mixed,f98cb5f5099392e31fe9e01426d81f143b0e98330596153577bcf6a09ee60363,DUP_f98cb5f5099392e3,1,False,735,6.601230118728877,0.1714285714285714,0.1711590296495957,0.0,0.0013477088948787,0.0040816326530612,0.0053908355795148,0.8217687074829932,0.8153638814016172,0.001360544217687,0.0026954177897574,0.001360544217687,0.0026954177897574,0.0,0.0013477088948787,haha,0.8217687074829932,0.6503401360544218,neutral,0.6107944297328658,0.0035686870309729,0.2590317838797344,True,0.0022448979591836,0.001360544217687,positive,0.2452830188679245,reactionfusion_v1_provisional,train,approved,negative,negative,0.3449597460170972,False,False,0.28080485526054066,0.0045413184139171,0.3449597460170972,0.22289443999449363,0.15155164120564005,0.28059417278276905,0.020853218504290665,0.14377105547284644,0.7357328414436105,0.5327298314791173,0.4314056522644209,0.8893425458493757,0.5777501867431306,0.008315545403480475,0.8499604504566829,0.13650302312916732,0.74489976889011,"candidate=negative; anchor_balance=0.000; mixed_evidence=0.005; strongest=anger=0.89, disgust=0.85",final_model,reactionfusion_v2_hybrid_development
647,274,44,3,1,0,3,0,325,325,RF_POST_000647,ඔබව අවශ්ය වන දිනය දක්වාම අන් අය ඔබව ප්රතික්ෂේප කරනු ඇත... 🙂✊,False,sinhala,74f61db71af7085a024fa762f532acbc248785e33dba20bb67b8af44170fae04,DUP_74f61db71af7085a,1,False,325,5.786897381366708,0.8430769230769231,0.8283132530120482,0.1353846153846153,0.1355421686746988,0.0092307692307692,0.0120481927710843,0.003076923076923,0.0060240963855421,0.0,0.003012048192771,0.0092307692307692,0.0120481927710843,0.0,0.003012048192771,like,0.8430769230769231,0.7076923076923077,positive,0.237599201891194,0.2745668500633426,0.2666738125906652,True,0.1404615384615384,0.0092307692307692,positive,0.8766700924974307,reactionfusion_v1_provisional,train,approved,uncertain,positive,0.2567705920170256,True,True,0.30789986463325164,0.018548184616460944,0.25594300349515814,0.23115243762813892,0.2567705920170256,0.25613396685967743,0.551361505798281,0.3709858125537717,0.012428635916710767,0.0041865469536639085,0.49792545953482503,0.0152718894251996,0.7681684743231922,0.02209301427582607,0.5898252434814115,0.7555162587113637,0.4415775841993071,"candidate=positive; anchor_balance=0.127; mixed_evidence=0.019; strongest=care_empathy=0.77, approval=0.76",final_model,reactionfusion_v2_hybrid_development
648,373,155,25,185,19,5,0,762,762,RF_POST_000648,ඔයා දැනගෙන හිටියද අද ජාත්යන්තර පෙම්වතියන්ගේ දිනය කියලා.. ආදරේ කරන හැම ගැහැනු ලමයෙක්ටම Happy girlfriend day 🌝❤️,False,mixed,fc1f2e757c88d5381f88a59a6b0e4a0c25440b9d8ce9ccda56dbe5d49413519b,DUP_fc1f2e757c88d538,1,False,762,6.637258031284457,0.489501312335958,0.4863459037711313,0.2034120734908136,0.2028608582574772,0.0328083989501312,0.0338101430429128,0.2427821522309711,0.2418725617685305,0.0249343832020997,0.0260078023407022,0.0065616797900262,0.0078023407022106,0.0,0.0013003901170351,like,0.489501312335958,0.2467191601049868,positive,0.3267208888371496,0.4821218704791291,0.6446540285270858,True,0.2214566929133858,0.0065616797900262,positive,0.9424460431654677,reactionfusion_v1_provisional,train,approved,positive,positive,0.5849239654602357,False,False,0.6544092134251438,0.023827643661773767,0.13134426291275167,0.21385202199711284,0.5849239654602357,0.06987974962989983,0.9989529275837382,0.745481361490131,0.6856310424620738,0.00151299305243195,0.009063144574500904,7.10217439293811e-07,0.07761018741292007,9.915355846748256e-05,0.00014779895806984577,0.8810858987595829,0.03642855435860365,"candidate=positive; anchor_balance=0.212; mixed_evidence=0.024; strongest=joy=1.00, approval=0.88",final_model,reactionfusion_v2_hybrid_development
649,498,13,6,262,8,28,1,816,816,RF_POST_000649,ටයිම් පාස් කරගන්න ආව කෙනෙක්ට අපි හැමෝම සීරියස් ලව් කරලා තියෙනවා 🫣🥴💔🤓,False,sinhala,10545e88303223b2f7f6e71c515e2126626be5157315a27bc9ef3718232776d1,DUP_10545e88303223b2,1,False,816,6.705639094860003,0.6102941176470589,0.606318347509113,0.0159313725490196,0.017010935601458,0.0073529411764705,0.008505467800729,0.321078431372549,0.3195625759416768,0.0098039215686274,0.0109356014580801,0.034313725490196,0.0352369380315917,0.0012254901960784,0.0024301336573511,like,0.6102941176470589,0.2892156862745098,neutral,0.4570934816640216,-0.0459652761787987,0.4817701600250754,True,0.0199754901960784,0.0355392156862745,negative,-0.2803532008830022,reactionfusion_v1_provisional,train,approved,negative,negative,0.34597034455380365,False,False,0.4931768950878329,0.042785942052577484,0.34597034455380365,0.26278836101436315,0.19539391578678855,0.19584737864504453,0.028001022563534688,0.19396746877513715,0.2641852750571259,0.08925076548629464,0.32499375004771214,0.573016677552628,0.36912558980076826,0.6654958768888951,0.50427452729256,0.3279725736205579,0.765264515268097,"candidate=negative; anchor_balance=-0.016; mixed_evidence=0.043; strongest=sarcasm=0.77, fear=0.67",final_model,reactionfusion_v2_hybrid_development
650,114,4,4,235,3,2,0,362,362,RF_POST_000650,නැතිවුණු සතුටත් අරගෙන කාගේ හරි Ex කෙනෙක් එයි දවසක 🙂,False,mixed,611ff1268c71037a470adb7bfc942f8382f2c02c1e002e6a7ddddf3447c63741,DUP_611ff1268c71037a,1,False,362,5.8944028342648505,0.3149171270718232,0.3116531165311653,0.011049723756906,0.013550135501355,0.011049723756906,0.013550135501355,0.649171270718232,0.6395663956639567,0.0082872928176795,0.010840108401084,0.005524861878453,0.008130081300813,0.0,0.002710027100271,haha,0.649171270718232,0.3342541436464088,neutral,0.4579882355714544,0.0423996748454313,0.4174692927945939,True,0.0171270718232044,0.005524861878453,positive,0.5121951219512195,reactionfusion_v1_provisional,train,approved,negative,negative,0.3244004570976326,False,False,0.4470735470036963,0.01938530285110878,0.3244004570976326,0.23279292244496735,0.2290716120005963,0.2137350084568038,0.11015026917091215,0.4149166280100591,0.8004170650521717,0.06282897303589946,0.38460065638567265,0.639156807801108,0.29045236035508465,0.10683562693798204,0.5791966828917461,0.436269829728629,0.7372789626600807,"candidate=negative; anchor_balance=0.010; mixed_evidence=0.019; strongest=amusement=0.80, sarcasm=0.74",final_model,reactionfusion_v2_hybrid_development
651,522,121,13,2,3,26,0,687,687,RF_POST_000651,ගොඩාක් අය තමන්ට හදවතින්ම වැඩිපුරම ආදරය කරන කෙනාව නැතිකර ගන්නවා 💔🙏,False,sinhala,5b9025274702d1bb5f0ea42828b83afb47d03a1bc575bdf3a165dba995367347,DUP_5b9025274702d1bb,1,False,687,6.533788837933344,0.759825327510917,0.7536023054755043,0.1761280931586608,0.1757925072046109,0.0189228529839883,0.0201729106628242,0.0029112081513828,0.0043227665706051,0.0043668122270742,0.0057636887608069,0.0378457059679767,0.0389048991354466,0.0,0.0014409221902017,like,0.759825327510917,0.5836972343522562,positive,0.2357459327302622,0.2924197954853197,0.3876181393544174,True,0.1865356622998544,0.0378457059679767,positive,0.6626662341874797,reactionfusion_v1_provisional,train,approved,uncertain,negative,0.28714832314173533,True,True,0.4041939715732283,0.06523015103199073,0.28714832314173533,0.22115247634130172,0.2343315774130845,0.25736762310387845,0.3839447498061271,0.5025631074520477,0.03932595536894628,0.005244070302248738,0.46290575434159403,0.0015770024594408529,0.8639656669035337,0.009198179073567368,0.5474896857962848,0.8051475016489669,0.5812055279768277,"candidate=negative; anchor_balance=0.147; mixed_evidence=0.065; strongest=care_empathy=0.86, approval=0.81",final_model,reactionfusion_v2_hybrid_development
652,356,10,2,253,3,0,0,624,624,RF_POST_000652,ඇයි ගැහැනු ළමයි කකුල් ලොකු ඩෙනිම් කලිසම් වලට ආස 🤓🤓,False,sinhala,032acc249f4d54f3127bb5674db710079a9a4584ec506ebd795e5018e1d4539f,DUP_032acc249f4d54f3,1,False,624,6.437751649736401,0.5705128205128205,0.5657686212361331,0.016025641025641,0.0174326465927099,0.0032051282051282,0.0047543581616481,0.4054487179487179,0.4025356576862123,0.0048076923076923,0.0063391442155309,0.0,0.0015847860538827,0.0,0.0015847860538827,like,0.5705128205128205,0.1650641025641025,neutral,0.3726579329861395,0.0565384235682883,0.4093290615218765,True,0.0177884615384615,0.0,positive,1.0,reactionfusion_v1_provisional,train,approved,negative,negative,0.3407565040282112,False,False,0.43017408879781927,0.005453871173347946,0.3407565040282112,0.22802337787771645,0.22676545459960087,0.20445466349447142,0.16774513659607435,0.33793701089645406,0.5609219875302699,0.029422483036347404,0.31476607667552736,0.6208608234969526,0.3579808014687245,0.2760314770749516,0.41019148545958495,0.5681956266239995,0.7826253897440835,"candidate=negative; anchor_balance=0.017; mixed_evidence=0.005; strongest=sarcasm=0.78, anger=0.62",final_model,reactionfusion_v2_hybrid_development
654,35,1,0,162,4,0,0,202,202,RF_POST_000654,අක්කෙ අක්කෙ ගාගෙන එන්න එපා මං 2009 😒,False,sinhala,fcf15444daaa375f4acc574f534b5623d97e5e1b7adf316f9854827bf4517a34,DUP_fcf15444daaa375f,1,False,202,5.313205979041787,0.1732673267326732,0.1722488038277512,0.0049504950495049,0.0095693779904306,0.0,0.0047846889952153,0.801980198019802,0.7799043062200957,0.0198019801980198,0.0239234449760765,0.0,0.0047846889952153,0.0,0.0047846889952153,haha,0.801980198019802,0.6287128712871287,neutral,0.533668286253717,0.0197461300855113,0.3004450917759793,True,0.0049504950495049,0.0,positive,1.0,reactionfusion_v1_provisional,train,approved,negative,negative,0.3891846978106111,False,False,0.3634820438816514,0.01391318828255125,0.3891846978106111,0.2956105154452421,0.19259941714394427,0.12260536960020263,0.02523838016329711,0.09273641346287373,0.6513013832420036,0.08248443473388531,0.25903751891378235,0.9254043634888823,0.4719771528344045,0.010496364004061043,0.9406323848310391,0.0570373446444572,0.7085452137268735,"candidate=negative; anchor_balance=0.003; mixed_evidence=0.014; strongest=disgust=0.94, anger=0.93",final_model,reactionfusion_v2_hybrid_development
655,59,5,0,0,0,0,0,64,64,RF_POST_000655,මාතර අවට IT field එකේ jobs මොනවද තියෙන්නෙ... 🤖,False,mixed,7c966e531f4a3e4f63ce590fabe2ffdfd2e2120cd0cda49b3a7c86654f73ce40,DUP_7c966e531f4a3e4f,1,False,64,4.174387269895637,0.921875,0.8450704225352113,0.078125,0.0845070422535211,0.0,0.0140845070422535,0.0,0.0140845070422535,0.0,0.0140845070422535,0.0,0.0140845070422535,0.0,0.0140845070422535,like,0.921875,0.84375,positive,0.1179773138556149,0.1757961861048131,0.1408934094327391,True,0.078125,0.0,positive,1.0,reactionfusion_v1_provisional,train,approved,uncertain,neutral,0.27777800511119893,True,True,0.33467839971003016,0.03771024222084847,0.25405694494129777,0.27777800511119893,0.2581063283337128,0.21005872161379055,0.3203015576614207,0.21103251373722706,0.010188288870111284,0.00013065247150306124,0.6688521059881412,0.03506153016665792,0.41142574519380687,0.08524744634005334,0.37787938038569446,0.46553027569156186,0.23531444781129532,"grouped_out_of_fold; candidate=neutral; mixed_evidence=0.038; strongest=sadness=0.67, approval=0.47",grouped_out_of_fold,reactionfusion_v2_hybrid_development
656,0,0,0,31,0,0,0,31,31,RF_POST_000656,කැම්පස් එකේ presentation කරන උනුත් හරියට අර විපුල මාම වගේ. පොඩ්ඩ ඇත්තන් lyrics අවුල් යනව. 😅,False,mixed,5c1198b85eb43012409ef175f06a3f6e025205a83823ef26466229cb9ce3380a,DUP_5c1198b85eb43012,2,True,31,3.4657359027997265,0.0,0.0263157894736842,0.0,0.0263157894736842,0.0,0.0263157894736842,1.0,0.8421052631578947,0.0,0.0263157894736842,0.0,0.0263157894736842,0.0,0.0263157894736842,haha,1.0,1.0,neutral,0.2310277812026627,0.0,-0.0,True,0.0,0.0,neutral,0.0,reactionfusion_v1_provisional,train,approved,negative,negative,0.36503557930536945,False,False,0.3695297625188645,0.06029169809518316,0.36503557930536945,0.2532742488559425,0.20980292611114193,0.17188724572754607,0.0231362095755402,0.08556843480324802,0.738944205739797,0.0033173888635164763,0.6469904034387977,0.7282224182633845,0.015793962728613893,0.0009906181049869703,0.8960503371843934,0.030675771475044217,0.5089218192386501,"candidate=negative; anchor_balance=-0.012; mixed_evidence=0.060; strongest=disgust=0.90, amusement=0.74",final_model,reactionfusion_v2_hybrid_development
657,8,17,1,10,0,0,0,36,36,RF_POST_000657,සරසවියේදී ඔබට හමුවූ සුන්දර පොළොන්නරු හදවත් මෙන්ෂන් කරන්න. 😌,False,sinhala,bb62c91f22edac438c3a361e172cf40d989b283b31cb3b513d96e9cfdfc72c3b,DUP_bb62c91f22edac43,2,True,36,3.610917912644224,0.2222222222222222,0.2093023255813953,0.4722222222222222,0.4186046511627907,0.0277777777777777,0.0465116279069767,0.2777777777777778,0.2558139534883721,0.0,0.0232558139534883,0.0,0.0232558139534883,0.0,0.0232558139534883,love,0.4722222222222222,0.1944444444444444,positive,0.285902303591015,0.788933585844718,0.5878521919432641,True,0.4875,0.0,positive,1.0,reactionfusion_v1_provisional,train,approved,mixed,mixed,0.6153002285483259,False,True,0.7429625502271267,0.13822559073993054,0.04078085572310926,0.09685671863576889,0.24706219709279598,0.6153002285483259,0.9999983935301421,0.999408056734873,0.986685440058981,2.311969805918563e-07,0.07039107002399736,5.618075462240748e-13,3.7561073753824424e-08,1.0038009677839735e-07,4.512462311656125e-11,0.9985708552883421,1.446676197453772e-05,"candidate=mixed; anchor_balance=0.398; mixed_evidence=0.138; strongest=joy=1.00, affection=1.00",final_model,reactionfusion_v2_hybrid_development
661,9,1,0,166,0,0,0,176,176,RF_POST_000661,"එයත් එක්ක තුරුළු වෙලා ""සරසවි සිරස"" ප්රසංගය නැරඹීමට සූදානමින් සිටින කොළඹ සරසවි සොයුරු සොයුරියනි, මෙය අනාගතයේ රූපවාහිනියේ විකාශනය වන බව හොඳින් මතක තබාගන්න. 😅",False,sinhala,11895a52fd2e390fae3fb6ac87acd9680882379e939f5fa62dca53a6e34cdc6d,DUP_11895a52fd2e390f,2,True,176,5.176149732573829,0.0511363636363636,0.0546448087431694,0.0056818181818181,0.0109289617486338,0.0,0.0054644808743169,0.9431818181818182,0.912568306010929,0.0,0.0054644808743169,0.0,0.0054644808743169,0.0,0.0054644808743169,haha,0.9431818181818182,0.8920454545454546,neutral,0.4339669853028858,0.0243059360405365,0.1215842280437328,True,0.0056818181818181,0.0,positive,1.0,reactionfusion_v1_provisional,train,approved,negative,negative,0.36084159711938707,False,False,0.20842047019626941,0.009111277385629264,0.36084159711938707,0.2544107895939002,0.1827683329492565,0.20197928033745619,0.05903101254343346,0.17652618386673552,0.6428244951282781,0.16406892790359023,0.5997718654008076,0.8223039936445667,0.5496026405794705,0.0011209121205545825,0.8944659898040285,0.07710943562689955,0.6396658561347657,"candidate=negative; anchor_balance=0.003; mixed_evidence=0.009; strongest=disgust=0.89, anger=0.82",final_model,reactionfusion_v2_hybrid_development
662,159,4,2,357,5,2,0,529,529,RF_POST_000662,හොද වෙලාවට ඒ 🍼 එක චුටි උනේ තඩි එකක් වුනානම් වසලා හමාරයි හෙන තඩි ඒවා තියෙන ගෑණුත් කමෙන්ට් දාලා අර චුටි එක දැකලා අනේ බං කවදාවත් 🍼එකක් දැකලා නෑ වගේ හැසිරෙන්න එපා,False,sinhala,15bf365dadfbb35024de5f184c2f1a4c9db755c4c120130b9477a40fb875a2b5,DUP_15bf365dadfbb350,1,False,529,6.272877006546167,0.3005671077504726,0.2985074626865671,0.0075614366729678,0.0093283582089552,0.0037807183364839,0.0055970149253731,0.6748582230623819,0.667910447761194,0.0094517958412098,0.0111940298507462,0.0037807183364839,0.0055970149253731,0.0,0.001865671641791,haha,0.6748582230623819,0.3742911153119093,neutral,0.5666851034969818,0.0218246139632964,0.3853562238085971,True,0.009640831758034,0.0037807183364839,positive,0.4366197183098591,reactionfusion_v1_provisional,train,approved,negative,negative,0.3594942452840525,False,False,0.40809652082667114,0.01218198569631854,0.3594942452840525,0.2600332645544123,0.1929754669443973,0.18749702321713793,0.043660706740423855,0.22429938667828372,0.7618586163258473,0.1498962554464997,0.3127284888591313,0.8388980808536456,0.3898140687722902,0.07035700440494927,0.7620730074288412,0.24977734131469137,0.7901916440767075,"candidate=negative; anchor_balance=0.005; mixed_evidence=0.012; strongest=anger=0.84, sarcasm=0.79",final_model,reactionfusion_v2_hybrid_development
663,10,5,0,42,4,0,0,61,61,RF_POST_000663,දෙවුන්දර ගිහින් ඉල්ලුවෙත් ඔයාව 😊🫶,False,sinhala,c2f4291d551ac2388beb4bccdaafacbc0d9ab8d934aacb833959348612d90f66,DUP_c2f4291d551ac238,2,True,61,4.127134385045092,0.1639344262295081,0.1617647058823529,0.081967213114754,0.088235294117647,0.0,0.0147058823529411,0.6885245901639344,0.6323529411764706,0.0655737704918032,0.0735294117647058,0.0,0.0147058823529411,0.0,0.0147058823529411,haha,0.6885245901639344,0.5245901639344263,positive,0.1554994866865422,0.2906148005554102,0.4815729892941338,True,0.081967213114754,0.0,positive,1.0,reactionfusion_v1_provisional,train,approved,positive,positive,0.400442939235425,False,False,0.6047398848121872,0.0711458688014338,0.2008667074412095,0.3860801711027855,0.400442939235425,0.012610182220580057,0.9493531316153153,0.014098795757611747,0.816429250464236,5.2525426296087544e-05,0.0028005723245187915,0.00011996228952850928,0.0069577163520922565,5.265007315082184e-06,0.00385653798207106,0.004192732487042402,0.05179666225489037,"candidate=positive; anchor_balance=0.067; mixed_evidence=0.071; strongest=joy=0.95, amusement=0.82",final_model,reactionfusion_v2_hybrid_development
664,778,42,4,2013,13,14,1,2865,2865,RF_POST_000664,පුලුවන්නම් degree එක අරන් පෙන්නපන් මීට open university 😍,False,mixed,2ae79fc3f5c29cd81ee6eb3b1e2714f20b72a7a5a8b37ae0780f484f8ede1bdd,DUP_2ae79fc3f5c29cd8,1,False,2865,7.960672608388117,0.2715532286212914,0.2712395543175487,0.0146596858638743,0.0149721448467966,0.0013961605584642,0.0017409470752089,0.7026178010471205,0.7012534818941504,0.0045375218150087,0.0048746518105849,0.0048865619546247,0.0052228412256267,0.000349040139616,0.0006963788300835,haha,0.7026178010471205,0.4310645724258289,neutral,0.4666502507804778,0.0384449033106501,0.3732564209189403,True,0.0154275741710296,0.0052356020942408,positive,0.4932432432432432,reactionfusion_v1_provisional,train,approved,negative,negative,0.3348461537187311,False,False,0.37781339446149614,0.008945442487249908,0.3348461537187311,0.2608855489453855,0.15951934190730196,0.2447489554285814,0.0310799546850352,0.19588753240767878,0.7689540331278589,0.6350387025649684,0.1812090101632053,0.6395185857017257,0.3139132364687165,0.012473041245030297,0.6242561991383193,0.19003976969824962,0.8043772591761271,"candidate=negative; anchor_balance=0.010; mixed_evidence=0.009; strongest=sarcasm=0.80, amusement=0.77",final_model,reactionfusion_v2_hybrid_development
665,341,17,3,757,12,3,1,1134,1134,RF_POST_000665,"""සමහර බබාල දැක්කහම අම්ම එක්කම භාර ගන්න හිතෙනවා නේද?බොරුද මං කියන්නෙ?""",False,sinhala,cf96bb98a7f441339f1bc3aacc1d6b7288e0257d1f49f50a85e35a4952911bff,DUP_cf96bb98a7f44133,1,False,1134,7.034387929915503,0.300705467372134,0.2997370727432077,0.0149911816578483,0.0157756354075372,0.0026455026455026,0.0035056967572304,0.6675485008818343,0.6643295354951797,0.0105820105820105,0.0113935144609991,0.0026455026455026,0.0035056967572304,0.0008818342151675,0.0017528483786152,haha,0.6675485008818343,0.3668430335097001,neutral,0.4214815291474781,0.0477847436195151,0.400750645773874,True,0.0164462081128747,0.0035273368606701,positive,0.6467991169977925,reactionfusion_v1_provisional,train,approved,negative,negative,0.35473684115300014,False,False,0.4111373644195387,0.008647937551331225,0.35473684115300014,0.29299804803583185,0.19571458085275198,0.15655052995841606,0.06307518229593333,0.22173985296745527,0.7652165626301078,0.23520793540761972,0.18657890419931944,0.6576796121339931,0.28955466693437976,0.022426664907525956,0.6212062371920691,0.22227538515239226,0.7733514030989754,"candidate=negative; anchor_balance=0.012; mixed_evidence=0.009; strongest=sarcasm=0.77, amusement=0.77",final_model,reactionfusion_v2_hybrid_development
666,124,2,0,32,1,0,1,160,160,RF_POST_000666,"හුගක් දික්කසාද නඩු ඉවර වෙන්නෙ""වෙන කසාදයක් දික්කරගෙනම තමා""(උසාවි ආවොත් ආස හිතෙයි)",False,sinhala,9d7072e5b25ec68829a5cb78d2b6feaf3fa765479113b81102471dfe785c2662,DUP_9d7072e5b25ec688,1,False,160,5.081404364984463,0.775,0.7485029940119761,0.0125,0.0179640718562874,0.0,0.0059880239520958,0.2,0.1976047904191616,0.00625,0.0119760479041916,0.0,0.0059880239520958,0.00625,0.0119760479041916,like,0.775,0.575,neutral,0.5448840939187314,0.0173180067613287,0.3276842365422358,True,0.0125,0.00625,positive,0.3333333333333333,reactionfusion_v1_provisional,train,approved,negative,negative,0.3384844233557771,False,False,0.3991561494950792,0.028681879005634438,0.3384844233557771,0.24937172261172205,0.2001734653790967,0.2119703886534043,0.08138362836137125,0.15128769310300968,0.027826093979906704,0.004081663295382855,0.4599837452868122,0.7219154372498261,0.5248395688459299,0.42078750308317975,0.7457703726961359,0.2878760337203836,0.49771276829484534,"candidate=negative; anchor_balance=0.003; mixed_evidence=0.029; strongest=disgust=0.75, anger=0.72",final_model,reactionfusion_v2_hybrid_development
670,211,14,2,2,2,2,0,233,233,RF_POST_000670,"""නඩත්තු නඩුවක් අපරාධ නඩුවක් නෙමේ හින්ද බලෙන් DNA ගන්න බෑ,නඩත්තු නඩුත් අපරාධ නඩු කරා නම් බඩුම තමා""(1979/15-123)",False,mixed,3cef7449566c33977457d8a11f1080a10c193d1acc7f563df9e25581ae0089e2,DUP_3cef7449566c3397,1,False,233,5.455321115357702,0.9055793991416308,0.8833333333333333,0.0600858369098712,0.0625,0.0085836909871244,0.0125,0.0085836909871244,0.0125,0.0085836909871244,0.0125,0.0085836909871244,0.0125,0.0,0.0041666666666666,like,0.9055793991416308,0.8454935622317596,positive,0.1134014719016035,0.1284140213281256,0.2169354879190977,True,0.0648068669527897,0.0085836909871244,positive,0.7660818713450291,reactionfusion_v1_provisional,train,approved,negative,negative,0.34439511187405436,False,False,0.2696958861645615,0.017979725744304103,0.34439511187405436,0.3374587320321423,0.21015927494423334,0.10798688114957003,0.19803092351736218,0.06895669514501646,0.004510005839537934,0.0028136537520755843,0.48994810203501793,0.10971120583824082,0.8708633194481034,0.03915873518325178,0.5863133365128428,0.26718860502993397,0.2917952800332737,"candidate=negative; anchor_balance=0.053; mixed_evidence=0.018; strongest=care_empathy=0.87, disgust=0.59",final_model,reactionfusion_v2_hybrid_development
671,149,6,0,62,1,1,0,219,219,RF_POST_000671,"""DNA බෑ කියන්න හිතාගෙන බබෙක් හදනව නම් ""මල්ලිට"" කියන්න ඕන,ලොකු බබාට සැර අයියලා ඉන්නවද කියල අහල හිටිය නං වටිනවා නේද මචං කියලා""",False,mixed,a39a17313e38a7b12222a23bd3e0f98193923010dfb606ac3d9b83135e2344a5,DUP_a39a17313e38a7b1,1,False,219,5.393627546352362,0.680365296803653,0.6637168141592921,0.0273972602739726,0.0309734513274336,0.0,0.0044247787610619,0.2831050228310502,0.2787610619469026,0.0045662100456621,0.0088495575221238,0.0045662100456621,0.0088495575221238,0.0,0.0044247787610619,like,0.680365296803653,0.3972602739726027,neutral,0.3066838630726705,0.0665368902274252,0.3941901129006201,True,0.0273972602739726,0.0045662100456621,positive,0.7142857142857143,reactionfusion_v1_provisional,train,approved,uncertain,negative,0.3004566192798061,True,True,0.445759442841218,0.023668642982719538,0.3004566192798061,0.19812760725725628,0.24024805421660236,0.26116771924633525,0.2718940759076193,0.3652041853647419,0.12501071163357308,0.009049371267259214,0.48123171944535825,0.41320620494832266,0.45980857675205433,0.4274455641068171,0.5122855662368763,0.5862067641305974,0.6144412177339017,"candidate=negative; anchor_balance=0.020; mixed_evidence=0.024; strongest=sarcasm=0.61, approval=0.59",final_model,reactionfusion_v2_hybrid_development
674,355,5,0,102,3,7,0,472,472,RF_POST_000674,"""WIFE නමට සල්ලි එවලා WIFE ගෙ නමටම ඉඩම් අරන් අමාරුවෙ වැටුන අහිංසක පුරුශයො මේ පිටුවෙ ඉන්නවද?""",False,mixed,04b0c8cabae090910918f8fac8e48647cdcee8f669b480c6ccb236eff7264fa5,DUP_04b0c8cabae09091,1,False,472,6.159095388491933,0.7521186440677966,0.7432150313152401,0.010593220338983,0.0125260960334029,0.0,0.0020876826722338,0.2161016949152542,0.2150313152400835,0.0063559322033898,0.0083507306889352,0.0148305084745762,0.0167014613778705,0.0,0.0020876826722338,like,0.7521186440677966,0.5360169491525424,neutral,0.6099869405452385,-0.0118385424582255,0.3536106637791193,True,0.010593220338983,0.0148305084745762,negative,-0.1666666666666666,reactionfusion_v1_provisional,train,approved,negative,negative,0.36510942370774735,False,False,0.38028573205357463,0.020800597452617236,0.36510942370774735,0.2547779033827344,0.18427693199724346,0.19583574091227476,0.05518840030484317,0.1250227522259481,0.03426246423907128,0.03783529915980099,0.4610692415441339,0.6858001342424838,0.7292640296444095,0.4868307342404751,0.6689870467693518,0.3060271862649209,0.593922675229776,"candidate=negative; anchor_balance=-0.005; mixed_evidence=0.021; strongest=care_empathy=0.73, anger=0.69",final_model,reactionfusion_v2_hybrid_development
675,530,40,4,11,2,4,0,591,591,RF_POST_000675,"""ලේසියට පහසුවට රට ඉදන් වයසක අම්ම,තාත්ත නමට ඉඩමක් නම් ගන්නම එපා""(උරුමෙ ,කරුමෙ වෙනවා පස්සෙ)",False,sinhala,d3b209ba52a36e1ff14236aeac6284ed2ca2f5c735e28c9807498e20eb11310f,DUP_d3b209ba52a36e1f,1,False,591,6.3835066348840055,0.8967851099830795,0.8879598662207357,0.0676818950930626,0.0685618729096989,0.0067681895093062,0.0083612040133779,0.0186125211505922,0.020066889632107,0.0033840947546531,0.0050167224080267,0.0067681895093062,0.0083612040133779,0.0,0.0016722408026755,like,0.8967851099830795,0.8291032148900169,positive,0.1314432188512576,0.1482413719042266,0.2266194104834538,True,0.071404399323181,0.0067681895093062,positive,0.8268398268398268,reactionfusion_v1_provisional,train,approved,negative,negative,0.343379332267996,False,False,0.24921756809768278,0.010002042866796634,0.343379332267996,0.3246064865157243,0.20213838402965564,0.1298757971866241,0.20544750960628336,0.09728475328117014,0.004543635452335298,0.013797135952325387,0.45610441615024494,0.10158924977804167,0.8856967344571836,0.030512566973073585,0.6188215618258185,0.37239301728656143,0.3825918371254401,"candidate=negative; anchor_balance=0.063; mixed_evidence=0.010; strongest=care_empathy=0.89, disgust=0.62",final_model,reactionfusion_v2_hybrid_development
676,103,4,0,7,0,0,0,114,114,RF_POST_000676,"උසාවියෙ දකින""වැඩිහිටියන්ට පමණි""වගේ නඩු,නීතිය එක්ක කිව්වොත් වටිනවද?ලොකු අය විතරක්ම අහනවද?""",False,sinhala,d3473dc58678798810d22e540245c35bec5143f49b1247d48463dd3ae791b86e,DUP_d3473dc586787988,1,False,114,4.74493212836325,0.9035087719298246,0.859504132231405,0.0350877192982456,0.0413223140495867,0.0,0.0082644628099173,0.0614035087719298,0.0661157024793388,0.0,0.0082644628099173,0.0,0.0082644628099173,0.0,0.0082644628099173,like,0.9035087719298246,0.8421052631578947,neutral,0.1499947463481162,0.0864590687520842,0.1955653162514755,True,0.0350877192982456,0.0,positive,1.0,reactionfusion_v1_provisional,train,approved,negative,negative,0.3134922418242584,False,False,0.3083019733589728,0.020383601544394895,0.3134922418242584,0.26313477945668656,0.22923563746036799,0.19413734125868698,0.2811149009195094,0.15930546802616657,0.004511655332516026,0.0020580548870384554,0.6533547820270914,0.2518145276289638,0.7580166908384462,0.15466888518452226,0.6042798123436157,0.39989005822547774,0.27814829284729653,"candidate=negative; anchor_balance=0.029; mixed_evidence=0.020; strongest=care_empathy=0.76, sadness=0.65",final_model,reactionfusion_v2_hybrid_development
678,136,2,0,80,1,8,3,230,230,RF_POST_000678,"""අපේ ළමයි කුඩු බොන්නෙ අපේ සල්ලිවලින්,මේ ආණ්ඩුව ආවහම තමා මේ ඔක්කොම කරදර,ඔබත් එහෙම කියන අම්ම කෙනෙක්ද?""",False,sinhala,aef33c213c697caf99b97a74a0c113ad9e7458dc9333cce6905c9c6f7c219afd,DUP_aef33c213c697caf,1,False,230,5.442417710521793,0.591304347826087,0.5780590717299579,0.008695652173913,0.0126582278481012,0.0,0.0042194092827004,0.3478260869565217,0.3417721518987341,0.0043478260869565,0.0084388185654008,0.0347826086956521,0.0379746835443038,0.0130434782608695,0.0168776371308016,like,0.591304347826087,0.2434782608695652,neutral,0.0161861404820712,-0.1173321719871059,0.4709037799323911,True,0.008695652173913,0.0478260869565217,negative,-0.6923076923076923,reactionfusion_v1_provisional,train,approved,negative,negative,0.3385365211326101,False,False,0.5116002306463322,0.030652840823535515,0.3385365211326101,0.2684703584718084,0.1761891332329861,0.21680398716259547,0.07703471204770818,0.189607446439692,0.2587747665085749,0.017790082245613195,0.28998979395272484,0.5631520801174141,0.02307091103230886,0.6726422264708416,0.5263843115354434,0.25181100463854433,0.6786163193799201,"grouped_out_of_fold; candidate=negative; mixed_evidence=0.031; strongest=sarcasm=0.68, fear=0.67",grouped_out_of_fold,reactionfusion_v2_hybrid_development
679,220,6,1,40,0,2,0,269,269,RF_POST_000679,"""ලෙහා ගන්න තියෙන අමාරුව දන්නව නම් බදින අයගෙන් භාගයක්ම අඩුවෙනවා,ඔබ මොකද කියන්නෙ?""",False,sinhala,a9c16b78822f1a10837cc75c60309ee2def4186109af87670ca816673ea1eb10,DUP_a9c16b78822f1a10,1,False,269,5.598421958998375,0.8178438661710037,0.8007246376811594,0.0223048327137546,0.0253623188405797,0.0037174721189591,0.0072463768115942,0.1486988847583643,0.1485507246376811,0.0,0.0036231884057971,0.0074349442379182,0.0108695652173913,0.0,0.0036231884057971,like,0.8178438661710037,0.6691449814126395,neutral,0.4064931888486932,0.044790330085943,0.3031566015510274,True,0.0243494423791821,0.0074349442379182,positive,0.5321637426900584,reactionfusion_v1_provisional,train,approved,negative,negative,0.32286525777087083,False,False,0.34944477473193736,0.020257668100402165,0.32286525777087083,0.21704155280596238,0.21683283293742342,0.2432603564857434,0.18246564809525487,0.2317521098700366,0.015371623030866597,0.012618795043111808,0.6451520395053387,0.37839755736223213,0.7672107704681489,0.3565305971092385,0.55296728889265,0.5157032483308025,0.43556219201995955,"candidate=negative; anchor_balance=0.015; mixed_evidence=0.020; strongest=care_empathy=0.77, sadness=0.65",final_model,reactionfusion_v2_hybrid_development
680,862,84,9,35,0,1,1,992,992,RF_POST_000680,"""GRAM 5 දක්වා මහේස්ත්රාත් අධිකරණයේ දඩ ගහන්න වෙනස කරා නම් බන්ධනාගාර භාගයක් හිස් වෙනවා""",False,mixed,104d5cc5e369e0ba10a601766f8b423093b35b91375f232ab37b67cbc9e696aa,DUP_104d5cc5e369e0ba,1,False,992,6.900730664045173,0.8689516129032258,0.8638638638638638,0.0846774193548387,0.085085085085085,0.0090725806451612,0.01001001001001,0.0352822580645161,0.036036036036036,0.0,0.001001001001001,0.001008064516129,0.002002002002002,0.001008064516129,0.002002002002002,like,0.8689516129032258,0.7842741935483871,positive,0.1742050276960301,0.2002211980486444,0.2598742808933635,True,0.0896673387096774,0.002016129032258,positive,0.9560197910940076,reactionfusion_v1_provisional,train,approved,negative,negative,0.3101871768744626,False,False,0.27427442159461485,0.004392783529042881,0.3101871768744626,0.28810401862238366,0.22612390338840044,0.17558490111475325,0.3036905382773994,0.19444362008550703,0.007361252759734085,0.03028075801498871,0.3819291732316959,0.0584470029928474,0.8018642928869981,0.023117428820465472,0.5746647239039245,0.5816084152495653,0.4044528676063895,"candidate=negative; anchor_balance=0.087; mixed_evidence=0.004; strongest=care_empathy=0.80, approval=0.58",final_model,reactionfusion_v2_hybrid_development
684,127,8,2,365,1,1,0,504,504,RF_POST_000684,බෛයන්ට පේන්ඩ පොලිස්පතිට ලොකු ටෝක් දීපු සාගර කියන http දැන් bIIc වගේ arrest කරලා නේත 😚,False,mixed,bced109902ae8024f9f1f20f9cb41952854c6c43a74287f1eaef7720dbb08cd6,DUP_bced109902ae8024,2,True,504,6.22455842927536,0.251984126984127,0.2504892367906066,0.0158730158730158,0.0176125244618395,0.0039682539682539,0.0058708414872798,0.7242063492063492,0.7162426614481409,0.0019841269841269,0.0039138943248532,0.0019841269841269,0.0039138943248532,0.0,0.0019569471624266,haha,0.7242063492063492,0.4722222222222222,neutral,0.3318195406531996,0.0612833986223471,0.3563460001998773,True,0.0180555555555555,0.0019841269841269,positive,0.801980198019802,reactionfusion_v1_provisional,train,approved,uncertain,negative,0.2997219085380581,True,True,0.3816703277643143,0.008962903978809729,0.2997219085380581,0.23563434341649256,0.22644309864565776,0.23820064939979166,0.22719458367284284,0.4769116614109476,0.7470319198584279,0.15837143825833422,0.41792648305312946,0.46198619596611196,0.2895031897942144,0.018113221903824844,0.5005772666518793,0.4265430186254452,0.6939133742141256,"candidate=negative; anchor_balance=0.015; mixed_evidence=0.009; strongest=amusement=0.75, sarcasm=0.69",final_model,reactionfusion_v2_hybrid_development
685,10,5,0,43,4,0,0,62,62,RF_POST_000685,දෙවුන්දර ගිහින් ඉල්ලුවෙත් ඔයාව 😊🫶,False,sinhala,c2f4291d551ac2388beb4bccdaafacbc0d9ab8d934aacb833959348612d90f66,DUP_c2f4291d551ac238,2,True,62,4.143134726391533,0.1612903225806451,0.1594202898550724,0.0806451612903225,0.0869565217391304,0.0,0.0144927536231884,0.6935483870967742,0.6376811594202898,0.064516129032258,0.072463768115942,0.0,0.0144927536231884,0.0,0.0144927536231884,haha,0.6935483870967742,0.532258064516129,positive,0.1553796592655157,0.287112417741943,0.4768687256068874,True,0.0806451612903225,0.0,positive,1.0,reactionfusion_v1_provisional,train,approved,positive,positive,0.4001506001937321,False,False,0.5993574809133652,0.06949072242473799,0.20189409616515877,0.3850309081347271,0.4001506001937321,0.012924395506381968,0.9480742988083326,0.016052886010007098,0.8099329515824263,5.9604418205546176e-05,0.0031411210649068353,0.00014131639204948744,0.007487838668324888,5.747349195740342e-06,0.004476087149771269,0.0046011759904075545,0.054987434855223914,"candidate=positive; anchor_balance=0.066; mixed_evidence=0.069; strongest=joy=0.95, amusement=0.81",final_model,reactionfusion_v2_hybrid_development
686,69,3,2,344,1,0,0,419,419,RF_POST_000686,වටෙ ගිහින් මාට්ටු වෙලත් වැරැද්ද මට පටවපු වැදගත් ළමයෙක් එයා ! 😌🖐️,False,sinhala,15e980e5be88a484f2404dcf65e8dc70d73fb513da10a2396afc7420e5a233e0,DUP_15e980e5be88a484,1,False,419,6.040254711277414,0.1646778042959427,0.1643192488262911,0.0071599045346062,0.0093896713615023,0.0047732696897374,0.0070422535211267,0.8210023866348448,0.8098591549295775,0.0023866348448687,0.0046948356807511,0.0,0.0023474178403755,0.0,0.0023474178403755,haha,0.8210023866348448,0.6563245823389021,neutral,0.428130221502576,0.0393639159071847,0.2745513610337551,True,0.0097852028639618,0.0,positive,1.0,reactionfusion_v1_provisional,train,approved,negative,negative,0.364748393672753,False,False,0.3082743000953834,0.0057891887341856045,0.364748393672753,0.26886658360059257,0.14095600683213746,0.225429015894517,0.045017028227821214,0.2866466013654239,0.6457903258825641,0.23827416461353432,0.5394836010662638,0.4024395572331805,0.5210477321612762,0.007498356015876126,0.6924866728525492,0.14100683748256326,0.5942931598606923,"grouped_out_of_fold; candidate=negative; mixed_evidence=0.006; strongest=disgust=0.69, amusement=0.65",grouped_out_of_fold,reactionfusion_v2_hybrid_development
687,120,101,23,2,2,0,0,248,248,RF_POST_000687,ඔයාගේ ලස්සන Photo එකක් දාන් යන්න 😌👇 ඒවට ලස්සන වදන් දාලා මං page එකේ upload කරන්නම් 🤗💗,False,mixed,8c58b2706d18f8d84528c704267d34270bfedb06f251db33158b0aff6d5a659b,DUP_8c58b2706d18f8d8,1,False,248,5.517452896464707,0.4838709677419355,0.4745098039215686,0.407258064516129,0.4,0.0927419354838709,0.0941176470588235,0.0080645161290322,0.0117647058823529,0.0080645161290322,0.0117647058823529,0.0,0.0039215686274509,0.0,0.0039215686274509,like,0.4838709677419355,0.0766129032258064,positive,0.4606070269730688,0.6276029247340076,0.5218040716347626,False,0.4582661290322581,0.0,positive,1.0,reactionfusion_v1_provisional,train,approved,positive,positive,0.6419172680306126,False,False,0.5604904929889569,0.017584015466320217,0.07424763267021756,0.15515159977340773,0.6419172680306126,0.1286834995257622,0.9627994539794466,0.992477647141171,0.8794209859121103,0.00014474678089085045,0.02433386904741967,4.286096690877353e-06,0.22915506001918165,0.00535461119809175,0.00018219852013116292,0.9981218286174214,0.0061453941070988925,"candidate=positive; anchor_balance=0.444; mixed_evidence=0.018; strongest=approval=1.00, affection=0.99",final_model,reactionfusion_v2_hybrid_development
688,21,2,0,180,0,1,0,204,204,RF_POST_000688,තාත්තලගේ ගමේ ගිහිම් ඉන්නේ කාට හරි පුලුවන්ද නිතරම කෝල් මැසේජ් කරන්න මට 🥹 නැත්තන් නෑයෝ හිතයි මූට තාම කෙල්ලෙක්වත් නෑ කියලා.. 🥹❤️🩹,False,sinhala,154028816557d8b0e8d89d58b3ed6af65946e023215afac2ec0a5e1017ad90c3,DUP_154028816557d8b0,1,False,204,5.3230099791384085,0.1029411764705882,0.1042654028436018,0.0098039215686274,0.0142180094786729,0.0,0.0047393364928909,0.8823529411764706,0.8578199052132701,0.0,0.0047393364928909,0.0049019607843137,0.0094786729857819,0.0,0.0047393364928909,haha,0.8823529411764706,0.7794117647058824,neutral,0.4956170700089459,0.0203123273136539,0.2137287588209384,True,0.0098039215686274,0.0049019607843137,positive,0.3333333333333333,reactionfusion_v1_provisional,train,approved,negative,negative,0.3369428138154683,False,False,0.28161882044497094,0.01601623623383721,0.3369428138154683,0.23956033261839976,0.18036424425136785,0.24313260931476396,0.05967586550262687,0.25277123160611853,0.6550366747239051,0.19541544256424104,0.606087748762447,0.7941623901968925,0.49124885807421137,0.0054447364808709745,0.8734372809577886,0.13837778904371617,0.6825667890627188,"candidate=negative; anchor_balance=0.003; mixed_evidence=0.016; strongest=disgust=0.87, anger=0.79",final_model,reactionfusion_v2_hybrid_development
689,28,11,3,0,0,1,0,43,43,RF_POST_000689,"ඉතිං, අතිශය වෙහෙසකර සංසාරෙකට පස්සෙ අවසානෙදි මම තීරණය කලා සමහර දේවල් ආයෙත් තිබුන තැන් වලින්ම තියන්න..! 🙂🤍",False,sinhala,e5b241371171540ac4e0794c0fa250d8375938f52647397ea292722ddeee8f68,DUP_e5b241371171540a,1,False,43,3.784189633918261,0.6511627906976745,0.58,0.2558139534883721,0.24,0.0697674418604651,0.08,0.0,0.02,0.0,0.02,0.0232558139534883,0.04,0.0,0.02,like,0.6511627906976745,0.3953488372093023,positive,0.2003551328538623,0.4520193917271221,0.4631920386188418,True,0.2941860465116279,0.0232558139534883,positive,0.8534798534798534,reactionfusion_v1_provisional,train,approved,mixed,mixed,0.5243824066214978,False,True,0.6290035501223391,0.15096085202936138,0.07631224810495636,0.11373786042825769,0.2855674848452881,0.5243824066214978,0.9241395295688942,0.782661737204861,0.9435145617310695,5.777553680667577e-06,0.830084884495675,1.0138682824502705e-06,0.0007780983796637922,0.00041289953097264383,0.00010515284083407896,0.9952809623659802,0.008004089962323073,"candidate=mixed; anchor_balance=0.224; mixed_evidence=0.151; strongest=approval=1.00, amusement=0.94",final_model,reactionfusion_v2_hybrid_development
690,3,1,0,28,0,0,0,32,32,RF_POST_000690,කරන තරම් මගෝඩි වැඩ සේරම කරලා (ai) Poliස් පොටෝ එක දාපු එකෙක් හැමෝගෙම list වල ඉන්නවා. 🫡,False,mixed,e4443fc1c9a41830f5699679c07db987947914c5441f9620c75d7b4f6b66cbf2,DUP_e4443fc1c9a41830,1,False,32,3.49650756146648,0.09375,0.1025641025641025,0.03125,0.0512820512820512,0.0,0.0256410256410256,0.875,0.7435897435897436,0.0,0.0256410256410256,0.0,0.0256410256410256,0.0,0.0256410256410256,haha,0.875,0.78125,positive,0.0534798443983373,0.1278178779382552,0.229744448658549,True,0.03125,0.0,positive,1.0,reactionfusion_v1_provisional,train,approved,uncertain,negative,0.29220845447377936,True,True,0.5046198857118235,0.10351177142806635,0.29220845447377936,0.2093774398271173,0.2635413453811982,0.23487276031790516,0.2618332257106524,0.5270570193996996,0.7961659455291829,0.0011614850694728958,0.7134321071882063,0.11694907361266597,0.004175665221913085,0.033517572550490565,0.4600506837236752,0.22114378754041286,0.4271069884811016,"grouped_out_of_fold; candidate=negative; mixed_evidence=0.104; strongest=amusement=0.80, sadness=0.71",grouped_out_of_fold,reactionfusion_v2_hybrid_development
691,57,4,1,58,3,0,2,125,125,RF_POST_000691,"""කැනිමඩල පලාලා සුනු විසුනු කරා මැදුරක්"" කියල ඉංග්රීසියෙන් කියන්නේ කොහොමද... කියල හිතන්නවත් එපා.🤣 එපා කිව්වම එපා.. පීස්. මදු මාදව ඉංග්රිසිවින්ද",False,sinhala,61dfa28e57998ee28ab343d3a3d50a51db50d68c4488572b353b1c39e9ba8c7f,DUP_61dfa28e57998ee2,1,False,125,4.836281906951478,0.456,0.4393939393939394,0.032,0.0378787878787878,0.008,0.0151515151515151,0.464,0.4469696969696969,0.024,0.0303030303030303,0.0,0.0075757575757575,0.016,0.0227272727272727,haha,0.464,0.008,neutral,0.3146940816461548,0.0659948462209429,0.5235690524549584,True,0.0364,0.016,positive,0.3893129770992366,reactionfusion_v1_provisional,train,approved,negative,negative,0.3810863789696483,False,False,0.5846565058141527,0.07086745525020033,0.3810863789696483,0.27170284717315424,0.2137568373636213,0.133453936493576,0.07966986512386479,0.21943906303527216,0.8344268569681739,0.0003891751306091603,0.10446905282302019,0.5923207722275229,0.009110614750212222,0.22260375385334746,0.5841291822605394,0.1851678296744469,0.7980847504376019,"candidate=negative; anchor_balance=0.016; mixed_evidence=0.071; strongest=amusement=0.83, sarcasm=0.80",final_model,reactionfusion_v2_hybrid_development
692,93,1,0,252,3,0,0,349,349,RF_POST_000692,දන්සල් වදින්න යෑම සදහා බයික් එකක් සමග කඩවසම් පිරිමි ලමයෙක් අවශ්යයි 🌝💗,False,sinhala,172d89294cdf371f96ebdb2ac7b11e648a1bbb059aa24868016ae432221476c7,DUP_172d89294cdf371f,1,False,349,5.857933154483459,0.2664756446991404,0.2640449438202247,0.0028653295128939,0.0056179775280898,0.0,0.0028089887640449,0.7220630372492837,0.7106741573033708,0.0085959885386819,0.0112359550561797,0.0,0.0028089887640449,0.0,0.0028089887640449,haha,0.7220630372492837,0.4555873925501432,neutral,0.604230774238263,0.0109929857134167,0.3315695385985658,True,0.0028653295128939,0.0,positive,1.0,reactionfusion_v1_provisional,train,approved,negative,negative,0.37195322529919456,False,False,0.37174860170549484,0.008353901161921232,0.37195322529919456,0.25483905397495304,0.18464500007852894,0.18856272064732338,0.03540125491877475,0.1726096419471666,0.723628932485864,0.1429142882328168,0.3623544559150827,0.917280828450808,0.4705730521420914,0.04936680890296156,0.8614406190254613,0.18551329178204243,0.7819417731880997,"candidate=negative; anchor_balance=0.002; mixed_evidence=0.008; strongest=anger=0.92, disgust=0.86",final_model,reactionfusion_v2_hybrid_development
694,125,58,2,0,0,0,0,185,185,RF_POST_000694,"“අපරාදේ අතෑරගත්තේ"" කියන හැගීම දෙන්නම ඕනී ජිවිතේ උබව අතහැරපු හැම මනුස්සයෙක්ටම! 🤍🫰",False,sinhala,7ea45bebc62cd1e13883aecc0230471cabc648f3efdf0bd28fb96d6d7683a793,DUP_7ea45bebc62cd1e1,1,False,185,5.225746673713202,0.6756756756756757,0.65625,0.3135135135135135,0.3072916666666667,0.0108108108108108,0.015625,0.0,0.0052083333333333,0.0,0.0052083333333333,0.0,0.0052083333333333,0.0,0.0052083333333333,like,0.6756756756756757,0.3621621621621622,positive,0.4203670066722365,0.5218700819168698,0.3481581309858881,False,0.3194594594594594,0.0,positive,1.0,reactionfusion_v1_provisional,train,approved,positive,positive,0.40351815095971333,False,False,0.4180698049916908,0.017419575207987113,0.09758490425370553,0.2131638050584616,0.40351815095971333,0.2857331397281195,0.9383880216767959,0.9142501522638783,0.13249324566510817,0.0006337498603152466,0.12461624034337794,0.00030679049000398133,0.24084578873724988,0.005534413879414901,0.07040203017233064,0.9684384621197363,0.19758086129202737,"candidate=positive; anchor_balance=0.305; mixed_evidence=0.017; strongest=approval=0.97, joy=0.94",final_model,reactionfusion_v2_hybrid_development
695,87,11,2,0,0,29,0,129,129,RF_POST_000695,මෙ වෙලාවෙ නිදි නැත්තෙ හිතේ පාලුවක් තනිකමක් තියෙන අය🥺😴,False,sinhala,e7570bd1eaccc2b6fc790d33ac7cdd598b7fd154d8d0850b16fb54896052126c,DUP_e7570bd1eaccc2b6,1,False,129,4.867534450455582,0.6744186046511628,0.6470588235294118,0.0852713178294573,0.088235294117647,0.0155038759689922,0.0220588235294117,0.0,0.0073529411764705,0.0,0.0073529411764705,0.2248062015503876,0.2205882352941176,0.0,0.0073529411764705,like,0.6744186046511628,0.4496124031007752,negative,0.1751262228077413,-0.2445001324221208,0.4500278391700477,True,0.0937984496124031,0.2248062015503876,negative,-0.4111922141119221,reactionfusion_v1_provisional,train,approved,mixed,mixed,0.42030519785034337,False,True,0.5251012758740035,0.21081271810823962,0.2749420156702363,0.17902159378384971,0.1257311926955706,0.42030519785034337,0.18838672499593329,0.8202551878019637,0.04877292116819305,0.0016961953573288208,0.9329824163199822,0.0003162580654908331,0.8837480997157396,0.07164999818527512,0.12963840475005173,0.7596989979145726,0.4322528902483337,"candidate=mixed; anchor_balance=-0.128; mixed_evidence=0.211; strongest=sadness=0.93, care_empathy=0.88",final_model,reactionfusion_v2_hybrid_development
698,7,0,0,34,0,3,0,44,44,RF_POST_000698,එක රැයකින් A/L full syllabus එක පාඩම් කරන්න කන්න හොඳ මොනාද🙂💔,False,mixed,f1bc7c95ac78373985897c0e173e556809435d689c97406d6693f690a3227872,DUP_f1bc7c95ac783739,1,False,44,3.80666248977032,0.1590909090909091,0.1568627450980392,0.0,0.0196078431372549,0.0,0.0196078431372549,0.7727272727272727,0.6862745098039216,0.0,0.0196078431372549,0.0681818181818181,0.0784313725490196,0.0,0.0196078431372549,haha,0.7727272727272727,0.6136363636363636,negative,0.1247205098211442,-0.2578213443699545,0.3467748423355401,True,0.0,0.0681818181818181,negative,-1.0,reactionfusion_v1_provisional,train,approved,neutral,neutral,0.36067580438136093,False,False,0.5431725648576767,0.06603274317877639,0.34526580632673,0.36067580438136093,0.21206948694167987,0.08198890235022928,0.014229710051069334,0.02438006054655915,0.8343499823874907,0.042698168227501956,0.5786345490903161,0.18256699294811923,0.005083366406642938,0.00988359344943903,0.21036386405074556,0.011728980551854838,0.494123043336666,"grouped_out_of_fold; candidate=neutral; mixed_evidence=0.066; strongest=amusement=0.83, sadness=0.58",grouped_out_of_fold,reactionfusion_v2_hybrid_development
702,38,15,3,1,1,2,3,63,63,RF_POST_000702,කලාකාරයෝ ආදරණීයයි කිව්වට කලාව ඇතුලේ තරම් කුහකයෝ කොහේවත් නෑ.,False,sinhala,deedd8a94337004bad0d913e0bd49de0fa155b06a6a333304c11585aad8e5357,DUP_deedd8a94337004b,1,False,63,4.158883083359672,0.6031746031746031,0.5571428571428572,0.238095238095238,0.2285714285714285,0.0476190476190476,0.0571428571428571,0.0158730158730158,0.0285714285714285,0.0158730158730158,0.0285714285714285,0.0317460317460317,0.0428571428571428,0.0476190476190476,0.0571428571428571,like,0.6031746031746031,0.365079365079365,positive,0.1642048425521739,0.3286813940254495,0.6051804945746934,True,0.2642857142857143,0.0793650793650793,positive,0.5381062355658198,reactionfusion_v1_provisional,train,approved,mixed,mixed,0.8923886604846225,False,True,0.6827180789301384,0.27308723157205533,0.0274817683511169,0.04150625712413889,0.038623314040121606,0.8923886604846225,0.6370552340187906,0.12819056433686843,0.9849756550567215,2.423159560001494e-07,0.8813183643095874,1.666098601607242e-08,1.743695403648226e-11,1.3970793687711064e-05,2.1949565873953615e-07,0.9365995077477424,0.0006363791145120212,"candidate=mixed; anchor_balance=0.160; mixed_evidence=0.273; strongest=amusement=0.98, approval=0.94",final_model,reactionfusion_v2_hybrid_development
703,107,9,0,194,4,1,0,315,315,RF_POST_000703,අයියා බොන්නෙත් නෑ මල්ලි බොන්නෙත් නෑ 😌,False,sinhala,b622c271bfdd0e7c3467c33ac2ace354cfb8554b5b2849180f28af0649741aad,DUP_b622c271bfdd0e7c,1,False,315,5.755742213586912,0.3396825396825397,0.3354037267080745,0.0285714285714285,0.031055900621118,0.0,0.0031055900621118,0.6158730158730159,0.6055900621118012,0.0126984126984126,0.015527950310559,0.0031746031746031,0.0062111801242236,0.0,0.0031055900621118,haha,0.6158730158730159,0.2761904761904762,neutral,0.1741869386573895,0.0907524040847081,0.4319731816202065,True,0.0285714285714285,0.0031746031746031,positive,0.8,reactionfusion_v1_provisional,train,approved,negative,negative,0.3116128952003734,False,False,0.46768128813318244,0.017429116327944687,0.3116128952003734,0.27653473981347093,0.26604211305299,0.1458102519331657,0.3807165695049835,0.4487533710545029,0.7523727052545987,0.023102805898654637,0.2427230049828991,0.3212282894185276,0.17440187981061311,0.039839354954025526,0.40657256191526925,0.4034687241561947,0.7252594522072823,"candidate=negative; anchor_balance=0.023; mixed_evidence=0.017; strongest=amusement=0.75, sarcasm=0.73",final_model,reactionfusion_v2_hybrid_development
705,23,16,0,198,2,0,0,239,239,RF_POST_000705,"""එයා බාර් එකට ආසයි කිව්වොත් ඒක මතක තියාගෙන ඉඳලා ගල් කාලක් හරි ගෙනිහින් දෙන මනුස්සයෙක් මම "" 😊❤️",False,sinhala,362530712e57f763dbf1ccf24c019afae39a86aaa7e0bf62f95e72f42be33c94,DUP_362530712e57f763,1,False,239,5.480638923341991,0.0962343096234309,0.0975609756097561,0.0669456066945606,0.0691056910569105,0.0,0.0040650406504065,0.8284518828451883,0.8089430894308943,0.00836820083682,0.0121951219512195,0.0,0.0040650406504065,0.0,0.0040650406504065,haha,0.8284518828451883,0.7322175732217573,positive,0.2183315687340912,0.2604891927297814,0.3094868606946806,True,0.0669456066945606,0.0,positive,1.0,reactionfusion_v1_provisional,train,approved,positive,positive,0.4094043103820559,False,False,0.3618390442862683,0.01176712339142336,0.1875428609593521,0.24557000633276033,0.4094043103820559,0.15748282232583166,0.9984503781820969,0.9342357098814952,0.6307933806864062,0.005655192593773355,0.23823061515396554,0.00020977723862320257,0.023761758641351407,1.0565973593726736e-05,0.006883231087219332,0.5491872900522894,0.18262576225407182,"candidate=positive; anchor_balance=0.063; mixed_evidence=0.012; strongest=joy=1.00, affection=0.93",final_model,reactionfusion_v2_hybrid_development
706,862,898,136,15,0,1,0,1912,1912,RF_POST_000706,"අරගලේ හිටියේ, කුඩ්ඩෝයි,අරුනුයි මුනුයි කියාගෙන එන්න එපා. මොක්කු උනත් උන් වීරයෝ.♥️ නැතුව තොපි ආවායෑ අඩි විස්ස, තිහ උස ගේට්ටු දිගේ නැගලා ඒවා පෙරලන්න.",False,sinhala,40aba2ea6e5bf7f91211a581a04827510d94aefca22241c1d50029d947681786,DUP_40aba2ea6e5bf7f9,1,False,1912,7.556427969440253,0.450836820083682,0.4497133923918707,0.4696652719665272,0.4684731631057842,0.0711297071129707,0.0713913496612819,0.0078451882845188,0.0083376758728504,0.0,0.0005211047420531,0.0005230125523012,0.0010422094841063,0.0,0.0005211047420531,love,0.4696652719665272,0.0188284518828451,positive,0.5053324593119383,0.6671809024482283,0.485171090906185,False,0.5087866108786611,0.0005230125523012,positive,0.9979461901827892,reactionfusion_v1_provisional,train,approved,positive,positive,0.6205880640211335,False,False,0.492318962502118,0.003078596951550503,0.09082425141772747,0.13599639159959123,0.6205880640211335,0.1525912929615479,0.8976195477229059,0.999291328649629,0.6763031347992186,0.0024715564462168466,0.006405870434577102,4.086410204420709e-05,0.5954796876062202,0.007873360362394355,0.004506946190357734,0.9985567938518313,0.05638228549820481,"candidate=positive; anchor_balance=0.506; mixed_evidence=0.003; strongest=affection=1.00, approval=1.00",final_model,reactionfusion_v2_hybrid_development
707,10,1,0,94,0,0,0,105,105,RF_POST_000707,බඳින්නැද්ද බඳින්නැද්ද අහන්න එපා.. 🤨🤚 කසාද බඳින්නේ රෑට තනියම නිදාගන්න බය මිනිස්සු 👻,False,sinhala,23e7652351ab4cc597bdb5366ca2136b5fdc6300d87bf4551542bb29791ad99f,DUP_23e7652351ab4cc5,1,False,105,4.663439094112067,0.0952380952380952,0.0982142857142857,0.0095238095238095,0.0178571428571428,0.0,0.0089285714285714,0.8952380952380953,0.8482142857142857,0.0,0.0089285714285714,0.0,0.0089285714285714,0.0,0.0089285714285714,haha,0.8952380952380953,0.8,neutral,0.3487432696515123,0.0397676838948154,0.1887733433996913,True,0.0095238095238095,0.0,positive,1.0,reactionfusion_v1_provisional,train,approved,negative,negative,0.32124910887784214,False,False,0.3124246189325106,0.022316044209465043,0.32124910887784214,0.24889309623148187,0.2073908660042407,0.22246692888643524,0.09885341364827002,0.3148100017794841,0.6474493873072075,0.05897649891654019,0.6100249239171056,0.7367392536332803,0.3377217306006517,0.0053004456926701,0.8640369839464422,0.1499301356657099,0.6115343877600325,"candidate=negative; anchor_balance=0.005; mixed_evidence=0.022; strongest=disgust=0.86, anger=0.74",final_model,reactionfusion_v2_hybrid_development
710,19,3,0,136,1,4,0,163,163,RF_POST_000710,තනිකඩව සමරන අවසන් අලුත් අවුරුද්ද මේක කියල මං ශෙයා කරන තුන්වෙනි අවුරුද්ද මේ 🙂👍,False,sinhala,1c665152cb53cdf102928e872a713573bcfeaf8511ef22253bf462d9be38d886,DUP_1c665152cb53cdf1,1,False,163,5.099866427824199,0.1165644171779141,0.1176470588235294,0.0184049079754601,0.0235294117647058,0.0,0.0058823529411764,0.8343558282208589,0.8058823529411765,0.0061349693251533,0.0117647058823529,0.0245398773006134,0.0294117647058823,0.0,0.0058823529411764,haha,0.8343558282208589,0.7177914110429447,neutral,0.4997250959650098,-0.0245738139727903,0.3069986556289344,True,0.0184049079754601,0.0245398773006134,negative,-0.1428571428571428,reactionfusion_v1_provisional,train,approved,negative,negative,0.33350368047869783,False,False,0.3753121739535596,0.04018047979973403,0.33350368047869783,0.2840337721621792,0.17875282920211888,0.20370971815700428,0.03112937697011448,0.21458966893088102,0.6589406570845618,0.1354708938386449,0.6018431561415386,0.7086245112004488,0.2957199289799107,0.018545800209184365,0.8577100671766831,0.09464479898650799,0.7473117648289079,"candidate=negative; anchor_balance=-0.009; mixed_evidence=0.040; strongest=disgust=0.86, sarcasm=0.75",final_model,reactionfusion_v2_hybrid_development
713,5,0,0,121,0,0,0,126,126,RF_POST_000713,කැම්පස් එකේදි ගොඩක් උ%න්ට පෙම් වසන්තෙ ආව. හැබැයි අවුට් වෙන්කන්වත් වසන්තෙ තිබ්බෙ නෑ. ආයෙ ගියා 😅,False,sinhala,02fe05c584a330ccd45d3795e1ca6052e1bbd628f9636299bfa233d4a0f7b23a,DUP_02fe05c584a330cc,1,False,126,4.844187086458591,0.0396825396825396,0.0451127819548872,0.0,0.0075187969924812,0.0,0.0075187969924812,0.9603174603174603,0.9172932330827068,0.0,0.0075187969924812,0.0,0.0075187969924812,0.0,0.0075187969924812,haha,0.9603174603174603,0.9206349206349206,neutral,0.4992125337200598,0.0,0.085787067940326,True,0.0,0.0,neutral,0.0,reactionfusion_v1_provisional,train,approved,negative,negative,0.36993304208530214,False,False,0.20700949540023295,0.009650066702868002,0.36993304208530214,0.2634402744607534,0.18106995971334186,0.1855567237406024,0.03627209377531019,0.12392742012155973,0.6479891124311473,0.11822741868881978,0.6258756162784391,0.8895279072065412,0.5191607420962966,0.0012466602918917965,0.9190952512261306,0.05338869398554131,0.6424864101679777,"candidate=negative; anchor_balance=-0.003; mixed_evidence=0.010; strongest=disgust=0.92, anger=0.89",final_model,reactionfusion_v2_hybrid_development
716,8,0,0,51,0,0,0,59,59,RF_POST_000716,ඩිග්රිය එපාවෙලා මේ මොන කරුමයක්ද කියල හිතහිත ඉන්නකොට MSc. එකකට පාඩම් කරන ඇන්ටි කෙනෙක් දැක්ක. ඊට පස්සෙ මම හිත හදාගත්ත. 😅,False,mixed,a2aa2d4e08bc52a2774c65d8739c6241f4ab25f32be29c37b74942b48a2348b3,DUP_a2aa2d4e08bc52a2,1,False,59,4.0943445622221,0.135593220338983,0.1363636363636363,0.0,0.0151515151515151,0.0,0.0151515151515151,0.864406779661017,0.7878787878787878,0.0,0.0151515151515151,0.0,0.0151515151515151,0.0,0.0151515151515151,haha,0.864406779661017,0.7288135593220338,neutral,0.4170034018151967,0.0,0.2039572770528442,True,0.0,0.0,neutral,0.0,reactionfusion_v1_provisional,train,approved,negative,negative,0.32619700689535003,False,False,0.3992641168559991,0.03750662915919992,0.32619700689535003,0.2533252432656905,0.20845148045949402,0.21202626937946548,0.046934003041694296,0.2331142643205858,0.687026581852924,0.02048545404184776,0.6082998412256304,0.8494345211472114,0.1427073267882859,0.02307312718278274,0.8914554096855626,0.1330250490208775,0.6335714752478312,"candidate=negative; anchor_balance=-0.007; mixed_evidence=0.038; strongest=disgust=0.89, anger=0.85",final_model,reactionfusion_v2_hybrid_development
717,2,0,0,32,0,0,0,34,34,RF_POST_000717,පාඩම් කරන්න විදියක් නෑ. දරු පැටිය එක දිගට අඬනව 😔,False,sinhala,400c658a36a9b25a9227c8f763ddfde3f638b586c99b384bcdd56baa3087677d,DUP_400c658a36a9b25a,1,False,34,3.555348061489413,0.0588235294117647,0.073170731707317,0.0,0.024390243902439,0.0,0.024390243902439,0.9411764705882352,0.8048780487804879,0.0,0.024390243902439,0.0,0.024390243902439,0.0,0.024390243902439,haha,0.9411764705882352,0.8823529411764706,neutral,0.275053218587317,0.0,0.1149683484483817,True,0.0,0.0,neutral,0.0,reactionfusion_v1_provisional,train,approved,negative,negative,0.35166510240635773,False,False,0.420843489848704,0.06363974724541378,0.35166510240635773,0.25184878727917864,0.21120462351735556,0.18528148679710807,0.029665456886830446,0.13360464502769384,0.7312537429816461,0.004740125223232407,0.6232082567774668,0.7517029514882321,0.021129124569390246,0.004769245080815332,0.8928252729999241,0.05897222712216267,0.5509459934614569,"candidate=negative; anchor_balance=-0.011; mixed_evidence=0.064; strongest=disgust=0.89, anger=0.75",final_model,reactionfusion_v2_hybrid_development
718,16,0,1,174,0,0,0,191,191,RF_POST_000718,සරසවියේදී ඔබට හමුවූ දකුණේ පාතා%ලයෙකු මෙන්ෂන් කරන්න. 💥 🔫 ☠️,False,sinhala,2ff0c07cd1575edf1f69a31b155f18281b42211e11202885add359399cf0ee80,DUP_2ff0c07cd1575edf,1,False,191,5.2574953720277815,0.0837696335078534,0.0858585858585858,0.0,0.005050505050505,0.0052356020942408,0.0101010101010101,0.9109947643979056,0.8838383838383839,0.0,0.005050505050505,0.0,0.005050505050505,0.0,0.005050505050505,haha,0.9109947643979056,0.8272251308900523,neutral,0.5118977145593311,0.0121360452391662,0.1645206076181417,True,0.0028795811518324,0.0,positive,1.0,reactionfusion_v1_provisional,train,approved,negative,negative,0.35613939793625715,False,False,0.24316321338468375,0.00982477629837106,0.35613939793625715,0.2377550699906982,0.18099253327386025,0.22511299879918437,0.040569481695313554,0.18610674947015707,0.6867805909768304,0.1941534302581717,0.6187067462302388,0.8738128920053941,0.5712939248230409,0.0034662310092777693,0.8983830415382307,0.1131389018115295,0.6480758921328124,"candidate=negative; anchor_balance=0.001; mixed_evidence=0.010; strongest=disgust=0.90, anger=0.87",final_model,reactionfusion_v2_hybrid_development
719,1,0,0,34,0,0,0,35,35,RF_POST_000719,හිතුනොත් ඊළඟ සෙම් එකේ එයත් එක්ක පැනල යනව 😌❤️,False,sinhala,a60203b6514b5863be2fb73a6739c822a81813095b9009c6b282ed99f7b98ed3,DUP_a60203b6514b5863,1,False,35,3.58351893845611,0.0285714285714285,0.0476190476190476,0.0,0.0238095238095238,0.0,0.0238095238095238,0.9714285714285714,0.8333333333333334,0.0,0.0238095238095238,0.0,0.0238095238095238,0.0,0.0238095238095238,haha,0.9714285714285714,0.9428571428571428,neutral,0.268489565014408,0.0,0.066673527954214,True,0.0,0.0,neutral,0.0,reactionfusion_v1_provisional,train,approved,negative,negative,0.3528655993509684,False,False,0.3812470780340278,0.05627933056692792,0.3528655993509684,0.25912358255023127,0.21107052401510581,0.1769402940836945,0.02737285377569021,0.11446562526143647,0.7201671589371837,0.005306840736805701,0.6335993220716913,0.7611502041998915,0.027920819977671905,0.002248528959416149,0.9001476965467459,0.04359521713483693,0.5360497638217177,"candidate=negative; anchor_balance=-0.011; mixed_evidence=0.056; strongest=disgust=0.90, anger=0.76",final_model,reactionfusion_v2_hybrid_development
720,11,1,0,71,0,0,0,83,83,RF_POST_000720,වෙලාවකට මට හිතෙනව පේරාදෙණි දිවිය කියන්නෙ ගිය ආත්මෙක පේරා කැම්පස් එකේම සිසුවෙක් වෙන්න ඇති කියල. සසර පුරුද්දට ඌ තාමත් ජීවන සහකාරිය හොය හොයා කැම්පස් එකේ ඇවිදිනව. 🐯❤️😌,False,sinhala,81738d5de80b4424a6cc1e1cf250fab2cdb64cf4f0f6f00e62192c6a921d031a,DUP_81738d5de80b4424,1,False,83,4.430816798843313,0.1325301204819277,0.1333333333333333,0.0120481927710843,0.0222222222222222,0.0,0.0111111111111111,0.8554216867469879,0.8,0.0,0.0111111111111111,0.0,0.0111111111111111,0.0,0.0111111111111111,haha,0.8554216867469879,0.7228915662650602,neutral,0.2943292871151531,0.0492961786656347,0.2336482227245611,True,0.0120481927710843,0.0,positive,1.0,reactionfusion_v1_provisional,train,approved,uncertain,negative,0.298413596272125,True,True,0.37604645731209996,0.03342635176107555,0.298413596272125,0.2390485124680781,0.21786311803966157,0.24467477322013528,0.1250986993337332,0.4044287748232091,0.6649884356064621,0.029173326759919755,0.6005565501781962,0.6704487731630557,0.21466632681990566,0.014133419340035982,0.8354961823922756,0.21310284286098205,0.6128922576900504,"candidate=negative; anchor_balance=0.006; mixed_evidence=0.033; strongest=disgust=0.84, anger=0.67",final_model,reactionfusion_v2_hybrid_development
721,2,0,0,28,0,0,0,30,30,RF_POST_000721,"සරසවි සොයුරු සොයුරියනි, ඔබේ බැව් එකේ මුලින්ම මව් පදවිය ලබන යුවතිය කවුරුන් වේවිද? 🤰😌",False,sinhala,79c495a7f973f5919ffec3de24ee1888580c3f8e9d5077280248cb5b494ab729,DUP_79c495a7f973f591,1,False,30,3.4339872044851463,0.0666666666666666,0.081081081081081,0.0,0.027027027027027,0.0,0.027027027027027,0.9333333333333332,0.7837837837837838,0.0,0.027027027027027,0.0,0.027027027027027,0.0,0.027027027027027,haha,0.9333333333333332,0.8666666666666667,neutral,0.2539895264437298,0.0,0.1258691347663417,True,0.0,0.0,neutral,0.0,reactionfusion_v1_provisional,train,approved,negative,negative,0.36145244869856274,False,False,0.4535714941783828,0.07600387199745874,0.36145244869856274,0.24024561413849138,0.2098231606857925,0.1884787764771534,0.028226817008796416,0.12454600483474453,0.7574034087294597,0.0029749420214851005,0.6228948705135396,0.7115204024291926,0.009721873859269209,0.005404436747666919,0.8821192253015039,0.06125642331113952,0.5457089624961224,"candidate=negative; anchor_balance=-0.012; mixed_evidence=0.076; strongest=disgust=0.88, amusement=0.76",final_model,reactionfusion_v2_hybrid_development
722,1,0,0,67,0,0,0,68,68,RF_POST_000722,කැම්පස් එකේ presentation කරන උනුත් හරියට අර විපුල මාම වගේ. පොඩ්ඩ ඇත්තන් lyrics අවුල් යනව. 😅,False,mixed,5c1198b85eb43012409ef175f06a3f6e025205a83823ef26466229cb9ce3380a,DUP_5c1198b85eb43012,2,True,68,4.23410650459726,0.0147058823529411,0.0266666666666666,0.0,0.0133333333333333,0.0,0.0133333333333333,0.9852941176470588,0.9066666666666666,0.0,0.0133333333333333,0.0,0.0133333333333333,0.0,0.0133333333333333,haha,0.9852941176470588,0.9705882352941176,neutral,0.3863095629218185,0.0,0.0393896916635103,True,0.0,0.0,neutral,0.0,reactionfusion_v1_provisional,train,approved,negative,negative,0.35576285084264164,False,False,0.24323692588006934,0.0201075858727524,0.35576285084264164,0.27886552075784904,0.19756779293465165,0.16780383546485753,0.03334467429526853,0.11874212352359831,0.6518193912000413,0.033691737548389646,0.6405013862993306,0.8613941778327119,0.2861918962520566,0.0010479332238791741,0.9216555360888159,0.03929322191298511,0.5910354311875787,"candidate=negative; anchor_balance=-0.006; mixed_evidence=0.020; strongest=disgust=0.92, anger=0.86",final_model,reactionfusion_v2_hybrid_development
723,11,20,1,14,0,0,0,46,46,RF_POST_000723,සරසවියේදී ඔබට හමුවූ සුන්දර පොළොන්නරු හදවත් මෙන්ෂන් කරන්න. 😌,False,sinhala,bb62c91f22edac438c3a361e172cf40d989b283b31cb3b513d96e9cfdfc72c3b,DUP_bb62c91f22edac43,2,True,46,3.8501476017100575,0.2391304347826087,0.2264150943396226,0.4347826086956521,0.3962264150943396,0.0217391304347826,0.0377358490566037,0.3043478260869565,0.2830188679245283,0.0,0.0188679245283018,0.0,0.0188679245283018,0.0,0.0188679245283018,love,0.4347826086956521,0.1304347826086956,positive,0.3265303801433423,0.7704490310743717,0.5907508133728163,True,0.4467391304347826,0.0,positive,1.0,reactionfusion_v1_provisional,train,approved,mixed,mixed,0.5001778262671056,False,True,0.7239622702761188,0.10927732381526321,0.05730575199698323,0.10108773654541155,0.3414286851904997,0.5001778262671056,0.9999993078387351,0.9997952662950833,0.9710095484482075,5.221926856658134e-07,0.05490741811011117,4.438309491678377e-12,4.700142801846314e-07,4.1816053412458215e-07,7.065960322247866e-10,0.9987665351535124,0.00010413356933144154,"candidate=mixed; anchor_balance=0.379; mixed_evidence=0.109; strongest=joy=1.00, affection=1.00",final_model,reactionfusion_v2_hybrid_development
725,10,1,0,167,0,0,0,178,178,RF_POST_000725,"එයත් එක්ක තුරුළු වෙලා ""සරසවි සිරස"" ප්රසංගය නැරඹීමට සූදානමින් සිටින කොළඹ සරසවි සොයුරු සොයුරියනි, මෙය අනාගතයේ රූපවාහිනියේ විකාශනය වන බව හොඳින් මතක තබාගන්න. 😅",False,sinhala,11895a52fd2e390fae3fb6ac87acd9680882379e939f5fa62dca53a6e34cdc6d,DUP_11895a52fd2e390f,2,True,178,5.187385805840755,0.0561797752808988,0.0594594594594594,0.0056179775280898,0.0108108108108108,0.0,0.0054054054054054,0.9382022471910112,0.9081081081081082,0.0,0.0054054054054054,0.0,0.0054054054054054,0.0,0.0054054054054054,haha,0.9382022471910112,0.8820224719101124,neutral,0.4387979090577598,0.0239774676813371,0.1288402454785259,True,0.0056179775280898,0.0,positive,1.0,reactionfusion_v1_provisional,train,approved,negative,negative,0.35925724572799145,False,False,0.21438376799504288,0.009270649426812666,0.35925724572799145,0.25300122220822874,0.18281226311516677,0.20492926894861313,0.05930543796525579,0.18090534401780817,0.6441648729214142,0.1673112021369014,0.5985539963345897,0.8239067364830817,0.5466347048054117,0.0012821804856846819,0.8932379181487274,0.08152529766372132,0.6418941696382172,"candidate=negative; anchor_balance=0.003; mixed_evidence=0.009; strongest=disgust=0.89, anger=0.82",final_model,reactionfusion_v2_hybrid_development
727,16,0,2,165,0,1,0,184,184,RF_POST_000727,"කොළඹ සරසවි සොයුරු සොයුරියනි, 6 වෙනිදා තියෙන ""සරසවි සිරස"" ෂෝ එක තුරුළු වෙලා බලන්න කවුරුත් නැත්තන් ඔයා මහම මහ පව්කාරයෙක් 😌",False,sinhala,aeee4f03acb65b1e87de1708430cd7cf4e2c587167902a89540ca63b613b38c3,DUP_aeee4f03acb65b1e,1,False,184,5.220355825078324,0.0869565217391304,0.0890052356020942,0.0,0.0052356020942408,0.0108695652173913,0.0157068062827225,0.8967391304347826,0.8691099476439791,0.0,0.0052356020942408,0.0054347826086956,0.0104712041884816,0.0,0.0052356020942408,haha,0.8967391304347826,0.8097826086956522,neutral,0.5734314490564703,0.0022666560756501,0.1991899643982423,True,0.0059782608695652,0.0054347826086956,neutral,0.0476190476190476,reactionfusion_v1_provisional,train,approved,negative,negative,0.3420467171164751,False,False,0.2737584733565768,0.015192878626071804,0.3420467171164751,0.23424590631508393,0.1860485456829156,0.23765883088552536,0.037297213411648336,0.22840676914285302,0.7272991243026656,0.17798052453129798,0.6684610098620463,0.8324170959513361,0.5140184611101971,0.005793509171389716,0.8629641980534346,0.14547726693461385,0.6313079256442021,"candidate=negative; anchor_balance=-0.002; mixed_evidence=0.015; strongest=disgust=0.86, anger=0.83",final_model,reactionfusion_v2_hybrid_development
728,604,27,3,9,1,545,0,1189,1189,RF_POST_000728,ආය කවදාවත් Online එන්නැති Account එකක් මෙන්ශන් කරන්න 🥺💔 මේ ලොකෙන් සමුගත්ත කෙනෙක්,False,mixed,e5d6f536fcf2db59a0487f4263d795693e8b79b935bb495b3a532ffed188037f,DUP_e5d6f536fcf2db59,1,False,1189,7.081708586105575,0.5079899074852817,0.5058528428093646,0.0227081581160639,0.0234113712374581,0.0025231286795626,0.0033444816053511,0.0075693860386879,0.0083612040133779,0.0008410428931875,0.0016722408026755,0.4583683767872161,0.4565217391304347,0.0,0.0008361204013377,like,0.5079899074852817,0.0496215306980656,negative,0.4756050106713111,-0.607626147141912,0.43454725267902,False,0.0240958788898233,0.4583683767872161,negative,-0.9001133095092827,reactionfusion_v1_provisional,train,approved,neutral,neutral,0.33879060903359626,False,False,0.44518650009290606,0.044965325427444025,0.3206432163715292,0.33879060903359626,0.17026908399335824,0.17029709060151632,0.06648077872709748,0.47995317052389735,0.011888510587554298,0.052689893191447755,0.32849539391723,0.005569273123849016,0.1316399378865949,0.7196488341663901,0.12149199569914329,0.16170287222456076,0.18473070849808573,"candidate=neutral; anchor_balance=-0.432; mixed_evidence=0.045; strongest=fear=0.72, affection=0.48",final_model,reactionfusion_v2_hybrid_development
729,423,10,2,108,3,0,0,546,546,RF_POST_000729,පවුල් සැලසුම් හැර condam වලින් ඇති ප්රයෝජන මොනාද?,False,mixed,388c7555c6a795787fcddefcc789fa62cde2efd2b6b82528dda5b132e3083825,DUP_388c7555c6a79578,1,False,546,6.304448802421981,0.7747252747252747,0.7667269439421338,0.0183150183150183,0.0198915009041591,0.0036630036630036,0.0054249547920434,0.1978021978021978,0.1971066907775768,0.0054945054945054,0.0072332730560578,0.0,0.0018083182640144,0.0,0.0018083182640144,like,0.7747252747252747,0.5769230769230769,neutral,0.3539900192855574,0.0560847287210601,0.3292463611883481,True,0.0203296703296703,0.0,positive,1.0,reactionfusion_v1_provisional,train,approved,negative,negative,0.35833042910892815,False,False,0.35381037406711774,0.005118414091386875,0.35833042910892815,0.2679951687261315,0.20920762960584244,0.1644667725590978,0.13708466256939472,0.14425954066539218,0.033081124411740895,0.03021000808961326,0.40795805577391675,0.49882334841615533,0.7479606034534199,0.19472728554544314,0.5548634358492507,0.41987093061765085,0.48128344877365276,"candidate=negative; anchor_balance=0.019; mixed_evidence=0.005; strongest=care_empathy=0.75, disgust=0.55",final_model,reactionfusion_v2_hybrid_development
732,25,0,0,44,0,0,0,69,69,RF_POST_000732,හා කියන්නේ නැති දේකට හා කියා ගන්න ඕන නම් ක්රිකට් මැච් එකක් බලද්දී හබී ගෙන් අහන්න.,False,sinhala,6aeb04c6eaf43bc4356c7130fdaf2e6ea584f73d9aba044e1777a1929225a953,DUP_6aeb04c6eaf43bc4,1,False,69,4.248495242049359,0.3623188405797101,0.3421052631578947,0.0,0.0131578947368421,0.0,0.0131578947368421,0.6376811594202898,0.5921052631578947,0.0,0.0131578947368421,0.0,0.0131578947368421,0.0,0.0131578947368421,haha,0.6376811594202898,0.2753623188405797,neutral,0.500121468419702,0.0,0.3364701678829183,True,0.0,0.0,neutral,0.0,reactionfusion_v1_provisional,train,approved,mixed,mixed,0.31983522401561254,False,True,0.49446089376790325,0.04033759922843422,0.29761846288317134,0.16816482009988137,0.21438149300133472,0.31983522401561254,0.07975044700675218,0.3859573287439413,0.7662567180641522,0.005901453288726312,0.5427613744605593,0.8783602236027642,0.12285435249367502,0.4510264671281241,0.7815726920224103,0.40465858915287095,0.7850420691828885,"candidate=mixed; anchor_balance=-0.006; mixed_evidence=0.040; strongest=anger=0.88, sarcasm=0.79",final_model,reactionfusion_v2_hybrid_development
733,255,22,1,0,2,19,0,299,299,RF_POST_000733,ඔයාට බබා හම්බෙන්න labour room එකේදී වේදනා නාශක ගත්තද? ❤️,False,mixed,e483fc844ce3f06cb92c1842b4b1e436edd989ed841b36b2b5459b8211163f03,DUP_e483fc844ce3f06c,1,False,299,5.703782474656201,0.8528428093645485,0.8366013071895425,0.0735785953177257,0.0751633986928104,0.0033444816053511,0.0065359477124183,0.0,0.0032679738562091,0.0066889632107023,0.0098039215686274,0.0635451505016722,0.065359477124183,0.0,0.0032679738562091,like,0.8528428093645485,0.7792642140468228,neutral,0.5015624451975675,0.026117635243972,0.2854402031501903,True,0.0754180602006689,0.0635451505016722,positive,0.0854392298435619,reactionfusion_v1_provisional,train,approved,negative,negative,0.38363581953464376,False,False,0.327716788113987,0.08996147124697684,0.38363581953464376,0.32847851378639753,0.13644516680860028,0.1514404998703585,0.0634408788750045,0.19247764757465746,0.0037530432046519067,0.0018300351468183242,0.8078123759334213,0.026321966132013014,0.8514487774537949,0.1603538098834182,0.6660946379895786,0.1804527776709433,0.6547291672237774,"candidate=negative; anchor_balance=0.010; mixed_evidence=0.090; strongest=care_empathy=0.85, sadness=0.81",final_model,reactionfusion_v2_hybrid_development
734,13,0,1,92,0,0,0,106,106,RF_POST_000734,කැම්පස් ආපූ ගමන් කොකු ගහන්නේ මඟුල් විසේ තියන උන් 🤭,False,sinhala,c2e40e855338250385d5c53e2578d93504d92903da5db7b0eba96a2eb7fcd43f,DUP_c2e40e8553382503,1,False,106,4.672828834461906,0.1226415094339622,0.1238938053097345,0.0,0.0088495575221238,0.0094339622641509,0.0176991150442477,0.8679245283018868,0.8230088495575221,0.0,0.0088495575221238,0.0,0.0088495575221238,0.0,0.0088495575221238,haha,0.8679245283018868,0.7452830188679245,neutral,0.440398825999979,0.0213887383993494,0.2180463551624672,True,0.005188679245283,0.0,positive,1.0,reactionfusion_v1_provisional,train,approved,negative,negative,0.32428436843127734,False,False,0.33803584301089257,0.02393174109811629,0.32428436843127734,0.2231873414211248,0.2065887424796478,0.24593954766795,0.056267358564946295,0.3073517407243338,0.7165869056269103,0.06181554589285865,0.6632573271956451,0.8380957115612423,0.3714187646178409,0.016360416263192696,0.8837203364383623,0.21333614329052375,0.6184948703109591,"candidate=negative; anchor_balance=0.001; mixed_evidence=0.024; strongest=disgust=0.88, anger=0.84",final_model,reactionfusion_v2_hybrid_development
735,148,0,0,1343,3,1,0,1495,1495,RF_POST_000735,"අර්ජුන කමලනාත් කියන http කියනවා ඌ සිනමාවට එද්දි ලංකාවේ සිනමාවක් නෑලු, ඌ ජීවත් වෙන්නෙ ඌ විජේ කුමාරතුංග කියලා හිතාගෙන 😚",False,mixed,e16609596c7562982dbbbc8aacf389a284c90815ae8dbed536c12d78618f1e00,DUP_e16609596c756298,1,False,1495,7.310550158534422,0.0989966555183946,0.0992010652463382,0.0,0.0006657789613848,0.0,0.0006657789613848,0.8983277591973244,0.8948069241011984,0.0020066889632107,0.0026631158455392,0.0006688963210702,0.0013315579227696,0.0,0.0006657789613848,haha,0.8983277591973244,0.7993311036789298,neutral,0.5742856643031731,-0.0028059590395354,0.1760713966614758,True,0.0,0.0006688963210702,negative,-1.0,reactionfusion_v1_provisional,train,approved,negative,negative,0.3526649987599822,False,False,0.1890550100907047,0.0007803868592292739,0.3526649987599822,0.2334647902824788,0.12724032759685175,0.2866298833606872,0.009214733674966332,0.0547240548016004,0.7119428558022493,0.7930159543876665,0.31766435105748647,0.9049854509992732,0.6411414995871838,0.0007850943430547709,0.8943020112289736,0.03944574819876147,0.7616915340210821,"candidate=negative; anchor_balance=-0.001; mixed_evidence=0.001; strongest=anger=0.90, disgust=0.89",final_model,reactionfusion_v2_hybrid_development
736,77,12,4,2314,5,3,0,2415,2415,RF_POST_000736,"නාමල් ජනාධිපති උනාම පලවෙනි සතියෙම ගොවියන්ගෙ පොහොර ඩ්රෝන වලින් දානවලු, වී 450ට ගන්නවලු ❤️",False,sinhala,125051ee10b0270126ef7d54795817010f26558f8ab1f44d8f6722c36c47d10d,DUP_125051ee10b02701,1,False,2415,7.789868559054706,0.0318840579710144,0.0322047894302229,0.0049689440993788,0.0053674649050371,0.0016563146997929,0.0020644095788604,0.9581780538302276,0.9558216350123864,0.0020703933747412,0.0024772914946325,0.0012422360248447,0.0016515276630883,0.0,0.000412881915772,haha,0.9581780538302276,0.9262939958592132,neutral,0.4615690776143843,0.019961203244833,0.1073361757695337,True,0.005879917184265,0.0012422360248447,positive,0.6511627906976744,reactionfusion_v1_provisional,train,approved,negative,negative,0.363611662345831,False,False,0.1147617839171412,0.0009476613040226358,0.363611662345831,0.2556698009520487,0.12883745992410658,0.2518810767780136,0.011444667129869432,0.04590122523480664,0.7086480940976794,0.8386592918509328,0.25496141959691393,0.7795426961766102,0.6258067517463866,7.077005298237496e-05,0.8559455885850801,0.019727042972007072,0.727019672623913,"candidate=negative; anchor_balance=0.004; mixed_evidence=0.001; strongest=disgust=0.86, surprise=0.84",final_model,reactionfusion_v2_hybrid_development
737,170,10,2,518,1,1,0,702,702,RF_POST_000737,බෛයන්ට පේන්ඩ පොලිස්පතිට ලොකු ටෝක් දීපු සාගර කියන http දැන් bIIc වගේ arrest කරලා නේත 😚,False,mixed,bced109902ae8024f9f1f20f9cb41952854c6c43a74287f1eaef7720dbb08cd6,DUP_bced109902ae8024,2,True,702,6.555356891810665,0.2421652421652421,0.2411847672778561,0.0142450142450142,0.0155148095909732,0.0028490028490028,0.004231311706629,0.7378917378917379,0.7320169252468265,0.0014245014245014,0.002820874471086,0.0014245014245014,0.002820874471086,0.0,0.001410437235543,haha,0.7378917378917379,0.4957264957264957,neutral,0.3613200733793191,0.0553362930713745,0.3410441654227485,True,0.0158119658119658,0.0014245014245014,positive,0.8347107438016529,reactionfusion_v1_provisional,train,approved,negative,negative,0.31189712442966955,False,False,0.36050128989533686,0.0061015733127560545,0.31189712442966955,0.24037966284319692,0.20821487772326655,0.23950833500386698,0.16624440615188296,0.4034144089834332,0.7449014903508983,0.25544299778430385,0.385231589687919,0.5176730414500391,0.3210218527762592,0.012389701619466004,0.5367184387820754,0.3615297660250339,0.710221698537127,"candidate=negative; anchor_balance=0.014; mixed_evidence=0.006; strongest=amusement=0.74, sarcasm=0.71",final_model,reactionfusion_v2_hybrid_development
738,60,4,0,313,0,0,0,377,377,RF_POST_000738,ඇයි හොඳ අධ්යාපන පසුබිමක් තියෙන උගත් බුද්ධිමත් අය හැම htt ගැනම හෑලි ලියන් නැත්තේ 🙂,False,mixed,65e99f7b905c8c8fec9fd2b2ab4564911cc8fd9c10af21d9e487671b699254ca,DUP_65e99f7b905c8c8f,1,False,377,5.934894195619588,0.1591511936339522,0.1588541666666666,0.0106100795755968,0.0130208333333333,0.0,0.0026041666666666,0.830238726790451,0.8177083333333334,0.0,0.0026041666666666,0.0,0.0026041666666666,0.0,0.0026041666666666,haha,0.830238726790451,0.6710875331564987,neutral,0.4027616044652541,0.0429049982607278,0.2544805314788656,True,0.0106100795755968,0.0,positive,1.0,reactionfusion_v1_provisional,train,approved,negative,negative,0.322723864316541,False,False,0.2956613037341195,0.006159610494460822,0.322723864316541,0.23854562520944028,0.19464522430555672,0.2440852861684621,0.13758158476486568,0.3203280356095385,0.6893357790023281,0.24560460773943163,0.49771870721294037,0.6561289710860889,0.42332840384849857,0.004503816227406934,0.718215670961462,0.22696998739302396,0.6724067861401309,"candidate=negative; anchor_balance=0.009; mixed_evidence=0.006; strongest=disgust=0.72, amusement=0.69",final_model,reactionfusion_v2_hybrid_development
739,811,200,14,56,10,276,19,1386,1386,RF_POST_000739,"ශබ්දය ,මුල් ආකෘතිය වෙනස් කර ඇති සහ ලියාපදිංචි නොකළ ධාරිතාවයෙන් වැඩි ,මුල් ආකෘති වෙනස් කර තියෙන යතුරුපැදි භාරයට ගන්න කියලා රථ වාහන නිලධාරීන්ට අපි උපදෙස් . නි.පොලිස්පති පී. ජේ. සේනාධීර මහතා",False,sinhala,88ec3dd3fb3b7bad0daa3c5d79c3749601b21955e325b2837bb8a1ef7880e3a8,DUP_88ec3dd3fb3b7bad,1,False,1386,7.234898420314831,0.5851370851370852,0.5829145728643216,0.1443001443001443,0.1442928930366116,0.0101010101010101,0.0107681263460157,0.0404040404040404,0.04091888011486,0.0072150072150072,0.0078966259870782,0.1991341991341991,0.1988513998564249,0.0137085137085137,0.0143575017946877,like,0.5851370851370852,0.386002886002886,negative,0.0851671986522066,-0.122439988021752,0.608833600389536,True,0.1498556998556998,0.2128427128427128,negative,-0.1736622239904516,reactionfusion_v1_provisional,train,approved,mixed,mixed,0.48179249408439306,False,True,0.6135233751389648,0.3686425448609574,0.2520484119718373,0.1751670694622602,0.09099202448150942,0.48179249408439306,0.01586622237945432,0.6262195078817063,0.023953999866539732,0.0034874910799820914,0.9922841455678997,1.1046170394794529e-05,0.5570720889473115,0.5072448528804897,0.7917017582356979,0.1770411619228819,0.9889743388768483,"grouped_out_of_fold; candidate=mixed; mixed_evidence=0.369; strongest=sadness=0.99, sarcasm=0.99",grouped_out_of_fold,reactionfusion_v2_hybrid_development
741,127,5,1,1,1,0,0,135,135,RF_POST_000741,කථානායකවරයා විසින් සිදුකළ බව කියන වාහන සහ නිල නිවාස අවභාවිතයක් සම්බන්ධයෙන් පාර්ලිමේන්තු හිටපු නියෝජ්ය මහලේකම් චමින්ද කුලරත්න මහතා විසින් සිදුකර තිබූ පැමිණිල්ලකට අදාළව විමර්ශන ආරම්භ කර තිබේ.,False,sinhala,8c6e56e8281bf68c12aa74465b7c9d20975aa7c59f13791fd5e0b5499db6b7c0,DUP_8c6e56e8281bf68c,1,False,135,4.912654885736052,0.9407407407407408,0.9014084507042254,0.037037037037037,0.0422535211267605,0.0074074074074074,0.0140845070422535,0.0074074074074074,0.0140845070422535,0.0074074074074074,0.0140845070422535,0.0,0.0070422535211267,0.0,0.0070422535211267,like,0.9407407407407408,0.9037037037037036,neutral,0.1066598428210164,0.0961010968097354,0.1482811624190816,True,0.0411111111111111,0.0,positive,1.0,reactionfusion_v1_provisional,train,approved,negative,negative,0.34729956301517917,False,False,0.24521683040621017,0.013815032698941418,0.34729956301517917,0.33294738203737306,0.20608618795793765,0.11366686698951003,0.18421023503791079,0.054428657471126,0.0031326750951465197,0.00121617543538948,0.5473751963465725,0.24374124648587123,0.8590828569374864,0.04989362868119305,0.6249082683711129,0.21394466781331611,0.2307344921589164,"candidate=negative; anchor_balance=0.036; mixed_evidence=0.014; strongest=care_empathy=0.86, disgust=0.62",final_model,reactionfusion_v2_hybrid_development
744,4795,133,9,557,8,21,3,5526,5526,RF_POST_000744,ටියුෂන් ගාස්තුවලට නියාමනයක් ලබා දෙන්න !දෙමාපියන් ජනපතිට කියයි !තෙල් මිල වැඩි වුණත් පන්ති ගාස්තු වැඩි කරනවා. ගුරුවරු දරුවන් සූරාගෙන කනවා (අරුණ),False,sinhala,d80e6a3a7b7ebf382d756f15ae8350b29b2692e2c679604056b43fe789dadb36,DUP_d80e6a3a7b7ebf38,1,False,5526,8.617400451833262,0.8677162504524069,0.8667992047713717,0.0240680419833514,0.0242183264052051,0.001628664495114,0.0018073377914332,0.100796235975389,0.1008494487619736,0.0014477017734346,0.0016266040122898,0.003800217155266,0.003976143141153,0.000542888165038,0.0007229351165732,like,0.8677162504524069,0.7669200144770177,neutral,0.3509534892704149,0.0526947987618452,0.2514461865563966,True,0.0249638074556641,0.004343105320304,positive,0.7036122259956776,reactionfusion_v1_provisional,train,approved,neutral,neutral,0.39108272199840344,False,False,0.2540931679458998,0.00477601472372557,0.35508856331941085,0.39108272199840344,0.13407066605990786,0.11975804862227771,0.022931938883169706,0.03621816211519536,0.007535240691179666,0.30442744420280515,0.210805946435031,0.36370397664251675,0.8477463433414733,0.032015894660308845,0.5671880366864169,0.15327022093101428,0.4896179738026548,"candidate=neutral; anchor_balance=0.021; mixed_evidence=0.005; strongest=care_empathy=0.85, disgust=0.57",final_model,reactionfusion_v2_hybrid_development
745,413,9,2,92,16,44,3,579,579,RF_POST_000745,රු 3700 ගල් බෝතලේ රු 2200 ක්ම බදු මුදල් පිළිබඳ කාරක සභාවේ දී හෙළිදරව්වක්,False,sinhala,8aeb68d3594051316d33d1b773d3d3fcba6a26877130ea4c8c8d1425f40bd494,DUP_8aeb68d359405131,1,False,579,6.363028103540465,0.7132987910189983,0.7064846416382252,0.0155440414507772,0.0170648464163822,0.003454231433506,0.0051194539249146,0.158894645941278,0.1587030716723549,0.0276338514680483,0.0290102389078498,0.0759930915371329,0.0767918088737201,0.005181347150259,0.0068259385665529,like,0.7132987910189983,0.5544041450777202,negative,0.1224638037723478,-0.1614563226719702,0.4829959341744145,True,0.0174438687392055,0.081174438687392,negative,-0.6462346760070052,reactionfusion_v1_provisional,train,approved,neutral,neutral,0.4378096504281432,False,False,0.49740608747318166,0.03955481856015404,0.30300367956675,0.4378096504281432,0.15873506885109384,0.100451601154013,0.004954677117749063,0.003372269327519259,0.009647755474313052,0.5539673144004521,0.05758213567504483,0.4005427119042535,0.2742896467675102,0.2368381781687855,0.3796437042615073,0.008689353173044936,0.2706323108718761,"grouped_out_of_fold; candidate=neutral; mixed_evidence=0.040; strongest=surprise=0.55, anger=0.40",grouped_out_of_fold,reactionfusion_v2_hybrid_development
746,134,1,0,34,8,3,2,182,182,RF_POST_000746,රට පුරා හොර ගිනි අවි ලක්ෂයක් ! එල්ටීටීඊ ගිනි අවිත් ඒ අතර (ලංකාදීප),False,sinhala,8df03d15b3c5d543196797de97147ad9f08d6c31592db5ac6771f32f6dea8be2,DUP_8df03d15b3c5d543,1,False,182,5.209486152841421,0.7362637362637363,0.7142857142857143,0.0054945054945054,0.0105820105820105,0.0,0.0052910052910052,0.1868131868131868,0.1851851851851851,0.0439560439560439,0.0476190476190476,0.0164835164835164,0.0211640211640211,0.0109890109890109,0.0158730158730158,like,0.7362637362637363,0.5494505494505495,neutral,0.3493788655591875,-0.0594615099577897,0.4224265903148039,True,0.0054945054945054,0.0274725274725274,negative,-0.6666666666666666,reactionfusion_v1_provisional,train,approved,neutral,neutral,0.432873805921694,False,False,0.4732176567275067,0.025538730680532105,0.31975257491924813,0.432873805921694,0.1807792964408719,0.06659432271818595,0.009666933537839146,0.004390421723793888,0.015002801167931566,0.00969410453979404,0.03345902032452385,0.8800071773580699,0.2778731369031079,0.07318798663515456,0.8807645108145643,0.007844251567577709,0.34009181859755483,"candidate=neutral; anchor_balance=-0.024; mixed_evidence=0.026; strongest=disgust=0.88, anger=0.88",final_model,reactionfusion_v2_hybrid_development
748,165,5,2,952,1,1,0,1126,1126,RF_POST_000748,සින්ක් ටැප් එකට අත්දෙක තබා වතුරබීමෙන් කැඩෙන සිල්පදය කුමක්ද මිතුරණි -උදෑසන එම ආදීනව දම් දෙසුම ඇසීමෙන් පසු 😁,False,sinhala,eadd28b298397c54eecbe1cbbb100ac93b5900fe61f5c7a6325e3e3341f50b84,DUP_eadd28b298397c54,1,False,1126,7.027314514039777,0.1465364120781527,0.146513680494263,0.0044404973357015,0.0052956751985878,0.0017761989342806,0.0026478375992939,0.8454706927175843,0.8411297440423654,0.0008880994671403,0.0017652250661959,0.0008880994671403,0.0017652250661959,0.0,0.0008826125330979,haha,0.8454706927175843,0.6989342806394316,neutral,0.5254080751815495,0.0184809434608576,0.2421110120922441,True,0.0054174067495559,0.0008880994671403,positive,0.7183098591549295,reactionfusion_v1_provisional,train,approved,negative,negative,0.3393451542064908,False,False,0.2564236292992073,0.002715872508023379,0.3393451542064908,0.22890470959470471,0.14768156077125766,0.2840685754275468,0.027965398543763204,0.13983342668916018,0.721594015593304,0.6511074444601765,0.3649012771712293,0.8105416556550211,0.5370579204223156,0.002503905821464747,0.8066638620948015,0.11032321276052158,0.7323587688342834,"candidate=negative; anchor_balance=0.004; mixed_evidence=0.003; strongest=anger=0.81, disgust=0.81",final_model,reactionfusion_v2_hybrid_development
749,143,1,0,0,1,44,0,189,189,RF_POST_000749,"ඉහල කොත්මලේ වාන් දොරටු ඇරලා, කැළණි ඟං මිටියාවත ගැන අනතුරු ඇඟවීම් කරලා, ගම්පොල, නාවලපිටිය පැතිවල ඟංවතුර.. හැමෝම අවදානයෙන් ඉන්න...",False,sinhala,7dbd3b6870b857999769891877bb9e8d6301d38fc1d9ccc003dc0b453b21cb0a,DUP_7dbd3b6870b85799,1,False,189,5.247024072160486,0.7566137566137566,0.7346938775510204,0.0052910052910052,0.010204081632653,0.0,0.0051020408163265,0.0,0.0051020408163265,0.0052910052910052,0.010204081632653,0.2328042328042328,0.2295918367346938,0.0,0.0051020408163265,like,0.7566137566137566,0.5238095238095238,negative,0.3460661036017002,-0.4194403688211528,0.3113273917874982,True,0.0052910052910052,0.2328042328042328,negative,-0.9555555555555556,reactionfusion_v1_provisional,train,approved,neutral,neutral,0.37492168153265554,False,False,0.37961606918789537,0.0197555301312068,0.26163377788424846,0.37492168153265554,0.25061829189713997,0.11282624868595603,0.4239826136404148,0.1290054179389331,0.0006523020989341294,0.29972487857781044,0.16283384320233638,0.03992306059991461,0.43139074242493514,0.7841265964855199,0.0971171943278687,0.15983345592249873,0.038258292228054075,"candidate=neutral; anchor_balance=-0.222; mixed_evidence=0.020; strongest=fear=0.78, care_empathy=0.43",final_model,reactionfusion_v2_hybrid_development
750,26,2,0,124,0,0,0,152,152,RF_POST_000750,කැම්පස් එකත් කැළයක් වගේ. ඒකේ එක එක ජාතියේ සත්තු ඉන්නවා. ඒ සත්තු හඳුනගන්න එක තමා ලොකුම ගේම 😔,False,sinhala,725a6891b98766213f5e5358bee6a1c37ca92afaaba15c1777f06d647a42dcd1,DUP_725a6891b9876621,1,False,152,5.030437921392435,0.1710526315789473,0.1698113207547169,0.0131578947368421,0.0188679245283018,0.0,0.0062893081761006,0.8157894736842105,0.7861635220125787,0.0,0.0062893081761006,0.0,0.0062893081761006,0.0,0.0062893081761006,haha,0.8157894736842105,0.6447368421052632,neutral,0.3387125301961795,0.0527681413355343,0.2698578941482951,True,0.0131578947368421,0.0,positive,1.0,reactionfusion_v1_provisional,train,approved,uncertain,mixed,0.2943706293543273,True,True,0.355957403531951,0.0179098064670164,0.26888417534004394,0.21991043887959383,0.21683475642603495,0.2943706293543273,0.21658920191629094,0.4537547523199725,0.6277307009074602,0.00719797150931506,0.5467607253853108,0.6073890812674272,0.23412663224845787,0.014371770796832651,0.7222524486446015,0.38646586874436833,0.70541784447748,"grouped_out_of_fold; candidate=mixed; mixed_evidence=0.018; strongest=disgust=0.72, sarcasm=0.71",grouped_out_of_fold,reactionfusion_v2_hybrid_development
752,590,80,12,328,3,5,1,1019,1019,RF_POST_000752,බබා කක්කා දාගෙන තාත්තා ලගට ගියාම එයාගේ ප්රතිචාර කොහොමද?,False,sinhala,57933a07415da5e1825de65e224f038079ecb0ba68d651e476fa64ece5514275,DUP_57933a07415da5e1,1,False,1019,6.927557906278317,0.5789990186457311,0.5760233918128655,0.0785083415112855,0.0789473684210526,0.0117762512266928,0.0126705653021442,0.3218842001962708,0.3206627680311891,0.0029440628066732,0.0038986354775828,0.0049067713444553,0.0058479532163742,0.000981354268891,0.0019493177387914,like,0.5789990186457311,0.2571148184494602,positive,0.16827263454475,0.2251687009622682,0.5053638977103196,True,0.0849852796859666,0.0058881256133464,positive,0.8704103671706264,reactionfusion_v1_provisional,train,approved,positive,positive,0.3296170304064259,False,False,0.5149797359040298,0.01606174614905356,0.18791476104291704,0.2265956766595202,0.3296170304064259,0.2558725318911368,0.9184089679067816,0.8722327938437169,0.4146892612951127,0.018525376267515877,0.23762406671133804,0.005078147459976882,0.10232713688562929,0.033831366910637393,0.049307410865147866,0.9101928624484076,0.5348136676234092,"candidate=positive; anchor_balance=0.078; mixed_evidence=0.016; strongest=joy=0.92, approval=0.91",final_model,reactionfusion_v2_hybrid_development
754,233,107,6,0,0,0,0,346,346,RF_POST_000754,🔴 දැඩි මූල්ය විනය යහපත් ප්රතිඵල අත්කරදෙමින් සිටී. නුදුරේදීම ණය ශ්රේණිගත කිරීම්වල CCC සිට B දක්වා ළඟා වනු ඇත. - Softlogic Stockbrokers Equity Research -,False,mixed,8d393b80f9f35bc543f5fdfa7f01534c081ff45445a921f41146f18b008f453a,DUP_8d393b80f9f35bc5,3,True,346,5.849324779946859,0.6734104046242775,0.6628895184135978,0.3092485549132948,0.3059490084985836,0.0173410404624277,0.0198300283286118,0.0,0.0028328611898017,0.0,0.0028328611898017,0.0,0.0028328611898017,0.0,0.0028328611898017,like,0.6734104046242775,0.3641618497109826,positive,0.4263989615123486,0.5203479961500623,0.359480229284895,False,0.31878612716763,0.0,positive,1.0,reactionfusion_v1_provisional,train,approved,positive,positive,0.39497752877400055,False,False,0.4003843704607457,0.009073866752651462,0.12124018116920005,0.20117256956107182,0.39497752877400055,0.2826097204957277,0.9114701610077985,0.932182041003618,0.11688932074158402,0.0017054434468736393,0.10471555843746266,0.0006665154135079846,0.45217003862890504,0.007517394227324093,0.16233807235562983,0.9747560177535859,0.294796026043238,"candidate=positive; anchor_balance=0.311; mixed_evidence=0.009; strongest=approval=0.97, affection=0.93",final_model,reactionfusion_v2_hybrid_development
756,233,107,6,0,0,0,0,346,346,RF_POST_000756,🔴 දැඩි මූල්ය විනය යහපත් ප්රතිඵල අත්කරදෙමින් සිටී. නුදුරේදීම ණය ශ්රේණිගත කිරීම්වල CCC සිට B දක්වා ළඟා වනු ඇත. - Softlogic Stockbrokers Equity Research -,False,mixed,8d393b80f9f35bc543f5fdfa7f01534c081ff45445a921f41146f18b008f453a,DUP_8d393b80f9f35bc5,3,True,346,5.849324779946859,0.6734104046242775,0.6628895184135978,0.3092485549132948,0.3059490084985836,0.0173410404624277,0.0198300283286118,0.0,0.0028328611898017,0.0,0.0028328611898017,0.0,0.0028328611898017,0.0,0.0028328611898017,like,0.6734104046242775,0.3641618497109826,positive,0.4263989615123486,0.5203479961500623,0.359480229284895,False,0.31878612716763,0.0,positive,1.0,reactionfusion_v1_provisional,train,approved,positive,positive,0.39497752877400055,False,False,0.4003843704607457,0.009073866752651462,0.12124018116920005,0.20117256956107182,0.39497752877400055,0.2826097204957277,0.9114701610077985,0.932182041003618,0.11688932074158402,0.0017054434468736393,0.10471555843746266,0.0006665154135079846,0.45217003862890504,0.007517394227324093,0.16233807235562983,0.9747560177535859,0.294796026043238,"candidate=positive; anchor_balance=0.311; mixed_evidence=0.009; strongest=approval=0.97, affection=0.93",final_model,reactionfusion_v2_hybrid_development
759,21,14,1,0,0,0,0,36,36,RF_POST_000759,🚨 ප්රවාහන යටිතල පහසුකම් වැඩිදියුණු කිරීම සඳහා මෙට්රෝ ට්රාන්සිට් වෙත තවත් රුපියල් මිලියන 1000ක් වෙන්කෙරේ. ✅,False,sinhala,115201807ee464bbb8a824c6b7b3881946a24620986bdb8e0db79bf3b3099e2c,DUP_115201807ee464bb,1,False,36,3.610917912644224,0.5833333333333334,0.5116279069767442,0.3888888888888889,0.3488372093023256,0.0277777777777777,0.0465116279069767,0.0,0.0232558139534883,0.0,0.0232558139534883,0.0,0.0232558139534883,0.0,0.0232558139534883,like,0.5833333333333334,0.1944444444444444,positive,0.2431956859291409,0.5928450782834864,0.4014817663610513,True,0.4041666666666667,0.0,positive,1.0,reactionfusion_v1_provisional,train,approved,mixed,mixed,0.4918523661162186,False,True,0.6181315498762658,0.11500121858163086,0.048486663815821444,0.17720103657691597,0.2824599334910441,0.4918523661162186,0.9755297647237994,0.7379736852621719,0.939649771266041,2.7188399686602214e-06,0.1784004330647291,3.7141291381395754e-08,1.3563969629694526e-05,7.63779935570871e-05,1.0374576633158148e-06,0.9748573224508038,0.0007488399347254595,"candidate=mixed; anchor_balance=0.328; mixed_evidence=0.115; strongest=joy=0.98, approval=0.97",final_model,reactionfusion_v2_hybrid_development
760,26,6,0,2,0,0,0,34,34,RF_POST_000760,"""වෙන කෙනෙක්ගෙ ජීවිතයක් අපිට බලෙන් ගන්න අයිතියක් නෑ"" මතකයි නේද ජනාධිපති වෙන්න කලිනුත් එහෙම කිව්වා ! ඒ නිසා ඔය ගෝත්රික අදහස් ප්රමෝට් කරන්න එපා.",False,sinhala,f9cb4af0c6ac0384cc9c76331cda8ecd5c64ce4673ebaf0188d9d5d299ba4291,DUP_f9cb4af0c6ac0384,1,False,34,3.555348061489413,0.7647058823529411,0.6585365853658537,0.1764705882352941,0.1707317073170731,0.0,0.024390243902439,0.0588235294117647,0.073170731707317,0.0,0.024390243902439,0.0,0.024390243902439,0.0,0.024390243902439,like,0.7647058823529411,0.5882352941176471,positive,0.1506018269955339,0.3696280386292098,0.3483761703865435,True,0.1764705882352941,0.0,positive,1.0,reactionfusion_v1_provisional,train,approved,positive,positive,0.33527670178964936,False,False,0.5809765083621315,0.11336126992431836,0.12548565196221972,0.310204225267246,0.33527670178964936,0.22903342098088497,0.873371637216926,0.3389239598051612,0.2221932743098938,2.3987217363974495e-05,0.33473583840843113,4.342277890499005e-05,0.0010318069192271906,0.004785961851352975,0.0028383488675682526,0.6840182091917301,0.034901702844539535,"candidate=positive; anchor_balance=0.135; mixed_evidence=0.113; strongest=joy=0.87, approval=0.68",final_model,reactionfusion_v2_hybrid_development
761,76,26,2,2,0,0,0,106,106,RF_POST_000761,"🚨 බස්, වෙළදසැල්, නිවාස වල අධික ශබ්ද විකාශනයට රුපියල් මිලියනය දක්වා දඩ ! කර්මාන්තශාලා වලත් අධික ශබ්දය පාලනයට දැඩි නීති සකස් කෙරේ. ✅",False,sinhala,368274bbc208e91a911154b66251cfa1eeb292f5768d8fb8d2fe734e29237058,DUP_368274bbc208e91a,2,True,106,4.672828834461906,0.7169811320754716,0.6814159292035398,0.2452830188679245,0.2389380530973451,0.0188679245283018,0.0265486725663716,0.0188679245283018,0.0265486725663716,0.0,0.0088495575221238,0.0,0.0088495575221238,0.0,0.0088495575221238,like,0.7169811320754716,0.4716981132075472,positive,0.3296010290155595,0.4614868784021633,0.3767248705927188,True,0.2556603773584905,0.0,positive,1.0,reactionfusion_v1_provisional,train,approved,positive,positive,0.38803649566737664,False,False,0.4736166114349854,0.033530379570618433,0.09301598338551573,0.21536269771900984,0.38803649566737664,0.30358482322809793,0.947934239834409,0.8405350486317599,0.14351036316250484,0.000344707426835685,0.2829363065131658,0.00016972418090178764,0.08255591659282344,0.008199697518373036,0.02670619312376165,0.9637990799047251,0.09875361204621097,"candidate=positive; anchor_balance=0.236; mixed_evidence=0.034; strongest=approval=0.96, joy=0.95",final_model,reactionfusion_v2_hybrid_development
762,264,104,3,22,1,0,0,394,394,RF_POST_000762,🚨 දන්න හැම දේම හෙළි කරන සැකකරුවන්ට නඩු නොපවරවා සිටීමේ බලය අල්ලස් කොමිසමේ අධ්යක්ෂක ජනරාල්ට ලබා දෙයි.✅ නියමයි ❤️🔥,False,sinhala,395e1f063a413f1e5e2027b78e6abe6f9346693dfaa1e5e5537a414cf038ae59,DUP_395e1f063a413f1e,1,False,394,5.978885764901122,0.6700507614213198,0.6608478802992519,0.2639593908629442,0.2618453865336658,0.0076142131979695,0.0099750623441396,0.0558375634517766,0.0573566084788029,0.0025380710659898,0.0049875311720698,0.0,0.0024937655860349,0.0,0.0024937655860349,like,0.6700507614213198,0.4060913705583756,positive,0.3861449683534773,0.4915352535168125,0.4282263636461542,False,0.2681472081218274,0.0,positive,1.0,reactionfusion_v1_provisional,train,approved,positive,positive,0.41001042956123956,False,False,0.45781351868390474,0.009133436781723785,0.1244831353771569,0.2149292960406676,0.41001042956123956,0.2505771390209359,0.9750247524405405,0.9155220788483701,0.09218672784152702,0.0031267396128612304,0.10144381081725225,0.00029695102469883987,0.3053461358555916,0.004958646809775856,0.0946934170503163,0.9661518545669195,0.2822123455704236,"candidate=positive; anchor_balance=0.262; mixed_evidence=0.009; strongest=joy=0.98, approval=0.97",final_model,reactionfusion_v2_hybrid_development
764,239,3,0,80,1,2,1,326,326,RF_POST_000764,"බන්ධනාගාර කෝලාහල ඇති වෙන සැරයක් පාසා දෙසවනේ දෝංකාර දෙන ඒ හඬින් ඇසුන වචන කීපය ! ""අපිට බලය ගන්න විශාල සැලැස්මක් තියනවා""",False,sinhala,19e564a707172332b1253b1cbee277aeeb7cd03a17e539d89366ca6b210502ba,DUP_19e564a707172332,2,True,326,5.7899601708972535,0.7331288343558282,0.7207207207207207,0.00920245398773,0.012012012012012,0.0,0.003003003003003,0.2453987730061349,0.2432432432432432,0.0030674846625766,0.006006006006006,0.0061349693251533,0.009009009009009,0.0030674846625766,0.006006006006006,like,0.7331288343558282,0.4877300613496932,neutral,0.6743052463174172,1.2419768689968921e-18,0.3506008313496079,True,0.00920245398773,0.00920245398773,neutral,0.0,reactionfusion_v1_provisional,train,approved,negative,negative,0.34946659111295425,False,False,0.3876523826511581,0.021187007099853085,0.34946659111295425,0.22522075873141584,0.18927001266347174,0.2360426374921581,0.06706154614708534,0.17292417835762017,0.05554720157814057,0.01910070975061322,0.4943665436508366,0.7497833632334205,0.633071283632588,0.5114971793854756,0.6780360019624894,0.3699008307289765,0.6155549933286851,"candidate=negative; anchor_balance=-0.001; mixed_evidence=0.021; strongest=anger=0.75, disgust=0.68",final_model,reactionfusion_v2_hybrid_development
765,72,19,2,0,0,0,0,93,93,RF_POST_000765,"🔴 එකම දුරකථන අංකය, වෙනත් ඕනෑම ජාලයකට මාරු කිරීමේ පහසුකම සැප්තැම්බර් මස සිට ලබා දීමට පියවර. ✅",False,sinhala,90192b2ab5299f6b2a6ff7aec5c81c786f1b703f8dca111894c97f9ee1e6c82f,DUP_90192b2ab5299f6b,1,False,93,4.543294782270004,0.7741935483870968,0.73,0.2043010752688172,0.2,0.021505376344086,0.03,0.0,0.01,0.0,0.01,0.0,0.01,0.0,0.01,like,0.7741935483870968,0.5698924731182796,positive,0.2890794649632307,0.4054209152371654,0.3109977791175156,True,0.2161290322580645,0.0,positive,1.0,reactionfusion_v1_provisional,train,approved,positive,positive,0.38009105307311103,False,False,0.4322039077637895,0.03457631262110316,0.11584573280397578,0.23746091478499026,0.38009105307311103,0.2666022993379229,0.8671297627747016,0.6238181252772897,0.09351443059785824,0.00030446338515375285,0.4002795996915935,0.0005434484261927474,0.12374119944521465,0.010634303044556575,0.05517235836729782,0.9254106706351011,0.10946339702773536,"candidate=positive; anchor_balance=0.197; mixed_evidence=0.035; strongest=approval=0.93, joy=0.87",final_model,reactionfusion_v2_hybrid_development
767,267,89,5,4,0,0,0,365,365,RF_POST_000767,🚨 වරෙන්තු නිකුත් කර ඇති බැසිල් රාජපක්ෂ මෙරටට ගෙන්වා ගැනීමට ඇමරිකානු අධිකරණයේ සහාය ගැනීමට රජය තීරණය කරයි.✅,False,sinhala,5f13918b61ca7b180107bbb1268ad0501ac32b844fad749501713cdaa0312d93,DUP_5f13918b61ca7b18,2,True,365,5.902633333401366,0.7315068493150685,0.7204301075268817,0.2438356164383561,0.2419354838709677,0.0136986301369863,0.0161290322580645,0.010958904109589,0.0134408602150537,0.0,0.0026881720430107,0.0,0.0026881720430107,0.0,0.0026881720430107,like,0.7315068493150685,0.4876712328767123,positive,0.374348676936938,0.4540612044721394,0.3499945326990561,False,0.2513698630136986,0.0,positive,1.0,reactionfusion_v1_provisional,train,approved,positive,positive,0.34430130278159327,False,False,0.38634018990289226,0.00830839118070736,0.14514426532795066,0.20811698557266928,0.34430130278159327,0.3024374463177869,0.8871488684041502,0.8379136152758476,0.05801393289347337,0.0031877696494455898,0.18919604698241593,0.0016123004959574967,0.5056293615290202,0.010278982110319562,0.3007764306920829,0.9535682900263678,0.3644720066633311,"candidate=positive; anchor_balance=0.245; mixed_evidence=0.008; strongest=approval=0.95, joy=0.89",final_model,reactionfusion_v2_hybrid_development
769,41,0,0,29,1,0,0,71,71,RF_POST_000769,රාජපක්ෂ පවුල ගැන ලෝකෙ විවිධ රටවල් වල පාසල් විෂය නිර්දේශයන්ට ඇතුළත් කරලා උගන්වනකොට ඉතිං කාටද ආඩම්බර 😊👍,False,sinhala,62f6f4bde11c53d4ad5ac1419ae5f991c4035760a153abcee85eaa53c44c7445,DUP_62f6f4bde11c53d4,1,False,71,4.276666119016055,0.5774647887323944,0.5384615384615384,0.0,0.0128205128205128,0.0,0.0128205128205128,0.4084507042253521,0.3846153846153846,0.0140845070422535,0.0256410256410256,0.0,0.0128205128205128,0.0,0.0128205128205128,like,0.5774647887323944,0.1690140845070422,neutral,0.5238802860619739,0.0,0.3817485691037467,True,0.0,0.0,neutral,0.0,reactionfusion_v1_provisional,train,approved,negative,negative,0.35686067631414475,False,False,0.523247001168842,0.04159142829803616,0.35686067631414475,0.20386439914606835,0.22474032737381325,0.21453459716597365,0.05634772146102869,0.18606616729855863,0.4904652311381462,0.0012820977769541727,0.317079105617338,0.9067397865661724,0.16737892769239954,0.6775994052032986,0.8119690047431641,0.2677756094994118,0.7689888827516411,"candidate=negative; anchor_balance=-0.006; mixed_evidence=0.042; strongest=anger=0.91, disgust=0.81",final_model,reactionfusion_v2_hybrid_development
772,91,18,2,4,0,0,0,115,115,RF_POST_000772,"""ලෝකයේ පාසල් වල උගන්වන්න ඕන රාජපක්ෂ පරම්පරාව ගැන ! කවදාවත්ම තමන්ගේ පවුල මේ තත්වයට පත්කර ගන්න එපා පුතේ කියලා.."" - නජිත් ඉන්දික -",False,sinhala,a732f4a4d06299218978fc207454a0486e16b54d4c53232678cc2745bd3c43f0,DUP_a732f4a4d0629921,2,True,115,4.7535901911063645,0.7913043478260869,0.7540983606557377,0.1565217391304348,0.1557377049180328,0.017391304347826,0.0245901639344262,0.0347826086956521,0.040983606557377,0.0,0.0081967213114754,0.0,0.0081967213114754,0.0,0.0081967213114754,like,0.7913043478260869,0.6347826086956522,positive,0.2569887953162845,0.3442525938718366,0.3406065313917081,True,0.1660869565217391,0.0,positive,1.0,reactionfusion_v1_provisional,train,approved,positive,positive,0.3588476416678295,False,False,0.4330168567190902,0.028394547981579685,0.1356339694990191,0.22509319250474638,0.3588476416678295,0.2804251963284049,0.8767123993790854,0.6435556672472654,0.04511979151881366,0.0008260470994486508,0.4730882396927314,0.0018045377846401193,0.2337443464558455,0.025022182215080808,0.12887579492002882,0.9135164401620127,0.1641017422945688,"candidate=positive; anchor_balance=0.153; mixed_evidence=0.028; strongest=approval=0.91, joy=0.88",final_model,reactionfusion_v2_hybrid_development
773,24,0,0,33,0,0,0,57,57,RF_POST_000773,"ට්රින්කො නේවිබේස් එකේ හැංගුනේ, එයාපෝට් වල ට්රැවල් විත් වයිෆ් කරේ, එකෙක් ක්ෂණිකව අමෙරිකාවට පැන්නේ ඒ එයාලගෙ පවුලේ අය නෙමෙයි.🥴🤌",False,sinhala,e18aa7c42f1d2ed18bc3e9b27a152f0a35f4f92204bef52aa9cef853a142a045,DUP_e18aa7c42f1d2ed1,2,True,57,4.060443010546419,0.4210526315789473,0.390625,0.0,0.015625,0.0,0.015625,0.5789473684210527,0.53125,0.0,0.015625,0.0,0.015625,0.0,0.015625,haha,0.5789473684210527,0.1578947368421052,neutral,0.4590454241590118,0.0,0.3497743655954982,True,0.0,0.0,neutral,0.0,reactionfusion_v1_provisional,train,approved,mixed,mixed,0.3401948693437218,False,True,0.5283546550529709,0.05118435720825655,0.29503966924688074,0.14877210817615572,0.21599335323324176,0.3401948693437218,0.08410520900834757,0.3975328951242902,0.795972981927186,0.0020504800223302678,0.5141244402664362,0.8681944901081278,0.06975793306925088,0.6270423319751798,0.7432160227648151,0.43992683950357636,0.813530518250494,"candidate=mixed; anchor_balance=-0.007; mixed_evidence=0.051; strongest=anger=0.87, sarcasm=0.81",final_model,reactionfusion_v2_hybrid_development
774,42,15,0,0,0,0,0,57,57,RF_POST_000774,"🔴 ගාල්ල,මහනුවර සහ යාපනය නගර ආශ්රිත ධාවනය සඳහා තවත් metro bus රථ 50ක් මිලදී ගැනීමට කැබිනට් අනුමැතිය ✅",False,mixed,8ca127474eecaa152d823d32d4e7d34217b6d36a61089ee9fddee3aeb9cfbd08,DUP_8ca127474eecaa15,1,False,57,4.060443010546419,0.7368421052631579,0.671875,0.2631578947368421,0.25,0.0,0.015625,0.0,0.015625,0.0,0.015625,0.0,0.015625,0.0,0.015625,like,0.7368421052631579,0.4736842105263157,positive,0.2694721310148092,0.4650449499164992,0.2961771529053099,True,0.2631578947368421,0.0,positive,1.0,reactionfusion_v1_provisional,train,approved,positive,positive,0.36409417919682846,False,False,0.4823858776438458,0.06029823470548072,0.09029070737234303,0.290295338865873,0.36409417919682846,0.2553197745649556,0.9116450377018123,0.5371945692873912,0.19062815738960773,6.525060079800031e-05,0.20490754743092893,3.70284030491894e-05,0.010055786348480466,0.002038124792454807,0.0041836238280696224,0.835981556161953,0.04319224262227309,"candidate=positive; anchor_balance=0.227; mixed_evidence=0.060; strongest=joy=0.91, approval=0.84",final_model,reactionfusion_v2_hybrid_development
775,79,0,0,101,0,0,0,180,180,RF_POST_000775,ලක්ෂ 178ක් අල්මාරියේ අමතක කරලා පැනල ගියේ ඉස්සරහ දොරෙන් වෙන්න ඇති 🥴🤌,False,sinhala,0025753c5293587d6df33cb98ccadcba4e0d404522042196a77d783c10effbd4,DUP_0025753c5293587d,1,False,180,5.198497031265826,0.4388888888888889,0.427807486631016,0.0,0.0053475935828877,0.0,0.0053475935828877,0.5611111111111111,0.5454545454545454,0.0,0.0053475935828877,0.0,0.0053475935828877,0.0,0.0053475935828877,haha,0.5611111111111111,0.1222222222222222,neutral,0.6577038546239353,0.0,0.3523591965843861,True,0.0,0.0,neutral,0.0,reactionfusion_v1_provisional,train,approved,negative,negative,0.3168073203834678,False,False,0.42845368411266876,0.01420541626469811,0.3168073203834678,0.16019665163451902,0.2069124889135529,0.3160835390684603,0.08320527062760637,0.35707662546476093,0.8032790100050237,0.015171947347508595,0.5101980508318806,0.9167741358193829,0.3133378206734703,0.5185289754760173,0.6784613760020899,0.5055172023105469,0.8597435542587556,"candidate=negative; anchor_balance=-0.002; mixed_evidence=0.014; strongest=anger=0.92, sarcasm=0.86",final_model,reactionfusion_v2_hybrid_development
776,401,140,10,5,1,0,0,557,557,RF_POST_000776,🔴 අල්ලස් කොමිසමේ කොමසාරිස්වරයෙකුගේ අත්සනක් නෑ කියා ඉවත දැමූ ජොන්ස්ටන්ගේ නඩු හතක් යළි අසයි ✅,False,sinhala,7fe6613dcd1e8de59d78c8b4bce8c8c5631607597cbf33d6a4befe6d2717e2e7,DUP_7fe6613dcd1e8de5,2,True,557,6.324358962381311,0.7199281867145422,0.7127659574468085,0.2513464991023339,0.25,0.0179533213644524,0.0195035460992907,0.0089766606822262,0.0106382978723404,0.0017953321364452,0.0035460992907801,0.0,0.00177304964539,0.0,0.00177304964539,like,0.7199281867145422,0.4685816876122082,positive,0.3794164535110984,0.4640131981441865,0.3646070234861666,False,0.2612208258527828,0.0,positive,1.0,reactionfusion_v1_provisional,train,approved,positive,positive,0.3643081003008422,False,False,0.3882556778754285,0.00550717273582168,0.1598915862145594,0.21943860018482886,0.3643081003008422,0.2563617132997695,0.8492451412732962,0.8030509072608107,0.06944200402557953,0.00516308137592772,0.12183752952053054,0.0014545731513854107,0.5891002999222033,0.007953438648970936,0.2854946144482989,0.9462488063646424,0.36139338165401363,"candidate=positive; anchor_balance=0.257; mixed_evidence=0.006; strongest=approval=0.95, joy=0.85",final_model,reactionfusion_v2_hybrid_development
778,32,4,0,15,0,0,0,51,51,RF_POST_000778,"ඇයි අපිට බැරි පොඩි දූපතක් වෙන් කරලා නාමල් ජනාධිපති, ඉරාජ් අගමැති කරලා යූරියා සමන්ත ඉත්තෑකන්ද ඇතුළු අවශේෂ බයිරැල පදිංචි කරලා මේ කරුමෙන් බේරෙන්න 🥹",False,sinhala,954cf3c3ab9b730f02f0a19842227461b1c9a74fafc240cfaa78342aa18897ac,DUP_954cf3c3ab9b730f,1,False,51,3.951243718581428,0.6274509803921569,0.5689655172413793,0.0784313725490196,0.0862068965517241,0.0,0.0172413793103448,0.2941176470588235,0.2758620689655172,0.0,0.0172413793103448,0.0,0.0172413793103448,0.0,0.0172413793103448,like,0.6274509803921569,0.3333333333333333,positive,0.1104263405858354,0.2211088064489401,0.4378577913173554,True,0.0784313725490196,0.0,positive,1.0,reactionfusion_v1_provisional,train,approved,positive,positive,0.32990001426875604,False,False,0.5999527105266715,0.08275209800367883,0.16059041610916552,0.19551643603157803,0.32990001426875604,0.31399313359050024,0.8859416986888641,0.7749017124875683,0.3606381658608994,0.00018623785303128803,0.43498427049030897,0.005230236652517403,0.010601133902358369,0.14447164192870224,0.05729598315563896,0.8093893433161435,0.33462775586725385,"candidate=positive; anchor_balance=0.061; mixed_evidence=0.083; strongest=joy=0.89, approval=0.81",final_model,reactionfusion_v2_hybrid_development
779,581,7,1,27,92,11,146,865,865,RF_POST_000779,"🔴 ඇමැති ධුරයේ සිටි වසර 2 තුල මර්වින් සිල්වාට මිලියන 600ක වත්කම්, ස්ථාවර තැන්පතු 10ක කෝටි 18ක් !! – අල්ලස් කොමිසම අධිකරණයට කියයි.",False,sinhala,2b09eaeb972c35af6fd1a4ddbd0790a73c143bf673ecd73493b42e6ad2254d49,DUP_2b09eaeb972c35af,2,True,865,6.763884908562435,0.6716763005780347,0.6674311926605505,0.0080924855491329,0.0091743119266055,0.0011560693641618,0.0022935779816513,0.0312138728323699,0.0321100917431192,0.1063583815028901,0.1066513761467889,0.0127167630057803,0.0137614678899082,0.16878612716763,0.1685779816513761,like,0.6716763005780347,0.5028901734104047,negative,0.255129957768859,-0.3453210284935993,0.5223606757659465,True,0.0087283236994219,0.1815028901734104,negative,-0.9082345791552718,reactionfusion_v1_provisional,train,approved,negative,negative,0.487435360368595,False,False,0.5319170804898453,0.022203878130539416,0.487435360368595,0.38191906950375465,0.06730559629900365,0.06333997382864659,2.9007395848621625e-07,8.844559400313125e-13,0.00010236095752160094,0.9991551782365947,1.1188088541066205e-10,0.2416093787074114,4.9871164573267634e-11,2.722532627484967e-14,0.005590509343955297,2.7868405318641563e-13,4.1158712117742746e-05,"candidate=negative; anchor_balance=-0.172; mixed_evidence=0.022; strongest=surprise=1.00, anger=0.24",final_model,reactionfusion_v2_hybrid_development
783,356,67,0,65,0,2,0,490,490,RF_POST_000783,"🔴 අද බුද්ධි තක්සේරු වාර්තාව නිසා පෙරහැරේ කාවඩි නතර කරා, එදා බුද්ධි අංශ වාර්ථා පිළිගත්තා නම් අදටත් මිනිස්සු 270+ ජීවත් වෙනවා !",False,sinhala,ee86ca540c33a295a656074f4d65bc9bba246b55c6626e62ef625117c8bd3118,DUP_ee86ca540c33a295,2,True,490,6.19644412779452,0.726530612244898,0.7183098591549296,0.136734693877551,0.1368209255533199,0.0,0.0020120724346076,0.1326530612244898,0.1327967806841046,0.0,0.0020120724346076,0.0040816326530612,0.0060362173038229,0.0,0.0020120724346076,like,0.726530612244898,0.5897959183673469,positive,0.2474735668565731,0.3109794581662263,0.408336731422446,True,0.136734693877551,0.0040816326530612,positive,0.9420289855072465,reactionfusion_v1_provisional,train,approved,mixed,mixed,0.3096232738123589,False,True,0.43487793664050545,0.014000094539734583,0.16497878053403875,0.2175984065090092,0.30779953914459324,0.3096232738123589,0.9401770835862154,0.8017597155697357,0.02973942623770648,0.013091465579168857,0.34615856521106125,0.0030872468625572948,0.3693316717095914,0.01805032136575084,0.25289469025033584,0.9121023503536256,0.41173574223707365,"candidate=mixed; anchor_balance=0.130; mixed_evidence=0.014; strongest=joy=0.94, approval=0.91",final_model,reactionfusion_v2_hybrid_development
784,111,2,0,140,2,0,0,255,255,RF_POST_000784,"ලංකාවේ නිළියන්ට අසීරු කාලයක් ! නොමිලේ aus, eng, nz වගේ ටුවර් ගිහින් මැච් බලපු සැප ගත්තු කාලෙ ඉවරයි 🥹",False,mixed,3c09b0ca233af69ccdce7e2b8ca39987a2826bbb932e088c5f30e44a922dcb5d,DUP_3c09b0ca233af69c,1,False,255,5.545177444479562,0.4352941176470588,0.4274809160305343,0.0078431372549019,0.0114503816793893,0.0,0.0038167938931297,0.5490196078431373,0.5381679389312977,0.0078431372549019,0.0114503816793893,0.0,0.0038167938931297,0.0,0.0038167938931297,haha,0.5490196078431373,0.1137254901960784,neutral,0.535163940705523,0.0273184860154127,0.3943148506145422,True,0.0078431372549019,0.0,positive,1.0,reactionfusion_v1_provisional,train,approved,negative,negative,0.3508531541102114,False,False,0.4434188874924113,0.01353950801503546,0.3508531541102114,0.2098470014106848,0.21572757735261283,0.22357226712649095,0.09220201129359122,0.3061790737544722,0.7988752932455649,0.015880905592366417,0.34755274172678957,0.8732792600448098,0.29779216902984434,0.3382930657253811,0.6696586394930699,0.41569739638131037,0.8557692513198264,"candidate=negative; anchor_balance=0.006; mixed_evidence=0.014; strongest=anger=0.87, sarcasm=0.86",final_model,reactionfusion_v2_hybrid_development
785,153,73,3,0,0,0,0,229,229,RF_POST_000785,"සැප්තැම්බර් වන විට 122ක්, 2027දී 272ක් > 2029 වන විට 500ක් ❤️🔥 2032-2035 වන විට මුළු ලංකාවේම නාගරික ප්රවාහනය මෙට්රෝ බස් රථ මඟින් ආවරණය කෙරේ ✅",False,sinhala,b6bd3664db7b5a78e6acaf70a0f13593bb6db8e91102de02978b505ae8c14b88,DUP_b6bd3664db7b5a78,2,True,229,5.438079308923196,0.6681222707423581,0.652542372881356,0.3187772925764192,0.3135593220338983,0.0131004366812227,0.0169491525423728,0.0,0.0042372881355932,0.0,0.0042372881355932,0.0,0.0042372881355932,0.0,0.0042372881355932,like,0.6681222707423581,0.3493449781659388,positive,0.429619219598358,0.5277260744306106,0.3549398474216471,False,0.3259825327510917,0.0,positive,1.0,reactionfusion_v1_provisional,train,approved,positive,positive,0.40697748235340586,False,False,0.41313857936136816,0.014004697605470106,0.10365971646716302,0.20659118376636196,0.40697748235340586,0.2827716174130691,0.9346382630620478,0.9308121736513766,0.13252419771159138,0.0008632766317436888,0.11075515755184767,0.00038218161787617497,0.31104307878073206,0.0061296806120424135,0.09176691305325839,0.9733045115364033,0.2275487767711598,"candidate=positive; anchor_balance=0.314; mixed_evidence=0.014; strongest=approval=0.97, joy=0.93",final_model,reactionfusion_v2_hybrid_development
787,227,115,5,0,1,0,0,348,348,RF_POST_000787,🚨 මියගිය බන්ධනාගාර නිලධාරීන්ට රුපියල් කෝටිය බැගින් වන්දි ලබාදේ. තවද වයස අවු. 55 දක්වා මාසික වැටුප් සහ 55 න් පසුව විශ්රාම වැටුපද හිමිවේ.,False,sinhala,5d756716e39ac3f08eadc0171f47ab84b46a038ffd985b468836b10cca0b52e3,DUP_5d756716e39ac3f0,1,False,348,5.855071922202427,0.6522988505747126,0.6422535211267606,0.3304597701149425,0.3267605633802817,0.014367816091954,0.0169014084507042,0.0,0.0028169014084507,0.0028735632183908,0.0056338028169014,0.0,0.0028169014084507,0.0,0.0028169014084507,like,0.6522988505747126,0.3218390804597701,positive,0.4383141012213358,0.5387262059057162,0.3712301572657855,False,0.3383620689655172,0.0,positive,1.0,reactionfusion_v1_provisional,train,approved,positive,positive,0.4378904299358613,False,False,0.4098993574571586,0.00923716861875287,0.12009872903103039,0.21366863799823707,0.4378904299358613,0.22834220303487118,0.9173803852929986,0.8974894101368053,0.14491736483609702,0.0014578828596702243,0.05547754365553044,0.000386478410131589,0.4647694284484225,0.0042268718929535124,0.09563978357266296,0.9619780640131634,0.2433957329528251,"candidate=positive; anchor_balance=0.330; mixed_evidence=0.009; strongest=approval=0.96, joy=0.92",final_model,reactionfusion_v2_hybrid_development
788,111,3,0,29,0,0,0,143,143,RF_POST_000788,"දන්න අපරාධ රහස් හංඟගන මෝඩයෙක් වගේ මැරෙන්නෙ නැතුව, ඒ ඔක්කොම social media platform එකකට upload වෙන්න schedule කරලා මැරියල්ලා 😅👍",False,mixed,e753e79d205222f968677b335cc3f505a95a9b227d4a5967cb15af678ac6eaad,DUP_e753e79d205222f9,1,False,143,4.969813299576001,0.7762237762237763,0.7466666666666667,0.0209790209790209,0.0266666666666666,0.0,0.0066666666666666,0.2027972027972027,0.2,0.0,0.0066666666666666,0.0,0.0066666666666666,0.0,0.0066666666666666,like,0.7762237762237763,0.5734265734265734,neutral,0.317992129976815,0.0581552339453774,0.3089913107681284,True,0.0209790209790209,0.0,positive,1.0,reactionfusion_v1_provisional,train,approved,uncertain,negative,0.2920993572825864,True,True,0.39584671707867647,0.021111824910862748,0.2920993572825864,0.18812941957942644,0.23522843217126124,0.2845427909667259,0.2692874493275301,0.3042657893175817,0.033727858378443956,0.005189611995635161,0.6132598763159974,0.4517361995852959,0.6025487136205319,0.4289829928675663,0.5686182547563967,0.5699301118038198,0.46152584961949605,"candidate=negative; anchor_balance=0.017; mixed_evidence=0.021; strongest=sadness=0.61, care_empathy=0.60",final_model,reactionfusion_v2_hybrid_development
789,208,0,0,1,7,93,1,310,310,RF_POST_000789,🚨 පාස්කු ප්රහාරයට අදාලව ඉතා තීරණාත්මක සාක්ෂියක් ලබා දුන් හිටපු පොලිස්පති සී.ඩී. වික්රමරත්න වෙඩි වැදී අභිරහස් අයුරින් මිය යයි !,False,sinhala,4703be82d65f1b3d778f8f055013e8f0554e2a26773b0973d57196521b6204e7,DUP_4703be82d65f1b3d,2,True,310,5.739792912179234,0.6709677419354839,0.6593059936908517,0.0,0.0031545741324921,0.0,0.0031545741324921,0.0032258064516129,0.0063091482649842,0.0225806451612903,0.0252365930599369,0.3,0.2965299684542586,0.0032258064516129,0.0063091482649842,like,0.6709677419354839,0.3709677419354839,negative,0.4082156651001507,-0.5069391548899925,0.386213448999504,False,0.0,0.3032258064516129,negative,-1.0,reactionfusion_v1_provisional,train,approved,neutral,neutral,0.506296748670628,False,False,0.4256215871794418,0.008324460064708326,0.2464598368790008,0.506296748670628,0.1656621870611491,0.08158122738922204,0.1415387955489743,0.002228848647763491,0.0008558196154486697,0.9793008059059113,0.017670756694562438,0.005160826521901153,0.018091314423128564,0.0953469913227905,0.005207179318211504,0.003784576113098362,0.00984048505874417,"candidate=neutral; anchor_balance=-0.298; mixed_evidence=0.008; strongest=surprise=0.98, joy=0.14",final_model,reactionfusion_v2_hybrid_development
791,216,93,4,0,0,0,0,313,313,RF_POST_000791,"🔴 කෙහෙලිය සමයේදී ගෙන්වූ බාල බෙහෙත් නිසා පෙනීම අහිමි වූ, පෙනීම දුර්වල වූ 21 දෙනෙක්ට රුපියල් මිලියනය බැගින් වන්දි ලබා දෙයි.",False,sinhala,d96230b4a2e4060c8793067a0afff776ec7ea06e3261d13ac77f549fd93a3a5b,DUP_d96230b4a2e4060c,2,True,313,5.749392985908253,0.6900958466453674,0.678125,0.2971246006389776,0.29375,0.0127795527156549,0.015625,0.0,0.003125,0.0,0.003125,0.0,0.003125,0.0,0.003125,like,0.6900958466453674,0.3929712460063898,positive,0.4183834620587347,0.5067160318323187,0.3454850425823729,False,0.3041533546325878,0.0,positive,1.0,reactionfusion_v1_provisional,train,approved,positive,positive,0.3785967988040932,False,False,0.3907363315925328,0.00976840828981332,0.124993670323372,0.20708590171761582,0.3785967988040932,0.289323629154919,0.908325291900408,0.9034536315283765,0.09450130048862816,0.001657258208281372,0.1205694016672376,0.0008190306924070505,0.44524383969039455,0.007049940311911662,0.19495645420010543,0.9658200667935932,0.31966225215089417,"candidate=positive; anchor_balance=0.296; mixed_evidence=0.010; strongest=approval=0.97, joy=0.91",final_model,reactionfusion_v2_hybrid_development
794,367,81,0,41,7,0,0,496,496,RF_POST_000794,🚨 ෂැංග්රීලා ඉඩමට මහින්ද රාජපක්ෂ ඩොලර් ලක්ෂ 50ක අල්ලසක් අරන් ! චෝදනාව ගැන අල්ලස් කොමිසමට පැමිණිල්ලක් !,False,sinhala,8c7bc8cb34f90c13f3eca84491a4da3cfae019eb3d10d8c7e0f587ed0201d1a8,DUP_8c7bc8cb34f90c13,1,False,496,6.208590026096629,0.7399193548387096,0.731610337972167,0.1633064516129032,0.1630218687872763,0.0,0.0019880715705765,0.0826612903225806,0.0834990059642147,0.0141129032258064,0.0159045725646123,0.0,0.0019880715705765,0.0,0.0019880715705765,like,0.7399193548387096,0.5766129032258065,positive,0.2827872802343913,0.3542578389903713,0.4034160569037992,True,0.1633064516129032,0.0,positive,1.0,reactionfusion_v1_provisional,train,approved,positive,positive,0.37738753728410523,False,False,0.4289096707732666,0.0068216249824774,0.21562125762549544,0.3385432942980963,0.37738753728410523,0.06844791079230297,0.8760871713037653,0.1758592759194026,0.03830408741494456,0.007936090747564083,0.06899027643682952,0.001502436267157863,0.5519051077588132,0.0027924867892345196,0.14530153934437942,0.5702266982562855,0.25463907216312964,"candidate=positive; anchor_balance=0.160; mixed_evidence=0.007; strongest=joy=0.88, approval=0.57",final_model,reactionfusion_v2_hybrid_development
795,1349,819,50,149,1,1,0,2369,2369,RF_POST_000795,🔴2022.04.12 - 🇱🇰 නිල වශයෙන් බංකොළොත් බව ප්රකාශ කරා. 🔴2026.07.01 - 🇱🇰 නිල වශයෙන් ඉහල මැදි ආදායම් ලබන රටක් බවට ප්රකාශ කරා.✅,False,sinhala,c0a79f04eb1d383084fb3984b131715a6203bd67ed674c07fe41796aea70db13,DUP_c0a79f04eb1d3830,2,True,2369,7.770645234129176,0.5694385816800338,0.5681818181818182,0.3457154917686788,0.3451178451178451,0.0211059518784297,0.0214646464646464,0.0628957365977205,0.0631313131313131,0.0004221190375685,0.0008417508417508,0.0004221190375685,0.0008417508417508,0.0,0.0004208754208754,like,0.5694385816800338,0.223723089911355,positive,0.4401499364215703,0.5822534503127794,0.488115661023126,False,0.3573237653018151,0.0004221190375685,positive,0.9976401179941002,reactionfusion_v1_provisional,train,approved,positive,positive,0.4664721704748725,False,False,0.49355205352000364,0.002492687138989917,0.11509152941085342,0.19139640596987648,0.4664721704748725,0.22703989414439768,0.9721690649462117,0.9908111588266865,0.23023874807144373,0.013896784543844659,0.01951302347216559,9.213833208119654e-05,0.2998624150290271,0.002679131432839811,0.043642807114151985,0.9904811247127482,0.2957018674022303,"candidate=positive; anchor_balance=0.356; mixed_evidence=0.002; strongest=affection=0.99, approval=0.99",final_model,reactionfusion_v2_hybrid_development
797,55,10,0,17,0,0,0,82,82,RF_POST_000797,ජනාධිපති වැය ශීර්ෂය යටතේ ඇති මුදල් අවභාවිතා කල බවට චෝදනා ලැබූ නන්දසේන ගෝඨාභයගේ හිටපු පුද්ගලික ලේකම් සුගීෂ්වර බණ්ඩාර ලබන 8 දක්වා යළි රිමාන්ඩ් 😅,False,sinhala,4f02f4e321c153d5cfb20cd893ca1c151dae63fd42ec2e16e7857674c67a8cc3,DUP_4f02f4e321c153d5,2,True,82,4.418840607796598,0.6707317073170732,0.6292134831460674,0.1219512195121951,0.1235955056179775,0.0,0.0112359550561797,0.2073170731707317,0.2022471910112359,0.0,0.0112359550561797,0.0,0.0112359550561797,0.0,0.0112359550561797,like,0.6707317073170732,0.4634146341463415,positive,0.1939303010650893,0.3079063629850991,0.437171911703468,True,0.1219512195121951,0.0,positive,1.0,reactionfusion_v1_provisional,train,approved,positive,positive,0.3514995549959916,False,False,0.5523853012254526,0.0496526113461081,0.12553789787146247,0.19970900086364154,0.3514995549959916,0.32325354626890446,0.977972118127096,0.8667203658416507,0.13953482939206985,0.0004980678112408665,0.4004250624868609,0.0007638155412079858,0.031694954542853294,0.03408892331238457,0.031212556337317676,0.9111831309820091,0.20361118906692913,"candidate=positive; anchor_balance=0.107; mixed_evidence=0.050; strongest=joy=0.98, approval=0.91",final_model,reactionfusion_v2_hybrid_development
798,1372,12,1,1058,6,2,0,2451,2451,RF_POST_000798,"මිහින්තලේ වනචාරියා යකා නටන්නේ පොසොන් උත්සවයට අදාලව රජයෙන් දෙන ලක්ෂ 50 උගෙ අතට නොදී ප්රාදේශීය ලේකම්ට දීපු නිසාලු, නේද ! 😂🖐️",False,sinhala,3217630410e4d3388d42be0339c26a0ebea2bac8fb3cdfa903d3d70ca08f7aa0,DUP_3217630410e4d338,2,True,2451,7.804659297056102,0.5597715218278254,0.5585842148087876,0.0048959608323133,0.0052888527257933,0.0004079967360261,0.000813669650122,0.4316605467156262,0.4308380797396257,0.0024479804161566,0.0028478437754271,0.0008159934720522,0.001220504475183,0.0,0.000406834825061,like,0.5597715218278254,0.1281109751121991,neutral,0.6089617428894323,0.0140044741478059,0.3788395040113708,True,0.0051203590371277,0.0008159934720522,positive,0.7250859106529209,reactionfusion_v1_provisional,train,approved,negative,negative,0.3796295563696347,False,False,0.3852367486062053,0.002507643603620539,0.3796295563696347,0.28084121093500786,0.1686383152705995,0.17089091742475787,0.023417530572189062,0.13963522835248948,0.6634132636863663,0.1785836899769542,0.20106757893683397,0.8535881019317921,0.42456695020564256,0.2234234625314934,0.5303235735328248,0.3281480915655745,0.8762967436493552,"candidate=negative; anchor_balance=0.004; mixed_evidence=0.003; strongest=sarcasm=0.88, anger=0.85",final_model,reactionfusion_v2_hybrid_development
799,191,96,10,3,0,0,0,300,300,RF_POST_000799,"යකෝ මිනිස්සු මෙච්චර love කරන්නේ metro bus 10කට, අගොස්තුවේ තව 104ක් දැම්මම සහ පසුව ක්රමිකව වෙනත් නගර වලට ව්යාප්ත වෙද්දි 🤩❤️🔥",False,mixed,e554a9b33779dcd1de618945816681ab110e44bdcea7eaba52f68c84613ebe4e,DUP_e554a9b33779dcd1,2,True,300,5.707110264748875,0.6366666666666667,0.6254071661237784,0.32,0.3159609120521172,0.0333333333333333,0.0358306188925081,0.01,0.013029315960912,0.0,0.003257328990228,0.0,0.003257328990228,0.0,0.003257328990228,like,0.6366666666666667,0.3166666666666666,positive,0.4269047434262972,0.5407124705357014,0.417030908957583,False,0.3383333333333333,0.0,positive,1.0,reactionfusion_v1_provisional,train,approved,positive,positive,0.4503474484115374,False,False,0.45704169559821317,0.011909881318520214,0.10013154676906907,0.18484981503830963,0.4503474484115374,0.2646711897810838,0.9475557830545832,0.9759199294293663,0.21846093542670278,0.0011420358301291325,0.11171784399009063,0.00022470227706681805,0.32758223298481826,0.01104946933925817,0.05006495119637383,0.9910636350285866,0.15671052903205457,"candidate=positive; anchor_balance=0.329; mixed_evidence=0.012; strongest=approval=0.99, affection=0.98",final_model,reactionfusion_v2_hybrid_development
801,53,0,0,99,0,0,0,152,152,RF_POST_000801,පත්තු කොකා වෙනුවෙන් පැයක් ඇතුළත පෝස්ට් 5යි 😂👍,False,sinhala,04cbee4b55ff357295e5a8823c558ed52f84b296832e5aead69846e45478033a,DUP_04cbee4b55ff3572,1,False,152,5.030437921392435,0.3486842105263157,0.3396226415094339,0.0,0.0062893081761006,0.0,0.0062893081761006,0.6513157894736842,0.6289308176100629,0.0,0.0062893081761006,0.0,0.0062893081761006,0.0,0.0062893081761006,haha,0.6513157894736842,0.3026315789473684,neutral,0.6342853667258991,0.0,0.3323012148364876,True,0.0,0.0,neutral,0.0,reactionfusion_v1_provisional,train,approved,negative,negative,0.31808481336327454,False,False,0.4202770890922874,0.016388163222466556,0.31808481336327454,0.1827163382599648,0.2028062506267769,0.29639259774998383,0.07489194399094563,0.34509810132907087,0.7603764688536666,0.03087629046161402,0.546806075131247,0.9078916583458919,0.32708670067302326,0.29551627956864257,0.7680598666626147,0.41812561949925875,0.804782937865604,"candidate=negative; anchor_balance=-0.003; mixed_evidence=0.016; strongest=anger=0.91, sarcasm=0.80",final_model,reactionfusion_v2_hybrid_development
802,27,0,2,207,0,0,0,236,236,RF_POST_000802,#Iraj උඹට අසනීප මොකුත් තියනවද ? 🤷♂️👀,False,mixed,38cb3313cd5767b03e9692f51efc37734c8a27803e5672f470be6e907395accd,DUP_38cb3313cd5767b0,1,False,236,5.468060141135132,0.1144067796610169,0.1152263374485596,0.0,0.0041152263374485,0.0084745762711864,0.0123456790123456,0.8771186440677966,0.8559670781893004,0.0,0.0041152263374485,0.0,0.0041152263374485,0.0,0.0041152263374485,haha,0.8771186440677966,0.7627118644067796,neutral,0.5020336057384168,0.0193059733805751,0.20733974654548,True,0.0046610169491525,0.0,positive,1.0,reactionfusion_v1_provisional,train,approved,negative,negative,0.3406184823524102,False,False,0.27071328693066626,0.008912371586194776,0.3406184823524102,0.22960173428688116,0.18891113217080405,0.24086865118990458,0.05726150700570489,0.24411486031203286,0.7170426028488882,0.20595499141449145,0.6028593219803202,0.8208210051556374,0.5295366463873846,0.0052700582031022375,0.8389188257568344,0.17449621350850436,0.6330892141615322,"candidate=negative; anchor_balance=0.003; mixed_evidence=0.009; strongest=disgust=0.84, anger=0.82",final_model,reactionfusion_v2_hybrid_development
803,179,3,0,220,0,0,0,402,402,RF_POST_000803,හරක් කටාගෙන් ලක්ෂ 1200ක කප්පමක් ගන්න හොඳයි ! හැබැයි දරුවෝ තුන්දෙනා ඉස්සරහ අත් අඩංගුවට පත් වෙන එක ලැජ්ජයි ! අනේ පලයන් චරිත් යන්න. 😸🖕,False,sinhala,064415d2e04eda8f59cac686212e26c89ad9cdec3745b235af406fe681baeb42,DUP_064415d2e04eda8f,2,True,402,5.998936561946683,0.445273631840796,0.4400977995110024,0.0074626865671641,0.0097799511002444,0.0,0.0024449877750611,0.5472636815920398,0.5403422982885085,0.0,0.0024449877750611,0.0,0.0024449877750611,0.0,0.0024449877750611,haha,0.5472636815920398,0.1019900497512437,neutral,0.5377914574690179,0.0259950898336816,0.3734555288297939,True,0.0074626865671641,0.0,positive,1.0,reactionfusion_v1_provisional,train,approved,negative,negative,0.3269298893273008,False,False,0.4100357571299407,0.0080202593081651,0.3269298893273008,0.19120919858275623,0.2085557759081652,0.27330513618177776,0.1124967400484584,0.3836447290863817,0.8202195934583555,0.03341582612212742,0.42891552575837294,0.8397331739794746,0.3171318494439179,0.3252305380596844,0.5431531055126666,0.5456007660030928,0.8700246590333889,"candidate=negative; anchor_balance=0.006; mixed_evidence=0.008; strongest=sarcasm=0.87, anger=0.84",final_model,reactionfusion_v2_hybrid_development
804,40,19,1,1,2,1,0,64,64,RF_POST_000804,🚨 නඳුන් චින්තකගෙන් (හරක් කටා) රු: ලක්ෂ 1200ක් අල්ලස් ලබා ගැනීමේ සිද්ධියකට අදාලව රඛිත රාජපක්ෂ සහ චරිත් අබේසිංහ අල්ලස් කොමිසමේ අත්අඩංගුවට.,False,sinhala,033e8d4b0e456af252c91b04fb07f2a58f2e202b16691dd7077075f7e5da7394,DUP_033e8d4b0e456af2,1,False,64,4.174387269895637,0.625,0.5774647887323944,0.296875,0.2816901408450704,0.015625,0.028169014084507,0.015625,0.028169014084507,0.03125,0.0422535211267605,0.015625,0.028169014084507,0.0,0.0140845070422535,like,0.625,0.328125,positive,0.2649348003580498,0.486716156761975,0.4920793766715217,True,0.30546875,0.015625,positive,0.902676399026764,reactionfusion_v1_provisional,train,approved,neutral,neutral,0.508177096414072,False,False,0.6009313775205353,0.10156586662318906,0.09596127577296619,0.508177096414072,0.3724007028187659,0.023460924994195945,0.8874087285473974,0.006512494460305316,0.7096384870385549,2.3106684652935645e-05,0.009546257514091959,3.5813795808839917e-07,0.03160858659073839,2.7106434806026708e-05,5.5466439969650834e-05,0.16495651138654846,0.0052566903657742204,"candidate=neutral; anchor_balance=0.255; mixed_evidence=0.102; strongest=joy=0.89, amusement=0.71",final_model,reactionfusion_v2_hybrid_development
806,58,19,2,3,1,0,0,83,83,RF_POST_000806,🚨 රාජ්ය ආයතන දෙකකින් වැටුප් ගත් සුගීශ්වර බණ්ඩාර හෙවත් අසූචි බණ්ඩාර මධ්යම අපරාධ විමර්ශන කොට්ඨාසයේ අත්අඩංගුවට 😸✅,False,sinhala,dc1d7b49dd61e39f5300aba513e579b22300aed0903dcfb79937e9e43f5b1113,DUP_dc1d7b49dd61e39f,2,True,83,4.430816798843313,0.6987951807228916,0.6555555555555556,0.2289156626506024,0.2222222222222222,0.0240963855421686,0.0333333333333333,0.036144578313253,0.0444444444444444,0.0120481927710843,0.0222222222222222,0.0,0.0111111111111111,0.0,0.0111111111111111,like,0.6987951807228916,0.4698795180722891,positive,0.2849907055487756,0.4503807517983569,0.437318845983657,True,0.2421686746987951,0.0,positive,1.0,reactionfusion_v1_provisional,train,approved,positive,positive,0.49200721699626904,False,False,0.5382583057448664,0.047845182732877016,0.11821721279350862,0.2855204484482578,0.49200721699626904,0.10425512176196439,0.945202826475189,0.30937873151270806,0.27893530403665046,0.00016402634837716558,0.10961040317987475,2.983119796007284e-05,0.046771898003901656,0.0019514000738423641,0.0029743678773560957,0.8388603700187841,0.02897186580745004,"candidate=positive; anchor_balance=0.218; mixed_evidence=0.048; strongest=joy=0.95, approval=0.84",final_model,reactionfusion_v2_hybrid_development
807,1587,500,26,59,9,3,0,2184,2184,RF_POST_000807,"""තුවාන් සුරේෂ් සලේට අදාළව අධිකරණයට ඉදිරිපත් කළ කරුණු පාස්කු ප්රහාරයට සෘජු ලෙස සම්බන්ධයි. "" - කොටුව මහේස්ත්රාත් කියයි ✅",False,sinhala,1ba31f0c6f6549eebe95dadde5695f5b3774a42ea589e75e501e5412ecd327a2,DUP_1ba31f0c6f6549ee,1,False,2184,7.68937110752969,0.7266483516483516,0.7247832040164308,0.2289377289377289,0.2286627110908261,0.0119047619047619,0.0123231401186672,0.027014652014652,0.0273847558192606,0.0041208791208791,0.0045641259698767,0.0013736263736263,0.0018256503879507,0.0,0.0004564125969876,like,0.7266483516483516,0.4977106227106227,positive,0.3536468310696298,0.4382829458211194,0.38621678328334,False,0.2354853479853479,0.0013736263736263,positive,0.988401314517688,reactionfusion_v1_provisional,train,approved,positive,positive,0.3380162981277287,False,False,0.39210962199649974,0.003579275417585575,0.21074838438537621,0.26455051887722303,0.3380162981277287,0.18668479860967213,0.7070471014930101,0.5747787195283416,0.054966946976394364,0.035590850204768605,0.05432096712148489,0.0016281413052518802,0.633900476232555,0.0032672920894533304,0.34443266180802123,0.8611436379180833,0.4618912852723,"candidate=positive; anchor_balance=0.233; mixed_evidence=0.004; strongest=approval=0.86, joy=0.71",final_model,reactionfusion_v2_hybrid_development
809,169,115,4,2,1,0,0,291,291,RF_POST_000809,ඉරාන - අමරිකා යුද්ධය නිල වශයෙන්ම අවසන් බව දෙරටින්ම නිවේදන නිකුත් කරයි. ♥️ #Baiyo_andana_News,False,mixed,5727daf7276c9ebb199267bc9fcdf016c78b2a80eb837d83a264ec7288df6564,DUP_5727daf7276c9ebb,2,True,291,5.676753802268282,0.5807560137457045,0.5704697986577181,0.3951890034364261,0.3892617449664429,0.0137457044673539,0.0167785234899328,0.0068728522336769,0.0100671140939597,0.0034364261168384,0.0067114093959731,0.0,0.0033557046979865,0.0,0.0033557046979865,like,0.5807560137457045,0.1855670103092783,positive,0.4733091388272085,0.5966119160041927,0.4086207418350381,False,0.4027491408934708,0.0,positive,1.0,reactionfusion_v1_provisional,train,approved,positive,positive,0.5041794920891622,False,False,0.44923396508253916,0.012059972216980916,0.08987817207143253,0.19104815054524898,0.5041794920891622,0.21489418529415627,0.9624685988491348,0.9653977853565564,0.2687345125532794,0.0006693412810076737,0.025628012992698786,9.26131975903532e-05,0.31335909055587885,0.00274916199859351,0.01998836188568623,0.9791009396864923,0.13657616047172608,"candidate=positive; anchor_balance=0.392; mixed_evidence=0.012; strongest=approval=0.98, affection=0.97",final_model,reactionfusion_v2_hybrid_development
810,112,37,5,3,0,0,0,157,157,RF_POST_000810,🚨 ව්යාජ ලේඛන ඉදිරිපත් කරමින් ගුවන් ගමන් බලපත්රයක් ලබා ගැනීම සම්බන්ධයෙන් ශෂී වීරවංශට බරපතල වැඩ ඇතිව වසර දෙකක සිරදඩුවමක් ✅,False,sinhala,c94759cf8e887c5287ebf6c672dfd8b56ae733bc7f48318536b9b482f466783a,DUP_c94759cf8e887c52,2,True,157,5.062595033026967,0.7133757961783439,0.6890243902439024,0.2356687898089172,0.2317073170731707,0.0318471337579617,0.0365853658536585,0.019108280254777,0.024390243902439,0.0,0.0060975609756097,0.0,0.0060975609756097,0.0,0.0060975609756097,like,0.7133757961783439,0.4777070063694267,positive,0.3511494781923778,0.4571194911439721,0.3941362277677859,False,0.2531847133757962,0.0,positive,1.0,reactionfusion_v1_provisional,train,approved,positive,positive,0.39560268562813455,False,False,0.46269420817920215,0.022570449179473276,0.10206744728453399,0.19815086261358417,0.39560268562813455,0.30417900447374735,0.9396020740710366,0.899683367519241,0.13984226684859524,0.0007259592543214055,0.3118259548181663,0.0003257270119640334,0.19548599593659863,0.014762830096019093,0.05180983003339142,0.9805350728954266,0.12468104446642052,"candidate=positive; anchor_balance=0.240; mixed_evidence=0.023; strongest=approval=0.98, joy=0.94",final_model,reactionfusion_v2_hybrid_development
811,77,32,3,0,1,0,0,113,113,RF_POST_000811,🚨 Breaking > සියලු චෝදනාවලට වරදකරු වූ සරණ ගුප්ත ගුණවර්ධනට ලක්ෂ 18ක දඩ සමගින් බරපතළ වැඩ සහිතව වසර 16ක සිරදඬුවම් ✅,False,mixed,fbe16c3c37fbdbfa7d4cfde9dbaf18102459e7408f97d4bbf539c4a3ded2f30f,DUP_fbe16c3c37fbdbfa,1,False,113,4.736198448394496,0.6814159292035398,0.65,0.2831858407079646,0.275,0.0265486725663716,0.0333333333333333,0.0,0.0083333333333333,0.0088495575221238,0.0166666666666666,0.0,0.0083333333333333,0.0,0.0083333333333333,like,0.6814159292035398,0.3982300884955752,positive,0.3591500674290204,0.4978003613099799,0.3889365488085883,False,0.297787610619469,0.0,positive,1.0,reactionfusion_v1_provisional,train,approved,positive,positive,0.49779456889598384,False,False,0.48117800374206876,0.03207853358280458,0.10441878539326505,0.2639663945208119,0.49779456889598384,0.13382025118993926,0.9188070592673099,0.5043879050880872,0.2885980281229138,0.00022455940096333067,0.08612595989330764,4.930640607587627e-05,0.12070938637827971,0.002066784112490529,0.005829542452683429,0.907226493178171,0.04170613406025386,"candidate=positive; anchor_balance=0.277; mixed_evidence=0.032; strongest=joy=0.92, approval=0.91",final_model,reactionfusion_v2_hybrid_development
812,49,24,1,6,0,0,0,80,80,RF_POST_000812,"වසරේ පළමු කාර්තුවේ අයවැය අතිරික්තය රුපියල් බිලියන 116 ක්, රාජ්ය ආදායම 40% කින් ඉහළට 🧭❤️🔥 අවශේෂ බයියන්ට ඇඬෙන නිව්ස් 😸",False,sinhala,409459e902b6b9b33ea081a954ed644d07686d76e2235046045bdf7d41225a52,DUP_409459e902b6b9b3,1,False,80,4.394449154672439,0.6125,0.5747126436781609,0.3,0.2873563218390804,0.0125,0.0229885057471264,0.075,0.0804597701149425,0.0,0.0114942528735632,0.0,0.0114942528735632,0.0,0.0114942528735632,like,0.6125,0.3125,positive,0.330770101333545,0.5410152672411515,0.4678985785785909,True,0.306875,0.0,positive,1.0,reactionfusion_v1_provisional,train,approved,positive,positive,0.39399893342284803,False,False,0.575644675540081,0.052932843727823545,0.07195239115838428,0.17851791768217617,0.39399893342284803,0.3555307577365916,0.9950638295598975,0.9652386478192875,0.39618146416273803,9.600200557158445e-05,0.1603684800078873,4.4334789142469765e-06,0.005629111037679346,0.0020532938287279143,0.0008265345180433852,0.9843063863131555,0.031979474796618536,"candidate=positive; anchor_balance=0.277; mixed_evidence=0.053; strongest=joy=1.00, approval=0.98",final_model,reactionfusion_v2_hybrid_development
814,814,412,49,7,1,3,1,1287,1287,RF_POST_000814,හදවතක් සහ කශේරුකාවක් ඇති පිරිමි හම්බවෙන “ ගැහැණු ලමයි” ඇත්තටම වාසනාවන්යි. ❤️🤗🌸,False,sinhala,9f92878253179b238d38f52e358f9f9e9bb6d2940ed82742db09ab887280e013,DUP_9f92878253179b23,2,True,1287,7.160845906664299,0.6324786324786325,0.6298299845440495,0.3201243201243201,0.3191653786707882,0.038073038073038,0.0386398763523956,0.0054390054390054,0.0061823802163833,0.0007770007770007,0.0015455950540958,0.0023310023310023,0.0030911901081916,0.0007770007770007,0.0015455950540958,like,0.6324786324786325,0.3123543123543124,positive,0.4211586523786425,0.5357514923172526,0.427783558530759,False,0.341064491064491,0.0031080031080031,positive,0.9819392707980584,reactionfusion_v1_provisional,train,approved,positive,positive,0.4211951391322668,False,False,0.4371757581995006,0.008108360275724895,0.1273463614408821,0.20130590163861986,0.4211951391322668,0.2501525977882312,0.8174829142147148,0.9664475874186287,0.21518426819056136,0.006997825534569598,0.05109757669145142,0.00038546936323468635,0.5204069137495569,0.007137155913332115,0.10393431801270935,0.9860172753612254,0.2533687362837343,"candidate=positive; anchor_balance=0.336; mixed_evidence=0.008; strongest=approval=0.99, affection=0.97",final_model,reactionfusion_v2_hybrid_development
817,553,70,17,2,0,133,0,775,775,RF_POST_000817,කවුරුම හරි මගේ ළග ඉන්න ඔනී කියලා මට දැනුණු හැම තැනකදීම මං හිටියේ තනියම🥺💔,False,sinhala,56d2558b26379ab8443147841cf6ab5a3b0af4938f29df7af957084f0ace0a5b,DUP_56d2558b26379ab8,1,False,775,6.654152520183219,0.7135483870967742,0.7084398976982097,0.0903225806451612,0.0907928388746803,0.0219354838709677,0.0230179028132992,0.0025806451612903,0.0038363171355498,0.0,0.0012787723785166,0.1716129032258064,0.1713554987212276,0.0,0.0012787723785166,like,0.7135483870967742,0.5419354838709678,negative,0.106939919721534,-0.137257590368768,0.4417628303722355,True,0.1023870967741935,0.1716129032258064,negative,-0.2526489286555216,reactionfusion_v1_provisional,train,approved,mixed,mixed,0.31796946362283757,False,True,0.4571052401167759,0.18915505844218503,0.28365929748956614,0.2518945004868329,0.14647673840076336,0.31796946362283757,0.12900091036554803,0.7725618043578514,0.12997181808556468,0.018936670505959093,0.9348911333026898,0.004459904768282655,0.8199941489427451,0.00012070493229885127,0.02263820191532484,0.6839196963983843,0.7729222910271845,"grouped_out_of_fold; candidate=mixed; mixed_evidence=0.189; strongest=sadness=0.93, care_empathy=0.82",grouped_out_of_fold,reactionfusion_v2_hybrid_development
818,366,73,10,2,2,15,0,468,468,RF_POST_000818,එකම කතාවක් ඇතුලේ දෙපාරක් අතරමං වෙන්න එපා.. 🙂💔,False,sinhala,2befe0c07cff2b778d1e45293c15d4d72037713bd283b6201d1726662677db10,DUP_2befe0c07cff2b77,1,False,468,6.150602768446279,0.782051282051282,0.7726315789473684,0.1559829059829059,0.1557894736842105,0.0213675213675213,0.0231578947368421,0.0042735042735042,0.0063157894736842,0.0042735042735042,0.0063157894736842,0.032051282051282,0.0336842105263157,0.0,0.0021052631578947,like,0.782051282051282,0.6260683760683761,positive,0.2228152611505363,0.2735165204971475,0.3705960662748107,True,0.1677350427350427,0.032051282051282,positive,0.679144385026738,reactionfusion_v1_provisional,train,approved,uncertain,mixed,0.2688331463079137,True,True,0.39432336766383125,0.05645050316029584,0.2336833058801877,0.24349186243631887,0.2539916853755797,0.2688331463079137,0.40562436605040214,0.6058770053082714,0.03824891212588481,0.003710047382020944,0.28465163257377857,0.0012381020645377268,0.8252201755143034,0.017247264576205783,0.29319325287843656,0.8790064622720483,0.3229218790667181,"grouped_out_of_fold; candidate=mixed; mixed_evidence=0.056; strongest=approval=0.88, care_empathy=0.83",grouped_out_of_fold,reactionfusion_v2_hybrid_development
820,254,133,36,0,0,1,0,424,424,RF_POST_000820,තාත්තාගෙන් පසු මා දුටු ශක්තිමත්ම චරිතය මගේ අයියා 👊❤️,False,sinhala,070fbad9b5840b78d38bc06f68303d399b6b999174edb7afa606da3300365c89,DUP_070fbad9b5840b78,1,False,424,6.052089168924417,0.5990566037735849,0.5916473317865429,0.3136792452830189,0.3109048723897912,0.0849056603773584,0.0858468677494199,0.0,0.0023201856148491,0.0,0.0023201856148491,0.0023584905660377,0.0046403712296983,0.0,0.0023201856148491,like,0.5990566037735849,0.285377358490566,positive,0.4197271068881708,0.5450634490503496,0.4595765791403268,False,0.360377358490566,0.0023584905660377,positive,0.9869960988296488,reactionfusion_v1_provisional,train,approved,positive,positive,0.5089522158597125,False,False,0.48906142383910156,0.013616559364429742,0.10597778616692963,0.1607053936717443,0.5089522158597125,0.22436460430161356,0.8885611568341178,0.9939387812907757,0.5569653792367121,0.0008881531340980533,0.15220990000831852,0.00010620329155417352,0.4959689534424238,0.025919369034887958,0.013298660328843595,0.9983397133266692,0.056037491812225365,"candidate=positive; anchor_balance=0.351; mixed_evidence=0.014; strongest=approval=1.00, affection=0.99",final_model,reactionfusion_v2_hybrid_development
821,854,523,109,0,0,1,0,1487,1487,RF_POST_000821,කාටහරි මොනවාහරි දීලා ඒ අයගෙ ඇස් වලට එන සතුට දකින එක මාර ලස්සන හැගීමක්! 🥺🤍🕊️,False,sinhala,3858cf095848bb9bc5467bde4049e04e41bcfb303157a1101a0ec500e1e3ddc0,DUP_3858cf095848bb9b,1,False,1487,7.305188215393037,0.574310692669805,0.572289156626506,0.351714862138534,0.3507362784471218,0.0733019502353732,0.073627844712182,0.0,0.000669344042838,0.0,0.000669344042838,0.0006724949562878,0.001338688085676,0.0,0.000669344042838,like,0.574310692669805,0.222595830531271,positive,0.4450356147487952,0.5755420246476269,0.4535078389060458,False,0.3920309347679893,0.0006724949562878,positive,0.9965750492336672,reactionfusion_v1_provisional,train,approved,positive,positive,0.5111637461546039,False,False,0.4637849095803763,0.0037251799966295284,0.11884012361322292,0.17241109352094228,0.5111637461546039,0.19758503671123082,0.793734321436832,0.9940132626423049,0.4850482488236158,0.0042653366105493955,0.036180900271938043,0.00017363117182652834,0.6304678607060508,0.015742512006047225,0.026643362316296652,0.9967099621482658,0.11056575089736613,"candidate=positive; anchor_balance=0.389; mixed_evidence=0.004; strongest=approval=1.00, affection=0.99",final_model,reactionfusion_v2_hybrid_development
822,146,2,6,231,1,3,0,389,389,RF_POST_000822,තාක්ෂණය කොච්චර දියුනු උනත් වැඩක් නෑ.. මගේ ෆෝන් එකට ගුඩ් නයිට් මගේ මැණික කියලා එන්නේ නෑනෙ 🥲👍,False,sinhala,9414dc6dad42b93338fa6cb7bb25215effccb516cc74c2cebcf6fbfea0990e12,DUP_9414dc6dad42b933,1,False,389,5.966146739123692,0.3753213367609254,0.3712121212121212,0.0051413881748071,0.0075757575757575,0.0154241645244215,0.0176767676767676,0.5938303341902313,0.5858585858585859,0.0025706940874035,0.005050505050505,0.0077120822622107,0.0101010101010101,0.0,0.0025252525252525,haha,0.5938303341902313,0.2185089974293059,neutral,0.5865968897607209,0.0209694306299639,0.4222085984399425,True,0.013624678663239,0.0077120822622107,positive,0.2771084337349398,reactionfusion_v1_provisional,train,approved,uncertain,mixed,0.30410601470580784,True,True,0.4510297418380698,0.02277927989081161,0.30069178793377954,0.17744153152949682,0.2177606658309158,0.30410601470580784,0.07420425820637508,0.48353125447338213,0.8522818143557238,0.05350411644265645,0.4971802817581193,0.7327980633446705,0.3136200363615524,0.3526229060408435,0.5196844414889203,0.5925272330939356,0.8000986779324304,"candidate=mixed; anchor_balance=0.005; mixed_evidence=0.023; strongest=amusement=0.85, sarcasm=0.80",final_model,reactionfusion_v2_hybrid_development
824,306,8,3,149,3,1,0,470,470,RF_POST_000824,ඔබ හඩනා විට සමාජ මාධ්ය භාවිතා නොකර ලෙන්සුවක් හෝ ටිෂූ එකක් භාවිතා කිරීම අගනේය 😬😬,False,sinhala,f6f20d87dec30f2b1383bcfae025b9629f61a740063a80d517d8de698d70b246,DUP_f6f20d87dec30f2b,1,False,470,6.154858094016418,0.6510638297872341,0.6436058700209644,0.0170212765957446,0.0188679245283018,0.0063829787234042,0.0083857442348008,0.3170212765957447,0.3144654088050314,0.0063829787234042,0.0083857442348008,0.002127659574468,0.0041928721174004,0.0,0.0020964360587002,like,0.6510638297872341,0.3340425531914893,neutral,0.3804295028315126,0.0550682408227716,0.406255358294386,True,0.020531914893617,0.002127659574468,positive,0.812206572769953,reactionfusion_v1_provisional,train,approved,negative,negative,0.33855894034714173,False,False,0.4308516625109718,0.010839035534867215,0.33855894034714173,0.221066545121706,0.2309960489052492,0.20937846562590312,0.16043285863732484,0.28881682177032714,0.2281071210386041,0.024169946861522122,0.37856563283699457,0.5376469136641271,0.5030239965206958,0.3433072487098291,0.46785642773525016,0.5557911531595787,0.6453089242198834,"candidate=negative; anchor_balance=0.017; mixed_evidence=0.011; strongest=sarcasm=0.65, approval=0.56",final_model,reactionfusion_v2_hybrid_development
825,354,49,14,130,6,27,1,581,581,RF_POST_000825,අන්තිම වතාවට එක පාරක් ඔයාට එයාව මුණගැහුනොත් ඔයා එයත් එක්ක කතා කරන්නේ මොනවද.. 🤔,False,sinhala,8a743a13ab3a6787ae39442be11554f2d60878e45c80b74596e1ceb99f05f382,DUP_8a743a13ab3a6787,1,False,581,6.366470447731438,0.6092943201376936,0.6037414965986394,0.0843373493975903,0.0850340136054421,0.0240963855421686,0.0255102040816326,0.2237521514629948,0.2227891156462585,0.0103270223752151,0.0119047619047619,0.0464716006884681,0.0476190476190476,0.0017211703958691,0.0034013605442176,like,0.6092943201376936,0.3855421686746988,positive,0.091058227062692,0.1285960239356212,0.5837968795023417,True,0.0975903614457831,0.0481927710843373,positive,0.3388429752066116,reactionfusion_v1_provisional,train,approved,positive,positive,0.33358648617882947,False,False,0.5958174838190845,0.12159540486103763,0.23527272542594474,0.18739711346228075,0.33358648617882947,0.24374367493294508,0.45225700256030954,0.7078266157373604,0.37504239041655674,0.009165895845556805,0.30671422174948937,0.0025833584411957974,0.5134239845962137,0.2407290119318467,0.17700785645078806,0.8721795547951021,0.6664078891725559,"grouped_out_of_fold; candidate=positive; mixed_evidence=0.122; strongest=approval=0.87, affection=0.71",grouped_out_of_fold,reactionfusion_v2_hybrid_development
826,472,153,52,0,0,0,0,677,677,RF_POST_000826,ඔබ අනෙක් දරුවන්ට ඔබේ දරුවාට වගෙ ආදරය කරන්න🤱 ඔබේ දරුවා සොබාදහමෙන්ම ආරක්ෂා කරාවි🤴👸 ❤️,False,sinhala,5d26c4031ec32b27f5e29274b5c37861292eaf4c09c9aa7c693f403ed7d0737e,DUP_5d26c4031ec32b27,1,False,677,6.519147287940395,0.6971935007385525,0.6915204678362573,0.2259970457902511,0.2251461988304093,0.0768094534711964,0.077485380116959,0.0,0.0014619883040935,0.0,0.0014619883040935,0.0,0.0014619883040935,0.0,0.0014619883040935,like,0.6971935007385525,0.4711964549483013,positive,0.3681734002156184,0.461157087483188,0.4032604283077796,False,0.2682422451994091,0.0,positive,1.0,reactionfusion_v1_provisional,train,approved,positive,positive,0.4092678689264506,False,False,0.4250592368341261,0.00497145306238744,0.14223588509675114,0.19026535764630087,0.4092678689264506,0.25823088833049745,0.736770936579863,0.9571457769213659,0.24487294840061594,0.0035768962492858268,0.23502252729926526,0.0006596822661787215,0.6410346705831916,0.03381654578172645,0.077789580444032,0.9926814204620074,0.12386703567755464,"candidate=positive; anchor_balance=0.265; mixed_evidence=0.005; strongest=approval=0.99, affection=0.96",final_model,reactionfusion_v2_hybrid_development
827,396,255,65,0,0,3,1,720,720,RF_POST_000827,තාත්තගේ හයියෙන් තමයි.. ජීවිතේ හැම අඩියක්ම ඉස්සරහට තිබ්බේ.. 🥺❤️🙏,False,sinhala,f72c83b34c3827763411a498f36aeff0e4a26d413788ddd49f8d7ddb27614861,DUP_f72c83b34c382776,1,False,720,6.580639137284949,0.55,0.546079779917469,0.3541666666666667,0.3521320495185694,0.0902777777777777,0.0907840440165062,0.0,0.0013755158184319,0.0,0.0013755158184319,0.0041666666666666,0.0055020632737276,0.0013888888888888,0.0027510316368638,like,0.55,0.1958333333333333,positive,0.4356698907674736,0.5754825672223044,0.4858963297231755,False,0.4038194444444444,0.0055555555555555,positive,0.9728583545377438,reactionfusion_v1_provisional,train,approved,positive,positive,0.5319311878735703,False,False,0.502950777410967,0.016603602005313908,0.09373578195753751,0.15815523165607417,0.5319311878735703,0.21617779851281788,0.8647882539347629,0.9974752128865859,0.7063695241726801,0.0010089210871967963,0.09004312212883758,5.32459556505841e-05,0.3822432866735934,0.016833622821469246,0.005736148337684914,0.9989876647572167,0.042239094681593016,"candidate=positive; anchor_balance=0.394; mixed_evidence=0.017; strongest=approval=1.00, affection=1.00",final_model,reactionfusion_v2_hybrid_development
828,705,63,17,3,1,209,0,998,998,RF_POST_000828,දරා ගන්න බැරිතරම් උපරිමේට ගිහින් තියෙන මානසික පිඩනය නැති කරගන්නේ කොහොමද ?🙂🥀🥀,False,sinhala,49b857789cede3a9b144c6dfa18ab5c3107ae48cf4d43f1cf4269ee22eb75d43,DUP_49b857789cede3a9,1,False,998,6.906754778648554,0.7064128256513026,0.7024875621890547,0.06312625250501,0.0636815920398009,0.0170340681362725,0.017910447761194,0.003006012024048,0.0039800995024875,0.001002004008016,0.0019900497512437,0.2094188376753507,0.208955223880597,0.0,0.0009950248756218,like,0.7064128256513026,0.4969939879759519,negative,0.2051016405007846,-0.2616465777601157,0.4322237829624842,True,0.0724949899799599,0.2094188376753507,negative,-0.4856939754753865,reactionfusion_v1_provisional,train,approved,negative,negative,0.30976380007451815,False,False,0.4439462518481921,0.13057762392669212,0.30976380007451815,0.24021371710212225,0.14106551195999364,0.3089569708633659,0.08808045337219612,0.7077684758449665,0.014397545580056582,0.0394366632347525,0.7214864877887559,0.0022798875981116435,0.9516013690468988,0.22062537582321445,0.18304129542108183,0.63463909774243,0.3765792271690764,"candidate=negative; anchor_balance=-0.136; mixed_evidence=0.131; strongest=care_empathy=0.95, sadness=0.72",final_model,reactionfusion_v2_hybrid_development
830,353,27,5,484,7,16,7,899,899,RF_POST_000830,Ex ආයේ ආවොත් ඔයා Mk 😏🥲👍,False,mixed,59d46cf2ad1dffdfa26743ff17b4152f9eaaca9c6a61b163382939b2d5784fb1,DUP_59d46cf2ad1dffdf,1,False,899,6.802394763324311,0.3926585094549499,0.390728476821192,0.0300333704115684,0.0309050772626931,0.0055617352614015,0.0066225165562913,0.5383759733036707,0.5353200883002207,0.0077864293659621,0.0088300220750551,0.0177975528364849,0.0187637969094922,0.0077864293659621,0.0088300220750551,haha,0.5383759733036707,0.1457174638487208,neutral,0.5928550814142887,0.0254327755406063,0.5045933997069216,True,0.0330923248053392,0.0255839822024471,positive,0.1279620853080568,reactionfusion_v1_provisional,train,approved,negative,negative,0.3250844470856551,False,False,0.5141583076050867,0.05675036507782414,0.3250844470856551,0.2731424145831001,0.19305282717413058,0.2087203111571143,0.03201621227391092,0.3735293582197819,0.8132902978299762,0.062473165712958786,0.22530175544821016,0.5700761752474361,0.09345936004749716,0.30322001537503773,0.5962006274940226,0.3248406183264724,0.891684904249081,"candidate=negative; anchor_balance=0.007; mixed_evidence=0.057; strongest=sarcasm=0.89, amusement=0.81",final_model,reactionfusion_v2_hybrid_development
831,85,1,1,118,1,2,0,208,208,RF_POST_000831,දෝනි නිසා පිඩා විදින යාලුවෙක් අපි හැමෝටම ඉන්නවා 🥱💔😁,False,sinhala,c869202af7ba21abbdadd7647b402922b6fd4ae3dbdfe0e37b0bb4fc84d3a446,DUP_c869202af7ba21ab,1,False,208,5.342334251964811,0.4086538461538461,0.4,0.0048076923076923,0.0093023255813953,0.0048076923076923,0.0093023255813953,0.5673076923076923,0.5534883720930233,0.0048076923076923,0.0093023255813953,0.0096153846153846,0.013953488372093,0.0,0.0046511627906976,haha,0.5673076923076923,0.1586538461538461,neutral,0.652762973020333,-0.0075844615696467,0.4157029528005097,True,0.007451923076923,0.0096153846153846,negative,-0.1267605633802817,reactionfusion_v1_provisional,train,approved,negative,negative,0.3174605251170626,False,False,0.46715245911544045,0.026942746479216104,0.3174605251170626,0.1764680928867908,0.21123419567251955,0.29483718632362693,0.05907076389228576,0.35795777113497274,0.8083941881649721,0.022024476781095016,0.4812246688028421,0.8706362984935996,0.27294943007926326,0.544236207526672,0.6762760814131289,0.45755252884203895,0.8523462923480728,"candidate=negative; anchor_balance=-0.004; mixed_evidence=0.027; strongest=anger=0.87, sarcasm=0.85",final_model,reactionfusion_v2_hybrid_development
834,221,5,2,204,1,0,0,433,433,RF_POST_000834,"රහස් කියන්න හොදම කෙනා තමයි හබී.එයාල කාටවත් ලේසියෙන් කියන්නෑ මොකද, මොකද අහගෙන ඉන්නවා වගේ හිටියට මුකුත් මතක හිටින් නෑ.. 🫠👍",False,sinhala,7423ebd9da9305210b13b891587613ab1009b9b2d5cddd4e2245b03da0d8ec0a,DUP_7423ebd9da930521,1,False,433,6.073044534100405,0.5103926096997691,0.5045454545454545,0.0115473441108545,0.0136363636363636,0.0046189376443418,0.0068181818181818,0.4711316397228637,0.4659090909090909,0.0023094688221709,0.0045454545454545,0.0,0.0022727272727272,0.0,0.0022727272727272,like,0.5103926096997691,0.0392609699769053,neutral,0.4289491779470797,0.0467186110612683,0.4050723768646223,True,0.0140877598152424,0.0,positive,1.0,reactionfusion_v1_provisional,train,approved,negative,negative,0.32015001246841834,False,False,0.4346374269324038,0.00790249867149825,0.32015001246841834,0.19136486875381306,0.23026313806373197,0.2582219807140366,0.17688373997015808,0.44054808999851963,0.8037674022421258,0.016604648454044853,0.379119841621029,0.7172914119644433,0.2727238140273301,0.3788198024721144,0.3903449924620547,0.6356796075760666,0.8500292626049906,"candidate=negative; anchor_balance=0.013; mixed_evidence=0.008; strongest=sarcasm=0.85, amusement=0.80",final_model,reactionfusion_v2_hybrid_development
835,319,205,65,8,0,0,0,597,597,RF_POST_000835,ඉල්ලන ඉල්ලන දේ අරන් දෙන හබීට.. වැඩි වැඩියෙන් ලැබෙන්න ඕන.. 😘❤️,False,sinhala,01cf9eefc7d90c4aa0f7d92d5d45771a4b268a95e8323dec711d6bb97bb20272,DUP_01cf9eefc7d90c4a,1,False,597,6.393590753950631,0.5343383584589615,0.5298013245033113,0.3433835845896147,0.3410596026490066,0.1088777219430485,0.1092715231788079,0.0134003350083752,0.0149006622516556,0.0,0.0016556291390728,0.0,0.0016556291390728,0.0,0.0016556291390728,like,0.5343383584589615,0.1909547738693467,positive,0.4356361597157072,0.5865189436955517,0.5144929875762225,False,0.4032663316582915,0.0,positive,1.0,reactionfusion_v1_provisional,train,approved,positive,positive,0.5849944453030795,False,False,0.5343703608539553,0.007077753123893448,0.09432280685778328,0.14538339757072835,0.5849944453030795,0.1752993502684088,0.9256918514113949,0.9988860834228296,0.7628488620806075,0.0008348569209793904,0.0851012794738077,3.397195459470717e-05,0.43684808636937356,0.04251164639669177,0.002694676551836381,0.9995089498879098,0.02349213912614909,"candidate=positive; anchor_balance=0.398; mixed_evidence=0.007; strongest=approval=1.00, affection=1.00",final_model,reactionfusion_v2_hybrid_development
836,549,12,1,276,5,5,0,848,848,RF_POST_000836,"පුතාගෙ සල්ලි වලින් ලේලි සැප විදියි කියලා බහුතරයක් නැන්දම්මලා බයයි.. ''අපි සැප විදින්නේ නැතුව පිට අය සැප විදින්නද ? """,False,sinhala,30a31b0ce06bf03870289a8cd5444005836c50217edc2bf2266a9d3f0029923a,DUP_30a31b0ce06bf038,1,False,848,6.744059186311348,0.6474056603773585,0.6432748538011696,0.0141509433962264,0.0152046783625731,0.0011792452830188,0.0023391812865497,0.3254716981132075,0.3239766081871345,0.0058962264150943,0.0070175438596491,0.0058962264150943,0.0070175438596491,0.0,0.0011695906432748,like,0.6474056603773585,0.3219339622641509,neutral,0.5426969284891549,0.0268702972805498,0.3985577602666269,True,0.0147995283018867,0.0058962264150943,positive,0.4301994301994302,reactionfusion_v1_provisional,train,approved,negative,negative,0.36794932496071525,False,False,0.41331377357351295,0.013535421824629666,0.36794932496071525,0.249628563800595,0.1907187517344199,0.19170335950426987,0.06213599103739356,0.18694800527299052,0.22446401545750508,0.06173564950972683,0.3280756262940893,0.69674840092534,0.5472971256399736,0.364592170245995,0.5793401534572961,0.405389952532372,0.7453910080944202,"candidate=negative; anchor_balance=0.008; mixed_evidence=0.014; strongest=sarcasm=0.75, anger=0.70",final_model,reactionfusion_v2_hybrid_development
837,348,33,2,2,3,0,0,388,388,RF_POST_000837,Dialog mobitel hutch අංකය වෙනස් නොකර ඕනෑම නෙට්වර්ක් එකකට මාරු වෙන්න නව නීති.ඒ අනුව පැරනි අංකය වෙනස් නොකර සර්විස් ප්රොවයිඩව මාරු කල හැකිය,False,mixed,d6c69d8a9b9285b9ee66848abbba2b9e8c8d993fa2e5d5317a6f39f94001f7fd,DUP_d6c69d8a9b9285b9,1,False,388,5.963579343618446,0.8969072164948454,0.8835443037974684,0.0850515463917525,0.0860759493670886,0.0051546391752577,0.0075949367088607,0.0051546391752577,0.0075949367088607,0.0077319587628865,0.010126582278481,0.0,0.0025316455696202,0.0,0.0025316455696202,like,0.8969072164948454,0.8118556701030928,positive,0.1758647832570938,0.196043741166327,0.2050963432769185,True,0.0878865979381443,0.0,positive,1.0,reactionfusion_v1_provisional,train,approved,neutral,neutral,0.3544623465653796,False,False,0.2422564497474215,0.00490645974171993,0.3332239434722359,0.3544623465653796,0.21639268085794078,0.09592102910444365,0.2828945823041605,0.054861204512774694,0.005616465333058544,0.005812507931285331,0.3202931942492226,0.07698109247903877,0.8780903718641263,0.013527848608067411,0.6139880491231005,0.29611814253278745,0.3452856454836724,"candidate=neutral; anchor_balance=0.085; mixed_evidence=0.005; strongest=care_empathy=0.88, disgust=0.61",final_model,reactionfusion_v2_hybrid_development
838,439,159,16,0,1,0,0,615,615,RF_POST_000838,ලොකු ලොකු ආසවල් නෑ.. පුන්චියට ගේ කෑල්ලක් හදාගෙන.. පොඩි වහානයක් අරන් නිදහසේ දෙමාපියන්ට සලකගෙන ඉන්න තිබ්බ නම් ඇති ❤️,False,sinhala,6d1b80f6c0eadd7ca59277d1aafbc0d3161b81f999848742ece136c85c1d9abe,DUP_6d1b80f6c0eadd7c,2,True,615,6.423246963533519,0.7138211382113822,0.707395498392283,0.2585365853658536,0.2572347266881029,0.0260162601626016,0.0273311897106109,0.0,0.0016077170418006,0.0016260162601626,0.0032154340836012,0.0,0.0016077170418006,0.0,0.0016077170418006,like,0.7138211382113822,0.4552845528455284,positive,0.3879344637827639,0.4723855218863256,0.3575439483401374,False,0.2728455284552845,0.0,positive,1.0,reactionfusion_v1_provisional,train,approved,positive,positive,0.3700943465649909,False,False,0.38131680531656187,0.004904396209859317,0.16059579425552592,0.2159719792920596,0.3700943465649909,0.2533378798874235,0.8043490297647209,0.826331926355503,0.08767835589248205,0.004857503430672016,0.11553457257561804,0.0014260200441506023,0.632043024138186,0.008589522881569734,0.26568267707664556,0.9552845131537355,0.33562146370386176,"candidate=positive; anchor_balance=0.269; mixed_evidence=0.005; strongest=approval=0.96, affection=0.83",final_model,reactionfusion_v2_hybrid_development
839,162,4,0,270,0,1,0,437,437,RF_POST_000839,එයාගෙ ෆෝන් එක අන්ලොක් කරලා දාලා ගිහින් තිබ්බත් මං කරන්නෙ ලොක් කරලා තියන එක.. 🌝 මොකද මට මේ තියෙන ප්රශ්න ටික හොදටම ඇති.. 🥱😴,False,sinhala,95a992e51988753862ce686d40daca9c9074eb8a35643fba927f85a876c5382b,DUP_95a992e519887538,1,False,437,6.082218910376446,0.3707093821510298,0.3671171171171171,0.0091533180778032,0.0112612612612612,0.0,0.0022522522522522,0.6178489702517163,0.6103603603603603,0.0,0.0022522522522522,0.0022883295194508,0.0045045045045045,0.0,0.0022522522522522,haha,0.6178489702517163,0.2471395881006865,neutral,0.543552203538188,0.0248445403436949,0.3711605418882486,True,0.0091533180778032,0.0022883295194508,positive,0.6,reactionfusion_v1_provisional,train,approved,negative,negative,0.3222502540767972,False,False,0.40354577834543215,0.010906642657984654,0.3222502540767972,0.20535351110213473,0.19928543576546107,0.27311079905560715,0.0964159474992295,0.3797443702020081,0.7861350715997276,0.08413332870299103,0.45104674254537386,0.808720360257069,0.3423252285745754,0.18417175505408098,0.6206324110894551,0.4770621123683824,0.8373255169529031,"candidate=negative; anchor_balance=0.006; mixed_evidence=0.011; strongest=sarcasm=0.84, anger=0.81",final_model,reactionfusion_v2_hybrid_development
840,332,13,5,66,2,3,0,421,421,RF_POST_000840,ගොඩක් මිනිස්සු මාරම හොදයි.. වැඩේ කරගන්නකන්.. 🥱👍,False,sinhala,065e36e34ca3a0ebbda44a1db27cc79719a1cf48cbece6576173b88db2d3b172,DUP_065e36e34ca3a0eb,1,False,421,6.045005314036012,0.7885985748218527,0.7780373831775701,0.0308788598574821,0.0327102803738317,0.01187648456057,0.014018691588785,0.1567695961995249,0.1565420560747663,0.004750593824228,0.0070093457943925,0.007125890736342,0.0093457943925233,0.0,0.0023364485981308,like,0.7885985748218527,0.6318289786223278,neutral,0.2277681571239194,0.0797653616742963,0.3589387519499814,True,0.0374109263657957,0.007125890736342,positive,0.68,reactionfusion_v1_provisional,train,approved,negative,negative,0.32406498857745175,False,False,0.38535231446869606,0.018007117498537197,0.32406498857745175,0.23624197906409747,0.24317775860235813,0.19651527375609262,0.2064479954905261,0.2506489470283306,0.026307501578278727,0.01875421686166814,0.5102207661595742,0.21829889986002457,0.7262263773453151,0.24123350439159078,0.45259072479722856,0.570092450757547,0.3949130526080094,"candidate=negative; anchor_balance=0.029; mixed_evidence=0.018; strongest=care_empathy=0.73, approval=0.57",final_model,reactionfusion_v2_hybrid_development
841,513,64,11,2,1,64,0,655,655,RF_POST_000841,"අවාසනාවන්තම මිනිස්සු තමයි,තමන් ආදරේ කරන අය වෙනුවෙන් ගොඩක් දේවල් කරල අන්තිමට නරක මිනිස්සු වෙන්නෙ 🙂👍",False,sinhala,4cf3e6e54130a6fc698dbb8e878b502145a9847695a67945212288e7eb05a94c,DUP_4cf3e6e54130a6fc,1,False,655,6.486160788944089,0.783206106870229,0.7764350453172205,0.0977099236641221,0.0981873111782477,0.0167938931297709,0.0181268882175226,0.0030534351145038,0.0045317220543806,0.0015267175572519,0.0030211480362537,0.0977099236641221,0.0981873111782477,0.0,0.0015105740181268,like,0.783206106870229,0.6854961832061068,neutral,0.5786181433719164,0.019469850295241,0.3813630919230414,True,0.1069465648854961,0.0977099236641221,neutral,0.0451324132786273,reactionfusion_v1_provisional,train,approved,negative,negative,0.3613196025915753,False,False,0.39915748307897947,0.15918062769312777,0.3613196025915753,0.2918591485892455,0.11005025680810009,0.236770992011079,0.03666459159795234,0.5404017267114907,0.01866918917580519,0.002505302924736956,0.9189266066398778,0.0019956825981983137,0.8979567204984104,0.12286642576793534,0.4491892571110518,0.4049125254018212,0.824955164068135,"candidate=negative; anchor_balance=0.008; mixed_evidence=0.159; strongest=sadness=0.92, care_empathy=0.90",final_model,reactionfusion_v2_hybrid_development
842,92,8,3,116,4,0,0,223,223,RF_POST_000842,සුසානයක් වු හදවතක් මැද රෝස පැල සිටුවීමට ඇබෑර්තු ඇත 🤓👍,False,sinhala,e23b2dffd84d6c6ab33741dc9133a221ac5d8123c5bb661abfda95f557ba3cf5,DUP_e23b2dffd84d6c6a,1,False,223,5.41164605185504,0.4125560538116592,0.4043478260869565,0.0358744394618834,0.0391304347826087,0.0134529147982062,0.017391304347826,0.5201793721973094,0.508695652173913,0.0179372197309417,0.0217391304347826,0.0,0.0043478260869565,0.0,0.0043478260869565,haha,0.5201793721973094,0.1076233183856502,positive,0.107842011059875,0.1445679980058492,0.4906271521982733,True,0.0432735426008968,0.0,positive,1.0,reactionfusion_v1_provisional,train,approved,positive,positive,0.3587715364770085,False,False,0.5333030312005338,0.018549670650453348,0.2663702219552593,0.2520511869875636,0.3587715364770085,0.12280705458016877,0.7269420039569701,0.5729373285275835,0.8505239051037295,0.0027370765283858743,0.1725513892359719,0.075517267481517,0.08533448590888057,0.04653603109794109,0.10851960393871211,0.6068056411965185,0.5983520322731964,"candidate=positive; anchor_balance=0.040; mixed_evidence=0.019; strongest=amusement=0.85, joy=0.73",final_model,reactionfusion_v2_hybrid_development
845,685,322,34,3,0,0,0,1044,1044,RF_POST_000845,ලොකු ලොකු ආසවල් නෑ.. පුන්චියට ගේ කෑල්ලක් හදාගෙන.. පොඩි වහානයක් අරන් නිදහසේ දෙමාපියන්ට සලකගෙන ඉන්න තිබ්බ නම් ඇති ❤️,False,sinhala,6d1b80f6c0eadd7ca59277d1aafbc0d3161b81f999848742ece136c85c1d9abe,DUP_6d1b80f6c0eadd7c,2,True,1044,6.951772164398911,0.6561302681992337,0.6527117031398668,0.3084291187739463,0.3073263558515699,0.0325670498084291,0.033301617507136,0.0028735632183908,0.0038058991436726,0.0,0.0009514747859181,0.0,0.0009514747859181,0.0,0.0009514747859181,like,0.6561302681992337,0.3477011494252873,positive,0.422777751285904,0.5266557118277084,0.394481471851354,False,0.3263409961685823,0.0,positive,1.0,reactionfusion_v1_provisional,train,approved,positive,positive,0.3987269577542136,False,False,0.4087636524370824,0.0031114264695496284,0.14045423860895398,0.1985616222338781,0.3987269577542136,0.26225718140295445,0.8298552211863053,0.9552893745171382,0.15162303352027914,0.006785758986543658,0.06207437605802192,0.0007691035047101702,0.6003302457108143,0.008905678538522081,0.18715679915886177,0.9822332049696666,0.32347886958310207,"candidate=positive; anchor_balance=0.324; mixed_evidence=0.003; strongest=approval=0.98, affection=0.96",final_model,reactionfusion_v2_hybrid_development
847,1518,174,23,0,1,43,0,1759,1759,RF_POST_000847,කාගෙ ගැනවත් තරහක් නෑ හැබැයි හිතේ උඩින්ම හිටපු මිනිස්සු ගැන ලොකු කලකිරීමක් තියෙනවා 💔😌😊,False,sinhala,4838ff71bd5d0de5c877b2be29915ebf3df2d63cd0edfefecd5d00ea2bd90146,DUP_4838ff71bd5d0de5,1,False,1759,7.473069088032197,0.8629903354178511,0.8601359003397508,0.0989198408186469,0.0990939977349943,0.0130756111426947,0.0135900339750849,0.0,0.0005662514156285,0.000568504832291,0.001132502831257,0.0244457077885162,0.0249150622876557,0.0,0.0005662514156285,like,0.8629903354178511,0.7640704945992041,positive,0.1539206495327207,0.177012022490693,0.2609017470458695,True,0.106111426947129,0.0244457077885162,positive,0.6255170912257784,reactionfusion_v1_provisional,train,approved,negative,negative,0.35887115206500353,False,False,0.269912199566537,0.02751086971799358,0.35887115206500353,0.31509316949861754,0.17457041582427985,0.15146526261209908,0.10843359293753768,0.17385921563272302,0.008243575464134857,0.031312083631045956,0.45191795262416473,0.027167247904952087,0.8863579859720684,0.017422104340377446,0.622714804693352,0.45506474133424496,0.5528745337759121,"candidate=negative; anchor_balance=0.081; mixed_evidence=0.028; strongest=care_empathy=0.89, disgust=0.62",final_model,reactionfusion_v2_hybrid_development
848,766,164,27,331,7,5,0,1300,1300,RF_POST_000848,90 ගනන් වල බැදල නැති අය ඉන්නව නේද එයාල තමා ඉවසීම උපරිමෙන්ම ප්රගුණ කරපු මිනිස්සු 😌🌝🌝,False,sinhala,59d6c470a3a7c92d43eba8e2390dec91bbfb116df1f3f4c2744455fbc47b8e3b,DUP_59d6c470a3a7c92d,1,False,1300,7.170888478512505,0.5892307692307692,0.586840091813313,0.1261538461538461,0.1262433052792655,0.0207692307692307,0.0214231063504208,0.2546153846153846,0.2540168324407039,0.0053846153846153,0.0061208875286916,0.0038461538461538,0.0045906656465187,0.0,0.0007651109410864,like,0.5892307692307692,0.3346153846153846,positive,0.2489905861821362,0.3411241427416752,0.5401761119443097,True,0.137576923076923,0.0038461538461538,positive,0.945607832472124,reactionfusion_v1_provisional,train,approved,positive,positive,0.3999245792857222,False,False,0.5477535290201327,0.011734582106016616,0.15482925432509276,0.21825175802298477,0.3999245792857222,0.22699440836620027,0.9861883935538195,0.9394217548568427,0.3208587926059156,0.014920840235394594,0.13735578573214285,0.0002492828897415777,0.0986335176454289,0.006249301120847794,0.015112204333329852,0.9601771158427769,0.3051630210352341,"candidate=positive; anchor_balance=0.133; mixed_evidence=0.012; strongest=joy=0.99, approval=0.96",final_model,reactionfusion_v2_hybrid_development
849,370,8,3,127,1,0,0,509,509,RF_POST_000849,පිරිමි ලමයි බොරු කියනකොට ගැහැණු ලමයි ප්රශ්න ඇහුවේ උත්තර දැනගෙන මිසක් දැනගන්න නෙවෙයී.. 🙂👍,False,sinhala,bf64e51d1684d4437d32f498a5cd778b807e97f8b69b8d63993f7fdb02a0f561,DUP_bf64e51d1684d443,1,False,509,6.234410725718371,0.7269155206286837,0.7189922480620154,0.0157170923379174,0.0174418604651162,0.005893909626719,0.0077519379844961,0.24950884086444,0.2480620155038759,0.0019646365422396,0.003875968992248,0.0,0.001937984496124,0.0,0.001937984496124,like,0.7269155206286837,0.4774066797642436,neutral,0.3702120278544657,0.0543054938226503,0.3525370889616164,True,0.0189587426326129,0.0,positive,1.0,reactionfusion_v1_provisional,train,approved,negative,negative,0.33532264171894355,False,False,0.37876474868041854,0.005872321684967729,0.33532264171894355,0.22098740689802074,0.2225315902152426,0.22115836116779314,0.17306918890516482,0.2517098748972724,0.07994543868392966,0.030918499358825912,0.46878089382443416,0.5006659248043773,0.6554957276045416,0.29074791300578384,0.47348152152470513,0.5721360175958846,0.5432013385611766,"candidate=negative; anchor_balance=0.018; mixed_evidence=0.006; strongest=care_empathy=0.66, approval=0.57",final_model,reactionfusion_v2_hybrid_development
850,318,188,58,7,0,2,0,573,573,RF_POST_000850,"ගැහැනු ලමයෙක් නිසා පිරිමි ලමයෙක් හැදෙනවා නම් , ඒ ගැහැනු ලමයා ඒ කොල්ලගෙ කතාවේ රැජිනක් ❤️",False,sinhala,1405f8900cc74020deea35e5c1ca080cc6c857c75009333c6f1b93aecf41802e,DUP_1405f8900cc74020,1,False,573,6.352629396319567,0.5549738219895288,0.55,0.3280977312390924,0.3258620689655172,0.1012216404886562,0.1017241379310344,0.0122164048865619,0.0137931034482758,0.0,0.0017241379310344,0.0034904013961605,0.0051724137931034,0.0,0.0017241379310344,like,0.5549738219895288,0.2268760907504363,positive,0.421071011254011,0.5662610811320997,0.5127868931919618,False,0.3837696335078533,0.0034904013961605,positive,0.9819738621000452,reactionfusion_v1_provisional,train,approved,positive,positive,0.5518426268101503,False,False,0.5318529528061922,0.014671805594653576,0.10269429521286406,0.1474765592289779,0.5518426268101503,0.1979865187480077,0.912100971775507,0.9982577392997889,0.7265320128464107,0.000940850952140196,0.12078834529191407,4.266315032448747e-05,0.50849650505937,0.03000214765096411,0.004698532413042845,0.9993507258818635,0.033865618409777504,"candidate=positive; anchor_balance=0.375; mixed_evidence=0.015; strongest=approval=1.00, affection=1.00",final_model,reactionfusion_v2_hybrid_development
851,278,82,5,2,0,0,0,367,367,RF_POST_000851,ඉවසීමේ හැකියාව වැඩිම පුද්ගලයාට සවන්දීමේ හැකියාවද ඉතා ඉහලින් ඇත 🙂❤️,False,sinhala,64334f56378621b32259d9200fc903595d56b6f93baedd1794802f68a89088a6,DUP_64334f56378621b3,2,True,367,5.908082938168931,0.7574931880108992,0.7459893048128342,0.2234332425068119,0.2219251336898395,0.0136239782016348,0.0160427807486631,0.0054495912806539,0.0080213903743315,0.0,0.0026737967914438,0.0,0.0026737967914438,0.0,0.0026737967914438,like,0.7574931880108992,0.5340599455040872,positive,0.3575861466725781,0.4272123495442702,0.3248687016375323,False,0.2309264305177111,0.0,positive,1.0,reactionfusion_v1_provisional,train,approved,positive,positive,0.32625418220182023,False,False,0.36241295127946843,0.0077521486904699125,0.16291230524071926,0.21197754532202617,0.32625418220182023,0.29885596723543445,0.838037320695733,0.7507358420466443,0.04423418441067779,0.0035052750791415665,0.22659641710065137,0.002758595760459642,0.5718164706058617,0.011082617397345007,0.38340860897323664,0.9334136294720253,0.3903990683415628,"candidate=positive; anchor_balance=0.225; mixed_evidence=0.008; strongest=approval=0.93, joy=0.84",final_model,reactionfusion_v2_hybrid_development
852,278,82,5,2,0,0,0,367,367,RF_POST_000852,ඉවසීමේ හැකියාව වැඩිම පුද්ගලයාට සවන්දීමේ හැකියාවද ඉතා ඉහලින් ඇත 🙂❤️,False,sinhala,64334f56378621b32259d9200fc903595d56b6f93baedd1794802f68a89088a6,DUP_64334f56378621b3,2,True,367,5.908082938168931,0.7574931880108992,0.7459893048128342,0.2234332425068119,0.2219251336898395,0.0136239782016348,0.0160427807486631,0.0054495912806539,0.0080213903743315,0.0,0.0026737967914438,0.0,0.0026737967914438,0.0,0.0026737967914438,like,0.7574931880108992,0.5340599455040872,positive,0.3575861466725781,0.4272123495442702,0.3248687016375323,False,0.2309264305177111,0.0,positive,1.0,reactionfusion_v1_provisional,train,approved,positive,positive,0.32625418220182023,False,False,0.36241295127946843,0.0077521486904699125,0.16291230524071926,0.21197754532202617,0.32625418220182023,0.29885596723543445,0.838037320695733,0.7507358420466443,0.04423418441067779,0.0035052750791415665,0.22659641710065137,0.002758595760459642,0.5718164706058617,0.011082617397345007,0.38340860897323664,0.9334136294720253,0.3903990683415628,"candidate=positive; anchor_balance=0.225; mixed_evidence=0.008; strongest=approval=0.93, joy=0.84",final_model,reactionfusion_v2_hybrid_development
853,933,11,12,1002,19,18,0,1995,1995,RF_POST_000853,"අනියම් සම්බන්ධතා තියෙන අයගෙන් අහන්නෙ, ඇත්තටම හිත නිදහසේද ඉන්නෙ 🥱🥱",False,sinhala,8954a8474ecf33c3a1d438fa198c63aa93cb25862f9e7505685757a07c7f9b19,DUP_8954a8474ecf33c3,1,False,1995,7.59890045687141,0.4676691729323308,0.4665334665334665,0.0055137844611528,0.0059940059940059,0.0060150375939849,0.0064935064935064,0.5022556390977444,0.500999000999001,0.0095238095238095,0.0099900099900099,0.0090225563909774,0.0094905094905094,0.0,0.0004995004995004,haha,0.5022556390977444,0.0345864661654135,neutral,0.7137298544302714,-0.0006760760533353,0.4355475364674616,True,0.0088220551378446,0.0090225563909774,neutral,-0.0112359550561797,reactionfusion_v1_provisional,train,approved,negative,negative,0.3774286410995259,False,False,0.44162182169188613,0.01689721855224699,0.3774286410995259,0.27976945616063403,0.1790371304568822,0.1637647722829578,0.01084447401034802,0.14576517227330385,0.8605784651003567,0.14377599316314413,0.1665188121046873,0.8934443622543587,0.3230107487688426,0.3428407998315645,0.6316713476686201,0.25570236977706207,0.9169648112251718,"candidate=negative; anchor_balance=-0.000; mixed_evidence=0.017; strongest=sarcasm=0.92, anger=0.89",final_model,reactionfusion_v2_hybrid_development
854,208,0,0,163,0,1,0,372,372,RF_POST_000854,බොරුවට හරි සැක කරන්න මොකක් හරි දෙයක් අහු වෙනවා 😂👍,False,sinhala,fa3b0fb086d34e4a2590c9419f9c5592f1266dd6366497db31b5d92eb7fe61aa,DUP_fa3b0fb086d34e4a,1,False,372,5.921578419643816,0.5591397849462365,0.5514511873350924,0.0,0.0026385224274406,0.0,0.0026385224274406,0.4381720430107527,0.4327176781002638,0.0,0.0026385224274406,0.0026881720430107,0.0052770448548812,0.0,0.0026385224274406,like,0.5591397849462365,0.1209677419354838,neutral,0.6302554381165161,-0.00879702436485,0.3610264474511988,True,0.0,0.0026881720430107,negative,-1.0,reactionfusion_v1_provisional,train,approved,negative,negative,0.3445738315962841,False,False,0.4013749098550358,0.006566027549079742,0.3445738315962841,0.18053634380976832,0.2003667335780579,0.27452309101588956,0.07212734265776931,0.26475095561358475,0.6324507081661656,0.025157310937579842,0.4614306007750366,0.8974870630969088,0.43312240360603976,0.5671824124316973,0.569641940409823,0.510473230311467,0.8484303708953681,"candidate=negative; anchor_balance=-0.004; mixed_evidence=0.007; strongest=anger=0.90, sarcasm=0.85",final_model,reactionfusion_v2_hybrid_development
855,229,9,3,124,2,8,0,375,375,RF_POST_000855,Fb එකෙ ලව් එකක් නැත්තෙ මටයි මේක බලන ඔයාටයි විතරයි 😪🌝 Shared post,False,mixed,9ab6049c52a959b95b9b28b5945721b9122190ada87a5af25bb4dd877ae62091,DUP_9ab6049c52a959b9,1,False,375,5.929589143389895,0.6106666666666667,0.6020942408376964,0.024,0.0261780104712041,0.008,0.0104712041884816,0.3306666666666666,0.3272251308900523,0.0053333333333333,0.0078534031413612,0.0213333333333333,0.0235602094240837,0.0,0.0026178010471204,like,0.6106666666666667,0.28,neutral,0.60353193141637,0.0210869683266647,0.4652045175510588,True,0.0284,0.0213333333333333,positive,0.1420911528150134,reactionfusion_v1_provisional,train,approved,mixed,mixed,0.31579028195690956,False,True,0.4913128167268255,0.051446368243646644,0.3026783492378569,0.1727663452163159,0.20876502358891771,0.31579028195690956,0.08198171289639322,0.42396359080412815,0.32867025274871864,0.02079106877985936,0.5174870316940879,0.4718026861432748,0.41249754211491624,0.7357246548412406,0.5337382928432531,0.5769729631480386,0.7881690761222918,"candidate=mixed; anchor_balance=0.006; mixed_evidence=0.051; strongest=sarcasm=0.79, fear=0.74",final_model,reactionfusion_v2_hybrid_development
856,814,412,49,7,1,3,1,1287,1287,RF_POST_000856,හදවතක් සහ කශේරුකාවක් ඇති පිරිමි හම්බවෙන “ ගැහැණු ලමයි” ඇත්තටම වාසනාවන්යි. ❤️🤗🌸,False,sinhala,9f92878253179b238d38f52e358f9f9e9bb6d2940ed82742db09ab887280e013,DUP_9f92878253179b23,2,True,1287,7.160845906664299,0.6324786324786325,0.6298299845440495,0.3201243201243201,0.3191653786707882,0.038073038073038,0.0386398763523956,0.0054390054390054,0.0061823802163833,0.0007770007770007,0.0015455950540958,0.0023310023310023,0.0030911901081916,0.0007770007770007,0.0015455950540958,like,0.6324786324786325,0.3123543123543124,positive,0.4211586523786425,0.5357514923172526,0.427783558530759,False,0.341064491064491,0.0031080031080031,positive,0.9819392707980584,reactionfusion_v1_provisional,train,approved,positive,positive,0.4211951391322668,False,False,0.4371757581995006,0.008108360275724895,0.1273463614408821,0.20130590163861986,0.4211951391322668,0.2501525977882312,0.8174829142147148,0.9664475874186287,0.21518426819056136,0.006997825534569598,0.05109757669145142,0.00038546936323468635,0.5204069137495569,0.007137155913332115,0.10393431801270935,0.9860172753612254,0.2533687362837343,"candidate=positive; anchor_balance=0.336; mixed_evidence=0.008; strongest=approval=0.99, affection=0.97",final_model,reactionfusion_v2_hybrid_development
859,455,331,73,1,0,107,0,967,967,RF_POST_000859,""" තාත්ත ආයෙමත් තරුණ වෙලා මමත් පුංචි වුනානම් 🥹🥹🥰""",False,sinhala,9b3ba808e917e114f9c22da7bf9a372dc1191a15a481263fa8da29fec57d810a,DUP_9b3ba808e917e114,1,False,967,6.875232087276577,0.4705274043433299,0.4681724845995893,0.3422957600827301,0.3408624229979466,0.0754912099276111,0.0759753593429158,0.0010341261633919,0.002053388090349,0.0,0.0010266940451745,0.1106514994829369,0.1108829568788501,0.0,0.0010266940451745,like,0.4705274043433299,0.1282316442605998,positive,0.2836918418241757,0.4052587000604992,0.5999469330915759,True,0.3838159255429162,0.1106514994829369,positive,0.552441702394646,reactionfusion_v1_provisional,train,approved,mixed,mixed,0.5364849514497213,False,True,0.610861459916797,0.2734451709689153,0.21141063389322415,0.0790651221532,0.17303929250385455,0.5364849514497213,0.2975514979308352,0.9989778624480777,0.9904502546777956,4.877839872784562e-05,0.9467527349099836,5.117544540683483e-07,0.9996160626837134,1.440508639352928e-06,0.06573158258409646,0.9996009522548833,0.6798449029171655,"candidate=mixed; anchor_balance=0.271; mixed_evidence=0.273; strongest=care_empathy=1.00, approval=1.00",final_model,reactionfusion_v2_hybrid_development
862,1896,279,27,0,1,9,0,2212,2212,RF_POST_000862,අවශ්ය කාලයේ නොමැති කිසිවෙකු.. අනවශ්ය කාලයේ සිටිය යුතුම නැත... 🚧,False,sinhala,1bf6a4fad7a41e09630fbb30f32da6cc2bd8ee8e21da9bd60861bf9f1b44e0d1,DUP_1bf6a4fad7a41e09,1,False,2212,7.70210434005105,0.8571428571428571,0.8548895899053628,0.126130198915009,0.1261829652996845,0.0122061482820976,0.0126182965299684,0.0,0.0004506534474988,0.0004520795660036,0.0009013068949977,0.0040687160940325,0.0045065344749887,0.0,0.0004506534474988,like,0.8571428571428571,0.7310126582278481,positive,0.2380693261194298,0.2710011002140897,0.2430379365149727,True,0.1328435804701627,0.0040687160940325,positive,0.9405646359583952,reactionfusion_v1_provisional,train,approved,negative,negative,0.3359924002740117,False,False,0.25079159459448525,0.004972884255140762,0.3359924002740117,0.3050999176816585,0.2051209000050243,0.15378678203930538,0.20908656396337572,0.17098443186769444,0.011367561392669165,0.0461111037151717,0.2287049444243076,0.029122160022648655,0.8450743831651977,0.007526506224398065,0.6796132184095852,0.5637051325674209,0.5499752287062389,"candidate=negative; anchor_balance=0.128; mixed_evidence=0.005; strongest=care_empathy=0.85, disgust=0.68",final_model,reactionfusion_v2_hybrid_development
863,1035,524,100,0,0,4,0,1663,1663,RF_POST_000863,"බිංදුවටම වැටුණත්, බලාපොරොත්තු අතෑරගන්න එපා.මේක කියවන ඔයාගේ ජීවිතෙත් ඕන තරම් ප්රාතිහාර වෙන්න ඉඩ තියනවා ❤️",False,sinhala,75a3ab7050b1fe85a89507985c620baa2af7bbb0ce2b7751817ab59506aae95a,DUP_75a3ab7050b1fe85,1,False,1663,7.416979621381154,0.6223692122669874,0.6203592814371257,0.3150932050511124,0.3143712574850299,0.0601322910402886,0.0604790419161676,0.0,0.0005988023952095,0.0,0.0005988023952095,0.0024052916416115,0.0029940119760479,0.0,0.0005988023952095,like,0.6223692122669874,0.3072760072158749,positive,0.4213696790031143,0.5378056222640376,0.4330038156564943,False,0.3481659651232712,0.0024052916416115,positive,0.986277873070326,reactionfusion_v1_provisional,train,approved,positive,positive,0.4422752683284386,False,False,0.44214751496466265,0.006354215783923296,0.1384729903680326,0.1891858036335591,0.4422752683284386,0.23006593766996974,0.7328664676860035,0.9817465898470348,0.31817832031337534,0.007655644677460086,0.054676867255448285,0.0003557452765135578,0.6692196986008385,0.011728752049380354,0.07809524693033035,0.9926605887289285,0.1948309019476824,"candidate=positive; anchor_balance=0.344; mixed_evidence=0.006; strongest=approval=0.99, affection=0.98",final_model,reactionfusion_v2_hybrid_development
864,276,9,1,372,0,2,0,660,660,RF_POST_000864,මේ මුළු ලෝකයම ඔබ ආකර්ෂණීය සුරූපිනියක් බව පැවසුවද ඔබගේ සහෝදරයා කිසිදිනක එසේ නොපවසනු ඇත 🙂👍😁😁,False,sinhala,9d23bbc189f2671e23a601f49e59ab48885c409c00ef52d1915be5e8aa48686a,DUP_9d23bbc189f2671e,1,False,660,6.493753839851686,0.4181818181818181,0.4152923538230884,0.0136363636363636,0.0149925037481259,0.0015151515151515,0.0029985007496251,0.5636363636363636,0.5592203898050975,0.0,0.0014992503748125,0.003030303030303,0.0044977511244377,0.0,0.0014992503748125,haha,0.5636363636363636,0.1454545454545454,neutral,0.4656454761349864,0.0400387204701323,0.3976154676816319,True,0.0144696969696969,0.003030303030303,positive,0.6536796536796537,reactionfusion_v1_provisional,train,approved,negative,negative,0.31957235967996034,False,False,0.4184006047222366,0.010036596215226066,0.31957235967996034,0.2126965168468854,0.2106831758420523,0.25704794763110195,0.1307011515962128,0.43539116668551864,0.8189572070519542,0.07037858517523556,0.38415409392270705,0.6996174752223586,0.27619581066279364,0.20461642665550817,0.4585827216096495,0.5590688441175572,0.856874914558818,"candidate=negative; anchor_balance=0.011; mixed_evidence=0.010; strongest=sarcasm=0.86, amusement=0.82",final_model,reactionfusion_v2_hybrid_development
866,1476,203,42,1,0,329,0,2051,2051,RF_POST_000866,මට මං ගැනම පව් කියලා හිතුන තැන් වලදී ඒ දුක කියන්න මට හිටියේ.. මට මං විතරයි 🙂👍🙂,False,sinhala,76b0e8efa09f44c573725968412ad4ad95902cfbf6f2d469c115861477e5f504,DUP_76b0e8efa09f44c5,1,False,2051,7.62657020629066,0.719648951730863,0.717687074829932,0.098976109215017,0.0991253644314868,0.0204778156996587,0.02089407191448,0.000487567040468,0.0009718172983479,0.0,0.0004859086491739,0.1604095563139931,0.1603498542274052,0.0,0.0004859086491739,like,0.719648951730863,0.5592393954168698,neutral,0.1186268443765183,-0.1001322583737361,0.4329984346448513,True,0.1102389078498293,0.1604095563139931,negative,-0.1853720050441362,reactionfusion_v1_provisional,train,approved,negative,negative,0.35653126766901816,False,False,0.43972806397881714,0.19456577991210444,0.35653126766901816,0.2861954344528394,0.09323987137979259,0.2640334264983499,0.02111440605562006,0.6787521694016767,0.03542722823235765,0.011069925793096905,0.8851212972985932,0.0005161263637610402,0.9626066305870629,0.05543058862041269,0.34425052873511935,0.5034232893686368,0.8302492396351998,"candidate=negative; anchor_balance=-0.050; mixed_evidence=0.195; strongest=care_empathy=0.96, sadness=0.89",final_model,reactionfusion_v2_hybrid_development
868,3236,454,38,14,1,5,0,3748,3748,RF_POST_000868,බණ කියද්දි දරුවන්ට සලකන හැටිත් කියන්න.හැමෝම කියන්නෙ දෙමාපියන්ට සලකන හැටි විතරයි 🙂🙏,False,sinhala,81d3e5016f6344384f5d8a431b42bc9cb564d5923ae8aa757b62cc5855ed759c,DUP_81d3e5016f634438,1,False,3748,8.229244416735913,0.8633938100320171,0.8620505992010652,0.1211312700106723,0.1211717709720372,0.0101387406616862,0.0103861517976031,0.003735325506937,0.0039946737683089,0.0002668089647812,0.0005326231691078,0.001334044823906,0.0015978695073235,0.0,0.0002663115845539,like,0.8633938100320171,0.7422625400213447,positive,0.2352660077876082,0.2668764224142935,0.236891774407961,True,0.1267075773745997,0.001334044823906,positive,0.979162325484476,reactionfusion_v1_provisional,train,approved,negative,negative,0.3432773145897204,False,False,0.24137615643185442,0.0017998754674013113,0.3432773145897204,0.3295351190112176,0.18786708773932834,0.13932047865973363,0.1535436745495469,0.12730860913396086,0.0104775022455457,0.09215503952832116,0.16761315372497473,0.03555284342995545,0.8356134810338068,0.005583547199416297,0.6885945108932229,0.48405957010193823,0.5694591112863333,"candidate=negative; anchor_balance=0.125; mixed_evidence=0.002; strongest=care_empathy=0.84, disgust=0.69",final_model,reactionfusion_v2_hybrid_development
869,449,181,22,0,0,3,0,655,655,RF_POST_000869,කිසිවක් බලාපොරොත්තු නොවී තව කෙනෙකුගේ සතුට සැනසීම පමණක් පතන හිතවත්කම් පමනක්ම මුණගැහෙන්න ඕන ඡීවිතේට ❤️🩹,False,sinhala,329d1e53f8bdcd6f243bd611e4b24770a19a7105fbb71741e3daf00ba6962162,DUP_329d1e53f8bdcd6f,1,False,655,6.486160788944089,0.6854961832061068,0.6797583081570997,0.2763358778625954,0.2749244712990936,0.0335877862595419,0.0347432024169184,0.0,0.0015105740181268,0.0,0.0015105740181268,0.0045801526717557,0.0060422960725075,0.0,0.0015105740181268,like,0.6854961832061068,0.4091603053435114,positive,0.3930162269049426,0.4872874745353503,0.3869192160534456,False,0.2948091603053435,0.0045801526717557,positive,0.9694033656297808,reactionfusion_v1_provisional,train,approved,positive,positive,0.3673316071338145,False,False,0.4082570087183902,0.012334048601764054,0.14835361301413705,0.19190461471874398,0.3673316071338145,0.2924101651333044,0.8162968246813507,0.9319706464003097,0.127283598601158,0.004180265771667091,0.14196150191508994,0.0008718954066501199,0.6449656507476079,0.010237762026112918,0.23487547695035368,0.9800737453245867,0.32518535516777664,"candidate=positive; anchor_balance=0.286; mixed_evidence=0.012; strongest=approval=0.98, affection=0.93",final_model,reactionfusion_v2_hybrid_development
870,1249,192,9,5,0,12,0,1467,1467,RF_POST_000870,'මට අරයා ඉන්නවා/මෙයා ඉන්නවා' කියලා සතුටුවෙන්න එපා මොනවාහරි දෙයක් වුණාම තමන්ට ඉන්නෙ තමන් විතරයි. 💔🥹,False,sinhala,4ed40fd52a611bc0fb09a324d356e24efaff5620da1f0866a40d0bc8ce2433e5,DUP_4ed40fd52a611bc0,1,False,1467,7.291656209174461,0.8513974096796183,0.8480325644504749,0.130879345603272,0.1309362279511533,0.0061349693251533,0.0067842605156037,0.0034083162917518,0.0040705563093622,0.0,0.0006784260515603,0.0081799591002045,0.0088195386702849,0.0,0.0006784260515603,like,0.8513974096796183,0.7205180640763463,positive,0.2324172865847877,0.2661324664176603,0.2533714152704604,True,0.1342535787321063,0.0081799591002045,positive,0.8851399856424982,reactionfusion_v1_provisional,train,approved,negative,negative,0.3283200550769259,False,False,0.264085874626283,0.010033113282952408,0.3283200550769259,0.28445954638029186,0.20677793965083505,0.1804424588919472,0.28372921893721403,0.21308694041500104,0.009626707855748406,0.030509465517813958,0.29854856081441516,0.026851990172549096,0.8377690908590013,0.009809609962598331,0.7204891141976134,0.5942531772521433,0.5868727238464332,"candidate=negative; anchor_balance=0.125; mixed_evidence=0.010; strongest=care_empathy=0.84, disgust=0.72",final_model,reactionfusion_v2_hybrid_development
872,78,2,0,146,0,5,0,231,231,RF_POST_000872,සමහරවිට ඔයාගෙ අනාගත කසාදෙ දැන් වෙන කෙනෙක් එක්ක අත් අල්ලන් ඇවිදින්න ගිහින් ඇති 🥺💔,False,sinhala,beb4ebacb3c2092c45ead742025dc44b474961ae30c3a4daa292a8e3062557d8,DUP_beb4ebacb3c2092c,1,False,231,5.44673737166631,0.3376623376623376,0.3319327731092437,0.0086580086580086,0.0126050420168067,0.0,0.0042016806722689,0.6320346320346321,0.6176470588235294,0.0,0.0042016806722689,0.0216450216450216,0.0252100840336134,0.0,0.0042016806722689,haha,0.6320346320346321,0.2943722943722944,neutral,0.4219731124866905,-0.0470037572375477,0.4011858686632267,True,0.0086580086580086,0.0216450216450216,negative,-0.4285714285714285,reactionfusion_v1_provisional,train,approved,uncertain,negative,0.3031485682675374,True,True,0.4525200000350831,0.026999092439067982,0.3031485682675374,0.20592280183457423,0.195927107344116,0.2950015225537723,0.06613566604825594,0.3560847610988605,0.7576700351420423,0.071127921135834,0.5834140100831382,0.7867998116325233,0.22406047072727062,0.3795170131997392,0.5986223939286797,0.39349997664938025,0.8355581853139431,"candidate=negative; anchor_balance=-0.014; mixed_evidence=0.027; strongest=sarcasm=0.84, anger=0.79",final_model,reactionfusion_v2_hybrid_development
873,1641,345,33,6,0,16,0,2041,2041,RF_POST_000873,ගැහැනිය විවාහ විය යුත්තේ මනුස්සකම පිරි සංවේදී ආදරණීය පිරිමියෙකු සමගයි.නැතිනම් ඇයගේ ජීවිතයේ සතුට අවසන් වනු ඇත 🙂👍💯,False,sinhala,e1ab199479cf8c2d22d5022c36807af1c1b40ad80f455ed66a29e1baf82fc426,DUP_e1ab199479cf8c2d,1,False,2041,7.621684998724611,0.8040176384125429,0.8017578125,0.1690347868691817,0.1689453125,0.0161685448309652,0.0166015625,0.0029397354238118,0.00341796875,0.0,0.00048828125,0.0078392944634982,0.00830078125,0.0,0.00048828125,like,0.8040176384125429,0.6349828515433611,positive,0.2861649685468198,0.3380885717259414,0.3071597653481852,True,0.1779274865262126,0.0078392944634982,positive,0.9156006857444284,reactionfusion_v1_provisional,train,approved,uncertain,negative,0.28189773365982146,True,True,0.31462296728885175,0.011060963693748694,0.28189773365982146,0.2468604631368869,0.23823363134385206,0.2330081718594396,0.3554938164483487,0.4228598664803325,0.023224023156746543,0.03672016241011022,0.2071156228518814,0.008999500865521235,0.7940431721115168,0.007763672809478884,0.645215121402183,0.7951185422869459,0.5710729734784458,"candidate=negative; anchor_balance=0.169; mixed_evidence=0.011; strongest=approval=0.80, care_empathy=0.79",final_model,reactionfusion_v2_hybrid_development
874,529,24,10,256,1,2,0,822,822,RF_POST_000874,"කාට හරි වරදින්න යනවා දැක්කොත් ඒක පෙන්නල දෙන්නෙ එපා! ඇයි කියල අහන්න එපා.. එපා! Otherwise, you will be the නරක මිනිහා 😉💔",False,mixed,eae30314fb4219fc0f91931360cf66ed84ace98d15de433c5630d79b5618dfb4,DUP_eae30314fb4219fc,1,False,822,6.71295620067707,0.6435523114355232,0.6393244873341375,0.0291970802919708,0.0301568154402895,0.0121654501216545,0.0132689987937273,0.3114355231143552,0.3100120627261761,0.0012165450121654,0.0024125452352231,0.0024330900243309,0.0036188178528347,0.0,0.0012062726176115,like,0.6435523114355232,0.3321167883211678,neutral,0.1266048599045741,0.0986737358830475,0.4247769047914355,True,0.0358880778588807,0.0024330900243309,positive,0.873015873015873,reactionfusion_v1_provisional,train,approved,uncertain,negative,0.2812010220274291,True,True,0.4393826280097955,0.008480243725158898,0.2812010220274291,0.21214366587266284,0.2591379160135958,0.24751739608631232,0.34215111551309835,0.5207729222804222,0.2717772264324146,0.04096480591875612,0.3889766284370309,0.19466196575676775,0.39744148019529857,0.22104726922216864,0.24350443471384903,0.7630711502323038,0.599636230844278,"candidate=negative; anchor_balance=0.033; mixed_evidence=0.008; strongest=approval=0.76, sarcasm=0.60",final_model,reactionfusion_v2_hybrid_development
875,576,298,59,1,0,1,0,935,935,RF_POST_000875,ප්රාර්ථනාවක් 🖤💫 පිටරට ගිහින් මහන්සි වෙන හැමෝගේම බලාපොරොත්තු ඉෂ්ට වෙන්න ඕන... ❤️,False,sinhala,58390b0d966630dd223fa3b5301dcc8edecd1f564defb9bbb634cb2f18d91698,DUP_58390b0d966630dd,1,False,935,6.841615476477592,0.6160427807486631,0.6125265392781316,0.3187165775401069,0.3174097664543524,0.0631016042780748,0.0636942675159235,0.0010695187165775,0.0021231422505307,0.0,0.0010615711252653,0.0010695187165775,0.0021231422505307,0.0,0.0010615711252653,like,0.6160427807486631,0.2973262032085561,positive,0.4253099334262946,0.5444897166923909,0.4377668719749743,False,0.3534224598930481,0.0010695187165775,positive,0.9939659073766782,reactionfusion_v1_provisional,train,approved,positive,positive,0.4710243840324649,False,False,0.4525142709846847,0.005764513006174328,0.12361996079377888,0.17972524352113103,0.4710243840324649,0.22563041165262512,0.8298901258043772,0.9872266265845572,0.34525738849990145,0.003606076665706544,0.07197948839486716,0.00028181102045913566,0.6073225625258214,0.016858418936786527,0.052401050152499476,0.9950644999305674,0.14539837107518916,"candidate=positive; anchor_balance=0.349; mixed_evidence=0.006; strongest=approval=1.00, affection=0.99",final_model,reactionfusion_v2_hybrid_development
876,253,36,2,113,2,3,0,409,409,RF_POST_000876,"මං ඇලඩින්ගේ පුදුම පහන නම්, ඔයාලා මගෙන් මොනාද ඉල්ලන්නේ 😁🙈",False,sinhala,ebaa2bd17973fa7b9f131fac43f4f2e10ef834266279a183f911e4a04438d6ec,DUP_ebaa2bd17973fa7b,1,False,409,6.016157159698354,0.6185819070904646,0.6105769230769231,0.0880195599022004,0.0889423076923077,0.0048899755501222,0.0072115384615384,0.2762836185819071,0.2740384615384615,0.0048899755501222,0.0072115384615384,0.0073349633251833,0.0096153846153846,0.0,0.0024038461538461,like,0.6185819070904646,0.3422982885085575,positive,0.1727467953068731,0.2289463536513364,0.4905178867892132,True,0.0907090464547677,0.0073349633251833,positive,0.8503740648379052,reactionfusion_v1_provisional,train,approved,positive,positive,0.3377857176864029,False,False,0.5146577351197422,0.0247431603422953,0.185773926016221,0.22611898418193743,0.3377857176864029,0.25032137211543853,0.9341193654769281,0.8188521219896099,0.21748610723937045,0.00751136066310842,0.3085952620720997,0.005382842892674289,0.16355442238207218,0.048420140372346994,0.08782963800348165,0.8852236575055703,0.4890400293884949,"candidate=positive; anchor_balance=0.081; mixed_evidence=0.025; strongest=joy=0.93, approval=0.89",final_model,reactionfusion_v2_hybrid_development
878,1166,313,40,1,1,0,0,1521,1521,RF_POST_000878,"මගේ ලොකුකමක් නම් නෑ, ඒත් මගේ ඔලුව නැමෙන්නේ ගෞරවයක් ලබන්න සුදුසු අය ළග විතරයි ♥️🙂🙂",False,sinhala,4155ba52fea2f137f35a2bab493d3b4bc3f810caaf0d6b41416df2413d38e337,DUP_4155ba52fea2f137,2,True,1521,7.327780538421631,0.7666009204470743,0.7637434554973822,0.2057856673241288,0.2054973821989529,0.0262984878369493,0.0268324607329842,0.0006574621959237,0.0013089005235602,0.0006574621959237,0.0013089005235602,0.0,0.0006544502617801,0.0,0.0006544502617801,like,0.7666009204470743,0.5608152531229454,positive,0.3435305481967249,0.4104349139880946,0.3260169323377263,True,0.220249835634451,0.0,positive,1.0,reactionfusion_v1_provisional,train,approved,uncertain,positive,0.2990390519854424,True,True,0.3366385254252645,0.0017625053687186625,0.22021860556078565,0.23400087883323806,0.2990390519854424,0.24674146362053392,0.5474286027326988,0.631874663114482,0.04769740340087648,0.020469201254854217,0.13420099388708773,0.004486252408665194,0.7307488319050224,0.008247659346224059,0.47437039339101483,0.9036269109049123,0.4534620980353554,"candidate=positive; anchor_balance=0.219; mixed_evidence=0.002; strongest=approval=0.90, care_empathy=0.73",final_model,reactionfusion_v2_hybrid_development
879,195,49,7,3,0,5,0,259,259,RF_POST_000879,"පිරිමි ලමයෙක්ට එක්තරා යුගයක් එනවා,කැපකිරීම් විතරක්ම ජීවිතේ වන....එදාට තමංගේ පුංචිම සතුටත් අතාරින්න වෙනවා.. 💔",False,sinhala,a9255b183079f76cbb9dd836529240ad08e2b1c1e8521c6ad8f085f5a9c00817,DUP_a9255b183079f76c,2,True,259,5.560681631015528,0.752895752895753,0.7368421052631579,0.1891891891891892,0.18796992481203,0.027027027027027,0.0300751879699248,0.0115830115830115,0.0150375939849624,0.0,0.0037593984962406,0.0193050193050193,0.0225563909774436,0.0,0.0037593984962406,like,0.752895752895753,0.5637065637065637,positive,0.2858548436254776,0.3565656735957098,0.3875467362698679,True,0.204054054054054,0.0193050193050193,positive,0.8271391529818496,reactionfusion_v1_provisional,train,approved,mixed,mixed,0.373591234034722,False,True,0.4292154843614251,0.04518057730120264,0.16051486773026552,0.17834703544738367,0.28754686278762875,0.373591234034722,0.7691111684532788,0.8177318597119035,0.06616554900831145,0.001773406556252644,0.5385575537793882,0.0011510438799975271,0.6206830542443832,0.01914059047637077,0.278865705866525,0.9556208241164761,0.3395972111585632,"candidate=mixed; anchor_balance=0.178; mixed_evidence=0.045; strongest=approval=0.96, affection=0.82",final_model,reactionfusion_v2_hybrid_development
880,440,159,42,26,0,0,0,667,667,RF_POST_000880,සිස්සත්වෙ ලේසිලු දරු පැටියට 🙈💜,False,sinhala,ae6d71d785d205709ee11363682986bd7bfabd20b064ec5f3846880ec7b9528c,DUP_ae6d71d785d20570,2,True,667,6.504288173536645,0.6596701649175413,0.6543026706231454,0.2383808095952024,0.2373887240356083,0.0629685157421289,0.0637982195845697,0.0389805097451274,0.0400593471810089,0.0,0.0014836795252225,0.0,0.0014836795252225,0.0,0.0014836795252225,like,0.6596701649175413,0.4212893553223388,positive,0.3696733763189046,0.4836012625687844,0.4711620929199187,False,0.2730134932533733,0.0,positive,1.0,reactionfusion_v1_provisional,train,approved,positive,positive,0.40105152038409475,False,False,0.48942434850784855,0.005809191080211853,0.16856589104326053,0.17578493988706306,0.40105152038409475,0.25459764868558166,0.8919158688463015,0.9741142127656851,0.13362228707209942,0.003010092145094829,0.27448798385358913,0.00031155302729452575,0.8212172504937345,0.01206083834492955,0.0696450239637628,0.9946907267442064,0.15451423297288605,"grouped_out_of_fold; candidate=positive; mixed_evidence=0.006; strongest=approval=0.99, affection=0.97",grouped_out_of_fold,reactionfusion_v2_hybrid_development
881,17,0,0,26,1,0,0,44,44,RF_POST_000881,ඔබ මාතර කෙනෙකු සමග ජීවිතේ එක් වරක් හෝ පෙම් සබදතාවක් පැවැත්විය යුත්තේ ඇයි...?,False,sinhala,2ddb0afb83755c6876f00560f50d5d6ea28a62de09312e41f49589b59961f96e,DUP_2ddb0afb83755c68,1,False,44,3.80666248977032,0.3863636363636363,0.3529411764705882,0.0,0.0196078431372549,0.0,0.0196078431372549,0.5909090909090909,0.5294117647058824,0.0227272727272727,0.0392156862745098,0.0,0.0196078431372549,0.0,0.0196078431372549,haha,0.5909090909090909,0.2045454545454545,neutral,0.4075371585794789,0.0,0.3927725854708347,True,0.0,0.0,neutral,0.0,reactionfusion_v1_provisional,train,approved,negative,negative,0.3943315265644339,False,False,0.5856680334492359,0.07119885896833848,0.3943315265644339,0.2517506016957572,0.21412727377434,0.1397905979654691,0.024896854401584984,0.10720729287134874,0.7734171117162426,0.0008235685569964935,0.20461633881518923,0.9100688697541142,0.02908538199613789,0.3260410512372369,0.8949678985882672,0.09460724756703452,0.7890110840449046,"candidate=negative; anchor_balance=-0.009; mixed_evidence=0.071; strongest=anger=0.91, disgust=0.89",final_model,reactionfusion_v2_hybrid_development
882,46,0,1,523,1,50,0,621,621,RF_POST_000882,තනි ඇහෙන් අඬන්නැත්තම් දෙයක් කියන්නද... Batch photo ගහන දවසට උබට couple photo එකක් ගහන්න වෙන්නෑ 🙂,False,mixed,39f68e958f74dd355320ea8b62d2130f13ba9d3c379ffe8adadf441115bed962,DUP_39f68e958f74dd35,1,False,621,6.432940092739179,0.074074074074074,0.0748407643312101,0.0,0.001592356687898,0.001610305958132,0.0031847133757961,0.8421900161030595,0.8343949044585988,0.001610305958132,0.0031847133757961,0.0805152979066022,0.0812101910828025,0.0,0.001592356687898,haha,0.8421900161030595,0.7616747181964574,negative,0.2638994913659768,-0.3083479103439704,0.2882935289075124,True,0.0008856682769726,0.0805152979066022,negative,-0.9782393669634026,reactionfusion_v1_provisional,train,approved,neutral,neutral,0.4010122235494569,False,False,0.3114820900762945,0.004166320950065086,0.3317386741786007,0.4010122235494569,0.11842686778877003,0.14882223448317236,0.012115599357087637,0.019324426518236258,0.8209692149782822,0.5475118991502598,0.7417532909583817,0.27332787495545596,0.01952608463623663,0.0015728482044654278,0.0361537727932695,0.00891436099986046,0.7943265240766909,"candidate=neutral; anchor_balance=-0.079; mixed_evidence=0.004; strongest=amusement=0.82, sarcasm=0.79",final_model,reactionfusion_v2_hybrid_development
884,65,5,0,57,1,1,0,129,129,RF_POST_000884,UAE ශ්රී ලාංකික ජන සමාජයේ තියෙන අමුතු අමුතු ආවේනික දේවල් මොනවද? 🙂,False,mixed,4ccd84b3a82b8ec675e5d5d23c6e96fa02c978f0eb23d393b973f2f88c8a363f,DUP_4ccd84b3a82b8ec6,1,False,129,4.867534450455582,0.5038759689922481,0.4852941176470588,0.0387596899224806,0.0441176470588235,0.0,0.0073529411764705,0.4418604651162791,0.4264705882352941,0.0077519379844961,0.0147058823529411,0.0077519379844961,0.0147058823529411,0.0,0.0073529411764705,like,0.5038759689922481,0.0620155038759689,neutral,0.1165811853445458,0.0993554256324934,0.4664106131030503,True,0.0387596899224806,0.0077519379844961,positive,0.6666666666666666,reactionfusion_v1_provisional,train,approved,uncertain,positive,0.27855879408498274,True,True,0.5387431028636971,0.04753615613503209,0.267645855439942,0.1937389507621601,0.27855879408498274,0.2600563997129152,0.4808536616237455,0.6316740212871652,0.7328423272380985,0.001684035442152299,0.36075309124111776,0.23195755406229526,0.09164589017541712,0.40570014217905903,0.30819290626037904,0.646720137059037,0.7996587424034262,"candidate=positive; anchor_balance=0.026; mixed_evidence=0.048; strongest=sarcasm=0.80, amusement=0.73",final_model,reactionfusion_v2_hybrid_development
888,436,90,2,138,2,0,0,668,668,RF_POST_000888,🔴 දැඩි මූල්ය විනය යහපත් ප්රතිඵල අත්කරදෙමින් සිටී. නුදුරේදීම ණය ශ්රේණිගත කිරීම්වල CCC සිට B දක්වා ළඟා වනු ඇත. - Softlogic Stockbrokers Equity Research -,False,mixed,8d393b80f9f35bc543f5fdfa7f01534c081ff45445a921f41146f18b008f453a,DUP_8d393b80f9f35bc5,3,True,668,6.505784060128229,0.6526946107784432,0.6474074074074074,0.1347305389221557,0.1348148148148148,0.0029940119760479,0.0044444444444444,0.2065868263473053,0.2059259259259259,0.0029940119760479,0.0044444444444444,0.0,0.0014814814814814,0.0,0.0014814814814814,like,0.6526946107784432,0.4461077844311377,positive,0.2587499254967656,0.3376174766317707,0.4671982260998756,True,0.136377245508982,0.0,positive,1.0,reactionfusion_v1_provisional,train,approved,positive,positive,0.3653047873154162,False,False,0.48537012824258274,0.005752534853245425,0.17160371620202364,0.17947677774830345,0.3653047873154162,0.28361471873425675,0.989789490224551,0.9299446292560145,0.04909938359315894,0.0032400309761478033,0.39230426706833976,0.0005815902407734039,0.6841999263357003,0.043759857846415354,0.04658591402004642,0.9340966041067779,0.2643069891348297,"grouped_out_of_fold; candidate=positive; mixed_evidence=0.006; strongest=joy=0.99, approval=0.93",grouped_out_of_fold,reactionfusion_v2_hybrid_development
891,159,41,3,4,0,0,0,207,207,RF_POST_000891,"🚨 බස්, වෙළදසැල්, නිවාස වල අධික ශබ්ද විකාශනයට රුපියල් මිලියනය දක්වා දඩ ! කර්මාන්තශාලා වලත් අධික ශබ්දය පාලනයට දැඩි නීති සකස් කෙරේ. ✅",False,sinhala,368274bbc208e91a911154b66251cfa1eeb292f5768d8fb8d2fe734e29237058,DUP_368274bbc208e91a,2,True,207,5.337538079701318,0.7681159420289855,0.7476635514018691,0.1980676328502415,0.1962616822429906,0.0144927536231884,0.0186915887850467,0.0193236714975845,0.0233644859813084,0.0,0.0046728971962616,0.0,0.0046728971962616,0.0,0.0046728971962616,like,0.7681159420289855,0.5700483091787439,positive,0.3261712328343349,0.3992561809486831,0.3396683163978371,True,0.2060386473429951,0.0,positive,1.0,reactionfusion_v1_provisional,train,approved,positive,positive,0.3456550992068815,False,False,0.3979507872393532,0.014876664943527221,0.14191017748324083,0.21602683947736648,0.3456550992068815,0.2964078838325112,0.8867414970514964,0.7415007078723395,0.04483016120346203,0.0018216120581042662,0.3289892129169203,0.001898203789138446,0.408289343952248,0.015747003510878564,0.23351006976892427,0.9354962606435521,0.27115889360495604,"candidate=positive; anchor_balance=0.197; mixed_evidence=0.015; strongest=approval=0.94, joy=0.89",final_model,reactionfusion_v2_hybrid_development
893,11,0,0,172,0,0,0,183,183,RF_POST_000893,"""මාග්රට් තැචර්, ජවහර්ලාල් නේරු ඉගන ගත්තේ මගේ විශ්ව විද්යාලයේ, මම ගෞරව උපාධියක් සහිතව සමත් උනා."" -මන්ත්රී නාමල් රාජපක්ෂ-",False,sinhala,3a8fda8cbd5ee863ccbb15ddc8b84e0d32ea863a04ce1244045c8a0c7ec1408e,DUP_3a8fda8cbd5ee863,1,False,183,5.214935757608986,0.0601092896174863,0.0631578947368421,0.0,0.0052631578947368,0.0,0.0052631578947368,0.9398907103825136,0.9105263157894736,0.0,0.0052631578947368,0.0,0.0052631578947368,0.0,0.0052631578947368,haha,0.9398907103825136,0.8797814207650273,neutral,0.5440274164897445,0.0,0.1167927157502379,True,0.0,0.0,neutral,0.0,reactionfusion_v1_provisional,train,approved,negative,negative,0.3700784049929724,False,False,0.2044672977365009,0.006672090768243714,0.3700784049929724,0.2527706462648729,0.17226525739923118,0.20488569134292345,0.03504989913853083,0.12463515208425785,0.6571140554946729,0.20447660564331738,0.6032238999121332,0.8969463713475109,0.58491655282229,0.0015534004375216042,0.9128941479780652,0.06445394154138018,0.6690806812074892,"candidate=negative; anchor_balance=-0.002; mixed_evidence=0.007; strongest=disgust=0.91, anger=0.90",final_model,reactionfusion_v2_hybrid_development
894,909,5,1,412,4,1,9,1341,1341,RF_POST_000894,"බන්ධනාගාර කෝලාහල ඇති වෙන සැරයක් පාසා දෙසවනේ දෝංකාර දෙන ඒ හඬින් ඇසුන වචන කීපය ! ""අපිට බලය ගන්න විශාල සැලැස්මක් තියනවා""",False,sinhala,19e564a707172332b1253b1cbee277aeeb7cd03a17e539d89366ca6b210502ba,DUP_19e564a707172332,2,True,1341,7.201916317531627,0.6778523489932886,0.6750741839762612,0.0037285607755406,0.0044510385756676,0.0007457121551081,0.0014836795252225,0.3072334079045488,0.306379821958457,0.0029828486204325,0.0037091988130563,0.0007457121551081,0.0014836795252225,0.0067114093959731,0.0074183976261127,like,0.6778523489932886,0.3706189410887398,neutral,0.6255711588847016,-0.0099434850909922,0.364181650280278,True,0.0041387024608501,0.0074571215510812,negative,-0.2861736334405144,reactionfusion_v1_provisional,train,approved,negative,negative,0.3729368332953926,False,False,0.37424683435582295,0.007884725590285885,0.3729368332953926,0.30741117166652454,0.1594197381035555,0.1602322569345272,0.021619541064358327,0.09447562102609695,0.1498063231978659,0.09399236741225755,0.23032179625681184,0.8536131800028729,0.5117748394714686,0.25347286420261905,0.6524218170215025,0.23761732075582553,0.7161509524748448,"candidate=negative; anchor_balance=-0.004; mixed_evidence=0.008; strongest=anger=0.85, sarcasm=0.72",final_model,reactionfusion_v2_hybrid_development
897,348,83,4,4,0,0,0,439,439,RF_POST_000897,🚨 වරෙන්තු නිකුත් කර ඇති බැසිල් රාජපක්ෂ මෙරටට ගෙන්වා ගැනීමට ඇමරිකානු අධිකරණයේ සහාය ගැනීමට රජය තීරණය කරයි.✅,False,sinhala,5f13918b61ca7b180107bbb1268ad0501ac32b844fad749501713cdaa0312d93,DUP_5f13918b61ca7b18,2,True,439,6.0867747269123065,0.7927107061503417,0.7825112107623319,0.1890660592255125,0.1883408071748878,0.0091116173120728,0.0112107623318385,0.0091116173120728,0.0112107623318385,0.0,0.0022421524663677,0.0,0.0022421524663677,0.0,0.0022421524663677,like,0.7927107061503417,0.6036446469248291,positive,0.3225386573882778,0.3796197191661692,0.3004662397282959,True,0.1940774487471526,0.0,positive,1.0,reactionfusion_v1_provisional,train,approved,uncertain,positive,0.2978917479326673,True,True,0.33304203136256255,0.005973848096189463,0.1991400841772841,0.22184594921670042,0.2978917479326673,0.2811222186733482,0.7669333557249141,0.5905658871401589,0.025308052855891265,0.005756224109448173,0.2700791141156072,0.006333725115562402,0.6551552494807521,0.0118441470818263,0.5193941776426069,0.8814438341341072,0.45264293586765714,"candidate=positive; anchor_balance=0.190; mixed_evidence=0.006; strongest=approval=0.88, joy=0.77",final_model,reactionfusion_v2_hybrid_development
899,305,20,0,402,1,0,4,732,732,RF_POST_000899,"""ලෝකයේ පාසල් වල උගන්වන්න ඕන රාජපක්ෂ පරම්පරාව ගැන ! කවදාවත්ම තමන්ගේ පවුල මේ තත්වයට පත්කර ගන්න එපා පුතේ කියලා.."" - නජිත් ඉන්දික -",False,sinhala,a732f4a4d06299218978fc207454a0486e16b54d4c53232678cc2745bd3c43f0,DUP_a732f4a4d0629921,2,True,732,6.597145701886651,0.4166666666666667,0.4140730717185386,0.0273224043715847,0.0284167794316644,0.0,0.0013531799729364,0.5491803278688525,0.5453315290933695,0.0013661202185792,0.0027063599458728,0.0,0.0013531799729364,0.0054644808743169,0.006765899864682,haha,0.5491803278688525,0.1325136612021858,neutral,0.2655768657424914,0.0753154949471614,0.4264111384813051,True,0.0273224043715847,0.0054644808743169,positive,0.6666666666666666,reactionfusion_v1_provisional,train,approved,uncertain,negative,0.3043855310149292,True,True,0.44432960308676545,0.01443019008671498,0.3043855310149292,0.25315801909228475,0.22692292514990836,0.2155335247428777,0.2505970711847487,0.5365448987296955,0.8060385173665058,0.03746084777379113,0.25261984515897407,0.4264039276694852,0.10752196428830915,0.0845435730337243,0.3148235103538041,0.5443734637197112,0.8255204146393873,"candidate=negative; anchor_balance=0.021; mixed_evidence=0.014; strongest=sarcasm=0.83, amusement=0.81",final_model,reactionfusion_v2_hybrid_development
900,77,0,0,31,0,0,0,108,108,RF_POST_000900,"ට්රින්කො නේවිබේස් එකේ හැංගුනේ, එයාපෝට් වල ට්රැවල් විත් වයිෆ් කරේ, එකෙක් ක්ෂණිකව අමෙරිකාවට පැන්නේ ඒ එයාලගෙ පවුලේ අය නෙමෙයි.🥴🤌",False,sinhala,e18aa7c42f1d2ed18bc3e9b27a152f0a35f4f92204bef52aa9cef853a142a045,DUP_e18aa7c42f1d2ed1,2,True,108,4.691347882229144,0.7129629629629629,0.6782608695652174,0.0,0.008695652173913,0.0,0.008695652173913,0.287037037037037,0.2782608695652174,0.0,0.008695652173913,0.0,0.008695652173913,0.0,0.008695652173913,like,0.7129629629629629,0.4259259259259259,neutral,0.578608514270761,0.0,0.3080704064971087,True,0.0,0.0,neutral,0.0,reactionfusion_v1_provisional,train,approved,mixed,mixed,0.32247119958129056,False,True,0.42425819379926405,0.02287305044830815,0.3059894077107709,0.159083190814211,0.2124562018937275,0.32247119958129056,0.12631038633160746,0.2669411727263575,0.10250592558425184,0.004529086964456574,0.5977933555353823,0.808770282911611,0.5154225939542117,0.6868101949968655,0.6855115997982886,0.5030903167466283,0.5916724867114463,"candidate=mixed; anchor_balance=-0.004; mixed_evidence=0.023; strongest=anger=0.81, fear=0.69",final_model,reactionfusion_v2_hybrid_development
901,1222,280,15,10,7,0,0,1534,1534,RF_POST_000901,🔴 අල්ලස් කොමිසමේ කොමසාරිස්වරයෙකුගේ අත්සනක් නෑ කියා ඉවත දැමූ ජොන්ස්ටන්ගේ නඩු හතක් යළි අසයි ✅,False,sinhala,7fe6613dcd1e8de59d78c8b4bce8c8c5631607597cbf33d6a4befe6d2717e2e7,DUP_7fe6613dcd1e8de5,2,True,1534,7.336285660021297,0.7966101694915254,0.7936404931862427,0.1825293350717079,0.1823491239454899,0.0097783572359843,0.0103828682673588,0.0065189048239895,0.0071382219338092,0.0045632333767926,0.0051914341336794,0.0,0.0006489292667099,0.0,0.0006489292667099,like,0.7966101694915254,0.6140808344198174,positive,0.3130945904818346,0.3695168509336226,0.3053839645429783,True,0.1879074315514993,0.0,positive,1.0,reactionfusion_v1_provisional,train,approved,uncertain,neutral,0.2956545295897924,True,True,0.31517323953531884,0.001636201113745977,0.2832157550823907,0.2956545295897924,0.2826987228403104,0.1384309924875065,0.4779528738002309,0.24044291350636315,0.02558388723414194,0.026669702137809656,0.09970417025704645,0.007467593823532372,0.7704183355676433,0.004181281503315816,0.5462054156420078,0.6831047752823338,0.4971496687227052,"candidate=neutral; anchor_balance=0.187; mixed_evidence=0.002; strongest=care_empathy=0.77, approval=0.68",final_model,reactionfusion_v2_hybrid_development
903,78,10,0,1,0,0,0,89,89,RF_POST_000903,🚨#BREAKING : හිටපු ආරක්ෂක අමාත්යාංශ ලේකම් හේමසිරි ප්රනාන්දුටත් මරණ දඬුවම ලබා දෙයි. ✅,False,mixed,58a818885c722977281eb93652c2f7225e44be763ae3af094c1a5410ddbccddb,DUP_58a818885c722977,1,False,89,4.499809670330265,0.8764044943820225,0.8229166666666666,0.1123595505617977,0.1145833333333333,0.0,0.0104166666666666,0.0112359550561797,0.0208333333333333,0.0,0.0104166666666666,0.0,0.0104166666666666,0.0,0.0104166666666666,like,0.8764044943820225,0.7640449438202247,positive,0.1826261107114127,0.2456567897870302,0.2115615396365073,True,0.1123595505617977,0.0,positive,1.0,reactionfusion_v1_provisional,train,approved,uncertain,neutral,0.3043518756460559,True,True,0.3491719955664769,0.029097666297206407,0.21285973159694835,0.3043518756460559,0.2966340478489906,0.18615434490800511,0.6070486465227158,0.24232844549886567,0.011541694095746508,0.0006036857230484477,0.5150388086918498,0.015035783267280702,0.4090316295487243,0.03003145870306546,0.33969920001844084,0.5811592549354812,0.2257509809762703,"candidate=neutral; anchor_balance=0.099; mixed_evidence=0.029; strongest=joy=0.61, approval=0.58",final_model,reactionfusion_v2_hybrid_development
904,299,4,0,15,48,1,36,403,403,RF_POST_000904,"🔴 ඇමැති ධුරයේ සිටි වසර 2 තුල මර්වින් සිල්වාට මිලියන 600ක වත්කම්, ස්ථාවර තැන්පතු 10ක කෝටි 18ක් !! – අල්ලස් කොමිසම අධිකරණයට කියයි.",False,sinhala,2b09eaeb972c35af6fd1a4ddbd0790a73c143bf673ecd73493b42e6ad2254d49,DUP_2b09eaeb972c35af,2,True,403,6.001414877961151,0.7419354838709677,0.7317073170731707,0.009925558312655,0.0121951219512195,0.0,0.0024390243902439,0.0372208436724565,0.0390243902439024,0.119106699751861,0.1195121951219512,0.0024813895781637,0.0048780487804878,0.0893300248138957,0.0902439024390243,like,0.7419354838709677,0.6228287841191067,negative,0.14221636652201,-0.1834509560832526,0.4490534830589599,True,0.009925558312655,0.0918114143920595,negative,-0.8048780487804879,reactionfusion_v1_provisional,train,approved,negative,negative,0.7324917600060349,False,False,0.4730266688406916,0.025612663532349644,0.7324917600060349,0.11726255373708622,0.050016370653918604,0.10022931560296022,4.031929346858426e-06,6.805141769232232e-10,5.5596920441950165e-05,0.9999996266190925,3.7566220448236916e-08,0.9999999598837048,3.896749855492204e-07,2.9712975783343096e-10,0.9996317496301652,1.1221466185979682e-10,0.011749888179429117,"grouped_out_of_fold; candidate=negative; mixed_evidence=0.026; strongest=anger=1.00, surprise=1.00",grouped_out_of_fold,reactionfusion_v2_hybrid_development
908,458,6,1,110,0,0,0,575,575,RF_POST_000908,කුදලගෙන ලංකාවට ගෙනාපු KPI ඉන්දියාවට පැනලා ගියෙත් උඹලගෙ ආණ්ඩු කාලෙ තමයි 😂 දැන් එනවා මෙතන ජාතික ආරක්ශාව ගැන ටසිරි වෙන ටෝක් ඉශූ කරගෙන 🖕,False,mixed,bc5187ac2deedcd9552e7be97f1f0a5258ce39473fac382df0623b5440dba817,DUP_bc5187ac2deedcd9,1,False,575,6.356107660695892,0.7965217391304348,0.788659793814433,0.0104347826086956,0.0120274914089347,0.0017391304347826,0.0034364261168384,0.1913043478260869,0.190721649484536,0.0,0.0017182130584192,0.0,0.0017182130584192,0.0,0.0017182130584192,like,0.7965217391304348,0.6052173913043478,neutral,0.4742140447787411,0.0314894878005199,0.2858644792599456,True,0.011391304347826,0.0,positive,1.0,reactionfusion_v1_provisional,train,approved,negative,negative,0.35770981886741554,False,False,0.31283008525155653,0.004300069900365038,0.35770981886741554,0.2572054865234762,0.19183000508940787,0.19325468951970032,0.11127166298829082,0.13983912131275275,0.025784326613337252,0.03787615529022499,0.513773233059536,0.6022537264090833,0.8002967034812505,0.23510711993088862,0.5592584419654479,0.4272464746987002,0.503455449738156,"candidate=negative; anchor_balance=0.010; mixed_evidence=0.004; strongest=care_empathy=0.80, anger=0.60",final_model,reactionfusion_v2_hybrid_development
909,155,8,2,264,0,1,0,430,430,RF_POST_000909,"🔴 අද බුද්ධි තක්සේරු වාර්තාව නිසා පෙරහැරේ කාවඩි නතර කරා, එදා බුද්ධි අංශ වාර්ථා පිළිගත්තා නම් අදටත් මිනිස්සු 270+ ජීවත් වෙනවා !",False,sinhala,ee86ca540c33a295a656074f4d65bc9bba246b55c6626e62ef625117c8bd3118,DUP_ee86ca540c33a295,2,True,430,6.066108090103747,0.3604651162790697,0.3569794050343249,0.0186046511627906,0.0205949656750572,0.0046511627906976,0.0068649885583524,0.6139534883720931,0.6064073226544623,0.0,0.0022883295194508,0.0023255813953488,0.0045766590389016,0.0,0.0022883295194508,haha,0.6139534883720931,0.2534883720930233,neutral,0.3060111381228025,0.0675728117318711,0.4011088385136704,True,0.0211627906976744,0.0023255813953488,positive,0.801980198019802,reactionfusion_v1_provisional,train,approved,uncertain,mixed,0.2775500959804708,True,True,0.4304841894997853,0.011821076141870534,0.2771110401940715,0.2035570162659903,0.24178184755946736,0.2775500959804708,0.32103816365385524,0.6131173927956229,0.7986190805700436,0.05368531603051587,0.4443902200549462,0.43664649921407245,0.22004575269287466,0.10068519271502256,0.35927749158788996,0.6491367647119634,0.7682187038450562,"candidate=mixed; anchor_balance=0.018; mixed_evidence=0.012; strongest=amusement=0.80, sarcasm=0.77",final_model,reactionfusion_v2_hybrid_development
910,604,174,12,27,0,0,0,817,817,RF_POST_000910,🔴 විජලන මුත්තා ඉන්දියාවට විකුණන්න ගිය මිල්කෝ ආයතනය ලාභ ලබා සේවකයන්ටත් බෝනස් දෙයි. 🧭✅,False,sinhala,a3018b2df20c95b882f7a8b676d7d736f2767289779162ecb6fbf00aa2aa7cc2,DUP_a3018b2df20c95b8,1,False,817,6.706862336602747,0.7392900856793145,0.7342233009708737,0.2129742962056303,0.212378640776699,0.01468788249694,0.0157766990291262,0.033047735618115,0.0339805825242718,0.0,0.0012135922330097,0.0,0.0012135922330097,0.0,0.0012135922330097,like,0.7392900856793145,0.5263157894736842,positive,0.3449880440516362,0.4242866905046982,0.3737973431382768,True,0.2210526315789473,0.0,positive,1.0,reactionfusion_v1_provisional,train,approved,positive,positive,0.3209336761635629,False,False,0.39093050566747806,0.003795441802596874,0.1660543613132819,0.21406747554937475,0.3209336761635629,0.29894448697378034,0.8602491208990616,0.8192768966251032,0.04573767591179655,0.012281624165132215,0.1715476841005857,0.0022484222793485113,0.5530575266091824,0.010160244770018841,0.36637859791525595,0.9464716400657762,0.4310297243457572,"candidate=positive; anchor_balance=0.219; mixed_evidence=0.004; strongest=approval=0.95, joy=0.86",final_model,reactionfusion_v2_hybrid_development
911,65,20,2,26,0,0,0,113,113,RF_POST_000911,වසරේ මුල් මාස 5 තුළ රු:බිලියන 197 ක අයවැය අතිරික්තයක් ❤️🔥 පසුගිය වසරේ අදාල කාල පරිච්ඡේදය තුල අයවැය හිඟය රු:බිලින 236 ක් !,False,sinhala,4b25c6560070d9efb12442296e6cb4cd5a5c24aa38f1e8acb42f3b3549ce69d0,DUP_4b25c6560070d9ef,1,False,113,4.736198448394496,0.5752212389380531,0.55,0.1769911504424778,0.175,0.0176991150442477,0.025,0.2300884955752212,0.225,0.0,0.0083333333333333,0.0,0.0083333333333333,0.0,0.0083333333333333,like,0.5752212389380531,0.3451327433628318,positive,0.288116684922248,0.4380831163616195,0.5313990874348614,True,0.1867256637168141,0.0,positive,1.0,reactionfusion_v1_provisional,train,approved,positive,positive,0.4073881577652943,False,False,0.60709977106176,0.040473318070784005,0.10803914479011488,0.14476663070591933,0.4073881577652943,0.3398060667386714,0.9991480107506531,0.9883195388598384,0.37658049940375266,0.0002928051217291466,0.32990985822760954,1.6207737240602824e-05,0.009048719012872882,0.0058121274684110385,0.0021301688786569324,0.9904459590315784,0.09718711066765048,"candidate=positive; anchor_balance=0.172; mixed_evidence=0.040; strongest=joy=1.00, approval=0.99",final_model,reactionfusion_v2_hybrid_development
912,143,1,0,402,0,0,0,546,546,RF_POST_000912,බයියෝ බේරෙ වැවේ නාවපු තරහ කොච්චරද කියනව නම් ඉන්දියාවෙ නැගී එන කැරපොතු පක්ෂෙටත් බනිනවා 😂,False,sinhala,fc91aa8482befdadd809f49afe9fb6e88b4e129781fdf4fee36a490bb7833873,DUP_fc91aa8482befdad,1,False,546,6.304448802421981,0.2619047619047619,0.2603978300180832,0.0018315018315018,0.0036166365280289,0.0,0.0018083182640144,0.7362637362637363,0.72875226039783,0.0,0.0018083182640144,0.0,0.0018083182640144,0.0,0.0018083182640144,haha,0.7362637362637363,0.4743589743589743,neutral,0.612584106586081,0.0070877509653007,0.302098283252503,True,0.0018315018315018,0.0,positive,1.0,reactionfusion_v1_provisional,train,approved,negative,negative,0.3455920604426395,False,False,0.33248398551057556,0.00480989490792876,0.3455920604426395,0.22177360514793124,0.168112688804226,0.26452164560520314,0.03849781029584653,0.2132601525344718,0.7473291618581187,0.29767571862838027,0.4538574630035246,0.8955483449983703,0.5008219083309327,0.04025817567432158,0.7979745896272803,0.25514012353063975,0.7941007169306448,"candidate=negative; anchor_balance=0.001; mixed_evidence=0.005; strongest=anger=0.90, disgust=0.80",final_model,reactionfusion_v2_hybrid_development
913,124,60,3,8,0,0,0,195,195,RF_POST_000913,"සැප්තැම්බර් වන විට 122ක්, 2027දී 272ක් > 2029 වන විට 500ක් ❤️🔥 2032-2035 වන විට මුළු ලංකාවේම නාගරික ප්රවාහනය මෙට්රෝ බස් රථ මඟින් ආවරණය කෙරේ ✅",False,sinhala,b6bd3664db7b5a78e6acaf70a0f13593bb6db8e91102de02978b505ae8c14b88,DUP_b6bd3664db7b5a78,2,True,195,5.278114659230517,0.6358974358974359,0.6188118811881188,0.3076923076923077,0.3019801980198019,0.0153846153846153,0.0198019801980198,0.041025641025641,0.0445544554455445,0.0,0.0049504950495049,0.0,0.0049504950495049,0.0,0.0049504950495049,like,0.6358974358974359,0.3282051282051282,positive,0.4106965484260281,0.5355745803111138,0.4346471981371435,False,0.3161538461538462,0.0,positive,1.0,reactionfusion_v1_provisional,train,approved,positive,positive,0.43319083427746613,False,False,0.49010473045630454,0.01941008833490315,0.0889552602809451,0.18842383599206475,0.43319083427746613,0.2894300694495239,0.9843014573074936,0.9735586224634933,0.18327916195607333,0.0007131647848447519,0.12751502552711166,9.002196696638084e-05,0.12855618462924143,0.006296530038366774,0.025245180379679738,0.9875454642867575,0.14356902820389605,"candidate=positive; anchor_balance=0.303; mixed_evidence=0.019; strongest=approval=0.99, joy=0.98",final_model,reactionfusion_v2_hybrid_development
915,132,39,5,2,1,0,0,179,179,RF_POST_000915,විශ්ව විද්යාල වරම් ලබන ආබාධ සහිත සියලු සිසුන්ට ජනාධිපති අරමුදලෙන් රුපියල් ලක්ෂයක දීමනාවක් ❤️,False,sinhala,a0966efc68db90a20329c08033577fee60f99370b0dc72bbe196cd47f7cde208,DUP_a0966efc68db90a2,1,False,179,5.19295685089021,0.7374301675977654,0.7150537634408602,0.217877094972067,0.2150537634408602,0.0279329608938547,0.032258064516129,0.0111731843575419,0.0161290322580645,0.0055865921787709,0.010752688172043,0.0,0.0053763440860215,0.0,0.0053763440860215,like,0.7374301675977654,0.5195530726256983,positive,0.3390950766085169,0.4301364347604993,0.378102334202922,True,0.2332402234636871,0.0,positive,1.0,reactionfusion_v1_provisional,train,approved,positive,positive,0.43762543010842514,False,False,0.4381524372422259,0.0188452661179452,0.1393671416623663,0.24494163630888507,0.43762543010842514,0.1780657919203236,0.8815912787152872,0.6019593166253502,0.10590707499660355,0.0009703534516591242,0.19778443826671435,0.000516510681651689,0.3612973906668369,0.008546805710857428,0.06697529040434867,0.9260037140684279,0.12795662190341187,"candidate=positive; anchor_balance=0.222; mixed_evidence=0.019; strongest=approval=0.93, joy=0.88",final_model,reactionfusion_v2_hybrid_development
916,156,4,0,26,2,0,0,188,188,RF_POST_000916,"දන්න අපරාධ රහස් හංඟගන මෝඩයෙක් වගේ මැරෙන්නෙ නැතුව, ඒ ඔක්කොම social media platform එකකට upload වෙන්න schedule කරලා මැරියල්ලා 😅🖐️",False,mixed,cd37ba9c2d9a5b82499ff9c00c47206beca382d1b1870c945ffed16b600c99cf,DUP_cd37ba9c2d9a5b82,1,False,188,5.241747015059643,0.8297872340425532,0.8051282051282052,0.0212765957446808,0.0256410256410256,0.0,0.0051282051282051,0.1382978723404255,0.1384615384615384,0.0106382978723404,0.0153846153846153,0.0,0.0051282051282051,0.0,0.0051282051282051,like,0.8297872340425532,0.6914893617021277,neutral,0.3345006667972476,0.0561404026347962,0.2871039881073041,True,0.0212765957446808,0.0,positive,1.0,reactionfusion_v1_provisional,train,approved,negative,negative,0.3579255434063547,False,False,0.3533346283572707,0.01449577962491367,0.3579255434063547,0.286910232186395,0.21097372790230967,0.14419049650494042,0.14855850564154,0.0943891630712388,0.011745336591871486,0.005274161310262786,0.4342324282596918,0.5184416553130277,0.7768462730390894,0.19962157579504808,0.6913571995541296,0.27000934618425737,0.3801840024296867,"candidate=negative; anchor_balance=0.018; mixed_evidence=0.014; strongest=care_empathy=0.78, disgust=0.69",final_model,reactionfusion_v2_hybrid_development
917,140,1,0,27,5,36,2,211,211,RF_POST_000917,🚨 පාස්කු ප්රහාරයට අදාලව ඉතා තීරණාත්මක සාක්ෂියක් ලබා දුන් හිටපු පොලිස්පති සී.ඩී. වික්රමරත්න වෙඩි වැදී අභිරහස් අයුරින් මිය යයි !,False,sinhala,4703be82d65f1b3d778f8f055013e8f0554e2a26773b0973d57196521b6204e7,DUP_4703be82d65f1b3d,2,True,211,5.356586274672012,0.6635071090047393,0.6467889908256881,0.0047393364928909,0.0091743119266055,0.0,0.0045871559633027,0.1279620853080568,0.128440366972477,0.0236966824644549,0.0275229357798165,0.1706161137440758,0.1697247706422018,0.0094786729857819,0.0137614678899082,like,0.6635071090047393,0.4928909952606635,negative,0.282584644907883,-0.3853351922886301,0.5114247277907533,True,0.0047393364928909,0.1800947867298578,negative,-0.9487179487179488,reactionfusion_v1_provisional,train,approved,neutral,neutral,0.4475326961560098,False,False,0.5509235441028377,0.025777156650683235,0.2325854144438616,0.4475326961560098,0.24768392157640126,0.07219796782372749,0.09266631257123017,0.008453101616671437,0.002114533653182131,0.0012646417255303482,0.06765788451318562,0.019053932633030204,0.011582163569091801,0.3642652207187297,0.00041394283385458655,0.024885380826915108,0.007039007306082964,"grouped_out_of_fold; candidate=neutral; mixed_evidence=0.026; strongest=fear=0.36, joy=0.09",grouped_out_of_fold,reactionfusion_v2_hybrid_development
919,171,16,0,58,0,0,0,245,245,RF_POST_000919,බොලාගෙ සමහර පැළවුනු මුල්ගල් තමයි බං මාලිමාවෙ ආණ්ඩුව ප්රමිතියටම වැඩ අහවරක් කරල මිනිස්සුන්ට දෙන්නේ 😊 අවුල් වගේ නේද ?,False,sinhala,dc642beade524f070c14d4b66fa6e78d302b357334aa1ce75e1c42c519f5518f,DUP_dc642beade524f07,1,False,245,5.5053315359323625,0.6979591836734694,0.6825396825396826,0.0653061224489796,0.0674603174603174,0.0,0.0039682539682539,0.236734693877551,0.2341269841269841,0.0,0.0039682539682539,0.0,0.0039682539682539,0.0,0.0039682539682539,like,0.6979591836734694,0.4612244897959183,positive,0.1425886085068562,0.1791074638086575,0.3958415863107812,True,0.0653061224489796,0.0,positive,1.0,reactionfusion_v1_provisional,train,approved,uncertain,positive,0.30086649936590315,True,True,0.44722970679070345,0.014197768469546141,0.1967934086124725,0.20415800386411154,0.30086649936590315,0.2981820881575128,0.8335654984028699,0.6899462961839035,0.0841357390998707,0.006986684643436648,0.47609948485814907,0.04019093916670352,0.3093647342946045,0.11859777531924232,0.2285753749199022,0.8422965398661074,0.46232433739209466,"candidate=positive; anchor_balance=0.062; mixed_evidence=0.014; strongest=approval=0.84, joy=0.83",final_model,reactionfusion_v2_hybrid_development
920,144,44,5,1,0,3,0,197,197,RF_POST_000920,"🔴 කෙහෙලිය සමයේදී ගෙන්වූ බාල බෙහෙත් නිසා පෙනීම අහිමි වූ, පෙනීම දුර්වල වූ 21 දෙනෙක්ට රුපියල් මිලියනය බැගින් වන්දි ලබා දෙයි.",False,sinhala,d96230b4a2e4060c8793067a0afff776ec7ea06e3261d13ac77f549fd93a3a5b,DUP_d96230b4a2e4060c,2,True,197,5.288267030694535,0.7309644670050761,0.7107843137254902,0.2233502538071066,0.2205882352941176,0.0253807106598984,0.0294117647058823,0.0050761421319796,0.0098039215686274,0.0,0.0049019607843137,0.015228426395939,0.0196078431372549,0.0,0.0049019607843137,like,0.7309644670050761,0.5076142131979695,positive,0.3223649793150606,0.406936422013152,0.3842254843655388,True,0.2373096446700507,0.015228426395939,positive,0.8793969849246231,reactionfusion_v1_provisional,train,approved,mixed,mixed,0.3542452664111853,False,True,0.4390511785409207,0.04304423319028634,0.13462093839066835,0.18672843596965524,0.3244053592284912,0.3542452664111853,0.8462251576766359,0.8498052943378808,0.09404177376104823,0.0009395339715818713,0.4476953860046039,0.0005809408661967738,0.47852014161792156,0.01219457769569243,0.1854001162801019,0.9654053392635978,0.2726175463285372,"candidate=mixed; anchor_balance=0.212; mixed_evidence=0.043; strongest=approval=0.97, affection=0.85",final_model,reactionfusion_v2_hybrid_development
922,1886,916,62,493,5,0,0,3362,3362,RF_POST_000922,🔴2022.04.12 - 🇱🇰 නිල වශයෙන් බංකොළොත් බව ප්රකාශ කරා. 🔴2026.07.01 - 🇱🇰 නිල වශයෙන් ඉහල මැදි ආදායම් ලබන රටක් බවට ප්රකාශ කරා.✅,False,sinhala,c0a79f04eb1d383084fb3984b131715a6203bd67ed674c07fe41796aea70db13,DUP_c0a79f04eb1d3830,2,True,3362,8.12058871174027,0.5609756097560976,0.560106856634016,0.2724568709101725,0.2721875927574948,0.0184414039262343,0.0186999109528049,0.1466389054134443,0.1466310477886613,0.0014872099940511,0.0017809439002671,0.0,0.0002968239833778,0.0,0.0002968239833778,like,0.5609756097560976,0.288518738845925,positive,0.3976195301354741,0.5432696433700025,0.5361982397213791,False,0.2825996430696014,0.0,positive,1.0,reactionfusion_v1_provisional,train,approved,positive,positive,0.4544814511589662,False,False,0.5400334070573921,0.0012823589363191266,0.11998930584547388,0.1971390224460077,0.4544814511589662,0.2283902205495521,0.9952920557417048,0.9913385072616931,0.24530453275193195,0.02265864676739455,0.02763055585379209,2.1571036471805608e-05,0.09833005242263398,0.0009814093672994087,0.011923646063075949,0.9895206339802766,0.257907849968523,"candidate=positive; anchor_balance=0.282; mixed_evidence=0.001; strongest=joy=1.00, affection=0.99",final_model,reactionfusion_v2_hybrid_development
923,78,8,1,7,0,0,0,94,94,RF_POST_000923,ජනාධිපති වැය ශීර්ෂය යටතේ ඇති මුදල් අවභාවිතා කල බවට චෝදනා ලැබූ නන්දසේන ගෝඨාභයගේ හිටපු පුද්ගලික ලේකම් සුගීෂ්වර බණ්ඩාර ලබන 8 දක්වා යළි රිමාන්ඩ් 😅,False,sinhala,4f02f4e321c153d5cfb20cd893ca1c151dae63fd42ec2e16e7857674c67a8cc3,DUP_4f02f4e321c153d5,2,True,94,4.553876891600541,0.8297872340425532,0.7821782178217822,0.0851063829787234,0.0891089108910891,0.0106382978723404,0.0198019801980198,0.0744680851063829,0.0792079207920792,0.0,0.0099009900990099,0.0,0.0099009900990099,0.0,0.0099009900990099,like,0.8297872340425532,0.7446808510638298,positive,0.1532810785772467,0.2142593926649823,0.3115619006969577,True,0.0909574468085106,0.0,positive,1.0,reactionfusion_v1_provisional,train,approved,positive,positive,0.32827693097306915,False,False,0.4230449008113634,0.033508506994959476,0.18734627254912323,0.2312474284451202,0.32827693097306915,0.2531293680326875,0.7026110495147898,0.4402291186911387,0.018603818617733997,0.0011539134954034692,0.6030026905510008,0.016261873491349735,0.3355329471236373,0.08500471207634008,0.26493559625630303,0.7766793941632899,0.18637113397673458,"candidate=positive; anchor_balance=0.080; mixed_evidence=0.034; strongest=approval=0.78, joy=0.70",final_model,reactionfusion_v2_hybrid_development
924,1678,10,0,469,5,5,2,2169,2169,RF_POST_000924,"මිහින්තලේ වනචාරියා යකා නටන්නේ පොසොන් උත්සවයට අදාලව රජයෙන් දෙන ලක්ෂ 50 උගෙ අතට නොදී ප්රාදේශීය ලේකම්ට දීපු නිසාලු, නේද ! 😂🖐️",False,sinhala,3217630410e4d3388d42be0339c26a0ebea2bac8fb3cdfa903d3d70ca08f7aa0,DUP_3217630410e4d338,2,True,2169,7.682482446534506,0.7736284001844168,0.7715992647058824,0.0046104195481788,0.0050551470588235,0.0,0.0004595588235294,0.2162286768095896,0.2159926470588235,0.0023052097740894,0.0027573529411764,0.0023052097740894,0.0027573529411764,0.0009220839096357,0.0013786764705882,like,0.7736284001844168,0.5573997233748271,neutral,0.6301536240972764,0.00390116721502,0.3026562468844412,True,0.0046104195481788,0.0032272936837252,positive,0.1764705882352941,reactionfusion_v1_provisional,train,approved,negative,negative,0.37738654274666944,False,False,0.3098400173923682,0.005126029699506092,0.37738654274666944,0.3320983956683405,0.14448825354633985,0.14602680803865023,0.021816557742519185,0.05872164503527352,0.03818999961651268,0.17319463364943155,0.2894022528613037,0.741163717294963,0.7788934219497627,0.15995735282779958,0.6166716809785004,0.210455876465767,0.6197962515311757,"candidate=negative; anchor_balance=0.001; mixed_evidence=0.005; strongest=care_empathy=0.78, anger=0.74",final_model,reactionfusion_v2_hybrid_development
925,1723,585,41,44,3,1,0,2397,2397,RF_POST_000925,"යකෝ මිනිස්සු මෙච්චර love කරන්නේ metro bus 10කට, අගොස්තුවේ තව 104ක් දැම්මම සහ පසුව ක්රමිකව වෙනත් නගර වලට ව්යාප්ත වෙද්දි 🤩❤️🔥",False,mixed,e554a9b33779dcd1de618945816681ab110e44bdcea7eaba52f68c84613ebe4e,DUP_e554a9b33779dcd1,2,True,2397,7.7823903355874595,0.7188151856487276,0.7171381031613977,0.244055068836045,0.2437603993344426,0.0171047142261159,0.0174708818635607,0.0183562786816854,0.0187188019966722,0.0012515644555694,0.0016638935108153,0.0004171881518564,0.0008319467554076,0.0,0.0004159733777038,like,0.7188151856487276,0.4747601168126825,positive,0.3714771121219609,0.45812861531643,0.3782846139598542,False,0.2534626616604088,0.0004171881518564,positive,0.9967134993016186,reactionfusion_v1_provisional,train,approved,positive,positive,0.31963046736147666,False,False,0.38413115202624354,0.0019174599934754252,0.18998335820850468,0.23667018598153733,0.31963046736147666,0.25371598844848137,0.6942810126470706,0.7587150991069248,0.06366421537591713,0.03528314267120602,0.06189172510714425,0.0018439554174819464,0.6222816073630951,0.004637669579232334,0.38534585454771725,0.9222279194517469,0.48775986183800124,"candidate=positive; anchor_balance=0.252; mixed_evidence=0.002; strongest=approval=0.92, affection=0.76",final_model,reactionfusion_v2_hybrid_development
926,335,2,1,132,1,1,0,472,472,RF_POST_000926,හරක් කටාගෙන් ලක්ෂ 1200ක කප්පමක් ගන්න හොඳයි ! හැබැයි දරුවෝ තුන්දෙනා ඉස්සරහ අත් අඩංගුවට පත් වෙන එක ලැජ්ජයි ! අනේ පලයන් චරිත් යන්න. 😸🖕,False,sinhala,064415d2e04eda8f59cac686212e26c89ad9cdec3745b235af406fe681baeb42,DUP_064415d2e04eda8f,2,True,472,6.159095388491933,0.7097457627118644,0.7014613778705637,0.0042372881355932,0.0062630480167014,0.0021186440677966,0.0041753653444676,0.2796610169491525,0.2776617954070981,0.0021186440677966,0.0041753653444676,0.0021186440677966,0.0041753653444676,0.0,0.0020876826722338,like,0.7097457627118644,0.4300847457627119,neutral,0.616009051738175,0.0096760005063465,0.3401791503755763,True,0.0054025423728813,0.0021186440677966,positive,0.4366197183098591,reactionfusion_v1_provisional,train,approved,negative,negative,0.36094525929222543,False,False,0.36887395828174857,0.009241101251317291,0.36094525929222543,0.21760328431640108,0.1909650524212658,0.2304864039701076,0.0727368354352914,0.17450418203531104,0.10436454474708635,0.03437859126643967,0.4883328819108845,0.7745176801641769,0.6946146035874817,0.444197209106635,0.6086605746047401,0.4417468585124125,0.6484969422413315,"candidate=negative; anchor_balance=0.002; mixed_evidence=0.009; strongest=anger=0.77, care_empathy=0.69",final_model,reactionfusion_v2_hybrid_development
929,94,0,0,46,0,0,1,141,141,RF_POST_000929,"Bye-Bye 🖐️ ta-ta🖐️ නානසාර 😅 නලක වැඩ නොකර හොඳ ළමය වගේ මාස 9ක් ඉන්ට ඕනි, හරිය ! 😘",False,mixed,ea59243917f96c05ae2f785a9d06eafa2e2a86800dc78f37f7dbeb90de87568f,DUP_ea59243917f96c05,1,False,141,4.955827057601261,0.6666666666666666,0.6418918918918919,0.0,0.0067567567567567,0.0,0.0067567567567567,0.3262411347517731,0.3175675675675675,0.0,0.0067567567567567,0.0,0.0067567567567567,0.0070921985815602,0.0135135135135135,like,0.6666666666666666,0.3404255319148936,neutral,0.5186150431850216,-0.0215745065724963,0.3447417080257396,True,0.0,0.0070921985815602,negative,-1.0,reactionfusion_v1_provisional,train,approved,negative,negative,0.3164033613734819,False,False,0.43273671106456735,0.018128159517569714,0.3164033613734819,0.18898062971523283,0.21000463127611585,0.2846113776351694,0.09775325016697721,0.2361103230392348,0.16397404831124776,0.005873471884359786,0.46512136987353153,0.8646499827172959,0.32092964782639644,0.5992352199086234,0.6752169188511824,0.4318390353937955,0.6341970021911512,"candidate=negative; anchor_balance=-0.010; mixed_evidence=0.018; strongest=anger=0.86, disgust=0.68",final_model,reactionfusion_v2_hybrid_development
930,114,4,0,12,2,0,0,132,132,RF_POST_000930,🚨 රාජ්ය ආයතන දෙකකින් වැටුප් ගත් සුගීශ්වර බණ්ඩාර හෙවත් අසූචි බණ්ඩාර මධ්යම අපරාධ විමර්ශන කොට්ඨාසයේ අත්අඩංගුවට 😸✅,False,sinhala,dc1d7b49dd61e39f5300aba513e579b22300aed0903dcfb79937e9e43f5b1113,DUP_dc1d7b49dd61e39f,2,True,132,4.890349128221754,0.8636363636363636,0.8273381294964028,0.0303030303030303,0.0359712230215827,0.0,0.0071942446043165,0.0909090909090909,0.0935251798561151,0.0151515151515151,0.0215827338129496,0.0,0.0071942446043165,0.0,0.0071942446043165,like,0.8636363636363636,0.7727272727272727,neutral,0.2125757865944925,0.0765414474915735,0.2641627429898087,True,0.0303030303030303,0.0,positive,1.0,reactionfusion_v1_provisional,train,approved,negative,negative,0.3527570822049892,False,False,0.35321199447004037,0.020328747883167794,0.3527570822049892,0.32574364115377735,0.21275651441269836,0.10874276222853502,0.1500040604742904,0.05850926273409192,0.006833396400596309,0.0020885525364675935,0.3705155432382823,0.39056164918375924,0.7676284015814634,0.11843693131877431,0.7087705877919349,0.17463685492317665,0.29627173197809914,"candidate=negative; anchor_balance=0.026; mixed_evidence=0.020; strongest=care_empathy=0.77, disgust=0.71",final_model,reactionfusion_v2_hybrid_development
931,117,34,2,2,0,0,1,156,156,RF_POST_000931,ඉරාන - අමරිකා යුද්ධය නිල වශයෙන්ම අවසන් බව දෙරටින්ම නිවේදන නිකුත් කරයි. ♥️ #Baiyo_andana_News,False,mixed,5727daf7276c9ebb199267bc9fcdf016c78b2a80eb837d83a264ec7288df6564,DUP_5727daf7276c9ebb,2,True,156,5.056245805348308,0.75,0.7239263803680982,0.2179487179487179,0.2147239263803681,0.0128205128205128,0.0184049079754601,0.0128205128205128,0.0184049079754601,0.0,0.0061349693251533,0.0,0.0061349693251533,0.0064102564102564,0.0122699386503067,like,0.75,0.532051282051282,positive,0.322968944120994,0.410947271925723,0.3555594776523003,True,0.225,0.0064102564102564,positive,0.9445983379501384,reactionfusion_v1_provisional,train,approved,mixed,mixed,0.3574627592690486,False,True,0.4253859635817292,0.03131675805509663,0.09238332688770169,0.23786701657317733,0.3122868972700724,0.3574627592690486,0.8669470865998896,0.7619701098014671,0.08283515001776748,0.0005410167617334947,0.3146859141583357,0.0004597669061997821,0.03321540339333556,0.007987278346295864,0.04265105017893988,0.9247323938893867,0.12595563792093706,"candidate=mixed; anchor_balance=0.206; mixed_evidence=0.031; strongest=approval=0.92, joy=0.87",final_model,reactionfusion_v2_hybrid_development
932,167,33,2,1,2,0,0,205,205,RF_POST_000932,🚨 ව්යාජ ලේඛන ඉදිරිපත් කරමින් ගුවන් ගමන් බලපත්රයක් ලබා ගැනීම සම්බන්ධයෙන් ශෂී වීරවංශට බරපතල වැඩ ඇතිව වසර දෙකක සිරදඩුවමක් ✅,False,sinhala,c94759cf8e887c5287ebf6c672dfd8b56ae733bc7f48318536b9b482f466783a,DUP_c94759cf8e887c52,2,True,205,5.327876168789581,0.8146341463414634,0.7924528301886793,0.1609756097560975,0.160377358490566,0.0097560975609756,0.0141509433962264,0.0048780487804878,0.0094339622641509,0.0097560975609756,0.0141509433962264,0.0,0.0047169811320754,0.0,0.0047169811320754,like,0.8146341463414634,0.6536585365853659,positive,0.2814906951483719,0.3360927433324455,0.2966941712599051,True,0.1663414634146341,0.0,positive,1.0,reactionfusion_v1_provisional,train,approved,positive,positive,0.3453190688008271,False,False,0.35608335089598336,0.013437107580980504,0.23397087286751392,0.330843558304031,0.3453190688008271,0.08986650002762799,0.670975814699221,0.12827878060117928,0.02714616551799382,0.001707617152336106,0.1837227457426725,0.004322044163029039,0.6529587478672146,0.006635959606588008,0.2594647658253319,0.5700023827082886,0.22669577248733838,"candidate=positive; anchor_balance=0.159; mixed_evidence=0.013; strongest=joy=0.67, care_empathy=0.65",final_model,reactionfusion_v2_hybrid_development
934,70,20,1,10,0,0,0,101,101,RF_POST_000934,මැයි මාසයේ විදේශ ප්රේෂණ ලැබීම් ඩොලර් මිලියන 847 ක්. පසුගිය වසරේ මැයි මාසය හා සැසදීමේ දී 36.2% ක වර්ධනයක්. 🧭❤️🔥,False,sinhala,472c08fb4d53bdf54b023e57090e1eabde510290d71b08241a7fe727dd9ef389,DUP_472c08fb4d53bdf5,1,False,101,4.624972813284271,0.693069306930693,0.6574074074074074,0.198019801980198,0.1944444444444444,0.0099009900990099,0.0185185185185185,0.099009900990099,0.1018518518518518,0.0,0.0092592592592592,0.0,0.0092592592592592,0.0,0.0092592592592592,like,0.693069306930693,0.495049504950495,positive,0.2867672853051272,0.4229365466155361,0.4365185261378427,True,0.2034653465346534,0.0,positive,1.0,reactionfusion_v1_provisional,train,approved,positive,positive,0.3754088613561612,False,False,0.5297044645503373,0.039237367744469426,0.09881821641637274,0.19812284209761374,0.3754088613561612,0.32765008012985236,0.9864169683818579,0.9052300624325075,0.12124250263597258,0.00046496307151787164,0.32490023928379136,0.000116301533864004,0.04214203439420546,0.010055659047053396,0.017798578277662888,0.9642073991184827,0.11120495380144511,"candidate=positive; anchor_balance=0.186; mixed_evidence=0.039; strongest=joy=0.99, approval=0.96",final_model,reactionfusion_v2_hybrid_development
936,187,26,2,1,0,0,0,216,216,RF_POST_000936,🔴 කරුණාකර සියළු ආගමික ස්ථාන වල පිංකැට වෙනුවට රජයේ ගිණුමක QR කේතයක් ප්රසිද්ධ කරන්න. ළමා දූෂකයන්ගේ නීතීඥ ගාස්තු ගෙවීමට අප බැඳී නොමැත !,False,mixed,b990fe402cb4b5839de37e90d70b17b7e0f45fdee6850b2c68d41f5857837d7b,DUP_b990fe402cb4b583,1,False,216,5.37989735354046,0.8657407407407407,0.8430493273542601,0.1203703703703703,0.1210762331838565,0.0092592592592592,0.0134529147982062,0.0046296296296296,0.0089686098654708,0.0,0.0044843049327354,0.0,0.0044843049327354,0.0,0.0044843049327354,like,0.8657407407407407,0.7453703703703703,positive,0.2337876284076825,0.2677539035178339,0.2301741643194315,True,0.1254629629629629,0.0,positive,1.0,reactionfusion_v1_provisional,train,approved,uncertain,positive,0.28180357670606604,True,True,0.29423212585784964,0.010555412586828686,0.24767527495351302,0.24624311775943486,0.28180357670606604,0.2242780305809861,0.6000243412599455,0.2975752289869566,0.011000673500534153,0.002614363225530906,0.4936341770577074,0.023115543334881385,0.7177126632896261,0.024457055879382513,0.5178117105790984,0.7231602627206046,0.33778978541220045,"candidate=positive; anchor_balance=0.120; mixed_evidence=0.011; strongest=approval=0.72, care_empathy=0.72",final_model,reactionfusion_v2_hybrid_development
938,117,13,0,0,0,0,0,130,130,RF_POST_000938,"🔴කොරියාව පිරිසිදු නීතිගරුක රටක් වෙලා තියන්නේ කාලයක් තිස්සේ සෘජුවම ක්රියාත්මක වන විනිවිද නීති පද්ධතිය, කැමරා+දඩ නිසා, දැන් ලංකාවටත් අවශ්ය ඒක !",False,sinhala,73dcf3db8183f43f6e00fbccd80b8650ccb868381a29e5d3df270a846ba27e4f,DUP_73dcf3db8183f43f,1,False,130,4.875197323201151,0.9,0.8613138686131386,0.1,0.1021897810218978,0.0,0.0072992700729927,0.0,0.0072992700729927,0.0,0.0072992700729927,0.0,0.0072992700729927,0.0,0.0072992700729927,like,0.9,0.8,positive,0.1863799893966918,0.2196839231103958,0.167059601158495,True,0.1,0.0,positive,1.0,reactionfusion_v1_provisional,train,approved,uncertain,neutral,0.29337454026278253,True,True,0.2781420332493378,0.016241870554705856,0.2687625441332341,0.29337454026278253,0.2571956070720613,0.18066730853192206,0.5052559378551864,0.17663271297226085,0.006623816980076704,0.0011605472640468524,0.5383508596243927,0.04070313254105873,0.685988076189667,0.027095499355029435,0.524492366931438,0.508128087787054,0.30483830154837666,"candidate=neutral; anchor_balance=0.092; mixed_evidence=0.016; strongest=care_empathy=0.69, sadness=0.54",final_model,reactionfusion_v2_hybrid_development
939,9,1,0,18,0,0,0,28,28,RF_POST_000939,"ගෙදර යතුර සීයාට බාරදෙන්න ලංකාවේ මිනිස්සු බය වුණාට, මොළේ තියෙන අමෙරිකාවේ මිනිස්සු බයවුණේ නෑ කියලත් සිලින්ඩර් බයියෝ ඒ දවස් වල කිව්වා. 😸",False,sinhala,3c03224298e2b601ba625cd61ae4460eba2e6a8d6063729f8a89c05512c59e4e,DUP_3c03224298e2b601,1,False,28,3.367295829986474,0.3214285714285714,0.2857142857142857,0.0357142857142857,0.0571428571428571,0.0,0.0285714285714285,0.6428571428571429,0.5428571428571428,0.0,0.0285714285714285,0.0,0.0285714285714285,0.0,0.0285714285714285,haha,0.6428571428571429,0.3214285714285714,positive,0.0444734390081226,0.129211765178568,0.3946007596861265,True,0.0357142857142857,0.0,positive,1.0,reactionfusion_v1_provisional,train,approved,mixed,mixed,0.31464414773534766,False,True,0.6472284781979675,0.14793793787382112,0.2574302785258547,0.14981400890216426,0.2781115648366334,0.31464414773534766,0.2910911803757161,0.6746332279736797,0.8747996054556034,0.0007742651348990699,0.6466137704959368,0.056906160041158664,0.0005245843395293966,0.19058633054703666,0.5852206184642808,0.48562917684773876,0.6171564140454797,"grouped_out_of_fold; candidate=mixed; mixed_evidence=0.148; strongest=amusement=0.87, affection=0.67",grouped_out_of_fold,reactionfusion_v2_hybrid_development
941,21,14,5,2,0,0,0,42,42,RF_POST_000941,මෙතෙක් කල් විධායක ජනාධිපතිවරයාට පමණක් වෙන් කර තිබූ ජ'පුර මහ රෝහලේ විශේෂ ප්රතිකාර ඒකකය අද සිට පොදු ජනතාව වෙනුවෙන් විවෘත්තයි ❤️,False,sinhala,a6a9329055e9b6fa3d24812291782ffef93d007d9372ba0eb34c33605f158de2,DUP_a6a9329055e9b6fa,1,False,42,3.7612001156935615,0.5,0.4489795918367347,0.3333333333333333,0.3061224489795918,0.119047619047619,0.1224489795918367,0.0476190476190476,0.0612244897959183,0.0,0.0204081632653061,0.0,0.0204081632653061,0.0,0.0204081632653061,like,0.5,0.1666666666666666,positive,0.2425097994844019,0.5972520207234338,0.5710006000761706,True,0.3988095238095238,0.0,positive,1.0,reactionfusion_v1_provisional,train,approved,mixed,mixed,0.577660325766902,False,True,0.7134703853960035,0.11648496088098015,0.06097399182735911,0.06533116104727227,0.2960345213584667,0.577660325766902,0.9972330021389543,0.9699559119397834,0.9955962291422894,1.7550201204480475e-06,0.7861700326942536,1.9296627257971915e-08,6.551178194790593e-06,0.00019115118791686512,3.5883056413401e-07,0.9998667717812817,0.0002698022557622536,"candidate=mixed; anchor_balance=0.333; mixed_evidence=0.116; strongest=approval=1.00, joy=1.00",final_model,reactionfusion_v2_hybrid_development
942,5,0,0,24,0,0,0,29,29,RF_POST_000942,"ජපන් ලොලිපොප් කන්න ගිහිං ගුටි නොකා 99න් බේරිලා ආපු පොහොට්ටුවේ මාගල්කන්දේ, සලේ බේරගන්න මෙන්න කළුතරින් මතු වෙලා 😸🤭",False,sinhala,3445ae7edf4ba0d222303b960f7cd744889618549d929ab8763c3fd6e9ccb56a,DUP_3445ae7edf4ba0d2,1,False,29,3.4011973816621555,0.1724137931034483,0.1666666666666666,0.0,0.0277777777777777,0.0,0.0277777777777777,0.8275862068965517,0.6944444444444444,0.0,0.0277777777777777,0.0,0.0277777777777777,0.0,0.0277777777777777,haha,0.8275862068965517,0.6551724137931034,neutral,0.2720346272403177,0.0,0.2362354809607577,True,0.0,0.0,neutral,0.0,reactionfusion_v1_provisional,train,approved,negative,negative,0.32721035723223196,False,False,0.5393681341477753,0.09289117865878352,0.32721035723223196,0.2343092527263865,0.18432400759000042,0.2541563824513812,0.01694625695889602,0.12679922961308088,0.7823767361287035,0.001870928600221906,0.3229929520582645,0.6543547197130004,0.0009769641737352112,0.002194038258441166,0.7918423558407129,0.14524692457298602,0.754435973474685,"grouped_out_of_fold; candidate=negative; mixed_evidence=0.093; strongest=disgust=0.79, amusement=0.78",grouped_out_of_fold,reactionfusion_v2_hybrid_development
943,6695,2958,131,863,5,2,0,10654,10654,RF_POST_000943,වෙනසක් සිදුකිරීමට අවශ්ය නම් අවදානමට බිය නොවියයුතුය. ගරු ජනපති අ.කු.දි. ✅👊👊👊✅,False,sinhala,7ceca8f6e0c60f8cd026b0014cc278be476536b4151347eb57e4f78ad21e1261,DUP_7ceca8f6e0c60f8c,1,False,10654,9.273784544532717,0.6284024779425568,0.628083669449395,0.2776422001126337,0.2775537004033392,0.0122958513234465,0.0123815777131601,0.0810024403979726,0.0810430541225025,0.0004693073024216,0.0005627989869618,0.0001877229209686,0.0002813994934809,0.0,9.379983116030391e-05,like,0.6284024779425568,0.350760277829923,positive,0.3977235090521231,0.5192043925553018,0.4679501377301599,False,0.2844049183405294,0.0001877229209686,positive,0.9986807605415478,reactionfusion_v1_provisional,train,approved,positive,positive,0.3511189763219906,False,False,0.46932343234476737,0.0007043593394162159,0.13893142774935807,0.24098836002834478,0.3511189763219906,0.26896123590030657,0.8978024508724611,0.9415054573548164,0.1347441570679462,0.1332423266078729,0.015694688247287952,0.00019487712216300628,0.25641674007519827,0.0011045541609617528,0.10120726234059288,0.958337123317036,0.4655819896483278,"candidate=positive; anchor_balance=0.284; mixed_evidence=0.001; strongest=approval=0.96, affection=0.94",final_model,reactionfusion_v2_hybrid_development
944,162,13,5,0,1,134,0,315,315,RF_POST_000944,මිතුරන්ගේ ඕනෑම අසීරු අවස්ථාවක ඔවුන් අත් නොහැරි මහින්ද මඩිහහේවා මහතා අප හැර ගොසිනි 😪. ඔහු පිළිබඳ ආදරණීය මතකය දිනේවා !,False,sinhala,4ee0e6bbdd193867eb0ae68c503a46ccc6f707c54edf861a5de66fb539cbee46,DUP_4ee0e6bbdd193867,2,True,315,5.755742213586912,0.5142857142857142,0.5062111801242236,0.0412698412698412,0.0434782608695652,0.0158730158730158,0.0186335403726708,0.0,0.0031055900621118,0.0031746031746031,0.0062111801242236,0.4253968253968254,0.4192546583850932,0.0,0.0031055900621118,like,0.5142857142857142,0.0888888888888888,negative,0.4107382422376272,-0.5390936663552769,0.4733863664932355,False,0.05,0.4253968253968254,negative,-0.7896494156928213,reactionfusion_v1_provisional,train,approved,mixed,mixed,0.381602702353505,False,True,0.5072409107225226,0.10900953733539928,0.3323383608584036,0.1587404174491038,0.12731851933898758,0.381602702353505,0.07069724313563844,0.83956155076471,0.3436026387609812,0.009893924911403127,0.8043854307481818,0.0004973142141699215,0.7893909653721067,0.008684535821369696,0.004293989037441897,0.6689552533687576,0.07649706223630273,"candidate=mixed; anchor_balance=-0.369; mixed_evidence=0.109; strongest=affection=0.84, sadness=0.80",final_model,reactionfusion_v2_hybrid_development
946,30,1,0,65,0,0,0,96,96,RF_POST_000946,කවුරුහරි කියපල්ලා Sampath Bank ATM වල එන Fragrance එක මොකද්ද කියලා 😫 ඒ ලගින් යන perfume එකක්හරි කමක් නෑ 😫❤️,False,mixed,6660e976d042b34aff9d5744649a382675e43d01c266766ec1211c0d8d941e1d,DUP_6660e976d042b34a,1,False,96,4.574710978503383,0.3125,0.3009708737864077,0.0104166666666666,0.0194174757281553,0.0,0.0097087378640776,0.6770833333333334,0.6407766990291263,0.0,0.0097087378640776,0.0,0.0097087378640776,0.0,0.0097087378640776,haha,0.6770833333333334,0.3645833333333333,neutral,0.3882381251036381,0.0389374898595385,0.3469152790538494,True,0.0104166666666666,0.0,positive,1.0,reactionfusion_v1_provisional,train,approved,mixed,mixed,0.3284452969245807,False,True,0.46410496134204904,0.036046987288702835,0.27735517766273615,0.1789454566743668,0.2152540687383164,0.3284452969245807,0.14187393244352145,0.5064455748763885,0.7425195447354066,0.013143411751571651,0.5581310106256668,0.7611720699422742,0.18329684828880638,0.23942934761503398,0.7464987263144146,0.46176711404764653,0.7559364100532677,"candidate=mixed; anchor_balance=0.005; mixed_evidence=0.036; strongest=anger=0.76, sarcasm=0.76",final_model,reactionfusion_v2_hybrid_development
947,26,0,0,0,0,91,1,118,118,RF_POST_000947,අර වත්තේගම දාලා ගිය ළමයා දැක්කම පපුව රිදෙනවා 😶💔,False,sinhala,8a2527618746bb287d300f5555b1139a4902734de878623c376aad17f2c06ec8,DUP_8a2527618746bb28,1,False,118,4.77912349311153,0.2203389830508474,0.216,0.0,0.008,0.0,0.008,0.0,0.008,0.0,0.008,0.7711864406779662,0.736,0.0084745762711864,0.016,sad,0.7711864406779662,0.5508474576271186,negative,0.6611990165361801,-0.8564786923537476,0.2950214631678298,False,0.0,0.7796610169491526,negative,-1.0,reactionfusion_v1_provisional,train,approved,negative,negative,0.46649436223673,False,False,0.3994461034214066,0.019812526729701768,0.46649436223673,0.3079542510229239,0.09378588178793455,0.13176550495241152,0.0036938860531769194,0.3264040481718879,0.061070444148648644,0.002843079248749455,0.8105053664289383,0.0002325698707278845,0.000950555206331535,0.0004336378966239212,0.0008456266503807788,0.005298469554594857,0.003012542461087551,"candidate=negative; anchor_balance=-0.740; mixed_evidence=0.020; strongest=sadness=0.81, affection=0.33",final_model,reactionfusion_v2_hybrid_development
950,16,1,0,51,2,0,0,70,70,RF_POST_000950,වැලිමඩ අල ගොවියට කෙසේවෙතත් නුවරඑලියෙ රාබු ගොවියට නම් හොද කලක් උදාවෙන්නයි යන්නෙ 😌👍,False,sinhala,f45ff179ce791d78473014f920c23611e9ad19c85d8c43c69956f768342405e8,DUP_f45ff179ce791d78,1,False,70,4.262679877041316,0.2285714285714285,0.2207792207792207,0.0142857142857142,0.0259740259740259,0.0,0.0129870129870129,0.7285714285714285,0.6753246753246753,0.0285714285714285,0.0389610389610389,0.0,0.0129870129870129,0.0,0.0129870129870129,haha,0.7285714285714285,0.5,neutral,0.2823169324928793,0.0546091812878003,0.3753208512910848,True,0.0142857142857142,0.0,positive,1.0,reactionfusion_v1_provisional,train,approved,negative,negative,0.3636926498836597,False,False,0.5083027638756201,0.0528106767662982,0.3636926498836597,0.31077780039713887,0.22169308594851442,0.10383646377068702,0.040778839768187705,0.12578475460090036,0.6813251978623776,0.003924471382298113,0.1686345910784686,0.8230952758886652,0.12414898371085954,0.03798252734510598,0.9265510454820072,0.05701927760834071,0.6845999467135065,"candidate=negative; anchor_balance=0.007; mixed_evidence=0.053; strongest=disgust=0.93, anger=0.82",final_model,reactionfusion_v2_hybrid_development
951,21,0,0,173,0,0,0,194,194,RF_POST_000951,ලබන නඩු වාරය වනවිට Akila Virajට ඇති රෝගී තත්වය නිවැරදිව අනුමාන කරන්න 😌👇 1. නාල බ්ලොක් 👍 2. ස්ලීප් ඇප්නියා 😂,False,mixed,4ce6ab6d68e9f09213ecb8ad02fa1d1f5a8a7a68414697cdabc92e6439d51aa0,DUP_4ce6ab6d68e9f092,1,False,194,5.272999558563747,0.1082474226804123,0.1094527363184079,0.0,0.0049751243781094,0.0,0.0049751243781094,0.8917525773195877,0.8656716417910447,0.0,0.0049751243781094,0.0,0.0049751243781094,0.0,0.0049751243781094,haha,0.8917525773195877,0.7835051546391752,neutral,0.5759466995247801,0.0,0.1761825390451645,True,0.0,0.0,neutral,0.0,reactionfusion_v1_provisional,train,approved,negative,negative,0.35771265918176837,False,False,0.25640134655910557,0.007908897257047038,0.35771265918176837,0.2424350281503589,0.17526951039667088,0.2245828022712017,0.03978272927364723,0.16273676030425346,0.6697418766011584,0.20624761109092138,0.5921828013275402,0.8989148082732876,0.5473585883053725,0.004953153014296454,0.8978073735527524,0.10671121831818783,0.6859988856927798,"candidate=negative; anchor_balance=-0.002; mixed_evidence=0.008; strongest=anger=0.90, disgust=0.90",final_model,reactionfusion_v2_hybrid_development
952,122,2,0,375,8,0,0,507,507,RF_POST_000952,ඉදිරි නඩුවකදී NR රිමාන්ඩ් වුනොත් 🤔 බන්ධනාගාර තුල සුරක්ෂිත තත්වයක් නැතිවීම සුවිශේෂ කරුණක් ලෙස සලකා ඇපල් බාගන්න පුලුවන්ද? දැ.ගැ.පි,False,mixed,ea372495d6938a3766b155bcd088a8ce49dab24a8299b30f263bfa65f6ebf89a,DUP_ea372495d6938a37,1,False,507,6.230481447578482,0.2406311637080868,0.2392996108949416,0.0039447731755424,0.0058365758754863,0.0,0.0019455252918287,0.7396449704142012,0.7315175097276264,0.0157790927021696,0.0175097276264591,0.0,0.0019455252918287,0.0,0.0019455252918287,haha,0.7396449704142012,0.4990138067061144,neutral,0.5829035498168051,0.0152552965109396,0.3356510551375858,True,0.0039447731755424,0.0,positive,1.0,reactionfusion_v1_provisional,train,approved,negative,negative,0.38861818655072566,False,False,0.36393571422565824,0.005664369093006354,0.38861818655072566,0.28744729531071167,0.178259612047009,0.1456749060915537,0.022567965231623646,0.09681498423139101,0.7083057429375212,0.19843292253932365,0.22570840393511443,0.9214449837040037,0.4886818751943928,0.01791257398829211,0.89171587811877,0.09240550992480291,0.7700449120623378,"candidate=negative; anchor_balance=0.003; mixed_evidence=0.006; strongest=anger=0.92, disgust=0.89",final_model,reactionfusion_v2_hybrid_development
953,19,14,1,1,0,0,0,35,35,RF_POST_000953,same vibe එකේ උන් එක්ක chat එකක් දාගෙන බොන්ඩෝනෙ 😒✌️,False,mixed,c7268fa7bda56196e8a65ddfd4af819850e246c557c79f858add1e60e173b505,DUP_c7268fa7bda56196,1,False,35,3.58351893845611,0.5428571428571428,0.4761904761904761,0.4,0.3571428571428571,0.0285714285714285,0.0476190476190476,0.0285714285714285,0.0476190476190476,0.0,0.0238095238095238,0.0,0.0238095238095238,0.0,0.0238095238095238,like,0.5428571428571428,0.1428571428571428,positive,0.2379488889345724,0.6151287873150798,0.4631844890337707,True,0.4157142857142857,0.0,positive,1.0,reactionfusion_v1_provisional,train,approved,mixed,mixed,0.5459030324645584,False,True,0.6567392835259177,0.12509319686207956,0.0430319762334284,0.15396290216724104,0.2571020891347722,0.5459030324645584,0.990892092518286,0.8481792409671476,0.9635128440288372,1.888264353960093e-06,0.1622291023786652,9.408323090356495e-09,4.515382459759656e-06,4.862699010104781e-05,2.587136293189536e-07,0.98419759230289,0.0004717787916062114,"candidate=mixed; anchor_balance=0.336; mixed_evidence=0.125; strongest=joy=0.99, approval=0.98",final_model,reactionfusion_v2_hybrid_development
954,78,1,0,863,2,4,0,948,948,RF_POST_000954,පොඩි දරුවෙක් කෝච්චියට පැනලා ජිවිතේ අහිමි කරගෙන. මේ මත්ද්රව්ය ව්යසනය හින්ද.යුක්තියේ මෙහෙයුම කාලේ කුඩු සික් කාරයෝ දැක්කට දැන්??,False,sinhala,808595a90e500ce5df2f9d80941e5f2a23b77cfe8eb673fee307813647aad100,DUP_808595a90e500ce5,1,False,948,6.855408798609928,0.0822784810126582,0.0827225130890052,0.0010548523206751,0.0020942408376963,0.0,0.0010471204188481,0.910337552742616,0.9047120418848168,0.0021097046413502,0.0031413612565445,0.0042194092827004,0.0052356020942408,0.0,0.0010471204188481,haha,0.910337552742616,0.8280590717299579,neutral,0.5208192415093628,-0.0133299863632529,0.1718065314664801,True,0.0010548523206751,0.0042194092827004,negative,-0.6,reactionfusion_v1_provisional,train,approved,negative,negative,0.3536882069814497,False,False,0.18996467835821101,0.002028942114401835,0.3536882069814497,0.23867419454521419,0.13332475603140176,0.2743128424419343,0.01237529431138396,0.06149946934495551,0.698448993241115,0.7031400054656913,0.3962215990182828,0.8907307856975324,0.6132486908711993,0.0008256068765553,0.8846595621758641,0.03957262218897772,0.7466226707618443,"candidate=negative; anchor_balance=-0.004; mixed_evidence=0.002; strongest=anger=0.89, disgust=0.88",final_model,reactionfusion_v2_hybrid_development
955,122,30,2,194,1,5,0,354,354,RF_POST_000955,"සමහරුට ඕන සල්ලි, සමහරුන්ට ඕන ආදරේ. ඒත් මට ඕන නිවාඩුවක් දාලා දවසක්ම නිදාගන්න 😴",False,sinhala,6d0e4be5432f8c2cb6b2b7d62c8eaa2083ad7302573223e4f1010eab49d0afc7,DUP_6d0e4be5432f8c2c,1,False,354,5.872117789475416,0.3446327683615819,0.3407202216066482,0.0847457627118644,0.0858725761772853,0.0056497175141242,0.0083102493074792,0.5480225988700564,0.5401662049861495,0.0028248587570621,0.0055401662049861,0.0141242937853107,0.0166204986149584,0.0,0.002770083102493,haha,0.5480225988700564,0.2033898305084746,positive,0.1789552155943775,0.2420359446921029,0.5200050973523681,True,0.0878531073446327,0.0141242937853107,positive,0.7229916897506925,reactionfusion_v1_provisional,train,approved,positive,positive,0.35703325160329613,False,False,0.5464476981375614,0.042383754980198675,0.18799115812151104,0.1761876833257259,0.35703325160329613,0.27878790694946703,0.9934699655426871,0.9763023010676646,0.7903592309079536,0.0039567883189503975,0.33543464910820925,0.0006271682264862717,0.022176559901844223,0.006788434531573702,0.013034108251803083,0.9294767491982242,0.5754125443339067,"candidate=positive; anchor_balance=0.071; mixed_evidence=0.042; strongest=joy=0.99, affection=0.98",final_model,reactionfusion_v2_hybrid_development
956,67,0,1,287,3,14,0,372,372,RF_POST_000956,ඔක්කොටම පෙම් වසන්තේ ඇවිත් අපිට තමයි තාම නැත්තේ 😓,False,sinhala,405be34f2952a8d9add1166774db98d3cf6fe47e82caf597f5a7726f921fa56b,DUP_405be34f2952a8d9,1,False,372,5.921578419643816,0.1801075268817204,0.179419525065963,0.0,0.0026385224274406,0.0026881720430107,0.0052770448548812,0.771505376344086,0.7598944591029023,0.0080645161290322,0.0105540897097625,0.0376344086021505,0.0395778364116095,0.0,0.0026385224274406,haha,0.771505376344086,0.5913978494623656,negative,0.1149559282946959,-0.1396846678944969,0.3530979939949115,True,0.0014784946236559,0.0376344086021505,negative,-0.9243986254295532,reactionfusion_v1_provisional,train,approved,neutral,neutral,0.34678380030415357,False,False,0.3863252547043865,0.008562353930123607,0.3384949775317533,0.34678380030415357,0.19369841263356533,0.12102280953052781,0.02318269964313705,0.04606846609936367,0.7520045302111223,0.3261938155135894,0.4069283448939879,0.6160341875811848,0.21289715036872636,0.015134286171148455,0.4883309108433344,0.029532485620926675,0.7046977150762977,"grouped_out_of_fold; candidate=neutral; mixed_evidence=0.009; strongest=amusement=0.75, sarcasm=0.70",grouped_out_of_fold,reactionfusion_v2_hybrid_development
959,24,0,0,84,2,0,0,110,110,RF_POST_000959,චාන්යගෙ මහරගම පොලිසියෙ තොරණ බලන්න ආසයි. තොරණ ගැහුවම මටත් එවන්න 😂😂😂😂😂😂😂,False,sinhala,39f8ddaf92db2cb123d98812111f5eacc671a4aac4f76308d4a17b80b813f264,DUP_39f8ddaf92db2cb1,1,False,110,4.709530201312334,0.2181818181818181,0.2136752136752136,0.0,0.0085470085470085,0.0,0.0085470085470085,0.7636363636363637,0.7264957264957265,0.0181818181818181,0.0256410256410256,0.0,0.0085470085470085,0.0,0.0085470085470085,haha,0.7636363636363637,0.5454545454545454,neutral,0.5841875907925973,0.0,0.313966859613846,True,0.0,0.0,neutral,0.0,reactionfusion_v1_provisional,train,approved,negative,negative,0.3775124377578402,False,False,0.42069941282135936,0.022293473158054942,0.3775124377578402,0.2901901454434236,0.20141373387943448,0.13088368291930177,0.02421726604829783,0.10690996071539241,0.6702732591857395,0.03069572374690228,0.3045602305412806,0.9426192690113234,0.3182459535174164,0.040927422703984924,0.9365406020258815,0.07527786530209157,0.7191115121087155,"candidate=negative; anchor_balance=-0.004; mixed_evidence=0.022; strongest=anger=0.94, disgust=0.94",final_model,reactionfusion_v2_hybrid_development
960,210,37,9,0,0,33,1,290,290,RF_POST_000960,නොමිලේ දෙන දේ තුල ඇද සෙවීමට බොහෝ ඇත. ඇයි මිනිස්සු එහෙම! ☺🥺,False,sinhala,755fa895c854e945f0af8d2ca59bc59753524afbffee78ed12c4a1bb674a532e,DUP_755fa895c854e945,1,False,290,5.673323267171493,0.7241379310344828,0.7104377104377104,0.1275862068965517,0.1279461279461279,0.0310344827586206,0.0336700336700336,0.0,0.0033670033670033,0.0,0.0033670033670033,0.1137931034482758,0.1144781144781144,0.0034482758620689,0.0067340067340067,like,0.7241379310344828,0.596551724137931,neutral,0.39031161598596,0.0550948482881823,0.4476393960378211,True,0.1446551724137931,0.1172413793103448,positive,0.1046741277156024,reactionfusion_v1_provisional,train,approved,mixed,mixed,0.43445363026732375,False,True,0.4832023497583867,0.23427992715558144,0.27324876034002893,0.1930183727018844,0.0992792366907629,0.43445363026732375,0.06122376977579602,0.8730063183972446,0.16887541969736486,0.00022314807074266165,0.9741871611835196,0.0001674423726326187,0.7949937110039456,0.03467586595452914,0.16499567876174936,0.7973351714828626,0.823296801104766,"candidate=mixed; anchor_balance=0.025; mixed_evidence=0.234; strongest=sadness=0.97, affection=0.87",final_model,reactionfusion_v2_hybrid_development
961,32,8,0,0,0,0,0,40,40,RF_POST_000961,Suno Studio 2.0 ඇවිල්ල ලමායි,False,mixed,0f4a1ff51d3bb2d9b889ac5b57d46f7dfa98f15bb0db173d6ffe22d2ff4751be,DUP_0f4a1ff51d3bb2d9,1,False,40,3.713572066704308,0.8,0.7021276595744681,0.2,0.1914893617021276,0.0,0.0212765957446808,0.0,0.0212765957446808,0.0,0.0212765957446808,0.0,0.0212765957446808,0.0,0.0212765957446808,like,0.8,0.6,positive,0.1851951599541354,0.3859302956749977,0.2571559759740807,True,0.2,0.0,positive,1.0,reactionfusion_v1_provisional,train,approved,neutral,neutral,0.3521309974555502,False,False,0.5007465527305445,0.08523345578392245,0.12349674237846703,0.3521309974555502,0.3339895455537944,0.19038271461218842,0.7928428057011735,0.24078368763505484,0.15020741377517985,3.2080197329297736e-05,0.3144059088332145,7.692370207588926e-05,0.004192906619957645,0.003072103376947191,0.0052280856155514244,0.6356422079125643,0.03814343548630876,"candidate=neutral; anchor_balance=0.161; mixed_evidence=0.085; strongest=joy=0.79, approval=0.64",final_model,reactionfusion_v2_hybrid_development
963,25,2,0,0,0,0,0,27,27,RF_POST_000963,Muse Code Use කරල වෙබ්සයිට් එකක් හදල බැලුවද?,False,mixed,146744e3dfcdbcab286d484812e33404ef33a77459b7c92a6a8e3b33caa5c74e,DUP_146744e3dfcdbcab,1,False,27,3.332204510175204,0.925925925925926,0.7647058823529411,0.074074074074074,0.088235294117647,0.0,0.0294117647058823,0.0,0.0294117647058823,0.0,0.0294117647058823,0.0,0.0294117647058823,0.0,0.0294117647058823,like,0.925925925925926,0.8518518518518519,positive,0.0651016457164502,0.1673813424336012,0.1356959117325221,True,0.074074074074074,0.0,positive,1.0,reactionfusion_v1_provisional,train,approved,neutral,neutral,0.3258571580357443,False,False,0.4820050703578647,0.11341295773126228,0.25080499161995723,0.3258571580357443,0.2246992211745166,0.19863862916978178,0.05711284010244058,0.11784710232322049,0.003056256986962325,0.00028293987601491963,0.6544682496909052,0.012105770434997045,0.028984687772201104,0.0014548292722283932,0.28498742291216383,0.2071663954685563,0.22091978064245466,"grouped_out_of_fold; candidate=neutral; mixed_evidence=0.113; strongest=sadness=0.65, disgust=0.28",grouped_out_of_fold,reactionfusion_v2_hybrid_development
964,268,36,2,4,10,0,0,320,320,RF_POST_000964,"පොත ලියන්න ඕනෙ මාතෘකාවයි, භාෂාවයි, පිටු ගාණයි තේරුවම පිටු 200ක වුනත් පොත් ලියන ඒ සයිට් එක දන්නවද? 👇👇👇👇",False,sinhala,5380c033806f49ef6f1d4d019db39cb20ecc74a2ba6d3bd53952384356ca3474,DUP_5380c033806f49ef,1,False,320,5.771441123130016,0.8375,0.8226299694189603,0.1125,0.1131498470948012,0.00625,0.0091743119266055,0.0125,0.0152905198776758,0.03125,0.0336391437308868,0.0,0.0030581039755351,0.0,0.0030581039755351,like,0.8375,0.725,positive,0.212555763943648,0.2508863194462758,0.3027410519324598,True,0.1159375,0.0,positive,1.0,reactionfusion_v1_provisional,train,approved,neutral,neutral,0.46313384496824767,False,False,0.3410521356673214,0.008343783135591962,0.28335119252592844,0.46313384496824767,0.22893059814843356,0.024584364357390417,0.23460770647453522,0.002726606171933629,0.01653033941204445,0.0026021704057383687,0.03283976128487017,0.013143810287474812,0.8764994373705642,0.0015742494658197376,0.2820409765041574,0.03981306463379654,0.15903665056642252,"candidate=neutral; anchor_balance=0.112; mixed_evidence=0.008; strongest=care_empathy=0.88, disgust=0.28",final_model,reactionfusion_v2_hybrid_development
965,28,3,0,2,3,0,0,36,36,RF_POST_000965,CPU එකේ Core ගණන වැඩි වූ සැනින් හැම Code එකක්ම වේගවත් වෙන්නේ නැහැ.,False,mixed,8734001a0e8f2f78d29faabfefa5e9761053a95954748002a5700bc47cf5f2e0,DUP_8734001a0e8f2f78,1,False,36,3.610917912644224,0.7777777777777778,0.6744186046511628,0.0833333333333333,0.0930232558139534,0.0,0.0232558139534883,0.0555555555555555,0.0697674418604651,0.0833333333333333,0.0930232558139534,0.0,0.0232558139534883,0.0,0.0232558139534883,like,0.7777777777777778,0.6944444444444444,positive,0.0793451165256601,0.1927369731878477,0.3958014685291268,True,0.0833333333333333,0.0,positive,1.0,reactionfusion_v1_provisional,train,approved,neutral,neutral,0.5312273393099755,False,False,0.5938971859491118,0.11049249971146266,0.16215626965125196,0.5312273393099755,0.29308648174485546,0.013529909293916943,0.2241431832125939,3.010615430682654e-07,0.7558110002499699,4.101648543077682e-06,4.521754925107894e-05,3.4304962782739197e-06,0.7225248407037826,0.00018351052424311212,0.34853731790255604,0.00323093662025385,0.17477648770152213,"grouped_out_of_fold; candidate=neutral; mixed_evidence=0.110; strongest=amusement=0.76, care_empathy=0.72",grouped_out_of_fold,reactionfusion_v2_hybrid_development
966,74,12,1,1,0,0,0,88,88,RF_POST_000966,Website එකක් හදල Internt එකට දාන හැටි වෙනකන් කරපු Full Course එක. <PHONE> Number එකට Whatsapp කරන්න.,True,mixed,ae26fd57603b287d754b9b18bb4d2eaacd912669ad9bfda790e4ae1aed4564e6,DUP_ae26fd57603b287d,1,False,88,4.48863636973214,0.8409090909090909,0.7894736842105263,0.1363636363636363,0.1368421052631579,0.0113636363636363,0.0210526315789473,0.0113636363636363,0.0210526315789473,0.0,0.0105263157894736,0.0,0.0105263157894736,0.0,0.0105263157894736,like,0.8409090909090909,0.7045454545454546,positive,0.214802270328612,0.2993725942006723,0.2667946632587846,True,0.1426136363636363,0.0,positive,1.0,reactionfusion_v1_provisional,train,approved_masked,positive,positive,0.34421964918467024,False,False,0.3932121069568842,0.03311259848057972,0.16797074748812466,0.2670699820447118,0.34421964918467024,0.2207396212824933,0.7359406306293103,0.3767185397993837,0.02711001235403879,0.00047985434285884547,0.5137970737729631,0.004293234441788001,0.25692179926136194,0.024298950144512922,0.18362825359361915,0.7838804956501684,0.16680878414560507,"candidate=positive; anchor_balance=0.127; mixed_evidence=0.033; strongest=approval=0.78, joy=0.74",final_model,reactionfusion_v2_hybrid_development
967,273,18,1,0,1,0,0,293,293,RF_POST_000967,AI සම්බන්ධ අලුත්ම දේවල් ඉගෙනගන්න ලයිව් එක අද රෑ 7ට. අපි හැමදාම අඩුම පැය 1.5ක් ලයිව් යනව. සෙට් වෙන්න කැමති අය 👇👇👇👇👇,False,mixed,b25025502fbad5a4b85c2074155bf40ab80a132c7c1e2f3958b7b3e9e1c22447,DUP_b25025502fbad5a4,1,False,293,5.683579767338681,0.931740614334471,0.9133333333333332,0.0614334470989761,0.0633333333333333,0.0034129692832764,0.0066666666666666,0.0,0.0033333333333333,0.0034129692832764,0.0066666666666666,0.0,0.0033333333333333,0.0,0.0033333333333333,like,0.931740614334471,0.8703071672354948,positive,0.1337622355263925,0.1443855196005761,0.14185362676096,True,0.0633105802047781,0.0,positive,1.0,reactionfusion_v1_provisional,train,approved,negative,negative,0.3421977001192335,False,False,0.19600204729506665,0.005226721261201777,0.3421977001192335,0.34136313126699247,0.19674662009666655,0.11969254851710744,0.24324222101677,0.06210330428835529,0.003263795717873319,0.003959473901177318,0.4943077452152926,0.1626057194124824,0.899149214200087,0.022412147898993054,0.6494382194235092,0.2793927856176445,0.3436989816224649,"candidate=negative; anchor_balance=0.060; mixed_evidence=0.005; strongest=care_empathy=0.90, disgust=0.65",final_model,reactionfusion_v2_hybrid_development
969,145,24,0,1,0,0,0,170,170,RF_POST_000969,100% නොමිලේ AI ගැන ලයිව් ඉගෙනගන්න ඕනෙද? AI වලින් Game එක වෙනස් කරන්න සෙට් වෙන්නෙ කවුද? අද රෑ 9.30ට,False,mixed,1225818f45a2f7eaaa9482a41eb8560ae3db0bc2c293edb952c4fb0137f10f5e,DUP_1225818f45a2f7ea,1,False,170,5.14166355650266,0.8529411764705882,0.8248587570621468,0.1411764705882353,0.1412429378531073,0.0,0.0056497175141242,0.0058823529411764,0.0112994350282485,0.0,0.0056497175141242,0.0,0.0056497175141242,0.0,0.0056497175141242,like,0.8529411764705882,0.711764705882353,positive,0.253966032202981,0.2964198214418548,0.2272822724707761,True,0.1411764705882353,0.0,positive,1.0,reactionfusion_v1_provisional,train,approved,uncertain,positive,0.2899998063178866,True,True,0.3098306052707619,0.014003643176079633,0.22465046611514292,0.26469951572649836,0.2899998063178866,0.220650211840472,0.6914456952973221,0.3145807143155937,0.012068575141951386,0.0017314661456851433,0.43464255893320475,0.014220082322506666,0.6121404232484046,0.017522653863970193,0.48804991545039567,0.7001670652635053,0.35492671390124714,"candidate=positive; anchor_balance=0.133; mixed_evidence=0.014; strongest=approval=0.70, joy=0.69",final_model,reactionfusion_v2_hybrid_development
970,19,5,0,0,0,0,0,24,24,RF_POST_000970,කිරිල්ලවල KDJ එකේ තියෙන Physical AI Sessions වලට එන්න කැමති අය <PHONE> ට Whatsapp කරන්න. ඉගෙනගන්න ඇම්මක් තියෙන යාලුවන්ටත් කියන්න.,True,mixed,0bb16cbd8c9423e06c566bc83ec5d42e041896a84565e4ce1e27e2f2a97b8652,DUP_0bb16cbd8c9423e0,1,False,24,3.218875824868201,0.7916666666666666,0.6451612903225806,0.2083333333333333,0.1935483870967742,0.0,0.032258064516129,0.0,0.032258064516129,0.0,0.032258064516129,0.0,0.032258064516129,0.0,0.032258064516129,like,0.7916666666666666,0.5833333333333334,positive,0.131567446536217,0.3973767043784928,0.2629823754533812,True,0.2083333333333333,0.0,positive,1.0,reactionfusion_v1_provisional,train,approved_masked,neutral,neutral,0.3755591651724869,False,False,0.5932774186125985,0.15310384996454154,0.13068584905288919,0.3755591651724869,0.2820010067961723,0.2117539789784516,0.7303023825761877,0.09217250235918732,0.494439649610166,3.209048155263506e-06,0.32501776267514415,5.357145667850582e-06,4.687613650687713e-05,0.0007032085942795172,0.00026215569370078163,0.48817601767620045,0.010303170407279655,"candidate=neutral; anchor_balance=0.147; mixed_evidence=0.153; strongest=joy=0.73, amusement=0.49",final_model,reactionfusion_v2_hybrid_development
972,68,10,2,0,1,0,0,81,81,RF_POST_000972,FL Studio - මුල ඉඳන් Practical විදිහට ඉගෙනගන්න සුපිරි සිංහල Course එකක් ඕනෙද? (වීඩියෝ 15ක් සහිතයි) 076 72 33 595 ට මැසේජ් එකක් හෝ 👇👇👇👇,False,mixed,26711a2f6cffe5cbafbdeeb411ce54e01ca1ae36ad84faf910acb56e2cc70433,DUP_26711a2f6cffe5cb,1,False,81,4.406719247264253,0.8395061728395061,0.7840909090909091,0.1234567901234567,0.125,0.0246913580246913,0.034090909090909,0.0,0.0113636363636363,0.0123456790123456,0.0227272727272727,0.0,0.0113636363636363,0.0,0.0113636363636363,like,0.8395061728395061,0.7160493827160493,positive,0.1964104353651831,0.2852358092888659,0.28303561720691,True,0.137037037037037,0.0,positive,1.0,reactionfusion_v1_provisional,train,approved,neutral,neutral,0.35671412762704413,False,False,0.4134155170112534,0.03758322881920485,0.20931857806266135,0.35671412762704413,0.35603770706094495,0.07792958724934959,0.5542006657360165,0.07448881286106004,0.04613977547174608,0.00024984015434354736,0.31342967186016546,0.0029671020074271367,0.29286783875391226,0.009795703314769746,0.09319903287113288,0.5110766443174408,0.08280502037083469,"candidate=neutral; anchor_balance=0.121; mixed_evidence=0.038; strongest=joy=0.55, approval=0.51",final_model,reactionfusion_v2_hybrid_development
973,491,68,1,3,0,0,0,563,563,RF_POST_000973,"Google Gemini AI පාවිච්චි කරල පැය ගානක වැඩ, විනාඩි ගානකින් කරගන්න පුලුවන් වීඩියෝ 29ක Course එකක්. 076 72 33 595",False,mixed,109c5c6e341a88896774a33efa5cb8cc11dd376741fd149464e77046087d1e45,DUP_109c5c6e341a8889,1,False,563,6.335054251498059,0.872113676731794,0.8631578947368421,0.1207815275310834,0.1210526315789473,0.0017761989342806,0.0035087719298245,0.0053285968028419,0.0070175438596491,0.0,0.0017543859649122,0.0,0.0017543859649122,0.0,0.0017543859649122,like,0.872113676731794,0.7513321492007105,positive,0.2338998644229136,0.2617303857946661,0.2126425566962847,True,0.1217584369449378,0.0,positive,1.0,reactionfusion_v1_provisional,train,approved,uncertain,negative,0.30478137314960224,True,True,0.24187155297971966,0.0033946884628732583,0.30478137314960224,0.27917608666470783,0.23065589973109146,0.18538664045459854,0.457831410836996,0.197105972245664,0.007518818108989401,0.01026450231182017,0.3703188046887576,0.04339064280232676,0.8250569082724574,0.012767788975528422,0.6964492766421909,0.5953775243231323,0.506821351406067,"candidate=negative; anchor_balance=0.119; mixed_evidence=0.003; strongest=care_empathy=0.83, disgust=0.70",final_model,reactionfusion_v2_hybrid_development
974,108,26,1,3,0,1,0,139,139,RF_POST_000974,"I want to become a Software Engineer"" 💻 තාමත් ඔයාගෙ හීනෙ මේකද? නැත්තන් මීට වඩා වෙනස් විදිහකට හිතන්න ඕන කාලයක්ද මේක? 🤔",False,mixed,59e6ac8829adb69f6b3a7f632aaefcbc31caa90585bc2fff36b37e90cb305b16,DUP_59e6ac8829adb69f,1,False,139,4.941642422609304,0.7769784172661871,0.7465753424657534,0.1870503597122302,0.184931506849315,0.0071942446043165,0.0136986301369863,0.0215827338129496,0.0273972602739726,0.0,0.0068493150684931,0.0071942446043165,0.0136986301369863,0.0,0.0068493150684931,like,0.7769784172661871,0.5899280575539568,positive,0.2844714578083516,0.3656108431831429,0.3409303544488672,True,0.1910071942446043,0.0071942446043165,positive,0.9274047186932848,reactionfusion_v1_provisional,train,approved,positive,positive,0.3315264449936298,False,False,0.4186662427353169,0.034410924060437005,0.14114767519176002,0.23040375146612166,0.3315264449936298,0.29692212834848847,0.8677221822639191,0.6644732062995583,0.039114444682419244,0.0009445583291003343,0.4193808417717965,0.0013996535197103844,0.3223562107641982,0.01578009488616434,0.2096041620455645,0.8955461531544053,0.26741164267431144,"candidate=positive; anchor_balance=0.172; mixed_evidence=0.034; strongest=approval=0.90, joy=0.87",final_model,reactionfusion_v2_hybrid_development
975,633,107,22,5,8,28,2,805,805,RF_POST_000975,සත්ය බොහෝම කටුකයි. මගෙ වීඩියෝ රීච් වෙන්නෙ නැහැ ඔයාලට.,False,sinhala,d1294c52f32462c805331d7a7ef2f71bc9b39b5adf2e4413f05d131322161300,DUP_d1294c52f32462c8,1,False,805,6.692083742506628,0.7863354037267081,0.7807881773399015,0.132919254658385,0.1330049261083744,0.0273291925465838,0.0283251231527093,0.0062111801242236,0.0073891625615763,0.0099378881987577,0.0110837438423645,0.0347826086956521,0.0357142857142857,0.0024844720496894,0.0036945812807881,like,0.7863354037267081,0.653416149068323,positive,0.1835013629249862,0.228377214950225,0.3929974656167083,True,0.1479503105590062,0.0372670807453416,positive,0.5975855130784709,reactionfusion_v1_provisional,train,approved,negative,negative,0.3178301591088411,False,False,0.40512891382751665,0.06386268592354942,0.3178301591088411,0.30855655666278015,0.2395532169802811,0.13406006724809771,0.17536634486210048,0.24534330015117828,0.04173541696645728,0.005940235526984293,0.3841588663071959,0.002690460560650976,0.775851065123311,0.011050718212423401,0.3025016924881745,0.601439540807778,0.3901502967934553,"candidate=negative; anchor_balance=0.109; mixed_evidence=0.064; strongest=care_empathy=0.78, approval=0.60",final_model,reactionfusion_v2_hybrid_development
976,2307,597,52,2,12,6,1,2977,2977,RF_POST_000976,මගෙ රීච් එකනම් ෆුල් ලෙෆ්ට් ගයිස්. කෝ බලන්න කවුරිහරි ඉන්නවද මාව බේරගන්න.,False,sinhala,ef54963443d9a59b286be8fedf3968d7e89e0716db43de0ced54376072f527eb,DUP_ef54963443d9a59b,1,False,2977,7.999007213243955,0.7749412159892509,0.7734584450402144,0.200537453812563,0.2004021447721179,0.0174672489082969,0.0177613941018766,0.0006718172657037,0.0010053619302949,0.0040309035942223,0.0043565683646112,0.0020154517971111,0.0023458445040214,0.0003359086328518,0.0006702412868632,like,0.7749412159892509,0.574403762176688,positive,0.3296023431523566,0.393604102565089,0.325208802426792,True,0.2101444407121263,0.002351360429963,positive,0.9778691116029088,reactionfusion_v1_provisional,train,approved,uncertain,neutral,0.29294497347588866,True,True,0.32999293903821825,0.003981148058101828,0.2792491617965475,0.29294497347588866,0.279996849841812,0.14780901488575185,0.35094750460470003,0.3005504304190396,0.040099041881267804,0.046472989452351086,0.06702386485336446,0.004533537846688339,0.7504084737039818,0.003176561921718879,0.4922545466738927,0.7303758425799037,0.4983555939844227,"candidate=neutral; anchor_balance=0.207; mixed_evidence=0.004; strongest=care_empathy=0.75, approval=0.73",final_model,reactionfusion_v2_hybrid_development
977,229,52,1,0,0,0,0,282,282,RF_POST_000977,අද ඉඳන් අපි නැවතත් ලයිව් පටන් ගන්නවා ලමයි. ඉගෙනගන්න ඉවසීමක් වගේම අවශ්ය 100% Live ඉගෙන්ගන්න සෙට් වෙන්න. අද Wordpress with AI පටන් ගන්නවා. Website හදන්න කැමති අය වෙනුවෙන්මයි.,False,mixed,50d042b612fe11b1294cbcae33fce1259353ad33907848823dab1ad2fb2950d5,DUP_50d042b612fe11b1,1,False,282,5.645446897643238,0.8120567375886525,0.7958477508650519,0.1843971631205673,0.1833910034602076,0.0035460992907801,0.0069204152249134,0.0,0.0034602076124567,0.0,0.0034602076124567,0.0,0.0034602076124567,0.0,0.0034602076124567,like,0.8120567375886525,0.6276595744680851,positive,0.3178425626921156,0.3660855063760491,0.257369732876381,True,0.1863475177304964,0.0,positive,1.0,reactionfusion_v1_provisional,train,approved,uncertain,positive,0.29632111682874535,True,True,0.31123267280168315,0.008615437309389153,0.208187931019169,0.23756712362819718,0.29632111682874535,0.25792382852388845,0.7529371953781152,0.47183322361530106,0.020358057985121934,0.0028961076150248663,0.3117956334306043,0.007784742416127601,0.6417685102596137,0.010613290198210177,0.5304587528200858,0.8229174816534683,0.4423415240923692,"candidate=positive; anchor_balance=0.180; mixed_evidence=0.009; strongest=approval=0.82, joy=0.75",final_model,reactionfusion_v2_hybrid_development
978,117,43,4,0,0,0,0,164,164,RF_POST_000978,"Now working on Our Automated Video Editor. තවත් සුපිරියක් තමයි. කපන එකේ ඉදන්, Captions දාන එකේ ඉඳන් හැමදෙයක්ම 😌🥰🥰",False,mixed,c15e4d89f7ea870b0bd583488e77bf3297f9c4bfdd999755bb808d6063aebc27,DUP_c15e4d89f7ea870b,1,False,164,5.10594547390058,0.7134146341463414,0.6900584795321637,0.2621951219512195,0.2573099415204678,0.024390243902439,0.0292397660818713,0.0,0.0058479532163742,0.0,0.0058479532163742,0.0,0.0058479532163742,0.0,0.0058479532163742,like,0.7134146341463414,0.4512195121951219,positive,0.3775259673320226,0.4757087883356797,0.350726097047716,False,0.275609756097561,0.0,positive,1.0,reactionfusion_v1_provisional,train,approved,positive,positive,0.3928822125054267,False,False,0.425941031825162,0.01992706581638185,0.10502792929570026,0.21096555319622842,0.3928822125054267,0.29112430500264463,0.9131582461627036,0.8695819806151345,0.12658267776449178,0.0006547876150423889,0.23809683888281757,0.00043178347093554976,0.24810501017592226,0.009920926427296767,0.07472411876431916,0.9706993605303252,0.15862602194879716,"candidate=positive; anchor_balance=0.262; mixed_evidence=0.020; strongest=approval=0.97, joy=0.91",final_model,reactionfusion_v2_hybrid_development
979,48,6,0,1,0,0,0,55,55,RF_POST_000979,NotebookLM vs ShortMe LK ට්රයි කරල බලල කියන්න. ShortMe කියන්නෙ ලංකාවෙ දෙයක්!,False,mixed,203eed635e25bcf68e88926f7e7792aa71adc77a02d5f065a4f07c6b501f6576,DUP_203eed635e25bcf6,1,False,55,4.02535169073515,0.8727272727272727,0.7903225806451613,0.109090909090909,0.1129032258064516,0.0,0.0161290322580645,0.0181818181818181,0.032258064516129,0.0,0.0161290322580645,0.0,0.0161290322580645,0.0,0.0161290322580645,like,0.8727272727272727,0.7636363636363637,positive,0.1427945859963717,0.2408644418027467,0.2227059741909564,True,0.109090909090909,0.0,positive,1.0,reactionfusion_v1_provisional,train,approved,neutral,neutral,0.3420610566608165,False,False,0.4158885776922594,0.05366304228287218,0.18609708857314175,0.3420610566608165,0.3053090860823053,0.16653276868373657,0.5703427903656316,0.22399955848440317,0.019475381365397774,0.00019286749982376692,0.5119776200513998,0.007047220351447675,0.12407168494341193,0.03226409147313069,0.17777649946969765,0.5223113913027063,0.14594892515936228,"candidate=neutral; anchor_balance=0.090; mixed_evidence=0.054; strongest=joy=0.57, approval=0.52",final_model,reactionfusion_v2_hybrid_development
981,98,21,4,0,0,0,0,123,123,RF_POST_000981,"ඔයා හදපු සිංදුවට, වීඩියෝ එකක් හදාගන්න හැටි ඕනෙද AI පාවිච්චි කරල?",False,mixed,2404de7087dfb7bdd6a94eb307b0f197cccd0d4093f98bde3094a69f5001e0be,DUP_2404de7087dfb7bd,1,False,123,4.820281565605037,0.7967479674796748,0.7615384615384615,0.1707317073170731,0.1692307692307692,0.032520325203252,0.0384615384615384,0.0,0.0076923076923076,0.0,0.0076923076923076,0.0,0.0076923076923076,0.0,0.0076923076923076,like,0.7967479674796748,0.6260162601626016,positive,0.283991565781036,0.3664784558336917,0.3053797621956016,True,0.1886178861788618,0.0,positive,1.0,reactionfusion_v1_provisional,train,approved,positive,positive,0.36732997937282313,False,False,0.4024713059347145,0.024767464980597814,0.1398241402887035,0.21668429081934246,0.36732997937282313,0.2761615895191309,0.809052566693848,0.6230962579343731,0.06681345006543393,0.0005985017239871297,0.5033154439029414,0.001684412725550624,0.2985594422118494,0.020865243160499695,0.12288094518284866,0.9378425576923757,0.13926544701650717,"candidate=positive; anchor_balance=0.175; mixed_evidence=0.025; strongest=approval=0.94, joy=0.81",final_model,reactionfusion_v2_hybrid_development
982,123,23,0,0,0,0,0,146,146,RF_POST_000982,Powerpoint Presentation එක Auto ම හදාගන්න ඕනෙද?,False,mixed,6c28a867ee92fa0091d704bb9db3ab371b73f685a8c473fd7fbaf1bf324ac74e,DUP_6c28a867ee92fa00,1,False,146,4.990432586778736,0.8424657534246576,0.8104575163398693,0.1575342465753424,0.1568627450980392,0.0,0.0065359477124183,0.0,0.0065359477124183,0.0,0.0065359477124183,0.0,0.0065359477124183,0.0,0.0065359477124183,like,0.8424657534246576,0.684931506849315,positive,0.2706331687821761,0.3221110156950525,0.2238327316422455,True,0.1575342465753424,0.0,positive,1.0,reactionfusion_v1_provisional,train,approved,positive,positive,0.30497905776767986,False,False,0.3213335662384839,0.016801755097437067,0.20379410997614322,0.27232195441057355,0.30497905776767986,0.21890487784560328,0.7261257590535889,0.3404983122310991,0.01589742178615765,0.0011510692294038356,0.4061952833227253,0.008469296441726941,0.5251342278619858,0.013943482381442048,0.4131315891335397,0.7218360740486677,0.3272235616912443,"candidate=positive; anchor_balance=0.147; mixed_evidence=0.017; strongest=joy=0.73, approval=0.72",final_model,reactionfusion_v2_hybrid_development
985,276,43,4,0,0,0,0,323,323,RF_POST_000985,"Website එකක් විනාඩි ගානින් හදාගන්න, ඔයාටම කියල සබ්ඩොමේන් එකක් එක්කම, ඉගෙනගන්න අද රෑ 9ට Live එකට එන්න 👇👇👇",False,mixed,40e077c02a01095d9bf833e0f7a5ee4c0289ad827ee80645561e26b2733d85ba,DUP_40e077c02a01095d,1,False,323,5.780743515792329,0.8544891640866873,0.8393939393939394,0.1331269349845201,0.1333333333333333,0.0123839009287925,0.0151515151515151,0.0,0.003030303030303,0.0,0.003030303030303,0.0,0.003030303030303,0.0,0.003030303030303,like,0.8544891640866873,0.7213622291021672,positive,0.2571215030766264,0.2918045383912675,0.2349522204680995,True,0.139938080495356,0.0,positive,1.0,reactionfusion_v1_provisional,train,approved,uncertain,positive,0.27631349663636634,True,True,0.28232670671702437,0.006844283799200591,0.2536742595782456,0.24067911652527096,0.27631349663636634,0.22933312726011718,0.5810184060098131,0.32680707532974923,0.013034270797271836,0.004148693393190839,0.4334311425145945,0.020596776873897948,0.761266053521032,0.01863054584726602,0.563429018493982,0.7606616056545179,0.39049242432958076,"candidate=positive; anchor_balance=0.136; mixed_evidence=0.007; strongest=care_empathy=0.76, approval=0.76",final_model,reactionfusion_v2_hybrid_development
986,41,16,0,0,0,0,0,57,57,RF_POST_000986,"බැලුවොත් හැමතැනම ""කොත්තු"". දාමුද, AI කොත්තුවක් සදුද රෑට. පැය ගනන් වැඩ, විනාඩි ගානෙන් කරගන්න වගේම කාලෙ ඉතුරු කරගන්න සෙට් වෙමුද? 👇👇👇👇",False,mixed,eab86fcd9fb054b65a55c64469a4d55fe2418a8420cf15cd7fcee8d4fd457559,DUP_eab86fcd9fb054b6,1,False,57,4.060443010546419,0.7192982456140351,0.65625,0.2807017543859649,0.265625,0.0,0.015625,0.0,0.015625,0.0,0.015625,0.0,0.015625,0.0,0.015625,like,0.7192982456140351,0.4385964912280701,positive,0.2791415164033106,0.484256020390384,0.3050577011778225,True,0.2807017543859649,0.0,positive,1.0,reactionfusion_v1_provisional,train,approved,neutral,neutral,0.336362481601692,False,False,0.4899841353462082,0.06124801691827603,0.11355895583930255,0.336362481601692,0.2408069300600073,0.30927163249899803,0.652250426903237,0.8236682994033115,0.0010709729606985666,0.0003127631811369053,0.41658619955707543,7.954592542782275e-05,0.0019903692459942697,0.002536670274056984,0.0030459030995358244,0.4734831049732492,0.01588183881493645,"grouped_out_of_fold; candidate=neutral; mixed_evidence=0.061; strongest=affection=0.82, joy=0.65",grouped_out_of_fold,reactionfusion_v2_hybrid_development
988,125,30,3,16,0,0,0,174,174,RF_POST_000988,Website Design වරු පස්සෙ ගිහින් එපා වෙලාද? Solution එකක් ඕනෙද? 👇👇👇👇,False,mixed,058ecad2ff4b684c001cf7661c5f53b502b7febc8e48c3dca645950f56321a73,DUP_058ecad2ff4b684c,1,False,174,5.1647859739235145,0.7183908045977011,0.6961325966850829,0.1724137931034483,0.1712707182320442,0.0172413793103448,0.0220994475138121,0.0919540229885057,0.0939226519337016,0.0,0.005524861878453,0.0,0.005524861878453,0.0,0.005524861878453,like,0.7183908045977011,0.5459770114942529,positive,0.2948973348921832,0.3867699984909521,0.4266042237738841,True,0.1818965517241379,0.0,positive,1.0,reactionfusion_v1_provisional,train,approved,positive,positive,0.36804922685520214,False,False,0.4866220798460403,0.021508158225239347,0.116114507290121,0.1953350670532673,0.36804922685520214,0.32050119880140954,0.973401841063506,0.8992276480430442,0.07221705834044438,0.00168373435591827,0.38484771007754087,0.0005637854278303222,0.17263238247682708,0.02017538324824677,0.07009468170486868,0.9691805048740791,0.17974371933776692,"candidate=positive; anchor_balance=0.172; mixed_evidence=0.022; strongest=joy=0.97, approval=0.97",final_model,reactionfusion_v2_hybrid_development
989,295,90,4,2,1,0,0,392,392,RF_POST_000989,"Website Designers ලට පාඩු වෙයිද මේ වැඩෙන්? පල්ලෙහා බලන්න ගායිස්, ඔයාගෙ අදහසත් දාගෙන යන්න!",False,mixed,0075310664f8ef11b3152c51d5efb9434ba834d600c290d5106c00d17820ac0e,DUP_0075310664f8ef11,1,False,392,5.973809611869261,0.7525510204081632,0.7418546365914787,0.2295918367346938,0.2280701754385964,0.010204081632653,0.012531328320802,0.0051020408163265,0.0075187969924812,0.0025510204081632,0.0050125313283208,0.0,0.0025062656641604,0.0,0.0025062656641604,like,0.7525510204081632,0.5229591836734694,positive,0.3612495929791168,0.4326143204613209,0.3292653771550297,False,0.235204081632653,0.0,positive,1.0,reactionfusion_v1_provisional,train,approved,positive,positive,0.3538918369109245,False,False,0.3632471383728104,0.0072831506440663735,0.18000971269090796,0.23771861077320885,0.3538918369109245,0.2283798396249586,0.8270449222080579,0.6240694189959917,0.045857376851530865,0.0036713326564022297,0.15619519763272952,0.0023090979812860767,0.6032173079686078,0.007079072572844323,0.34794273455966007,0.8947906114336289,0.37945553960580797,"candidate=positive; anchor_balance=0.230; mixed_evidence=0.007; strongest=approval=0.89, joy=0.83",final_model,reactionfusion_v2_hybrid_development
991,15,3,0,0,0,0,0,18,18,RF_POST_000991,"KDJ Singlish (Old) -> Singlish LK (New) කවුද ඒ කාලෙ Use කරේ, අද Use කරන්නෙ කවුද?",False,mixed,4cb062b1cf591cb550912e32cda6809d9b8abdb3a8fe6fc405926df21e82af9a,DUP_4cb062b1cf591cb5,1,False,18,2.9444389791664403,0.8333333333333334,0.64,0.1666666666666666,0.16,0.0,0.04,0.0,0.04,0.0,0.04,0.0,0.04,0.0,0.04,like,0.8333333333333334,0.6666666666666666,positive,0.08999304585907,0.3366450257264738,0.2315426583725049,True,0.1666666666666666,0.0,positive,1.0,reactionfusion_v1_provisional,train,approved,uncertain,positive,0.2982184012132493,True,True,0.6282982518227284,0.20105544058327307,0.1612916271084828,0.2507495586773525,0.2982184012132493,0.2897404130009154,0.8300928927677146,0.024838879196146583,0.9038998990276363,3.4794363573249414e-05,0.7853726861344305,3.0563805822319262e-06,9.946134459454955e-05,0.0011068815033570415,0.00037828982825910775,0.420681205536696,0.018674429300337084,"grouped_out_of_fold; candidate=positive; mixed_evidence=0.201; strongest=amusement=0.90, joy=0.83",grouped_out_of_fold,reactionfusion_v2_hybrid_development
992,70,12,2,0,0,0,0,84,84,RF_POST_000992,"සල්ලි සල්ලි කියල බැලුවෙ නැහැ, දැම්ම Virtual Security Guard ල දෙන්නෙක්ම. දැනගන්න අද රෑ ලයිව් එකට එන්න - Computer එකේ බූතයො රන් කරවන්න අදම ජොයින් වෙන්න - <PHONE> (Whatsapp)",True,mixed,acdb2c2e0ff7791ccc2c80265557f34b885626efe826457b631b30235e7de918,DUP_acdb2c2e0ff7791c,1,False,84,4.442651256490317,0.8333333333333334,0.7802197802197802,0.1428571428571428,0.1428571428571428,0.0238095238095238,0.0329670329670329,0.0,0.0109890109890109,0.0,0.0109890109890109,0.0,0.0109890109890109,0.0,0.0109890109890109,like,0.8333333333333334,0.6904761904761905,positive,0.223861340445808,0.3174700512613201,0.2666690077303714,True,0.1559523809523809,0.0,positive,1.0,reactionfusion_v1_provisional,train,approved_masked,positive,positive,0.363174628210196,False,False,0.40207047882734825,0.035346855281525126,0.15729325957840573,0.24579049931090532,0.363174628210196,0.2337416129004928,0.7371524021255988,0.408629963368947,0.04567363548884195,0.0003312398411140594,0.562659622764104,0.002602135824900934,0.20372897921654406,0.0214070388210008,0.12160014526899662,0.8583921341537633,0.12395557213802999,"candidate=positive; anchor_balance=0.139; mixed_evidence=0.035; strongest=approval=0.86, joy=0.74",final_model,reactionfusion_v2_hybrid_development
993,44,10,0,0,1,0,0,55,55,RF_POST_000993,Claude එකේ ෆැබල් 5 ආවත් තාමත් කට්ටිය හිතන් ඉන්නෙ AI එක්ක English වලින් විතරයි සම්බන්ධතා පවත්වන්න පුළුවන් කියල. 😊🫠☺ ඔයාගෙ අදහසත් දාගෙන යමු බලන්න. 👇👇👇👇,False,mixed,bcb66fc0980428b03d7af8f1a85fe8a1c09143a813d1e44ab9cf9dafe3f58a60,DUP_bcb66fc0980428b0,1,False,55,4.02535169073515,0.8,0.7258064516129032,0.1818181818181818,0.1774193548387097,0.0,0.0161290322580645,0.0,0.0161290322580645,0.0181818181818181,0.032258064516129,0.0,0.0161290322580645,0.0,0.0161290322580645,like,0.8,0.6181818181818182,positive,0.2047460245680114,0.3586330190405706,0.2884663730648334,True,0.1818181818181818,0.0,positive,1.0,reactionfusion_v1_provisional,train,approved,neutral,neutral,0.52520291040318,False,False,0.4709578047894502,0.06076874900509035,0.13923878749931948,0.52520291040318,0.29406055537485615,0.04149774672264435,0.6419125743483806,0.019504388705239135,0.09662203628393001,7.092167881167838e-05,0.07589438287859653,0.00019486559219146458,0.058291532949158745,0.0012176836895204243,0.010903364568746236,0.16117040081264458,0.0410374395773036,"candidate=neutral; anchor_balance=0.154; mixed_evidence=0.061; strongest=joy=0.64, approval=0.16",final_model,reactionfusion_v2_hybrid_development
994,37,9,0,0,0,0,0,46,46,RF_POST_000994,"Recording බලන්න *Gold Package* එක ඩොලර් 30ක් මාසෙට ගෙවනවද, නැත්තන් ""MACHN"" Coupon එකෙන් ඩොලර් 3ට ගන්නවද? හැමදාම නැහැ, හැමතැනම නැහැ. 👇👇👇👇👇",False,mixed,3f969525bee539d06fcadc3ba1bc18e50ff5a5fc520f0c90ac00681e938b7c3d,DUP_3f969525bee539d0,1,False,46,3.8501476017100575,0.8043478260869565,0.7169811320754716,0.1956521739130435,0.1886792452830188,0.0,0.0188679245283018,0.0,0.0188679245283018,0.0,0.0188679245283018,0.0,0.0188679245283018,0.0,0.0188679245283018,like,0.8043478260869565,0.6086956521739131,positive,0.1994397379547441,0.3798241125188544,0.254027997327749,True,0.1956521739130435,0.0,positive,1.0,reactionfusion_v1_provisional,train,approved,neutral,neutral,0.3447038008902875,False,False,0.47677497012582354,0.0719660332265394,0.12435031154288759,0.3447038008902875,0.3421655300525373,0.18878035751428748,0.7973710296255947,0.2785407061947884,0.10650045909298698,5.4472923406247214e-05,0.3241425398208325,0.0001569858998158993,0.011006200727655312,0.00425632316458986,0.011390643698316211,0.6643143569334565,0.05444595680968601,"candidate=neutral; anchor_balance=0.161; mixed_evidence=0.072; strongest=joy=0.80, approval=0.66",final_model,reactionfusion_v2_hybrid_development
995,855,232,19,1,5,0,0,1112,1112,RF_POST_000995,හෙට(10) රෑ 9ට ලයිව් එකට ආවොත් Telegram බොටෙක් හදාගෙන එයාට කියල ඔයාගෙ ලැප්ටොප් එකට සෙට් වෙලා බූතයෙක් වගේ වැඩ කරවගන්න කියල දෙන්නම්. වෙබ්සයිට් හදන්නත් පුලුවන්. 😌,False,mixed,bcc8706aafd63d09349659067ec0513ae42295c341aa7a4751db50012ca85d86,DUP_bcc8706aafd63d09,1,False,1112,7.014814351275545,0.7688848920863309,0.7649687220732797,0.2086330935251798,0.2082216264521894,0.0170863309352518,0.0178731009830205,0.0008992805755395,0.001787310098302,0.0044964028776978,0.0053619302949061,0.0,0.000893655049151,0.0,0.000893655049151,like,0.7688848920863309,0.560251798561151,positive,0.3423696672748728,0.4083934827038494,0.3233343241264655,True,0.2180305755395683,0.0,positive,1.0,reactionfusion_v1_provisional,train,approved,positive,positive,0.3281372203919802,False,False,0.33686128389169256,0.0024083022977064703,0.244691750520868,0.2687841358264641,0.3281372203919802,0.15838689326068764,0.5858441155180721,0.38787824438447244,0.0422076605413094,0.014289326828031168,0.09571851728102006,0.0039216215354045,0.751221971214512,0.004816491712756719,0.43638549959380996,0.8071773248546256,0.4305208483206221,"candidate=positive; anchor_balance=0.216; mixed_evidence=0.002; strongest=approval=0.81, care_empathy=0.75",final_model,reactionfusion_v2_hybrid_development
996,577,97,8,0,1,0,0,683,683,RF_POST_000996,"එක Prompt එකකිනුයි, Image එකකිනුයි, සුපිරි ඇඩ් එකක් තප්පර 30කින්, සිංහලෙන්, හදාගන්න හැටි වීඩියෝ එකක් දෙන්නද? වීඩියෝ එක ආපු ගමන් බලන්න ඕනෙනම් 👇👇👇👇",False,mixed,8c1bee94571ca18435cfab15af15e7f60d44c40a8c9bc03a7cccc8f8b096948b,DUP_8c1bee94571ca184,1,False,683,6.52795791762255,0.8448023426061494,0.8376811594202899,0.1420204978038067,0.1420289855072463,0.0117130307467057,0.0130434782608695,0.0,0.0014492753623188,0.0014641288433382,0.0028985507246376,0.0,0.0014492753623188,0.0,0.0014492753623188,like,0.8448023426061494,0.7027818448023426,positive,0.2682912126787845,0.3061548001876657,0.247347250821812,True,0.1484626647144948,0.0,positive,1.0,reactionfusion_v1_provisional,train,approved,negative,negative,0.3552306783620882,False,False,0.2710965525661226,0.0031431484355492474,0.3552306783620882,0.29716252640378454,0.18885501608808278,0.15875177914604455,0.14099992078332027,0.29926309398708734,0.009681086055309767,0.01185522544152405,0.3723782337325325,0.04741087464477526,0.6360954570272797,0.016468632682054115,0.6574445073369325,0.5969462325574882,0.5747648487617973,"grouped_out_of_fold; candidate=negative; mixed_evidence=0.003; strongest=disgust=0.66, care_empathy=0.64",grouped_out_of_fold,reactionfusion_v2_hybrid_development
997,1933,350,29,3,21,1,0,2337,2337,RF_POST_000997,"අද ඉඳන් ඔයාගෙ වෙබ්සයිට් එක හදන්නෙ නැහැ, හැදෙනව. දන්නෙ නැති දේවල් කරන්න ඕනෙ නැහැ, තේරෙන සිංහලෙන් ඔයාට ඕනෙ දේ කිව්වම එයා හදල දෙනවා!🫠🥹☺",False,sinhala,ded66f1b8334e8a3215c3e9f2ec0345a1a311004039c62dc3d81b7317120ec19,DUP_ded66f1b8334e8a3,1,False,2337,7.757051142032013,0.8271287976037656,0.8250853242320819,0.1497646555412922,0.1497440273037542,0.0124090714591356,0.0127986348122866,0.0012836970474967,0.0017064846416382,0.0089858793324775,0.0093856655290102,0.0004278990158322,0.0008532423208191,0.0,0.0004266211604095,like,0.8271287976037656,0.6773641420624733,positive,0.2734832954655176,0.3184950824970547,0.2826529482253678,True,0.1565896448438168,0.0004278990158322,positive,0.9945496661670528,reactionfusion_v1_provisional,train,approved,neutral,neutral,0.3758483315159898,False,False,0.2892175014718505,0.001480635673064081,0.3225689291309749,0.3758483315159898,0.22712956032535486,0.07445317902768037,0.22368745191566783,0.05985801160173432,0.020014888220439654,0.04195462713607803,0.06973896587700786,0.012178094516835573,0.8428563928129518,0.0026358688819622575,0.5228373243450167,0.3721892050315413,0.4434525982437725,"candidate=neutral; anchor_balance=0.156; mixed_evidence=0.001; strongest=care_empathy=0.84, disgust=0.52",final_model,reactionfusion_v2_hybrid_development
998,853,210,12,4,63,0,0,1142,1142,RF_POST_000998,"ඔයාගෙ Website එක Auto හැදිල, Maintenance කරන එකත් Auto ම වෙන Solution එක ලඟදීම...",False,mixed,cf8a4fb90f5bc0cc8451803723ea5202a97a3ef8a20a2a4a2a5ab82df684588d,DUP_cf8a4fb90f5bc0cc,1,False,1142,7.04141166379481,0.7469352014010507,0.7432550043516101,0.1838879159369527,0.1836379460400348,0.010507880910683,0.011314186248912,0.0035026269702276,0.0043516100957354,0.0551663747810858,0.0557006092254134,0.0,0.000870322019147,0.0,0.000870322019147,like,0.7469352014010507,0.5630472854640981,positive,0.2962681381448064,0.367794103296777,0.3889456871394028,True,0.1896672504378284,0.0,positive,1.0,reactionfusion_v1_provisional,train,approved,neutral,neutral,0.5387086087188833,False,False,0.40045354705997754,0.002788188317214813,0.21197993809085003,0.5387086087188833,0.2437807663208773,0.005530686869389332,0.12884832940441124,9.269451463697863e-06,0.12577973904597778,0.005587951094193894,0.00025047665740014167,0.00019824881316347592,0.9543677722590266,1.0195503336503993e-05,0.00963137831112706,0.0009017059861681912,0.03750422217867586,"candidate=neutral; anchor_balance=0.188; mixed_evidence=0.003; strongest=care_empathy=0.95, joy=0.13",final_model,reactionfusion_v2_hybrid_development
999,881,171,14,0,1,0,0,1067,1067,RF_POST_000999,කඩ්ඩෙන් කොන් නොවී ගැම්මෙන් කතා කරන්න Patterns 30ක සුපිරි පොත 100% නොමිලේ! ඕනෙද? 👇,False,mixed,8af383a71d3267b0b5dcfa1b9eb5cca3054afea2ea5bae3fcd8997262592ae7f,DUP_8af383a71d3267b0,1,False,1067,6.97354301952014,0.8256794751640113,0.8212290502793296,0.1602624179943767,0.1601489757914339,0.0131208997188378,0.0139664804469273,0.0,0.0009310986964618,0.0009372071227741,0.0018621973929236,0.0,0.0009310986964618,0.0,0.0009310986964618,like,0.8256794751640113,0.6654170571696345,positive,0.2921046161917355,0.33665198549427,0.2646493771868317,True,0.1674789128397376,0.0,positive,1.0,reactionfusion_v1_provisional,train,approved,uncertain,negative,0.2811621000835537,True,True,0.2805542994665477,0.0020897899401605045,0.2811621000835537,0.26236727309692864,0.26058030692444684,0.19589031989507086,0.4626468464830584,0.3181130643794653,0.01827742905349103,0.017495420374195998,0.21753753169601095,0.014982353992952096,0.7929081815087397,0.008248440370824898,0.6330793891558817,0.749647356004298,0.5128172450610962,"candidate=negative; anchor_balance=0.166; mixed_evidence=0.002; strongest=care_empathy=0.79, approval=0.75",final_model,reactionfusion_v2_hybrid_development
