source_row_id,like_count,love_count,care_count,haha_count,wow_count,sad_count,angry_count,source_total_reactions,calculated_total_reactions,record_id,model_text,privacy_masked,language_type,text_hash,duplicate_group_id,duplicate_count,is_duplicate,total_reactions,log_total_reactions,like_ratio,like_ratio_smoothed,love_ratio,love_ratio_smoothed,care_ratio,care_ratio_smoothed,haha_ratio,haha_ratio_smoothed,wow_ratio,wow_ratio_smoothed,sad_ratio,sad_ratio_smoothed,angry_ratio,angry_ratio_smoothed,dominant_reaction,dominant_ratio,dominance_margin,sentiment_label,label_confidence,fusion_score,reaction_entropy,is_ambiguous,positive_anchor_mass,negative_anchor_mass,baseline_filtered_label,baseline_filtered_score,label_version,split,quality_status
1,51,8,1,16,1,0,2,79,79,RF_POST_000001,විනිසුරුවරුන්ගේ විශ්රාම වයස සංශෝධනය කිරීම ඇතුළු කරුණු ඇතුළත් 22වන ආණ්ඩුක්රම ව්යවස්ථා සංශෝධන පනත් කෙටුම්පත ගැසට් කර තිබේ.,False,sinhala,eff1bea08d1c1a413e584360a0f58368b3162521d47da157b8cae7b2ab295898,DUP_eff1bea08d1c1a41,1,False,79,4.382026634673881,0.6455696202531646,0.6046511627906976,0.10126582278481013,0.10465116279069768,0.012658227848101266,0.023255813953488372,0.20253164556962025,0.19767441860465115,0.012658227848101266,0.023255813953488372,0.0,0.011627906976744186,0.02531645569620253,0.03488372093023256,like,0.6455696202531646,0.4430379746835443,positive,0.12288651932503016,0.21131590135418243,0.5352350556429544,True,0.10822784810126582,0.02531645569620253,positive,0.6208530805687204,reactionfusion_v1_provisional,train,approved
4,326,1,0,177,4,9,8,525,525,RF_POST_000004,පල්ලන්සේන බන්ධනාගාරයේ නොසන්සුන්තාවක් මේ වනවිට රැඳවියන් පිරිසක් වහලය මත නැග ඇති බව ද සඳහන්ය,False,sinhala,bcf9f3cfa020b706dd61d62f40817879f36969367ad55b713d67422294952a9d,DUP_bcf9f3cfa020b706,1,False,525,6.26530121273771,0.6209523809523809,0.6146616541353384,0.0019047619047619048,0.0037593984962406013,0.0,0.0018796992481203006,0.33714285714285713,0.33458646616541354,0.007619047619047619,0.009398496240601503,0.017142857142857144,0.018796992481203006,0.015238095238095238,0.016917293233082706,like,0.6209523809523809,0.2838095238095238,neutral,0.16832055615756397,-0.09183314352688979,0.4342404852712776,True,0.0019047619047619048,0.032380952380952385,negative,-0.8888888888888888,reactionfusion_v1_provisional,train,approved
5,35,0,1,0,0,0,0,36,36,RF_POST_000005,පේරාදෙණිය විශ්වවිද්යාලයේ කටයුතු 10 වැනිදා සිට යළි ඇරඹෙයි,False,sinhala,659262edefeae1b12d1557bde62b40b8986dcdeeafbd148479483513ff8c6202,DUP_659262edefeae1b1,1,False,36,3.6109179126442243,0.9722222222222222,0.8372093023255814,0.0,0.023255813953488372,0.027777777777777776,0.046511627906976744,0.0,0.023255813953488372,0.0,0.023255813953488372,0.0,0.023255813953488372,0.0,0.023255813953488372,like,0.9722222222222222,0.9444444444444444,neutral,0.1912479595235908,0.036046683003284105,0.06522939684703512,True,0.015277777777777779,0.0,positive,1.0,reactionfusion_v1_provisional,train,approved
6,1151,99,4,37,36,259,6,1592,1592,RF_POST_000006,කුරුවිට බන්ධනාගාරයේ ගැටුමෙන් දෙදෙනෙකු මරුට,False,sinhala,82b9390ddfc2e593ff118d4db41f1ec2aeb623384b8c8723a0f97f14e84e42fd,DUP_82b9390ddfc2e593,1,False,1592,7.373374309910049,0.7229899497487438,0.7204502814258912,0.062185929648241205,0.06253908692933083,0.002512562814070352,0.0031269543464665416,0.023241206030150754,0.023764853033145718,0.022613065326633167,0.023139462163852407,0.16268844221105527,0.16260162601626016,0.0037688442211055275,0.004377736085053158,like,0.7229899497487438,0.5603015075376885,negative,0.1618914133948254,-0.21142960903504965,0.4686022536418697,True,0.0635678391959799,0.1664572864321608,negative,-0.44729655925723655,reactionfusion_v1_provisional,train,approved
7,26,8,1,0,0,0,0,35,35,RF_POST_000007,2025 වසරේ විස්සයි20 හොඳම පිතිකරු පැතුම් නිස්සංක ශ්රී ලංකා ක්රිකට් සම්මාන රාත්රිය,False,sinhala,89ae72a72afb070436af3e173fc15c2ff53a1b14c3421e64510dfcf5a44581ab,DUP_89ae72a72afb0704,1,False,35,3.58351893845611,0.7428571428571429,0.6428571428571429,0.22857142857142856,0.21428571428571427,0.02857142857142857,0.047619047619047616,0.0,0.023809523809523808,0.0,0.023809523809523808,0.0,0.023809523809523808,0.0,0.023809523809523808,like,0.7428571428571429,0.5142857142857142,positive,0.18385296119054087,0.4397605803054588,0.33904281377523127,True,0.24428571428571427,0.0,positive,1.0,reactionfusion_v1_provisional,train,approved
8,55,13,2,1,0,0,0,71,71,RF_POST_000008,දුෂ්මන්ත චමීර 2025 වසරේ විස්සයි20 හොඳම පන්දු යවන්නා ශ්රී ලංකා ක්රිකට් සම්මාන රාත්රිය,False,sinhala,1ea83ccf689b0d511fbab1396db4384422f1039e1448f6a2ca928d4792c2d482,DUP_1ea83ccf689b0d51,1,False,71,4.276666119016055,0.7746478873239436,0.717948717948718,0.18309859154929578,0.1794871794871795,0.028169014084507043,0.038461538461538464,0.014084507042253521,0.02564102564102564,0.0,0.01282051282051282,0.0,0.01282051282051282,0.0,0.01282051282051282,like,0.7746478873239436,0.5915492957746479,positive,0.24216735460667235,0.38568443578150485,0.3439232814446463,True,0.19859154929577466,0.0,positive,1.0,reactionfusion_v1_provisional,train,approved
10,167,1,1,68,2,3,1,243,243,RF_POST_000010,කුරුවිට බන්ධනාගාරයේ රැඳවියන් පිරිසක් අතරද අද (07) නොසන්සුන්කාරී තත්ත්වයක් හටගෙන තිබේ.,False,sinhala,851546a718aa3d3885ff739b68c82f3d917ad15a23eac58075767946342b70d3,DUP_851546a718aa3d38,1,False,243,5.497168225293202,0.6872427983539094,0.672,0.00411522633744856,0.008,0.00411522633744856,0.008,0.27983539094650206,0.276,0.00823045267489712,0.012,0.012345679012345678,0.016,0.00411522633744856,0.008,like,0.6872427983539094,0.4074074074074074,neutral,0.5236171176321816,-0.029448087248801685,0.39864195995527874,True,0.006378600823045268,0.01646090534979424,negative,-0.4414414414414415,reactionfusion_v1_provisional,train,approved
11,75,1,0,52,0,0,0,128,128,RF_POST_000011,දිනෙන් දින කල්දමමින් තිබෙන පළාත් සභා මැතිවරණය ඉක්මනින් පවත්වන්න ශ්රී ලංකාවේ නිල සංචාරයක නිරත ඉන්දීය විදේශ ලේකම් මෙරට බලධාරීන් හමුවේ ප්රකාශ කරයි,False,sinhala,913b0ec4219ecd05612f6a202e5e82176878edcc38b9b11730a31d16dfdd6370,DUP_913b0ec4219ecd05,1,False,128,4.859812404361672,0.5859375,0.562962962962963,0.0078125,0.014814814814814815,0.0,0.007407407407407408,0.40625,0.3925925925925926,0.0,0.007407407407407408,0.0,0.007407407407407408,0.0,0.007407407407407408,like,0.5859375,0.1796875,neutral,0.4997857109030483,0.025006610354475794,0.36849559167407775,True,0.0078125,0.0,positive,1.0,reactionfusion_v1_provisional,train,approved
12,240,76,4,3,2,0,0,325,325,RF_POST_000012,බාල දක්ෂයෝ ලක්ෂයක් හෙට සිට ගෙන් ගෙට එනවා,False,sinhala,b4cf920016399b4a67e5e90c263be98e4383c8ce360ddd8c67f5724f564eed9d,DUP_b4cf920016399b4a,1,False,325,5.786897381366708,0.7384615384615385,0.7259036144578314,0.23384615384615384,0.2319277108433735,0.012307692307692308,0.015060240963855422,0.009230769230769232,0.012048192771084338,0.006153846153846154,0.009036144578313253,0.0,0.0030120481927710845,0.0,0.0030120481927710845,like,0.7384615384615385,0.5046153846153846,positive,0.36139012237715173,0.4402606306571992,0.35581815252714477,False,0.24061538461538462,0.0,positive,1.0,reactionfusion_v1_provisional,train,approved
14,841,187,7,7,5,2,0,1049,1049,RF_POST_000014,"මහ නගර සභාවට වරිපනම් නොගෙ වූ කොළඹ 7 ඉඩම් 30 පවරා ගන්න යනවා කොළඹ කොටුව දේපළ58 ක් ,වැල්ලවත්තේ දේපළ 67ක් කෝටි ගණන් දේපළ ඒ අතර",False,sinhala,cf009ce315a149434c57f0e800f7b09c76f726d183d80d5fb3c7ed35feb62231,DUP_cf009ce315a14943,1,False,1049,6.956545443151569,0.8017159199237369,0.7973484848484849,0.1782650142993327,0.17803030303030304,0.00667302192564347,0.007575757575757576,0.00667302192564347,0.007575757575757576,0.004766444232602479,0.005681818181818182,0.0019065776930409914,0.002840909090909091,0.0,0.000946969696969697,like,0.8017159199237369,0.6234509056244042,positive,0.3033114267230498,0.35738833766247163,0.30262269361380195,True,0.18193517635843662,0.0019065776930409914,positive,0.9792584910552242,reactionfusion_v1_provisional,train,approved
15,80,1,0,0,0,0,0,81,81,RF_POST_000015,වයස අවුරුදු 50 සහ ඊට වැඩි වැඩිහිටියන් සඳහා ලොව ප්රථම වරට mRNA-පාදක සාමාන්ය සෘතුමය උණ එන්නත සඳහා අමෙරිකානු ආහාර හා ඖෂධ පරිපාලනය විසින් නිල අනුමැතිය ලබා දී තිබේ.,False,mixed,386d258ea90f0fb83d764f1354bbb0be170eb8211a8ac8bc4cc42b14c45dd532,DUP_386d258ea90f0fb8,1,False,81,4.406719247264253,0.9876543209876543,0.9204545454545454,0.012345679012345678,0.022727272727272728,0.0,0.011363636363636364,0.0,0.011363636363636364,0.0,0.011363636363636364,0.0,0.011363636363636364,0.0,0.011363636363636364,like,0.9876543209876543,0.9753086419753086,neutral,0.31313609104225865,0.02940238465009904,0.034185347296782825,True,0.012345679012345678,0.0,positive,1.0,reactionfusion_v1_provisional,train,approved
16,60,0,0,34,0,0,0,94,94,RF_POST_000016,ගොවි විරෝධය සාධාරණයි! නිෂ්පාදන අලෙවි ගැටලු තිබෙනවා. කෘෂිකර්ම අමාත්ය කේඩී ලාල්කාන්ත,False,sinhala,fb449f1b2de61d044c06a50c71371569f13adc6a8bc9c8c5e3ee0dead4a5bb0b,DUP_fb449f1b2de61d04,1,False,94,4.553876891600541,0.6382978723404256,0.6039603960396039,0.0,0.009900990099009901,0.0,0.009900990099009901,0.3617021276595745,0.3465346534653465,0.0,0.009900990099009901,0.0,0.009900990099009901,0.0,0.009900990099009901,like,0.6382978723404256,0.2765957446808511,neutral,0.566192930032851,0.0,0.336290581168065,True,0.0,0.0,neutral,0.0,reactionfusion_v1_provisional,train,approved
17,158,1,1,386,2,0,0,548,548,RF_POST_000017,විනිසුරු විශ්රාම වයස දීර්ඝ කිරීමට එරෙහිව වෘත්තීය සමිති 33 කින් ජනපතිට ලිපියක්,False,sinhala,cdf64f68d8b4abab139f422257bf56134d0d4c285548d9ffe7eaa3f865885aa9,DUP_cdf64f68d8b4abab,1,False,548,6.3080984415095305,0.28832116788321166,0.2864864864864865,0.0018248175182481751,0.0036036036036036037,0.0018248175182481751,0.0036036036036036037,0.7043795620437956,0.6972972972972973,0.0036496350364963502,0.005405405405405406,0.0,0.0018018018018018018,0.0,0.0018018018018018018,haha,0.7043795620437956,0.41605839416058393,neutral,0.6069782627533428,0.010754030742109597,0.3334800030092029,True,0.0028284671532846717,0.0,positive,1.0,reactionfusion_v1_provisional,train,approved
18,105,2,0,166,0,0,0,273,273,RF_POST_000018,මහා භාණ්ඩාගාරයේ ඩොලර් මිලියන 2 . 5 අස්ථානගත වීම නිලධාරීන් අනූ එකකගෙන් ප්රකාශ අරන් - විමර්ශන දිගටම මහජන ආරක්ෂක ඇමැති,False,sinhala,16f94fc9dae2f169cbdff28cf9374016143b378ed34b8bf41d8ef4844cff434d,DUP_16f94fc9dae2f169,1,False,273,5.6131281063880705,0.38461538461538464,0.37857142857142856,0.007326007326007326,0.010714285714285714,0.0,0.0035714285714285713,0.608058608058608,0.5964285714285714,0.0,0.0035714285714285713,0.0,0.0035714285714285713,0.0,0.0035714285714285713,haha,0.608058608058608,0.22344322344322345,neutral,0.5291774197269173,0.026411100037062124,0.3628229520996447,True,0.007326007326007326,0.0,positive,1.0,reactionfusion_v1_provisional,train,approved
19,2569,367,10,22,18,3,3,2992,2992,RF_POST_000019,බැගේජ් ඖෂධ විකුණන පාමසි වටලනවා. දැනටමත් 108 ක් වටලලා,False,sinhala,93d5fe53bf9dd8035d1f7afc522698bc2fa24eab104311ef64fc5e1c3594e815,DUP_93d5fe53bf9dd803,1,False,2992,8.0040315078527,0.8586229946524064,0.8569523174391463,0.12266042780748664,0.12270756918972991,0.0033422459893048127,0.003667889296432144,0.007352941176470588,0.00766922307435812,0.006016042780748663,0.006335445148382794,0.001002673796791444,0.001333777925975325,0.001002673796791444,0.001333777925975325,like,0.8586229946524064,0.7359625668449198,positive,0.22958967508520767,0.2625090082600464,0.25080536011341914,True,0.12449866310160428,0.002005347593582888,positive,0.9682959048877147,reactionfusion_v1_provisional,train,approved
22,381,10,2,7,1,77,2,480,480,RF_POST_000022,ඉදිරියේ දී පැවැත්වීමට නියමිත අපොස උසස් පෙළ විභාගය කල්දැමීමේ නියෝගයක් නිකුත් කරන ඉල්ලා ගොනුකර තිබූ මූලික අයිතිවාසිකම් පෙත්සමක් විභාගයට නොගෙන නිෂ්ප්රභ කිරීමට ශ්රේෂ්ඨාධිකරණය අද නියෝග කළේය.,False,sinhala,44013a559024115032e89e5a1bc3a0414c48dffe658620c05aeae7e482311a06,DUP_44013a5590241150,1,False,480,6.175867270105761,0.79375,0.784394250513347,0.020833333333333332,0.022587268993839837,0.004166666666666667,0.006160164271047228,0.014583333333333334,0.01642710472279261,0.0020833333333333333,0.004106776180698152,0.16041666666666668,0.1601642710472279,0.004166666666666667,0.006160164271047228,like,0.79375,0.6333333333333333,negative,0.23980902562498055,-0.2903967603949825,0.34829239581592075,True,0.023125,0.16458333333333336,negative,-0.7536071032186461,reactionfusion_v1_provisional,train,approved
23,167,2,1,0,1,1,0,172,172,RF_POST_000023,"හෙට ප්රදේශ කිහිපයකට මි.මී 100 ට වැඩි තද වැසි බස්නාහිර සහ සබරගමුව පළාත්වලත් මහනුවර, නුවර එළිය සහ ගාල්ල දිස්ත්රික්කවල",False,sinhala,937cf2a7d14aed19442cf95d6a9aeae3c40db901d5a5425b9185ea57e2a6c60f,DUP_937cf2a7d14aed19,1,False,172,5.153291594497779,0.9709302325581395,0.9385474860335196,0.011627906976744186,0.01675977653631285,0.005813953488372093,0.0111731843575419,0.0,0.00558659217877095,0.005813953488372093,0.0111731843575419,0.005813953488372093,0.0111731843575419,0.0,0.00558659217877095,like,0.9709302325581395,0.9593023255813954,neutral,0.43284817951239457,0.021308222460851886,0.08747562339321135,True,0.014825581395348838,0.005813953488372093,positive,0.43661971830985913,reactionfusion_v1_provisional,train,approved
24,143,17,1,0,0,0,0,161,161,RF_POST_000024,කඳපොළ බෝමුරුඇල්ල ප්රදේශයේ සීතාඑළිය සංරක්ෂිත රක්ෂිතයට ඇතුලුවී එම රක්ෂිතයේ ගිනි තැබූ සැකකරුවෙකුට නුවරඑළිය මහෙස්ත්රාත් අධිකරණය විසින් ලක්ෂ 4කට අධික දඩයක් නියම කර තිබේ.,False,sinhala,4dc6f983a936cca955415a2487c5b4315c33b5cad46713dc43901d2d12740336,DUP_4dc6f983a936cca9,1,False,161,5.087596335232384,0.8881987577639752,0.8571428571428571,0.10559006211180125,0.10714285714285714,0.006211180124223602,0.011904761904761904,0.0,0.005952380952380952,0.0,0.005952380952380952,0.0,0.005952380952380952,0.0,0.005952380952380952,like,0.8881987577639752,0.782608695652174,positive,0.20527701174058338,0.23656968241728799,0.19232787116034541,True,0.10900621118012423,0.0,positive,1.0,reactionfusion_v1_provisional,train,approved
25,197,22,0,7,0,0,0,226,226,RF_POST_000025,දකුණේ බන්ධනාගාරවල ආරක්ෂාව තර කරයි ගාල්ල බූස්ස මාතර අගුණුකොළපැලැස්ස සහ වීරවිල,False,sinhala,b846f3849d754a6b4019ebfb4b3b34a39a56a41b479050e8c4432feecfed4822,DUP_b846f3849d754a6b,1,False,226,5.424950017481403,0.8716814159292036,0.8497854077253219,0.09734513274336283,0.09871244635193133,0.0,0.004291845493562232,0.030973451327433628,0.034334763948497854,0.0,0.004291845493562232,0.0,0.004291845493562232,0.0,0.004291845493562232,like,0.8716814159292036,0.7743362831858407,positive,0.19242660968953684,0.22024279798971502,0.23335866836251412,True,0.09734513274336283,0.0,positive,1.0,reactionfusion_v1_provisional,train,approved
26,1147,17,10,1,3,28,0,1206,1206,RF_POST_000026,"🔴ALERT කොත්මලේ ජලාශයේ වාන් දොරටු අද උදේ 8ට විවෘත කෙරේ. කටුගස්තොට,උලපනේ,ගම්පොළ,ගෙලිඔය සහ පේරාදෙණිය ජනතාව පරිස්සම් වන්න.",False,mixed,70f429435d66e7b4a507651dc4a3b488e1e519e62810081f77f78544a87db8be,DUP_70f429435d66e7b4,1,False,1206,7.095893221097532,0.951077943615257,0.9464138499587799,0.014096185737976783,0.01483924154987634,0.008291873963515755,0.009068425391591096,0.0008291873963515755,0.0016488046166529267,0.0024875621890547263,0.0032976092333058533,0.02321724709784411,0.023907666941467436,0.0,0.0008244023083264633,like,0.951077943615257,0.927860696517413,neutral,0.5154614459898742,-0.010656444524006211,0.13139495513178595,True,0.01865671641791045,0.02321724709784411,negative,-0.10891089108910891,reactionfusion_v1_provisional,train,approved
29,105,13,1,34,2,1,6,162,162,RF_POST_000029,ආණ්ඩුක්රම ව්යවස්ථාව සහ අධිකරණ සංවිධාන පනත සංශෝධනය කිරීමට කැබිනට් අනුමැතිය,False,sinhala,8e4d84b4fa688e950672e5b9c2b2442c1e056e3312f7d15b607cb08090697b55,DUP_8e4d84b4fa688e95,1,False,162,5.093750200806762,0.6481481481481481,0.6272189349112426,0.08024691358024691,0.08284023668639054,0.006172839506172839,0.011834319526627219,0.20987654320987653,0.20710059171597633,0.012345679012345678,0.01775147928994083,0.006172839506172839,0.011834319526627219,0.037037037037037035,0.04142011834319527,like,0.6481481481481481,0.4382716049382716,neutral,0.08690865402520616,0.1059013798313124,0.5397433650088455,True,0.08364197530864197,0.043209876543209874,positive,0.31873479318734793,reactionfusion_v1_provisional,train,approved
30,258,8,2,452,3,3,2,728,728,RF_POST_000030,වයස 60 සම්පූර්ණ වූ යහපත් කල්ක්රියාවක් ඇති 👮♂️පොලීසියේ අයට අමතර සේවා දිගුවක් අමාත්ය ආනන්ද විජේපාල මහතා,False,sinhala,b1395894c422f54b5635ad3eb6b47e9febba1ff16c72ec1bb1d74f0c7ce0a7f5,DUP_b1395894c422f54b,2,True,728,6.591673732008658,0.3543956043956044,0.3523809523809524,0.01098901098901099,0.012244897959183673,0.0027472527472527475,0.004081632653061225,0.6208791208791209,0.6163265306122448,0.004120879120879121,0.005442176870748299,0.004120879120879121,0.005442176870748299,0.0027472527472527475,0.004081632653061225,haha,0.6208791208791209,0.2664835164835165,neutral,0.5840256469978317,0.020335673905999045,0.4063830795682452,True,0.0125,0.006868131868131868,positive,0.2907801418439716,reactionfusion_v1_provisional,train,approved
31,32,0,0,0,0,0,0,32,32,RF_POST_000031,"නීතිවිරෝධි ධීවර කටයුතු කළ 36ක් නාවික හමුදා භාරයට ත්රිකුණාමලය සල්පෙආරු, තුඩුව, පරවි දූපත, සූඩයිකුඩා, අලම්පිල්, චිලාවත්තායි, යාපනය කඩ්ඩයිකාඩු කෙවිල්, කල්පිටිය ඉප්පන්තිව්",False,sinhala,24926cfc436d4c8f994821d76cb344400805c74a0941b1a143156f6fc134f181,DUP_24926cfc436d4c8f,1,False,32,3.4965075614664802,1.0,0.8461538461538461,0.0,0.02564102564102564,0.0,0.02564102564102564,0.0,0.02564102564102564,0.0,0.02564102564102564,0.0,0.02564102564102564,0.0,0.02564102564102564,like,1.0,1.0,neutral,0.23635378797847573,0.0,-0.0,True,0.0,0.0,neutral,0.0,reactionfusion_v1_provisional,train,approved
32,258,8,2,452,3,3,2,728,728,RF_POST_000032,වයස 60 සම්පූර්ණ වූ යහපත් කල්ක්රියාවක් ඇති 👮♂️පොලීසියේ අයට අමතර සේවා දිගුවක් අමාත්ය ආනන්ද විජේපාල මහතා,False,sinhala,b1395894c422f54b5635ad3eb6b47e9febba1ff16c72ec1bb1d74f0c7ce0a7f5,DUP_b1395894c422f54b,2,True,728,6.591673732008658,0.3543956043956044,0.3523809523809524,0.01098901098901099,0.012244897959183673,0.0027472527472527475,0.004081632653061225,0.6208791208791209,0.6163265306122448,0.004120879120879121,0.005442176870748299,0.004120879120879121,0.005442176870748299,0.0027472527472527475,0.004081632653061225,haha,0.6208791208791209,0.2664835164835165,neutral,0.5840256469978317,0.020335673905999045,0.4063830795682452,True,0.0125,0.006868131868131868,positive,0.2907801418439716,reactionfusion_v1_provisional,train,approved
34,245,3,1,599,1,3,1,853,853,RF_POST_000034,"මීගමුවේ රැඳවියෝ දෙදෙනෙක් මියයාම ඇමති පහුවදා දන්නෙත් නැහැනේ? - ''මාව දැනුම්වත් කළේ පරක්කු වෙලා, බීලා බුදියගෙන හිටියා නෙවෙයි''අමාත්ය හර්ෂණ නානායක්කාර මහතා Derana360",False,mixed,b5a469d788cf09ae184224364b7b48e05dacf86d890eddff8fa473d964706564,DUP_b5a469d788cf09ae,1,False,853,6.74993119378857,0.28722157092614303,0.28604651162790695,0.0035169988276670576,0.004651162790697674,0.0011723329425556857,0.002325581395348837,0.7022274325908558,0.6976744186046512,0.0011723329425556857,0.002325581395348837,0.0035169988276670576,0.004651162790697674,0.0011723329425556857,0.002325581395348837,haha,0.7022274325908558,0.41500586166471276,neutral,0.6609600881457648,-0.0019998631269020923,0.34432409608421044,True,0.004161781946072685,0.004689331770222743,negative,-0.05960264900662254,reactionfusion_v1_provisional,train,approved
35,229,61,1,0,0,0,0,291,291,RF_POST_000035,"වසර 15 කට පසු ශ්රී ලංකා එක්ස්පෝ යලි කොළඹදී ,විදේශීය ගැනුම්කරුවෝ 1500ක් මෙරටට පැමිණීමට නියමිතයි මංගල විජේසිංහ සභාපති(EDB)",False,mixed,8fcde0de1e7700bb439e4835c60b176339a29f7af2ad6e64097ce4aee5155ba7,DUP_8fcde0de1e7700bb,1,False,291,5.676753802268282,0.7869415807560137,0.7718120805369127,0.20962199312714777,0.2080536912751678,0.003436426116838488,0.006711409395973154,0.0,0.003355704697986577,0.0,0.003355704697986577,0.0,0.003355704697986577,0.0,0.003355704697986577,like,0.7869415807560137,0.5773195876288659,positive,0.3450333836683603,0.40128278824920144,0.2752295174900452,True,0.21151202749140893,0.0,positive,1.0,reactionfusion_v1_provisional,train,approved
36,2024,30,3,911,48,10,14,3040,3040,RF_POST_000036,හිර ගෙවල් පහක ගැටුම් හදන රහස් සැලසුමක් දේශපාලකයෝ නිලධාරීහු හා රැඳවියෝ හවුල් බුද්ධි අංශ හෙළි කර ගනී (අද දිවයින),False,sinhala,1b6bc5192b8a980469fddedd95b02d6692c1936f7728d176a0aac563e0358bea,DUP_1b6bc5192b8a9804,1,False,3040,8.019941687677365,0.6657894736842105,0.6645881194617657,0.009868421052631578,0.01017394158188382,0.000986842105263158,0.0013127666557269445,0.29967105263157895,0.29931079750574335,0.015789473684210527,0.01608139153265507,0.003289473684210526,0.0036101083032490976,0.004605263157894736,0.004922874958976042,like,0.6657894736842105,0.3661184210526316,neutral,0.6600855520094243,0.007465569305152257,0.4077516676815157,True,0.010411184210526316,0.007894736842105263,positive,0.137466307277628,reactionfusion_v1_provisional,train,approved
37,64,9,1,0,0,0,0,74,74,RF_POST_000037,කොළඹ - නුවර පාර කඩුගන්නාවෙන් යළි විවෘතයි,False,sinhala,6e50a778bbbb135b39af95efbde4a9369794f4f4937dc602e0f69cc15f24f933,DUP_6e50a778bbbb135b,1,False,74,4.31748811353631,0.8648648648648649,0.8024691358024691,0.12162162162162163,0.12345679012345678,0.013513513513513514,0.024691358024691357,0.0,0.012345679012345678,0.0,0.012345679012345678,0.0,0.012345679012345678,0.0,0.012345679012345678,like,0.8648648648648649,0.7432432432432432,positive,0.18686027615655335,0.27276954917325547,0.22609637005933272,True,0.12905405405405407,0.0,positive,1.0,reactionfusion_v1_provisional,train,approved
39,280,0,2,0,1,16,0,299,299,RF_POST_000039,මේ වන විට පැසපික් සාගරයේ ජපානයට පහළින් සුළි කුණාටුවක් වර්ධනය වෙමින් පවතිනවා 6වෙනිදායින් පසු දින කිහිපයකුත් මධ්යම කඳුකරයේ බටහිර බෑවුම් වලට බොහෝ දුරට වැසි අපේක්ෂා කළ හැකියි,False,sinhala,8057ac7cd220e91b7e3a228685bf3377c181c205d0d1bbfe2a7a861a24eef800,DUP_8057ac7cd220e91b,1,False,299,5.703782474656201,0.9364548494983278,0.9183006535947712,0.0,0.0032679738562091504,0.006688963210702341,0.00980392156862745,0.0,0.0032679738562091504,0.0033444816053511705,0.006535947712418301,0.05351170568561873,0.05555555555555555,0.0,0.0032679738562091504,like,0.9364548494983278,0.882943143812709,neutral,0.026142404780241362,-0.1144781205253879,0.13912005960263954,True,0.003678929765886288,0.05351170568561873,negative,-0.871345029239766,reactionfusion_v1_provisional,train,approved
40,119,0,0,0,0,0,0,119,119,RF_POST_000040,"ගාල්ල සිට හම්බන්තොට හරහා පොතුවිල් දක්වා වෙරළට ඔබ්බෙන් වන මුහුදු ප්රදේශවල සුළඟේ වේගය පැයට KM 60ත් 70ත් අතර දක්වා ඉහළ යා හැකි අතර, මුහුද ඉතා රළු වනු ඇතැයි කාලගුණ විද්යා දෙපාර්තමේන්තුව පවසයි.",False,mixed,3a5da9e3c0361feb6dd80f13dadcbaaed1f1f11329f49ce644e148e1cb4fe439,DUP_3a5da9e3c0361feb,1,False,119,4.787491742782046,1.0,0.9523809523809523,0.0,0.007936507936507936,0.0,0.007936507936507936,0.0,0.007936507936507936,0.0,0.007936507936507936,0.0,0.007936507936507936,0.0,0.007936507936507936,like,1.0,1.0,neutral,0.4537247112448284,0.0,-0.0,True,0.0,0.0,neutral,0.0,reactionfusion_v1_provisional,train,approved
41,143,2,0,0,0,347,0,492,492,RF_POST_000041,"හැටන්, ගිනිගත්හේන පොල්පිටිය ප්රදේශයේ නිවසක් මතට පස් කන්දක් කඩා වැටීමෙන් අනතුරට ලක්ව අතුරුදන්ව සිටි පුද්ගලයින් සිව්දෙනාගේම මෘත ශරීර සොයාගත් බව පොලිසිය පවසයි",False,sinhala,151cf32bb92aaa4fd15955601776cb3e2cae81407bbfedd79108772b96daed9e,DUP_151cf32bb92aaa4f,1,False,492,6.20050917404269,0.29065040650406504,0.28857715430861725,0.0040650406504065045,0.006012024048096192,0.0,0.002004008016032064,0.0,0.002004008016032064,0.0,0.002004008016032064,0.7052845528455285,0.6973947895791583,0.0,0.002004008016032064,sad,0.7052845528455285,0.4146341463414634,negative,0.6727693837037295,-0.8022048272417306,0.32260987191866713,False,0.0040650406504065045,0.7052845528455285,negative,-0.9885386819484241,reactionfusion_v1_provisional,train,approved
42,136,1,0,0,0,1,0,138,138,RF_POST_000042,කඳන ජල පවිත්රාගාරයෙන් ජලය සැපයෙන ප්රදේශ රැසකට හෙට ජල කප්පාදුවක්,False,sinhala,520dafb02270f98ad55797f50b9ed80bbfe63505ba1edd077cc0f6dc203355fa,DUP_520dafb02270f98a,1,False,138,4.9344739331306915,0.9855072463768116,0.9448275862068966,0.007246376811594203,0.013793103448275862,0.0,0.006896551724137931,0.0,0.006896551724137931,0.0,0.006896551724137931,0.007246376811594203,0.013793103448275862,0.0,0.006896551724137931,like,0.9855072463768116,0.9782608695652174,neutral,0.48900421411111217,0.0,0.04409078001753062,True,0.007246376811594203,0.007246376811594203,neutral,0.0,reactionfusion_v1_provisional,train,approved
43,95,1,0,0,1,20,0,117,117,RF_POST_000043,මාවනැල්ල සහ අරණායක ජල සැපයුම සම්පූර්ණයෙන්ම අත්හිටුවා ඇත. මාවනැල්ල සිට කරඳන හංදිය දක්වා සහ මාවනැල්ල – රඹුක්කන මාර්ගය ආශ්රිත ප්රදේශ වෙත ජල සැපයුම අඩු පීඩන තත්ත්වයක් යටතේ සිදු කෙරේ.,False,sinhala,bc3fd87da3eb40f23fe6f22dedd420b6e234f713a19820d286bf755393e2e24c,DUP_bc3fd87da3eb40f2,1,False,117,4.770684624465665,0.811965811965812,0.7741935483870968,0.008547008547008548,0.016129032258064516,0.0,0.008064516129032258,0.0,0.008064516129032258,0.008547008547008548,0.016129032258064516,0.17094017094017094,0.1693548387096774,0.0,0.008064516129032258,like,0.811965811965812,0.6410256410256411,negative,0.2527709700035196,-0.3259940505199177,0.28392400350699043,True,0.008547008547008548,0.17094017094017094,negative,-0.9047619047619048,reactionfusion_v1_provisional,train,approved
45,239,6,1,0,1,41,0,288,288,RF_POST_000045,මහනුවරත් සියලු පාසල් හෙට වැසෙයි,False,sinhala,2a02dc3d27302fb930d7161c4708cc93ee524ec24514f1bf612c5ea1c6f4cddf,DUP_2a02dc3d27302fb9,1,False,288,5.666426688112432,0.8298611111111112,0.8135593220338984,0.020833333333333332,0.023728813559322035,0.003472222222222222,0.006779661016949152,0.0,0.003389830508474576,0.003472222222222222,0.006779661016949152,0.1423611111111111,0.1423728813559322,0.0,0.003389830508474576,like,0.8298611111111112,0.6875,negative,0.2132160386491478,-0.24926081046763426,0.28380538760017904,True,0.022743055555555555,0.1423611111111111,negative,-0.7245005257623556,reactionfusion_v1_provisional,train,approved
46,318,2,4,0,9,78,0,411,411,RF_POST_000046,"කොත්මලේ වාන් දොරටු 3 ට විවර කිරීම මහවැලි ගඟද්රෝණියේ උඩුනුවර, උඩපළාත, යටිනුවර, දොලුව,කොත්මලේ,ගඟඉහළ , පස්බාගේ ගඟවට කෝරළ හාරිස්පත්තුව පාතදුම්බර මහ ගංවතුර අවදානමක්",False,sinhala,3c9b744afdf9a6bbc7f11f2eb17671be2582e0708b7e4ab175097e652104c447,DUP_3c9b744afdf9a6bb,1,False,411,6.021023349349527,0.7737226277372263,0.7631578947368421,0.004866180048661801,0.007177033492822967,0.009732360097323601,0.011961722488038277,0.0,0.0023923444976076554,0.021897810218978103,0.023923444976076555,0.1897810218978102,0.18899521531100477,0.0,0.0023923444976076554,like,0.7737226277372263,0.583941605839416,negative,0.289548156835098,-0.3497000066621152,0.3435737887649793,True,0.010218978102189781,0.1897810218978102,negative,-0.8978102189781021,reactionfusion_v1_provisional,train,approved
47,129,0,0,0,0,2,0,131,131,RF_POST_000047,"නුවරඑළිය දිස්ත්රික්කයේ සියලුම රජයේ පාසල් හෙට වැසෙයි මේ අනුව නුවරඑළිය, හැටන්, වලපනේ, කොත්මලේ, හගුරන්කෙත යන කලාප කාර්යාලවලට මෙසේ නිවාඩු!",False,sinhala,a4b883022c974fbf0a49d835c1a4e7fccca04510e164acb5c940692cb69bedf7,DUP_a4b883022c974fbf,1,False,131,4.882801922586371,0.9847328244274809,0.9420289855072463,0.0,0.007246376811594203,0.0,0.007246376811594203,0.0,0.007246376811594203,0.0,0.007246376811594203,0.015267175572519083,0.021739130434782608,0.0,0.007246376811594203,like,0.9847328244274809,0.9694656488549618,neutral,0.3365325802123267,-0.03628877400458951,0.04059700721614582,True,0.0,0.015267175572519083,negative,-1.0,reactionfusion_v1_provisional,train,approved
48,71,0,0,0,0,8,0,79,79,RF_POST_000048,"රත්නපුර දිස්ත්රික්කයේ ප්රදේශ කිහිපයකට සුළු ගංවතුර අවදානමක්! අවදානමට ලක්විය හැකි ප්රාදේශීය ලේකම් කොට්ඨාශ:පැල්මඩුල්ල,නිවිතිගල, රත්නපුර,කුරුවිට,අයගම, ඇලපාත",False,sinhala,713efbbd840c7da6c5bc7e8b93199b84dfa06f2ff9b848fe1b9815d2db688617,DUP_713efbbd840c7da6,1,False,79,4.382026634673881,0.8987341772151899,0.8372093023255814,0.0,0.011627906976744186,0.0,0.011627906976744186,0.0,0.011627906976744186,0.0,0.011627906976744186,0.10126582278481013,0.10465116279069768,0.0,0.011627906976744186,like,0.8987341772151899,0.7974683544303798,negative,0.1615267933605066,-0.22214155613715245,0.16848434751758218,True,0.0,0.10126582278481013,negative,-1.0,reactionfusion_v1_provisional,train,approved
51,192,16,1,0,0,3,1,213,213,RF_POST_000051,මහවැලි ගඟේ ජල මට්ටම ඉහළ යාම හේතුවෙන් පේරාදෙණිය විශ්වවිද්යාලයේ සිසු සිසුවියන් ගංවතුර පිළිබඳව දැඩි අවධානයෙන් පසුවන්න උපකුලපති මහාචාර්ය ටෙරන්ස් මධුජිත් මහතා,False,sinhala,207201abd602476454a346c96f19b60e3b8f478f51a9a0d6f09cb1e29fbc083e,DUP_207201abd6024764,1,False,213,5.365976015021851,0.9014084507042254,0.8772727272727273,0.07511737089201878,0.07727272727272727,0.004694835680751174,0.00909090909090909,0.0,0.004545454545454545,0.0,0.004545454545454545,0.014084507042253521,0.01818181818181818,0.004694835680751174,0.00909090909090909,like,0.9014084507042254,0.8262910798122066,positive,0.11675127219815673,0.13192901578234817,0.20473628760437526,True,0.07769953051643193,0.018779342723004695,positive,0.610705596107056,reactionfusion_v1_provisional,train,approved
52,1031,26,4,48,6,679,2,1796,1796,RF_POST_000052,ඉදිරි වසර 10 තුළ මෙරට හීලෑ අලි ඇතුන් 25 දක්වා අඩුවෙනවා. දැනට ලංකාවේම ඉන්නේ හීලෑ අලි ඇතුන්93 යි. (දියවඩන නිලමේ ප්රදීප් නිලංග දෑල මහතා),False,sinhala,22797d5da139166398990e8225dc40cd8febc98d42af41e97769b8deddcb31f7,DUP_22797d5da1391663,1,False,1796,7.493873886783559,0.5740534521158129,0.5723793677204659,0.014476614699331848,0.014975041597337771,0.0022271714922048997,0.0027731558513588465,0.026726057906458798,0.027176927343316695,0.0033407572383073497,0.003882418191902385,0.37806236080178174,0.3771491957848031,0.0011135857461024498,0.0016638935108153079,like,0.5740534521158129,0.19599109131403117,negative,0.4363342893624653,-0.56470389698557,0.4546439587484725,False,0.015701559020044543,0.37917594654788417,negative,-0.9204737732656513,reactionfusion_v1_provisional,train,approved
53,6317,4427,421,1,13,3,0,11182,11182,RF_POST_000053,අවුරුදු දහයක් පුරාවට සුව සැරියට ඇමතුම් කෝටියක් ඇවිත් ! රෝගීන් ලක්ෂ 26ක් සුවසැරියෙන් සුව කරයි,False,sinhala,42edb85ec789dd3b63a28c75772fa253ffd6139cab28782f3b5bde2f332b1f23,DUP_42edb85ec789dd3b,1,False,11182,9.322150047028188,0.5649257735646575,0.5646617213334525,0.39590413164013594,0.3957458217892573,0.037649794312287606,0.03771561354902136,8.942944017170452e-05,0.000178746983644651,0.0011625827222321587,0.001251228885512557,0.00026828832051511357,0.000357493967289302,0.0,8.93734918223255e-05,like,0.5649257735646575,0.16902164192452154,positive,0.47358732611586934,0.600753231927106,0.42335487868558525,False,0.4166115185118941,0.00026828832051511357,positive,0.998712874473083,reactionfusion_v1_provisional,train,approved
54,1257,31,4,824,19,35,3,2173,2173,RF_POST_000054,පළමු මාස හයේදී වෙළඳ හිඟය ඩොලර් බිලියන 5.5 ක් දක්වා පුළුල් වෙලා! අපනයන ආදායම ඩොලර් බිලියන 10.43 යි. ආනයන වියදම ඩොලර් බිලියන 12.39 යි,False,sinhala,006d6b213d521c15e4484b3024b74c463cc51fb341b94bc5753bb53c3a5917c3,DUP_006d6b213d521c15,1,False,2173,7.684324067681155,0.5784629544408652,0.5770642201834862,0.014265991716520939,0.014678899082568808,0.0018407731247123793,0.0022935779816513763,0.37919926369075013,0.37844036697247707,0.008743672342383801,0.009174311926605505,0.016106764841233318,0.01651376146788991,0.0013805798435342844,0.001834862385321101,like,0.5784629544408652,0.19926369075011505,neutral,0.6830244671650324,-0.006864937586416268,0.4489396003543972,True,0.015278416935112747,0.017487344684767602,negative,-0.06741573033707861,reactionfusion_v1_provisional,train,approved
55,1949,475,13,44,11,163,1,2656,2656,RF_POST_000055,පූජිත්ට හේමසිරිට ජම්පරය අන්දවයි. විශේෂ පහසුකම් නෑ සතියකට වරක් පවුලේ අයට බලන්න අවසර පිටින් කෑමත් බෑ (අද ලංකාදීප),False,sinhala,b323c81b52e3e3fa89c11b16692bc09565a74f40fa4cb06e9c4d4b69de29c015,DUP_b323c81b52e3e3fa,1,False,2656,7.884952945759814,0.7338102409638554,0.7322568531731131,0.17884036144578314,0.17874577544123169,0.004894578313253012,0.005257228689447991,0.016566265060240965,0.016898235073225687,0.004141566265060241,0.004506196019526849,0.06137048192771084,0.06158467893353361,0.00037650602409638556,0.0007510326699211416,like,0.7338102409638554,0.5549698795180723,positive,0.18982165322125227,0.2409544408139532,0.4244187193228101,True,0.1815323795180723,0.061746987951807226,positive,0.4923779308210168,reactionfusion_v1_provisional,train,approved
56,25,0,0,0,0,16,0,41,41,RF_POST_000056,"වසරේ මේ දක්වා කාලය තුළ ඩෙංගු රෝගීන් 86,000ක් ඩෙංගු රෝගය හේතුවෙන් සිදුවූ මරණ ගණන 62ක්",False,sinhala,50400d862f30de0157bad03769a73a1a312208c49108180c68d61aa84e76e0dc,DUP_50400d862f30de01,1,False,41,3.7376696182833684,0.6097560975609756,0.5416666666666666,0.0,0.020833333333333332,0.0,0.020833333333333332,0.0,0.020833333333333332,0.0,0.020833333333333332,0.3902439024390244,0.3541666666666667,0.0,0.020833333333333332,like,0.6097560975609756,0.21951219512195122,negative,0.2713861766898316,-0.5856417251495298,0.3437245356363134,True,0.0,0.3902439024390244,negative,-1.0,reactionfusion_v1_provisional,train,approved
60,2159,28,4,276,26,504,4,3001,3001,RF_POST_000060,එල්ලන්නත් මං ජීවත් වෙලා ඉන්න එපැය පූජිත් - හේමසිරි නඩු තීන්දුව...හිටපු ආරක්ෂක ලේකම් හේමසිරි ප්රනාන්දු මහතා සිදුකළ කරුණු දැක්වීම.,False,sinhala,f4856c98cd5c3db09c3c75be60af89e617afddc39610e24117a0ca71530cdd1c,DUP_f4856c98cd5c3db0,1,False,3001,8.007034012193408,0.7194268577140953,0.7180851063829787,0.009330223258913695,0.00964095744680851,0.0013328890369876708,0.0016622340425531915,0.09196934355214928,0.0920877659574468,0.00866377874041986,0.008976063829787235,0.16794401866044653,0.16788563829787234,0.0013328890369876708,0.0016622340425531915,like,0.7194268577140953,0.5514828390536488,negative,0.26978194510788545,-0.346126285162344,0.44113575493782975,True,0.010063312229256913,0.1692769076974342,negative,-0.8877740616871052,reactionfusion_v1_provisional,train,approved
61,316,2,1,4,19,50,0,392,392,RF_POST_000061,කැලණි ගඟ ආශ්රිතව සුළු ගංවතුර තත්ත්වයක් ගැන අනතුරු ඇඟවීමක්!! තද වර්ෂාපතනය හේතුවෙන් ඉදිරි පැය 48 ඇතුළත,False,sinhala,0480c21f7a077ed5ac9806add3bf22a9f438dcc988ae8d6fd717e5a4c375811f,DUP_0480c21f7a077ed5,1,False,392,5.973809611869261,0.8061224489795918,0.7944862155388471,0.00510204081632653,0.007518796992481203,0.002551020408163265,0.005012531328320802,0.01020408163265306,0.012531328320802004,0.04846938775510204,0.05012531328320802,0.12755102040816327,0.12781954887218044,0.0,0.002506265664160401,like,0.8061224489795918,0.6785714285714286,negative,0.21273642425660938,-0.2572412359910971,0.3453647766651036,True,0.0065051020408163265,0.12755102040816327,negative,-0.9029495718363464,reactionfusion_v1_provisional,train,approved
63,551,210,18,0,1,1,1,782,782,RF_POST_000063,🇱🇰🇱🇰🇱🇰🇱🇰වසර 20කට පසුව පොදුරදමඩුලු ක්රීඩා උලළෙන් ශ්රී ලංකාවට රන් පදක්කමක් රුමේෂ් තරංග පිරිමි හෙල්ල විසිකිරීමේ ඉසව්වේ රන් පදක්කම දිනාගනී,False,sinhala,eb62a434bb889770181d4a8791915cb4d0874e019f8ae53645b9329d9febb3b2,DUP_eb62a434bb889770,1,False,782,6.663132695990803,0.7046035805626598,0.6996197718631179,0.26854219948849106,0.2674271229404309,0.023017902813299233,0.024081115335868188,0.0,0.0012674271229404308,0.0012787723785166241,0.0025348542458808617,0.0012787723785166241,0.0025348542458808617,0.0012787723785166241,0.0025348542458808617,like,0.7046035805626598,0.4360613810741688,positive,0.39020042483661177,0.47759051619249676,0.3659621598571797,False,0.2812020460358056,0.0025575447570332483,positive,0.9819738621000451,reactionfusion_v1_provisional,train,approved
64,1219,317,15,9,147,49,1,1757,1757,RF_POST_000064,හිටපු පොලිස්පති පූජිත් ජයසුන්දරට මරණ දණ්ඩනය නියම කිරීමට කොළඹ ස්ථීර ත්රිපුද්ගල මහාධිකරණය අද (31) නියෝග කර තිබේ.,False,sinhala,ec75b5c7fc495baef9222482d1175e9e160a3b30b30ee27a625e8501a3c1b1a2,DUP_ec75b5c7fc495bae,1,False,1757,7.471932078245122,0.6937962435970404,0.691609977324263,0.18042117245304495,0.18027210884353742,0.008537279453614115,0.009070294784580499,0.005122367672168469,0.005668934240362812,0.08366533864541832,0.08390022675736962,0.027888446215139442,0.02834467120181406,0.0005691519635742744,0.0011337868480725624,like,0.6937962435970404,0.5133750711439955,positive,0.23167425127295085,0.30565021111949464,0.48405633076839316,True,0.18511667615253272,0.028457598178713715,positive,0.7335109926715523,reactionfusion_v1_provisional,train,approved
65,81,13,1,0,0,0,0,95,95,RF_POST_000065,නව හමුදාපතිවරයා ලෙස ලුතිනන් ජෙනරාල් නිලන්ත ප්රේමරත්න මහතා පත් කෙරේ,False,sinhala,2ff8906e19404fe8fd007aa8664480efb774bee5b08317ed6bb3f0899c26b7d9,DUP_2ff8906e19404fe8,1,False,95,4.564348191467836,0.8526315789473684,0.803921568627451,0.1368421052631579,0.13725490196078433,0.010526315789473684,0.0196078431372549,0.0,0.00980392156862745,0.0,0.00980392156862745,0.0,0.00980392156862745,0.0,0.00980392156862745,like,0.8526315789473684,0.7157894736842105,positive,0.2226367505739252,0.29654095423056703,0.2343570182319179,True,0.14263157894736844,0.0,positive,1.0,reactionfusion_v1_provisional,train,approved
66,729,156,9,4,2,2,0,902,902,RF_POST_000066,"දුම්රියේ වැඩි මිලට ජල බෝතල් අලෙවි කළ ආයතනයකට ලක්ෂ 5ක දඩයක් රු 120ක ට විකිණීමට තිබූ මිලි 1,000ක බෝතලය රු 150කට අලෙවි කර ඇත",False,sinhala,5e245ce9461b1f58ce7f5bb3454621624e61ac158dfe20d5bd0a96dd3eab90d7,DUP_5e245ce9461b1f58,1,False,902,6.805722553416985,0.8082039911308204,0.8030803080308031,0.1729490022172949,0.17271727172717272,0.009977827050997782,0.011001100110011002,0.004434589800443459,0.005500550055005501,0.0022172949002217295,0.0033003300330033004,0.0022172949002217295,0.0033003300330033004,0.0,0.0011001100110011,like,0.8082039911308204,0.6352549889135255,positive,0.2990750704112198,0.3506776083234777,0.2943018448349349,True,0.17843680709534368,0.0022172949002217295,positive,0.9754525928198834,reactionfusion_v1_provisional,train,approved
67,253,23,1,2,1,0,0,280,280,RF_POST_000067,කන්කසන්තරයේ සිට කල්පිටිය දක්වා හම්බන්තොට සිට පොතුවිල් දක්වා ධීවරයන්ට නැවත දැනුම් දෙනතුරු මුහුදු යාම තහනම්,False,sinhala,4c84285b3215e5455b773e63b4a99af26820000b9833b9fd4557b77e41a459a7,DUP_4c84285b3215e545,1,False,280,5.638354669333745,0.9035714285714286,0.8850174216027874,0.08214285714285714,0.08362369337979095,0.0035714285714285713,0.006968641114982578,0.007142857142857143,0.010452961672473868,0.0035714285714285713,0.006968641114982578,0.0,0.003484320557491289,0.0,0.003484320557491289,like,0.9035714285714286,0.8214285714285714,positive,0.17020832491071725,0.18892076880681555,0.19141040681522906,True,0.08410714285714285,0.0,positive,1.0,reactionfusion_v1_provisional,train,approved
70,85,2,0,63,0,0,0,150,150,RF_POST_000070,දූෂණයෙන් තොර ආදර්ශවත් පරිපාලන ව්යුහයක් ගොඩනැගීම වෙනුවෙන් ජාතික සුපිළිපන් සතිය අද ඇරඹෙනවා,False,sinhala,f7af6c15377013f46ba74ccdcc17c9a10fc8e7fd89a8b31f8413cc4642ab27bb,DUP_f7af6c15377013f4,1,False,150,5.017279836814924,0.5666666666666667,0.5477707006369427,0.013333333333333334,0.01910828025477707,0.0,0.006369426751592357,0.42,0.40764331210191085,0.0,0.006369426751592357,0.0,0.006369426751592357,0.0,0.006369426751592357,like,0.5666666666666667,0.14666666666666667,neutral,0.4218059617006028,0.04292306098433752,0.3822244147745375,True,0.013333333333333334,0.0,positive,1.0,reactionfusion_v1_provisional,train,approved
71,196,1,0,2,0,391,1,591,591,RF_POST_000071,මීගමුව බන්ධනාගාරයේ ගැටුමෙන් තුවාල ලබා කොළඹ ජාතික රෝහලේ ප්රතිකාර ලබමින් සිටි තවත් බන්ධනාගාර නිළධාරීන් 2කු මියයයි.ඒ අනුව මියගිය මුළු නිළධාරීන් සංඛ්යාව 10ක්. ගැටුමෙන් මියගිය සංඛ්යාව 31 දක්වා ඉහළට.,False,sinhala,1178d069f5cbf2d9d0f71a9a9329f96be1771e99a566ed522bb04ecaa3051ef5,DUP_1178d069f5cbf2d9,1,False,591,6.3835066348840055,0.3316412859560068,0.3294314381270903,0.001692047377326565,0.0033444816053511705,0.0,0.0016722408026755853,0.00338409475465313,0.005016722408026756,0.0,0.0016722408026755853,0.6615905245346869,0.6555183946488294,0.001692047377326565,0.0033444816053511705,sad,0.6615905245346869,0.3299492385786802,negative,0.6431361421306988,-0.7793512584473082,0.34954812460536644,False,0.001692047377326565,0.6632825719120135,negative,-0.9949109414758269,reactionfusion_v1_provisional,train,approved
73,396,5,1,58,1,0,0,461,461,RF_POST_000073,"මහර ගැන මගේ පෝස්ටුවේ මට බණින කොම්පාසු හිතැතියෙනි ,එහි ආණ්ඩුවට හා මට බණින මහතුනි. මීගමුව ගැන මා ලියූ පහත කමෙන්ටුව කරු/ කියවන්න.✌",False,sinhala,b551d6a0def37ef170c918b524212e40d45aace5cf554263e79570bc69351000,DUP_b551d6a0def37ef1,1,False,461,6.135564891081739,0.8590021691973969,0.8482905982905983,0.010845986984815618,0.01282051282051282,0.0021691973969631237,0.004273504273504274,0.12581344902386118,0.12606837606837606,0.0021691973969631237,0.004273504273504274,0.0,0.002136752136752137,0.0,0.002136752136752137,like,0.8590021691973969,0.7331887201735358,neutral,0.4562881168535695,0.03167806569915364,0.24000901506929367,True,0.012039045553145337,0.0,positive,1.0,reactionfusion_v1_provisional,train,approved
74,1482,23,8,279,10,9,1,1812,1812,RF_POST_000074,මහර අවුලකින් තොරව සමථවේවා! . එසේනොවී මීගමුව මෙන් වුවහොත් අදාළ පාලනය බාර සැම ඊයේ 😪තීන්දුව 😪ගැන සිතීම යෙහෙකි.☠️.,False,sinhala,e91a99785e1777d0c806f8e210aad8dcd831502bcad361fe30bde8021f6547c5,DUP_e91a99785e1777d0,1,False,1812,7.502738210754851,0.8178807947019867,0.8152831225948324,0.012693156732891833,0.013194062671797692,0.004415011037527594,0.004947773501924134,0.15397350993377484,0.15393073117097306,0.005518763796909493,0.006047278724573941,0.004966887417218543,0.005497526113249038,0.0005518763796909492,0.0010995052226498076,like,0.8178807947019867,0.6639072847682119,neutral,0.5124249761311861,0.02567017589216674,0.3037445519976551,True,0.015121412803532009,0.005518763796909493,positive,0.4652406417112299,reactionfusion_v1_provisional,train,approved
75,621,251,11,0,1,0,0,884,884,RF_POST_000075,එදාමෙන් අදත් රන් හෙල්ල රුමේෂ්❤️ ගැන ආඩම්බරවෙමු. ඒ ජයෙන් ඉන්දියාවට කොචොක් නෙකෙරමු .,False,sinhala,fa8d9be090c81e88c8e97ffcf6534f6ba1547a673531404e98e0545f1b3b04a8,DUP_fa8d9be090c81e88,1,False,884,6.785587645007929,0.7024886877828054,0.6980920314253648,0.2839366515837104,0.2828282828282828,0.012443438914027148,0.013468013468013467,0.0,0.001122334455667789,0.0011312217194570137,0.002244668911335578,0.0,0.001122334455667789,0.0,0.001122334455667789,like,0.7024886877828054,0.41855203619909503,positive,0.40851516329173115,0.4931324868684387,0.3431828859867312,False,0.2907805429864253,0.0,positive,1.0,reactionfusion_v1_provisional,train,approved
76,286,0,0,35,1,0,0,322,322,RF_POST_000076,පළාත් සභා ඡන්ද විමසීම ගැන මගේ මතය කමෙන්ටුවේ. මාධ්යවල පලවූ පරිදි නොව කැපීමෙන් හෝ එඩිට්වලින් තොරව කෙටියෙන් .,False,sinhala,1bb8151e7968fd2a3bdd8c54db6ca9bc1debc0455b1a56992680706aa8b26f5a,DUP_1bb8151e7968fd2a,1,False,322,5.777652323222656,0.8881987577639752,0.8723404255319149,0.0,0.00303951367781155,0.0,0.00303951367781155,0.10869565217391304,0.1094224924012158,0.003105590062111801,0.0060790273556231,0.0,0.00303951367781155,0.0,0.00303951367781155,like,0.8881987577639752,0.7795031055900621,neutral,0.5926989063680681,0.0,0.18729321555729742,True,0.0,0.0,neutral,0.0,reactionfusion_v1_provisional,train,approved
79,787,19,4,1382,6,1,1,2200,2200,RF_POST_000079,පාතාලෙට බයේ කාවඩි තහනම ✖️ කියූ අපට බැනපු ඩිටර්ජන් ඇණිය දැන් පෙරින් පෙළ ගමනේයා!,False,sinhala,9289c7da768042bd29167c1d4557e925a7bbc36e00ac64f6a653ba6e33e8473c,DUP_9289c7da768042bd,1,False,2200,7.696667081526462,0.3577272727272727,0.3570457634798369,0.008636363636363636,0.009062075215224286,0.0018181818181818182,0.0022655188038060714,0.6281818181818182,0.6266425011327594,0.0027272727272727275,0.0031717263253285004,0.00045454545454545455,0.0009062075215224287,0.00045454545454545455,0.0009062075215224287,haha,0.6281818181818182,0.27045454545454545,neutral,0.5066605443755324,0.031752366632386536,0.3779239851519232,True,0.009636363636363637,0.0009090909090909091,positive,0.8275862068965517,reactionfusion_v1_provisional,train,approved
80,133,9,3,0,1,116,0,262,262,RF_POST_000080,මිතුරන්ගේ ඕනෑම අසීරු අවස්ථාවක ඔවුන් අත් නොහැරි මහින්ද මඩිහහේවා මහතා අප හැර ගොසිනි 😪. ඔහු පිළිබඳ ආදරණීය මතකය දිනේවා !,False,sinhala,4ee0e6bbdd193867eb0ae68c503a46ccc6f707c54edf861a5de66fb539cbee46,DUP_4ee0e6bbdd193867,2,True,262,5.572154032177765,0.5076335877862596,0.49814126394052044,0.03435114503816794,0.03717472118959108,0.011450381679389313,0.01486988847583643,0.0,0.0037174721189591076,0.003816793893129771,0.007434944237918215,0.44274809160305345,0.4349442379182156,0.0,0.0037174721189591076,like,0.5076335877862596,0.0648854961832061,negative,0.4345299989144066,-0.5669571999401382,0.45898282362745185,False,0.040648854961832064,0.44274809160305345,negative,-0.8318199763126727,reactionfusion_v1_provisional,train,approved
81,2492,80,15,787,10,12,4,3400,3400,RF_POST_000081,"පෙරහැරට කාවාඩි ඕනමද යන්න වෙනම දෙයක් . හැබැයි පාතාල මැතිවරුන්ගෙ වලි නිසා ඒව නවත්වනම්,මක්කටෙයි පොලෝසියක් ?",False,sinhala,4805d44a3956f6cfadc06d060fa208d0da6e2b7f6623389f547eeb7b3834f455,DUP_4805d44a3956f6cf,1,False,3400,8.131824785007195,0.7329411764705882,0.7317287936601116,0.023529411764705882,0.023774581743469327,0.004411764705882353,0.004696213677722336,0.23147058823529412,0.23128852362782507,0.0029411764705882353,0.003228646903434106,0.0035294117647058825,0.0038156736131493983,0.001176470588235294,0.0014675667742882301,like,0.7329411764705882,0.5014705882352941,neutral,0.3443998623061024,0.05974857722136876,0.3718508732507365,True,0.025955882352941176,0.004705882352941176,positive,0.6930455635491607,reactionfusion_v1_provisional,train,approved
82,387,53,5,60,0,0,0,505,505,RF_POST_000082,අපේ යුගයේ මිනිසකුට පෑහැකි ඉහළම වික්රමය නම් කුමන තත්වයක් යටතේවුවද ජාතිවාදී නොවීමය. VIලෙනින් . කරු/ 1කමෙන්ටුව බලන්න,False,mixed,a3836b68bc3c962e36c664e9335f6e212f107d2502ec27fc12f4800d925793e1,DUP_a3836b68bc3c962e,1,False,505,6.226536669287466,0.7663366336633664,0.7578125,0.10495049504950495,0.10546875,0.009900990099009901,0.01171875,0.1188118811881188,0.119140625,0.0,0.001953125,0.0,0.001953125,0.0,0.001953125,like,0.7663366336633664,0.6475247524752475,positive,0.21351660452599594,0.26360133537122615,0.3799370685829899,True,0.1103960396039604,0.0,positive,1.0,reactionfusion_v1_provisional,train,approved
83,1593,30,2,417,10,20,7,2079,2079,RF_POST_000083,අර චරිත සහතිකය දුන් නෝනා සුදුසු නිදහස් අධ්යාපන පනත ගෙනආ ඇමතිතුමා නමින් වූ පාසැලට නොව කාලිංග මාඝ විදුහලටය.,False,sinhala,e8e4e77ecb8995c3818e9f682d1c6edd746fd06a2eb4a201b0c95f08fdfe409d,DUP_e8e4e77ecb8995c3,1,False,2079,7.640123172695364,0.7662337662337663,0.7641418983700863,0.01443001443001443,0.014860977948226271,0.000962000962000962,0.0014381591562799617,0.20057720057720058,0.20038350910834132,0.00481000481000481,0.0052732502396931925,0.00962000962000962,0.010067114093959731,0.003367003367003367,0.003835091083413231,like,0.7662337662337663,0.5656565656565656,neutral,0.645015407201219,0.005441942945449156,0.35131217924355457,True,0.014959114959114958,0.012987012987012988,positive,0.07056798623063686,reactionfusion_v1_provisional,train,approved
84,300,4,4,1,3,178,0,490,490,RF_POST_000084,පියෙහි විප්පයොගො දුක්ඛො CD හෙවත් චන්දන වික්රමරත්න සහෘදයාගේ අකල් වියෝව ගැන අපේ සාතිශය සංවේගය ප්රකාශ කර සිටිමු.😪,False,mixed,57032b48bf8d9bb6710e0f8bb5402bee4440403dddbc05fa8eead67ca92bf154,DUP_57032b48bf8d9bb6,1,False,490,6.19644412779452,0.6122448979591837,0.6056338028169014,0.00816326530612245,0.01006036217303823,0.00816326530612245,0.01006036217303823,0.0020408163265306124,0.004024144869215292,0.006122448979591836,0.008048289738430584,0.363265306122449,0.36016096579476864,0.0,0.002012072434607646,like,0.6122448979591837,0.24897959183673468,negative,0.4329407048092302,-0.5433363112785762,0.40627359369288113,False,0.012653061224489798,0.363265306122449,negative,-0.9326818675352878,reactionfusion_v1_provisional,train,approved
85,119,0,1,43,2,2,1,168,168,RF_POST_000085,"දෙමළ,මහමදික,මලයහ තමිල් ඒකාබද්ධ ඉල්ලීම්වලට පක්ෂවුණොත් දේශද්රෝහි ටැටූව වදීවිද? Pl read the 1st comment .",False,mixed,322c397cddcc34046c53d59edb9d4d5ca185f39e1775e41745c8d565d53fe20e,DUP_322c397cddcc3404,1,False,168,5.1298987149230735,0.7083333333333334,0.6857142857142857,0.0,0.005714285714285714,0.005952380952380952,0.011428571428571429,0.25595238095238093,0.25142857142857145,0.011904761904761904,0.017142857142857144,0.011904761904761904,0.017142857142857144,0.005952380952380952,0.011428571428571429,like,0.7083333333333334,0.4523809523809524,neutral,0.4368418339279204,-0.04187876914250104,0.39033656118988175,True,0.003273809523809524,0.017857142857142856,negative,-0.6901408450704226,reactionfusion_v1_provisional,train,approved
86,190,14,1,126,3,0,0,334,334,RF_POST_000086,"ඕවරේට 20,21, 24, 25 වගේ රන්ස් ගහන්න බෝල්දාන භාරත පුතුන් IPL නැති කරාවිද . එනිවේ සදාකල්🏏❤️🏏",False,mixed,2a27a037f8a6bd57edde019d7a37ee868d2cbb559060ca533a3077bcac7a1d9f,DUP_2a27a037f8a6bd57,1,False,334,5.814130531825066,0.5688622754491018,0.5601173020527859,0.041916167664670656,0.04398826979472141,0.0029940119760479044,0.005865102639296188,0.3772455089820359,0.3724340175953079,0.008982035928143712,0.011730205278592375,0.0,0.002932551319648094,0.0,0.002932551319648094,like,0.5688622754491018,0.19161676646706588,positive,0.10322524936082271,0.13361361761615295,0.452926547640382,True,0.043562874251497005,0.0,positive,1.0,reactionfusion_v1_provisional,train,approved
87,488,7,1,94,1,0,0,591,591,RF_POST_000087,හිරගේ තදබද අඩුකිරීමට මහමෝදර හා බෝගම්බර ඕනෑමනම් උපරිම මාස6ක් ඇති.විකල්පවලට යායුතුයි.,False,sinhala,7cbee35a96827df34254bf7d18d4346a31fb1a33edf2df6f1fe77e4679439c0c,DUP_7cbee35a96827df3,1,False,591,6.3835066348840055,0.8257191201353637,0.8177257525083612,0.011844331641285956,0.013377926421404682,0.001692047377326565,0.0033444816053511705,0.15905245346869712,0.1588628762541806,0.001692047377326565,0.0033444816053511705,0.0,0.0016722408026755853,0.0,0.0016722408026755853,like,0.8257191201353637,0.6666666666666666,neutral,0.45254687633571944,0.03445406537784189,0.2696342584359511,True,0.012774957698815568,0.0,positive,1.0,reactionfusion_v1_provisional,train,approved
88,642,14,1,142,0,3,1,803,803,RF_POST_000088,"අනපේක්ෂිත මට්ටමේ, යස පැහැදිලි කිරීමක් ප්රිසන් ඇමතිවරයා කළා. 🙏 කොම්පාසුව බාලගිරිදෝෂයෙන් හා කළදේ ජනගත නොකිරීමෙන් මිදීම යෙහෙකි.",False,sinhala,f67595a4ad3a268f23fbaf0e342ed8ede89952563b2cedaa6a0ef63e8a12b858,DUP_f67595a4ad3a268f,1,False,803,6.6895992691789665,0.7995018679950187,0.7938271604938272,0.017434620174346202,0.018518518518518517,0.0012453300124533001,0.0024691358024691358,0.17683686176836863,0.1765432098765432,0.0,0.0012345679012345679,0.0037359900373599006,0.0049382716049382715,0.0012453300124533001,0.0024691358024691358,like,0.7995018679950187,0.6226650062266501,neutral,0.458243767852298,0.035722401832430625,0.30495550812428274,True,0.018119551681195518,0.0049813200498132005,positive,0.568733153638814,reactionfusion_v1_provisional,train,approved
89,593,23,3,8,1,6,0,634,634,RF_POST_000089,මීගමු හිරගේ දෙවනදින ඛේදවාචකය වළක්වා නොගැනීම ගැන අදාළ සැම සාමූහිකව වගකිව යුතුවේ . අනෙක අතට රැඳවියන් මෙන්ම නිලධාරීන්ද මනුෂ්යයන්වේ,False,sinhala,104b7ba1ec9b10b07adb226e5ff277f684582fe24c94a2f5a02b313283ab8e88,DUP_104b7ba1ec9b10b0,1,False,634,6.453624998892692,0.9353312302839116,0.9266770670826833,0.03627760252365931,0.0374414976599064,0.00473186119873817,0.0062402496099844,0.012618296529968454,0.014040561622464899,0.0015772870662460567,0.0031201248049922,0.00946372239747634,0.0109204368174727,0.0,0.0015600624024961,like,0.9353312302839116,0.8990536277602523,neutral,0.24688675606768856,0.06906174697446346,0.1632319990846205,True,0.038880126182965304,0.00946372239747634,positive,0.6084828711256117,reactionfusion_v1_provisional,train,approved
90,837,20,4,539,9,4,0,1413,1413,RF_POST_000090,පීලි පැනපු එන්ජිමක් පීලිගත කළහැක්කේ දොඹකරයකිනි . මීගමු හිරගේ ඛේදවාචකය ගැන තුෂාරා පෙන්වා වැඩක් නැත. එකම විකල්පය අකුදි දොඹකරයයි.,False,sinhala,5b027180cc0db902d03c402175a40404834aa54cbc2497442f238ce7299a4f9c,DUP_5b027180cc0db902,1,False,1413,7.254177846456518,0.5923566878980892,0.5901408450704225,0.014154281670205236,0.014788732394366197,0.0028308563340410475,0.0035211267605633804,0.38145789101203115,0.38028169014084506,0.006369426751592357,0.007042253521126761,0.0028308563340410475,0.0035211267605633804,0.0,0.0007042253521126761,like,0.5923566878980892,0.21089879688605803,neutral,0.4690591034398193,0.040325179974806794,0.41292047838979307,True,0.015711252653927813,0.0028308563340410475,positive,0.6946564885496184,reactionfusion_v1_provisional,train,approved
91,956,20,3,13,4,13,5,1014,1014,RF_POST_000091,උඩපළාත ප්රාලේට එරෙහිව දේශපාලනමය හා නරිපාලනමය දුෂ්ට ප්රයත්නයක් දියත් කර තිබේද?,False,sinhala,f835cc3ea82f0af49cebcbed06019f3a2dbd4b6a93a9df04a648bab971b7c498,DUP_f835cc3ea82f0af4,1,False,1014,6.922643891475888,0.9428007889546351,0.9373163565132223,0.01972386587771203,0.02056807051909892,0.0029585798816568047,0.0039177277179236044,0.01282051282051282,0.013712047012732615,0.0039447731755424065,0.004897159647404506,0.01282051282051282,0.013712047012732615,0.004930966469428008,0.005876591576885406,like,0.9428007889546351,0.9230769230769231,neutral,0.5384755241616177,0.008521566202475565,0.15927468298336717,True,0.021351084812623274,0.01775147928994083,positive,0.09205548549810842,reactionfusion_v1_provisional,train,approved
93,84,0,0,2,0,0,1,87,87,RF_POST_000093,ජෝයි වින්කන්ට්රෝලර්ට එරෙහිව අධිකරණයට කියන කරුණු ඇත්ත නම් අබේවික්රම Vs පතිරණ තීන්දුව අදාළ වේවිද (1986)-1-SLR-120.,False,mixed,5d6a185c501bf430aea9aef5ff5eb5d85ced849ba08292f3c9549bf2e9bc2115,DUP_5d6a185c501bf430,1,False,87,4.477336814478207,0.9655172413793104,0.9042553191489362,0.0,0.010638297872340425,0.0,0.010638297872340425,0.022988505747126436,0.031914893617021274,0.0,0.010638297872340425,0.0,0.010638297872340425,0.011494252873563218,0.02127659574468085,like,0.9655172413793104,0.9425287356321839,neutral,0.3442832913709298,-0.02791814219386939,0.0883615762618064,True,0.0,0.011494252873563218,negative,-1.0,reactionfusion_v1_provisional,train,approved
94,323,15,1,5,1,1,0,346,346,RF_POST_000094,ඩෙංගු පාලනයට බෝවෙන ස්ථාන අවම කරමු. ඒත් එපමණක් ඵලරහිතය. මදුරුවන්ට පාණාතිපාතා නොසැලැකීමද කීටයන්ට මර උගුල් ඇටවීමද අත්යවශ්යය .,False,sinhala,e92b035c3fbfe5141b754badffdfe9faf024658b4612a4617f66a04f99bf45d4,DUP_e92b035c3fbfe514,1,False,346,5.849324779946859,0.9335260115606936,0.9178470254957507,0.04335260115606936,0.0453257790368272,0.002890173410404624,0.0056657223796034,0.014450867052023121,0.0169971671388102,0.002890173410404624,0.0056657223796034,0.002890173410404624,0.0056657223796034,0.0,0.0028328611898017,like,0.9335260115606936,0.8901734104046243,neutral,0.10305067802399893,0.09866608013894493,0.1604345669026878,True,0.044942196531791906,0.002890173410404624,positive,0.879154078549849,reactionfusion_v1_provisional,train,approved
95,67,3,1,35,0,13,0,119,119,RF_POST_000095,අද ශ්රී ලංකා ක්රිකට්වලට හොඳ දිනයක් නොවේ .SL-W හා SL-A කණ්ඩායම් දෙකම පරාදය . *ලබන සැරේ අපි දෙනව බැටේ*.එනිවේ සදාකල් 🏏❤️🏏,False,mixed,85f4217d0544cccefa2648a4d65bb5f7443e7a9f02668abc55aa52d8b6816ac1,DUP_85f4217d0544ccce,1,False,119,4.787491742782046,0.5630252100840336,0.5396825396825397,0.025210084033613446,0.031746031746031744,0.008403361344537815,0.015873015873015872,0.29411764705882354,0.2857142857142857,0.0,0.007936507936507936,0.1092436974789916,0.1111111111111111,0.0,0.007936507936507936,like,0.5630252100840336,0.2689075630252101,negative,0.14326118873126548,-0.21682773681848788,0.5437991482599048,True,0.029831932773109245,0.1092436974789916,negative,-0.5709969788519637,reactionfusion_v1_provisional,train,approved
96,222,57,0,2,0,1,0,282,282,RF_POST_000096,SL-A Vs IND-A සහන් හා අපේ කණඩායම දිනාවි. ඒත් අර පොඩිමෑන්ගේ Fireworks අගයන්නෙ නැතුව බෑ. එනිවේ සදාකල්🏏❤️🏏,False,mixed,9f8a17f67a20aab1de564ead0b0e6c0592451ed3033a96fbd8ae51cbbf87ca17,DUP_9f8a17f67a20aab1,1,False,282,5.645446897643238,0.7872340425531915,0.7716262975778547,0.20212765957446807,0.20069204152249134,0.0,0.0034602076124567475,0.0070921985815602835,0.010380622837370242,0.0,0.0034602076124567475,0.0035460992907801418,0.006920415224913495,0.0,0.0034602076124567475,like,0.7872340425531915,0.5851063829787234,positive,0.3274827192436861,0.38465148031220076,0.2911784429067372,True,0.20212765957446807,0.0035460992907801418,positive,0.9655172413793104,reactionfusion_v1_provisional,train,approved
97,553,81,7,10,0,1,0,652,652,RF_POST_000097,"දැරණියගලදී වූ පොලිස්-ගම්වැසි ගැටුම ගැන මානව හිමිකම් කොමිසම, පොලිස් කොමිසම හා පොලිස්පති වෙන වෙනම ස්වාධීන පරීක්ෂණ කඩිනමින් කළයුතුය.",False,sinhala,7158b5de1f5da99cc02272224e9800bd528ae9ed557f08dbdc426bda317cb3ac,DUP_7158b5de1f5da99c,1,False,652,6.481577129276431,0.848159509202454,0.8406676783004552,0.12423312883435583,0.1244309559939302,0.010736196319018405,0.012139605462822459,0.015337423312883436,0.01669195751138088,0.0,0.0015174506828528073,0.0015337423312883436,0.0030349013657056147,0.0,0.0015174506828528073,like,0.848159509202454,0.7239263803680982,positive,0.23841269781877658,0.2753011778835434,0.2679825969959499,True,0.13013803680981595,0.0015337423312883436,positive,0.976703552708212,reactionfusion_v1_provisional,train,approved
99,395,177,10,0,0,0,0,582,582,RF_POST_000099,ජවන ඉසව් ගැන යම් උනන්දුවක් රටේ ඇති නමුත් වීසිකිරීමේ ඉසව් ගැන අවධානය අඩුය. ඒත් අපේ රන් හෙල්ල රුමේෂ් තරංග එය වෙනස් කරනු නිසැකය.,False,sinhala,50f2d1280d2e354abd579f99845c444758ab01d471535937922e70a84867aae4,DUP_50f2d1280d2e354a,1,False,582,6.368187186350492,0.6786941580756014,0.6723259762308998,0.30412371134020616,0.30220713073005095,0.01718213058419244,0.01867572156196944,0.0,0.001697792869269949,0.0,0.001697792869269949,0.0,0.001697792869269949,0.0,0.001697792869269949,like,0.6786941580756014,0.3745704467353952,positive,0.4233412988585002,0.5153627732927545,0.3570989250233431,False,0.313573883161512,0.0,positive,1.0,reactionfusion_v1_provisional,train,approved
102,499,35,15,3,1,932,1,1486,1486,RF_POST_000102,පුතු සෙනේ මස් නහර හැම සිඳ ඇට සොයා ගොස් ඇට තුලට වැද ඇට මිඳුළු මත රඳා සිට දුක් දෙයි නිබන්දා...😥,False,sinhala,1828a0186c71360598eb7b11b0c783863484a0595e9cd503a625d10aa053e313,DUP_1828a0186c713605,1,False,1486,7.304515946460155,0.33580080753701214,0.33489618218352313,0.023553162853297442,0.024112525117213665,0.010094212651413189,0.010716677829872739,0.002018842530282638,0.0026791694574681848,0.0006729475100942127,0.0013395847287340924,0.6271870794078062,0.6249162759544541,0.0006729475100942127,0.0013395847287340924,sad,0.6271870794078062,0.2913862718707941,negative,0.5660226132141037,-0.7162007714517313,0.41937446655676747,False,0.029104979811574696,0.6278600269179003,negative,-0.9113956466069142,reactionfusion_v1_provisional,train,approved
103,1237,19,5,2648,10,69,0,3988,3988,RF_POST_000103,"ශෂී වීරවංශ මිය ව්යාජ උපන්දින යොදා ලේඛන සැකසූවේ බිරිඳ, සැමියාට වඩා වයසින් අඩු වියයුතුය යන මතය නිසා නම් ඒ ගැන කණගාටුවියයුතුය. 😪",False,sinhala,04a45cf792beabd7b87e148eac9564e09cb1ee90c5f78365fd74cfa3ef5550e6,DUP_04a45cf792beabd7,1,False,3988,8.291295851905407,0.31018054162487463,0.30988735919899874,0.004764292878635908,0.0050062578222778474,0.0012537612838515546,0.001501877346683354,0.6639919759277834,0.6630788485607009,0.0025075225677031092,0.002753441802252816,0.017301905717151456,0.017521902377972465,0.0,0.00025031289111389235,haha,0.6639919759277834,0.35381143430290873,neutral,0.44084097434656083,-0.043746742299404104,0.38750575429314116,True,0.005453861584754263,0.017301905717151456,negative,-0.5206611570247934,reactionfusion_v1_provisional,train,approved
104,147,3,1,45,1,0,1,198,198,RF_POST_000104,"සැකයේ වාසිය/වෙනත් කරුණක් මත වැරදිලාවත් බොටම් බේරුණොත් ,""අර ළමයා වෙනුවෙන් මුලින්ම හිටියෙ අපි"" කියල තනි ගෞරවය ගන්න දඟලන අයට මක්වේද",False,sinhala,c4b368aa3a23b8a635529c54be34f8a139072264f38527d3779c09cac5d5cab0,DUP_c4b368aa3a23b8a6,1,False,198,5.293304824724492,0.7424242424242424,0.7219512195121951,0.015151515151515152,0.01951219512195122,0.005050505050505051,0.00975609756097561,0.22727272727272727,0.22439024390243903,0.005050505050505051,0.00975609756097561,0.0,0.004878048780487805,0.005050505050505051,0.00975609756097561,like,0.7424242424242424,0.5151515151515151,neutral,0.465637428726422,0.036261076565062986,0.36047537540843255,True,0.01792929292929293,0.005050505050505051,positive,0.5604395604395604,reactionfusion_v1_provisional,train,approved
105,320,8,1,186,7,2,0,524,524,RF_POST_000105,"1)සිලෝන්මදර්වුඩ් මැස්සා එළවීමට කඩුවෙන් කොටයි. 2)බොටම්විලේජ් ගැන නිහඬවූ සමහර මාධ්ය මදර්වුඩ් ,පතුරු ගසයි.",False,sinhala,fe34952a6944e4a1cef8679620b25f1c03675e2b1a52884984ef3578a20c8768,DUP_fe34952a6944e4a1,1,False,524,6.263398262591624,0.6106870229007634,0.6045197740112994,0.015267175572519083,0.01694915254237288,0.0019083969465648854,0.003766478342749529,0.3549618320610687,0.352165725047081,0.013358778625954198,0.015065913370998116,0.003816793893129771,0.005649717514124294,0.0,0.0018832391713747645,like,0.6106870229007634,0.25572519083969464,neutral,0.48376862580610414,0.038418290519655854,0.4232078821998319,True,0.01631679389312977,0.003816793893129771,positive,0.6208530805687204,reactionfusion_v1_provisional,train,approved
106,422,3,2,271,4,0,1,703,703,RF_POST_000106,"PTAට කවදත් එරෙහි දේශද්රෝහින්ට පිපෙන කැකුළු ,ෆයිව් වෙපන්ස්,සුපර්ක්ලීන් ඇතුළු නව පිරිසක් බුද්ධිමය මහසෙනවියකු සමග එක්වේ 😛",False,mixed,4cafe20780a1f68eee3e5464d2e9cc8c6f172f8ecaba9919e46ece678325b84d,DUP_4cafe20780a1f68e,1,False,703,6.556778356158042,0.6002844950213371,0.5957746478873239,0.004267425320056899,0.005633802816901409,0.002844950213371266,0.004225352112676056,0.38549075391180654,0.38309859154929576,0.005689900426742532,0.007042253521126761,0.0,0.0014084507042253522,0.001422475106685633,0.0028169014084507044,like,0.6002844950213371,0.2147937411095306,neutral,0.6129335794575709,0.013919278303571866,0.3867192069892865,True,0.005832147937411096,0.001422475106685633,positive,0.6078431372549019,reactionfusion_v1_provisional,train,approved
107,1171,542,35,0,2,1,0,1751,1751,RF_POST_000107,ඔලිම්පික් උළෙලේදී රුමේෂ් තරංග හෙල්ල රනින් බබලවනු ඇතැයි හඟිමු. අපි ඔහුට සුබ පතමු. ජය පතමු.👊✌❤️,False,sinhala,b4f732155eba7f97107f14e7de8790ad4284f31fa01d5df9f51e1c5724ee046c,DUP_b4f732155eba7f97,1,False,1751,7.468513271496337,0.6687607081667618,0.6666666666666666,0.30953740719588807,0.30887372013651876,0.019988577955454025,0.020477815699658702,0.0,0.0005688282138794084,0.001142204454597373,0.0017064846416382253,0.0005711022272986865,0.0011376564277588168,0.0,0.0005688282138794084,like,0.6687607081667618,0.3592233009708738,positive,0.42404104602223086,0.5206688176447847,0.37116788387537275,False,0.3205311250713878,0.0005711022272986865,positive,0.9964428634948866,reactionfusion_v1_provisional,train,approved
108,422,11,1,146,4,3,1,588,588,RF_POST_000108,"දැන් වැඩ වෙනවිදියට ව්යවස්ථදායකය , විධායකය , අර ඊනියා විධිමත් රාජ්ය යාන්ත්රණය සේරටම වඩා ජනමතය අහනවනෙ ,මල්වතු කාරක සංඝ සභාව.",False,sinhala,e9e3e7c89db68b5cd91d72316e190ad39d69c5cdbcbf90bfba2ce97ddf7bbc34,DUP_e9e3e7c89db68b5c,1,False,588,6.3784261836515865,0.717687074829932,0.7109243697478992,0.01870748299319728,0.020168067226890758,0.0017006802721088435,0.0033613445378151263,0.24829931972789115,0.24705882352941178,0.006802721088435374,0.008403361344537815,0.00510204081632653,0.0067226890756302525,0.0017006802721088435,0.0033613445378151263,like,0.717687074829932,0.46938775510204084,neutral,0.47954654078771225,0.036647703082959365,0.3807906081769735,True,0.019642857142857142,0.006802721088435374,positive,0.48553054662379425,reactionfusion_v1_provisional,train,approved
109,391,16,7,1043,2,18,1,1478,1478,RF_POST_000109,"හිටපු නායක MDS ශ්රී ලංකාද රාජස්ථාන්ද වෙනසක් නෑ , ප්රතිවාදීන්ට කරදර නෑ. බෝල 9ට 3යි . එනිවේ සදාකල්🏏❤️🏏",False,mixed,2796d6a3adb5afede4437c8e2526209b54d0871f6b5b902faba77c0a1c99b966,DUP_2796d6a3adb5afed,1,False,1478,7.2991214627108,0.2645466847090663,0.26397306397306397,0.010825439783491205,0.011447811447811448,0.004736129905277402,0.0053872053872053875,0.7056833558863329,0.703030303030303,0.0013531799729364006,0.00202020202020202,0.012178619756427604,0.012794612794612794,0.0006765899864682003,0.0013468013468013469,haha,0.7056833558863329,0.44113667117726657,neutral,0.6775878773933981,0.002168729026728538,0.3801182761690461,True,0.013430311231393776,0.012855209742895805,neutral,0.021879021879021916,reactionfusion_v1_provisional,train,approved
111,301,2,0,98,2,6,1,410,410,RF_POST_000111,*අප්පමාදෝ අමත පදං පමාදෝ මච්චුනෝ පදං* මන්ත්රීවරියන්ගේ සංසදය වැඩ පටන් ගෙන.👊✌. ඒත් ක්රියාමාර්ග බාලගිරි වගේ. අද නොවේ හෙට.,False,sinhala,69a9b3b104590bf1fc5fe8e4b6e2f3a5daa06a97c4946cbffb57773c8cc697fc,DUP_69a9b3b104590bf1,1,False,410,6.018593214496234,0.7341463414634146,0.7242206235011991,0.004878048780487805,0.007194244604316547,0.0,0.002398081534772182,0.23902439024390243,0.23741007194244604,0.004878048780487805,0.007194244604316547,0.014634146341463415,0.016786570743405275,0.0024390243902439024,0.004796163069544364,like,0.7341463414634146,0.4951219512195122,neutral,0.48276619665237325,-0.03468175049599826,0.3583930641231485,True,0.004878048780487805,0.01707317073170732,negative,-0.5555555555555556,reactionfusion_v1_provisional,train,approved
114,364,12,0,60,7,2,1,446,446,RF_POST_000114,"වින් කන්ට්රෝලර්ගෙ හා සන් කමාන්ඩර්ජෙම්ගේ පොලිසියට, බන්තේ පල්ලෙගමට ඇති චෝදනාවම එල්ලවේ.",False,sinhala,247a4d53f06803ba7bbbb917792500fcae46835e160c15c2eea0da741b8e7f56,DUP_247a4d53f06803ba,1,False,446,6.102558594613569,0.8161434977578476,0.8057395143487859,0.026905829596412557,0.02869757174392936,0.0,0.002207505518763797,0.13452914798206278,0.1346578366445916,0.01569506726457399,0.017660044150110375,0.004484304932735426,0.006622516556291391,0.002242152466367713,0.004415011037527594,like,0.8161434977578476,0.6816143497757847,neutral,0.3719605599064587,0.052712460569183044,0.3268797038730378,True,0.026905829596412557,0.006726457399103139,positive,0.6,reactionfusion_v1_provisional,train,approved
115,93,1,0,116,2,1,0,213,213,RF_POST_000115,"ගරුතර මහා සංඝරත්නයේ ඉල්ලීම මත , නාගොඩ ප්රාස හෝ ප්රාලේ පෝයට දන්සැල් තහනම් කරලද ( ප.ලි. ප්රාස නොව ප්රාලේ බව සැළයි)",False,sinhala,a92537f3923088113bff24be0091518f2efa0e3a137fe6f84f9839573e1bde6f,DUP_a92537f392308811,1,False,213,5.365976015021851,0.43661971830985913,0.42727272727272725,0.004694835680751174,0.00909090909090909,0.0,0.004545454545454545,0.5446009389671361,0.5318181818181819,0.009389671361502348,0.013636363636363636,0.004694835680751174,0.00909090909090909,0.0,0.004545454545454545,haha,0.5446009389671361,0.107981220657277,neutral,0.6922898249595698,0.0,0.4044131978074012,True,0.004694835680751174,0.004694835680751174,neutral,0.0,reactionfusion_v1_provisional,train,approved
116,430,5,0,335,21,16,2,809,809,RF_POST_000116,ගාලු සඟරුවනේ නියෝගයෙන් වෙසක් පෝයට ගාල්ලේ දන්සැල් තහනම්ලු පොසොන් පෝයට අපුරේ දන්සැල් ?...,False,sinhala,40038be5ca8a90c81bcbe7cfae4757fb12a7aa4cf071ebfb9738495bb6024ea6,DUP_40038be5ca8a90c8,1,False,809,6.697034247666484,0.5315203955500618,0.5281862745098039,0.006180469715698393,0.007352941176470588,0.0,0.0012254901960784314,0.41409147095179233,0.4117647058823529,0.02595797280593325,0.02696078431372549,0.019777503090234856,0.020833333333333332,0.002472187886279357,0.003676470588235294,like,0.5315203955500618,0.11742892459826947,neutral,0.4232551288712494,-0.051019825676506605,0.4726150154547137,True,0.006180469715698393,0.022249690976514212,negative,-0.5652173913043478,reactionfusion_v1_provisional,train,approved
117,68,7,1,0,0,0,0,76,76,RF_POST_000117,විභව හා චාලක ශක්තියත් සූර්යාගේ විලයන ක්රියාවලියේ ඇදහිය නොහැකි ශක්තියත් බලන්න ඇහැකි රාජස්ථාන් රෝයල් පොඩි හාදයාගෙ ගිනිකෙළියෙන්.,False,sinhala,1d550c2a022980faa7b77c7e90bdf1bf4e4d64c82603df30788a2758b248c889,DUP_1d550c2a022980fa,1,False,76,4.343805421853684,0.8947368421052632,0.8313253012048193,0.09210526315789473,0.0963855421686747,0.013157894736842105,0.024096385542168676,0.0,0.012048192771084338,0.0,0.012048192771084338,0.0,0.012048192771084338,0.0,0.012048192771084338,like,0.8947368421052632,0.8026315789473685,positive,0.153590814107685,0.2176202865922164,0.19330582901810306,True,0.09934210526315788,0.0,positive,1.0,reactionfusion_v1_provisional,train,approved
118,1099,50,2,9,5,2,0,1167,1167,RF_POST_000118,"සමාජයට බලපෑම් කළහැකි පැවිදි උතුමන්ට ,දේශපාලනඥයන්ට හා රාජ්ය නිලධරයන්ට එරෙහි නඩු කඩිනමින් අසා නිමකිරීමේ වැඩපිළිවෙලක් වහා අවශ්යය.",False,sinhala,9c1abbe0b7b07ec2c65571ab0a956d9498dec20a338df389e1391f074b832688,DUP_9c1abbe0b7b07ec2,1,False,1167,7.0630481633881725,0.9417309340188518,0.9369676320272572,0.04284490145672665,0.0434412265758092,0.001713796058269066,0.002555366269165247,0.007712082262210797,0.008517887563884156,0.004284490145672665,0.005110732538330494,0.001713796058269066,0.002555366269165247,0.0,0.0008517887563884157,like,0.9417309340188518,0.8988860325621251,neutral,0.10316630605280948,0.09829829371090103,0.14092012511108287,True,0.043787489288774635,0.001713796058269066,positive,0.9246704331450094,reactionfusion_v1_provisional,train,approved
119,56,7,1,1,0,2,1,68,68,RF_POST_000119,නොබියව ලියූ ඩීබීඑස් ජෙයරාජ් පිළිබඳ මතකය දිනේවා!,False,sinhala,ac018e922917ba73325ebdf17388510848b99e40dde4fda949fbb9e136472f8e,DUP_ac018e922917ba73,1,False,68,4.23410650459726,0.8235294117647058,0.76,0.10294117647058823,0.10666666666666667,0.014705882352941176,0.02666666666666667,0.014705882352941176,0.02666666666666667,0.0,0.013333333333333334,0.029411764705882353,0.04,0.014705882352941176,0.02666666666666667,like,0.8235294117647058,0.7205882352941176,positive,0.08917332588361665,0.14553421491038054,0.3514094593010424,True,0.11102941176470588,0.044117647058823525,positive,0.4312796208530805,reactionfusion_v1_provisional,train,approved
121,273,3,1,109,1,3,1,391,391,RF_POST_000121,A)සඳසේන මිyaයෑම B)සිංදු හිමි නිදැල්ලේ සිටීම C) ඇතුගල ටෙන්ඩර හා අල්ලස් *කොම්පාසු කඩිනම් ප්රතිචාර ඕනෑ කුමකටද,False,mixed,d0c52492ba2a8e8063a92b853018b047d902dc551357508df3d8902e9ea164c0,DUP_d0c52492ba2a8e80,1,False,391,5.971261839790462,0.6982097186700768,0.6884422110552764,0.0076726342710997444,0.010050251256281407,0.0025575447570332483,0.005025125628140704,0.27877237851662406,0.27638190954773867,0.0025575447570332483,0.005025125628140704,0.0076726342710997444,0.010050251256281407,0.0025575447570332483,0.005025125628140704,like,0.6982097186700768,0.4194373401534527,neutral,0.6673588101793428,-0.003369664011440304,0.37383181754994227,True,0.009079283887468032,0.010230179028132993,negative,-0.05960264900662254,reactionfusion_v1_provisional,train,approved
122,1100,26,5,177,2,4,0,1314,1314,RF_POST_000122,"රංග රාජපක්ෂට හා සෙසු පුරවැසියන්ට යුක්තිය ලබාදීමට ,ජකේ දැමූ $2.5M හි විමර්ශනය විනිවිදබවින් යුතුව කඩිනමින් සිදුකිරීම බලධරයන්ගේ වගකීමකි.",False,mixed,dfa78f749317f44c7ebd0d505bfe1504e0c1b5af17d6f50a1eafe3f4aa7488ac,DUP_dfa78f749317f44c,1,False,1314,7.181591944611865,0.837138508371385,0.8334595003785011,0.0197869101978691,0.02043906131718395,0.00380517503805175,0.004542013626040878,0.13470319634703196,0.13474640423921272,0.0015220700152207,0.002271006813020439,0.0030441400304414,0.003785011355034065,0.0,0.000757002271006813,like,0.837138508371385,0.7024353120243532,neutral,0.3760068968335358,0.04950803841687067,0.2801694436319156,True,0.021879756468797563,0.0030441400304414,positive,0.7557251908396947,reactionfusion_v1_provisional,train,approved
124,2820,378,64,1,3,879,0,4145,4145,RF_POST_000124,අපේ කාලයේ මහත්මයෙක් අභාවප්රාප්තවී තිබේ . ඔහු සිරිසුමන ගොඩගේ නම්වේ. එතුමා පිළිබඳ ගෞරවණීය මතකය දිනේවා!,False,sinhala,d2b3d9f10beea4ff61cd6f919990b23707fa32e800c15a49ef9a9a89b085b254,DUP_d2b3d9f10beea4ff,1,False,4145,8.329899292995725,0.6803377563329313,0.6794315992292871,0.09119420989143547,0.09128131021194605,0.015440289505428226,0.01565510597302505,0.00024125452352231604,0.0004816955684007707,0.0007237635705669482,0.0009633911368015414,0.2120627261761158,0.2119460500963391,0.0,0.00024084778420038535,like,0.6803377563329313,0.46827503015681543,negative,0.16471096417676911,-0.21290406964509204,0.4527213176212191,True,0.099686369119421,0.2120627261761158,negative,-0.36047051540009284,reactionfusion_v1_provisional,train,approved
125,619,10,3,422,4,13,0,1071,1071,RF_POST_000125,"රජයේ ඩොලර් හොරකම අල්ලන එක , 2024 අපේ ගේකැඩූ හොරු අල්ලන එක වගේ/ ලසන්තගේ ඝාතකයන් සොයන එක වහේ නොවේවා . රාමේන්.",False,sinhala,2466332865edf14eb048f76e50f54d91448393be160f84fc5219562a0694e1f6,DUP_2466332865edf14e,1,False,1071,6.977281341630747,0.5779645191409897,0.575139146567718,0.009337068160597572,0.01020408163265306,0.0028011204481792717,0.0037105751391465678,0.39402427637721754,0.39239332096474955,0.003734827264239029,0.00463821892393321,0.012138188608776844,0.012987012987012988,0.0,0.0009276437847866419,like,0.5779645191409897,0.1839402427637722,neutral,0.6867571616586596,-0.0039738018316622815,0.42055605959837555,True,0.010877684407096171,0.012138188608776844,negative,-0.05476673427991885,reactionfusion_v1_provisional,train,approved
129,748,50,5,96,3,1,1,904,904,RF_POST_000129,න අන්තලික්ඛෙ .... පවෙහි විපාකයෙන් ගැලවියහැකි තැනක් නැත. දියවන්නාවෙදි අංගාරයා ගැලවුණාට ඡන්දපොළේදි කාටත් ජනතාවගෙන් ගැලවියනොහැක.,False,sinhala,ba87a1c5ea181ef22889709c629405d5c189ab87fd96b330cb0953c9e885fa47,DUP_ba87a1c5ea181ef2,1,False,904,6.807934943699926,0.827433628318584,0.8221734357848518,0.05530973451327434,0.05598243688254665,0.0055309734513274336,0.006586169045005488,0.10619469026548672,0.10647639956092206,0.00331858407079646,0.0043907793633369925,0.0011061946902654867,0.0021953896816684962,0.0011061946902654867,0.0021953896816684962,like,0.827433628318584,0.7212389380530974,positive,0.11796259730506044,0.14021919026131774,0.3174542836303334,True,0.058351769911504425,0.0022123893805309734,positive,0.9269406392694064,reactionfusion_v1_provisional,train,approved
131,103,8,1,45,0,0,0,157,157,RF_POST_000131,"ලංකා ලයින්/ජවිපෙ සඳහා සහෝදර සුබසීල කොඩිකාර 71දී ලියූ ගීතය මතක් වේ දණින් වැටී ජීවත්වෙනු වෙනුවට ,හුරුවෙමු දෙපයින් සිට ජයගැනුමට.",False,sinhala,693945c97283727f2a9e86fb9faf530506ec0b51b4d763a240f283aa40f5d5fd,DUP_693945c97283727f,1,False,157,5.062595033026967,0.6560509554140127,0.6341463414634146,0.050955414012738856,0.054878048780487805,0.006369426751592357,0.012195121951219513,0.28662420382165604,0.2804878048780488,0.0,0.006097560975609756,0.0,0.006097560975609756,0.0,0.006097560975609756,like,0.6560509554140127,0.36942675159235666,positive,0.11781661740291878,0.15594814661815576,0.4206705098449032,True,0.05445859872611465,0.0,positive,1.0,reactionfusion_v1_provisional,train,approved
133,1640,26,2,583,8,10,2,2271,2271,RF_POST_000133,බාල අංගාර කෙසේවෙතත් පරණ දූෂණ චෝදනාවට උසාවි නියමයක් ලැබෙනතුරු ප්රින්ස් වින්ෆ්ලෑග්ස් ඇමතිකමෙන් අස්නොවීම පුරවැසි අභිලාෂය කෙළසීමකි.,False,sinhala,84fb8b9a3cd3972cb515d878e4e406bbc40e18615fc4df9dddf8140d6fc8f76e,DUP_84fb8b9a3cd3972c,1,False,2271,7.7284157798410416,0.722148833113166,0.7203687445127305,0.011448701012769706,0.011852502194907815,0.0008806693086745927,0.0013169446883230904,0.2567151034786438,0.25636523266022826,0.0035226772346983706,0.003950834064969272,0.004403346543372964,0.004828797190517998,0.0008806693086745927,0.0013169446883230904,like,0.722148833113166,0.46543372963452223,neutral,0.5692799135376886,0.01919526832256551,0.3553647430582839,True,0.011933069132540731,0.005284015852047556,positive,0.3861892583120205,reactionfusion_v1_provisional,train,approved
135,368,11,1,601,9,1,0,991,991,RF_POST_000135,කොළඹ ම.න.ස. පුරපතිනියට පාකිං පීස් ගැන උපදෙස් දුන් මහදැනමුත්තා සුරාබදු එකට යැව්වොත් ගල් බෝතලේ 1000/= ගන්න ඇහැක් වෙයි .,False,sinhala,3d239bab279ff6da039ad2fd45f94f68ba26dc5137c2671802933541e9497539,DUP_3d239bab279ff6da,1,False,991,6.899723107284872,0.3713420787083754,0.3697394789579158,0.011099899091826439,0.012024048096192385,0.0010090817356205853,0.002004008016032064,0.6064581231079718,0.6032064128256514,0.009081735620585268,0.01002004008016032,0.0010090817356205853,0.002004008016032064,0.0,0.001002004008016032,haha,0.6064581231079718,0.23511604439959638,neutral,0.4769904881200236,0.038211581905603906,0.3996812763779346,True,0.011654894046417761,0.0010090817356205853,positive,0.8406374501992032,reactionfusion_v1_provisional,train,approved
136,1162,34,6,530,9,8,0,1749,1749,RF_POST_000136,අප්පමාදෝ අමත පදං පමාදෝ මච්චුණෝ පදං. *****QR ***** උඩඟුකම විනාශයට මුලය.,False,mixed,eb983c42a932e52edf9fdce070c31188203e6212d700d51d3516b21cc8506ffe,DUP_eb983c42a932e52e,1,False,1749,7.4673710669175595,0.664379645511721,0.6623006833712984,0.019439679817038306,0.019931662870159454,0.003430531732418525,0.003986332574031891,0.30303030303030304,0.30239179954441914,0.005145797598627788,0.0056947608200455585,0.004574042309891366,0.005125284738041002,0.0,0.0005694760820045558,like,0.664379645511721,0.361349342481418,neutral,0.41092360448943416,0.04963147922873502,0.4015026036718465,True,0.021326472269868495,0.004574042309891366,positive,0.6467991169977925,reactionfusion_v1_provisional,train,approved
138,142,15,4,0,1,106,0,268,268,RF_POST_000138,ශබ්දයෙන් කෙරෙන පරිසර දූෂණයට එරෙහි අරගලයේ පතාක යෝධයකුවූ ගාල්ලේ සජීව විජේවීර සහෘදයා අප හැරගොසිනි. ඔහු පිළිබඳ සටන්කාමී මතකය දිනේවා,False,sinhala,7ebc930afb2e4147a22ea8f2a8c22cb4af6ea4cb2067566830c03a460b595adf,DUP_7ebc930afb2e4147,1,False,268,5.594711379601839,0.5298507462686567,0.52,0.055970149253731345,0.05818181818181818,0.014925373134328358,0.01818181818181818,0.0,0.0036363636363636364,0.0037313432835820895,0.007272727272727273,0.39552238805970147,0.3890909090909091,0.0,0.0036363636363636364,like,0.5298507462686567,0.13432835820895522,negative,0.37121747465570465,-0.49314287854783784,0.4873723560631247,False,0.06417910447761194,0.39552238805970147,negative,-0.7207792207792207,reactionfusion_v1_provisional,train,approved
140,70,3,0,8,0,15,0,96,96,RF_POST_000140,සංජු සැම්සන් ගේ බබා වගේ ආපු ගෙඩිය බාපු එක නැවතුනේ ටාගට් එක 254 ක් වෙලා . එනිවේ සදාකල්🏏❤️🏏,False,sinhala,29961c1001ff3d3dc17d578e8a236e10543242a9cbfb77d17eaae09ad82c2a48,DUP_29961c1001ff3d3d,1,False,96,4.574710978503383,0.7291666666666666,0.6893203883495146,0.03125,0.038834951456310676,0.0,0.009708737864077669,0.08333333333333333,0.08737864077669903,0.0,0.009708737864077669,0.15625,0.1553398058252427,0.0,0.009708737864077669,like,0.7291666666666666,0.5729166666666666,negative,0.1847354789207128,-0.2756694481483157,0.42948324453529063,True,0.03125,0.15625,negative,-0.6666666666666666,reactionfusion_v1_provisional,train,approved
141,82,11,0,16,0,0,0,109,109,RF_POST_000141,"කිවියන් , දේදුන්නන්ට ගෑහුවේ හින්දුස්ථාන් පිති වලින්ද 😛 එනිවේ සදාකල්🏏❤️🏏 කියන්නෙ මේ මැච් නිසාය .",False,sinhala,deb441035afaa3d684c75aba5cfc1323616b6cc3e33fa4931f28090ab21fb260,DUP_deb441035afaa3d6,1,False,109,4.700480365792417,0.7522935779816514,0.7155172413793104,0.10091743119266056,0.10344827586206896,0.0,0.008620689655172414,0.14678899082568808,0.14655172413793102,0.0,0.008620689655172414,0.0,0.008620689655172414,0.0,0.008620689655172414,like,0.7522935779816514,0.6055045871559633,positive,0.18000408559043227,0.24958234709719307,0.3737204213591573,True,0.10091743119266056,0.0,positive,1.0,reactionfusion_v1_provisional,train,approved
142,82,14,2,5,0,1,1,105,105,RF_POST_000142,චක්දේ ඉන්දියා!. කවුරු දිනුවත් කව්රු පැරදුනත් සදාකල්❤️🏏❤️ .,False,sinhala,0bda7be3f588bd67a06fc7dc67008c4b2732a52dba4f33893fdff28ff950bf27,DUP_0bda7be3f588bd67,1,False,105,4.663439094112067,0.780952380952381,0.7410714285714286,0.13333333333333333,0.13392857142857142,0.01904761904761905,0.026785714285714284,0.047619047619047616,0.05357142857142857,0.0,0.008928571428571428,0.009523809523809525,0.017857142857142856,0.009523809523809525,0.017857142857142856,like,0.780952380952381,0.6476190476190476,positive,0.18968834492144931,0.26954352375067026,0.39611564159081103,True,0.1438095238095238,0.01904761904761905,positive,0.7660818713450291,reactionfusion_v1_provisional,train,approved
143,47,11,0,11,0,1,0,70,70,RF_POST_000143,"අදත් මැච් දෙකක් තිබේ බලමු ,බලමු.එළිවෙනකං බලමු. එනිවේ සදාකල්🏏❤️🏏",False,sinhala,aaa2dd12386b616b0799b325c34d8201d8ff73bbfb921a352ed037b587a53160,DUP_aaa2dd12386b616b,1,False,70,4.2626798770413155,0.6714285714285714,0.6233766233766234,0.15714285714285714,0.15584415584415584,0.0,0.012987012987012988,0.15714285714285714,0.15584415584415584,0.0,0.012987012987012988,0.014285714285714285,0.025974025974025976,0.0,0.012987012987012988,like,0.6714285714285714,0.5142857142857142,positive,0.19234529078880286,0.3331902500539663,0.4675302762010517,True,0.15714285714285714,0.014285714285714285,positive,0.8333333333333334,reactionfusion_v1_provisional,train,approved
144,47,0,1,136,2,3,0,189,189,RF_POST_000144,ලොන්ත ටිම් අතර තරගයේදී උතුම් පැතුම් අවුල් වුණා . කමිල් 100 ක් ගහලා මෙන්ඩා ගෙදර තියනවා .,False,sinhala,6d7c33de5d66509fc37fdbc429ac3033f5461739f4f24d177b7bdaad20fcb52d,DUP_6d7c33de5d66509f,1,False,189,5.247024072160486,0.24867724867724866,0.24489795918367346,0.0,0.00510204081632653,0.005291005291005291,0.01020408163265306,0.7195767195767195,0.6989795918367347,0.010582010582010581,0.015306122448979591,0.015873015873015872,0.02040816326530612,0.0,0.00510204081632653,haha,0.7195767195767195,0.4708994708994709,neutral,0.39506201362894366,-0.04929529099121668,0.3723181333066246,True,0.00291005291005291,0.015873015873015872,negative,-0.6901408450704226,reactionfusion_v1_provisional,train,approved
147,74,17,0,0,0,2,0,93,93,RF_POST_000147,"දිගුකල් පවතින මහා නාමයක්, 'ආචාර්ය රාජා ද සිල්වා' එතුමාට අපේ ගෞරවණීය ආචරය පුදකරමු .",False,sinhala,9e53a37702e60ac7f47b44331a2e8bdb02867de9b3b0491c3b0f6c2775b49caf,DUP_9e53a37702e60ac7,1,False,93,4.543294782270004,0.7956989247311828,0.75,0.1827956989247312,0.18,0.0,0.01,0.0,0.01,0.0,0.01,0.021505376344086023,0.03,0.0,0.01,like,0.7956989247311828,0.6129032258064516,positive,0.2299656516440482,0.3195876604990897,0.2955192573446613,True,0.1827956989247312,0.021505376344086023,positive,0.7894736842105263,reactionfusion_v1_provisional,train,approved
149,1833,70,18,3893,12,21,1,5848,5848,RF_POST_000149,දුන්න දුනු ගමුවේ පන්දු ටික එළියේ වෙලාවට ඔසියන්ට තැලුවේ නැත්තං අපත් එළියේ .,False,sinhala,e8f526c5119a48a0d0bed33944dedb66d16b2c1b6dd37abab3e0e56eba6f5eaa,DUP_e8f526c5119a48a0,1,False,5848,8.674025985443025,0.3134404924760602,0.31323654995730144,0.011969904240766074,0.012126387702818105,0.0030779753761969904,0.0032450896669513236,0.6656976744186046,0.6650725875320239,0.002051983584131327,0.0022203245089666953,0.003590971272229822,0.003757472245943638,0.0001709986320109439,0.0003415883859948762,haha,0.6656976744186046,0.35225718194254446,neutral,0.47924302327936474,0.036661035044515095,0.38012663882355635,True,0.01366279069767442,0.003761969904240766,positive,0.5682041216879293,reactionfusion_v1_provisional,train,approved
150,66,4,1,26,0,6,0,103,103,RF_POST_000150,පවර් ප්ලේ එකේ දුනු මහීශ්ට 2ට24 .ප්රමෝදට 2ට23. තත්වය අවදානම්. ඒත් බලං ඉඳිමු. එනිවේ සදාකල්🏏❤️🏏,False,sinhala,a4443f38d977c5d518ce130b9a5f80584f7ae62a0a790621ee837ecc1ca77e36,DUP_a4443f38d977c5d5,1,False,103,4.6443908991413725,0.6407766990291263,0.6090909090909091,0.038834951456310676,0.045454545454545456,0.009708737864077669,0.01818181818181818,0.2524271844660194,0.24545454545454545,0.0,0.00909090909090909,0.05825242718446602,0.06363636363636363,0.0,0.00909090909090909,like,0.6407766990291263,0.3883495145631068,neutral,0.44248905522471793,-0.03876267859980015,0.49820013785841016,True,0.044174757281553394,0.05825242718446602,negative,-0.13744075829383887,reactionfusion_v1_provisional,train,approved
151,77,11,2,186,2,8,0,286,286,RF_POST_000151,අර සංචිතයෙ ඉන්න 15ම මේ ගහන පාරවල් නවත්වන්න දාන්න දෙන්න කියල ඉල්ලන්න බෑද.. එනිවේ සදාකල්🏏❤️🏏,False,sinhala,dfc2a7319f8936d896df794731d11be7a528529e67b1d80516eff39ff292015b,DUP_dfc2a7319f8936d8,1,False,286,5.659482215759621,0.2692307692307692,0.26621160409556316,0.038461538461538464,0.040955631399317405,0.006993006993006993,0.010238907849829351,0.6503496503496503,0.6382252559726962,0.006993006993006993,0.010238907849829351,0.027972027972027972,0.030716723549488054,0.0,0.0034129692832764505,haha,0.6503496503496503,0.3811188811188811,neutral,0.42014300965421036,0.051497494354029366,0.4768236137199864,True,0.04230769230769231,0.027972027972027972,positive,0.20398009950248752,reactionfusion_v1_provisional,train,approved
152,504,130,11,8,0,0,0,653,653,RF_POST_000152,අතට අතදී තරග කරනවා නම් කණ්ඩායම් දෙකටම සුබ පතමි . තරගය SKYගම්භීර් ක්රමයට නම් පකිස්ථානයට ජය පතමි . එනිවේ සදාකල්🏏❤️🏏,False,mixed,397122138e1fa274d425f1184a48c4f4cef6c9bd131cab94aba8df363e9c4f6f,DUP_397122138e1fa274,1,False,653,6.483107351457199,0.7718223583460949,0.7651515151515151,0.1990811638591118,0.1984848484848485,0.016845329249617153,0.01818181818181818,0.01225114854517611,0.013636363636363636,0.0,0.0015151515151515152,0.0,0.0015151515151515152,0.0,0.0015151515151515152,like,0.7718223583460949,0.5727411944869831,positive,0.33361665538279234,0.3997631829446347,0.330925008671252,True,0.20834609494640122,0.0,positive,1.0,reactionfusion_v1_provisional,train,approved
153,70,11,1,11,0,0,0,93,93,RF_POST_000153,"රෑන්කින් ලොකු ගැප් තිබෙන පකිස්ථානෙ ලන්දේසින්ගෙන් , ඉන්දියාව ඇමෙරිකාවෙන් හා අද එංගලන්තෙ නේපාලෙන් බේරුණා , අපි ඉන්නෙ 8. අයර්ලන්තෙ 11 . එනිස කොහොමවුණත් අපට ලේසි නෑ. ඒත් දිනාවි කියල හිතාගෙන මහරෑ ඇත්තට සඳුඳා අලුයම මේකත් බලනවා . එනිවේ සදාකල්🏏❤️🏏",False,sinhala,cdd5566912c4ea73f6fceb65739cf2a3f25e73c63b0e17b9c6b4b347d4fd70d4,DUP_cdd5566912c4ea73,1,False,93,4.543294782270004,0.7526881720430108,0.71,0.11827956989247312,0.12,0.010752688172043012,0.02,0.11827956989247312,0.12,0.0,0.01,0.0,0.01,0.0,0.01,like,0.7526881720430108,0.6344086021505376,positive,0.19755951030748603,0.29146949299327285,0.39444952421197615,True,0.12419354838709679,0.0,positive,1.0,reactionfusion_v1_provisional,train,approved
155,64,11,0,158,2,18,0,253,253,RF_POST_000155,"සිහින හතක් දුටුවෙමි මම සත් දවසක් එක විලසට ,හැම සිහිනෙම මා දුටුවා පල්ලෙකැලේ අප දිනනා බව . එනිවේ සදාකල් 🏏❤️🏏",False,sinhala,5caa611e26355395c5909dbb1487918c05a202b2a3abbde90c301c80b240f382,DUP_5caa611e26355395,1,False,253,5.537334267018537,0.25296442687747034,0.25,0.043478260869565216,0.046153846153846156,0.0,0.0038461538461538464,0.6245059288537549,0.6115384615384616,0.007905138339920948,0.011538461538461539,0.07114624505928854,0.07307692307692308,0.0,0.0038461538461538464,haha,0.6245059288537549,0.3715415019762846,neutral,0.14968478946562738,-0.09615393048958477,0.5161310053863997,True,0.043478260869565216,0.07114624505928854,negative,-0.2413793103448276,reactionfusion_v1_provisional,train,approved
159,113,2,2,47,0,2,1,167,167,RF_POST_000159,විශ්රාමික ගුවන් මහ සෙනවිA+ තාවකාලික ගුවන් ඇමති F- පූජ්ය බානගල හිමි ⚡⚡⚡,False,mixed,d2016735de9f1c122bdf7baa61c4d33c628cbce29bcc72fa41a5c6c2028331c0,DUP_d2016735de9f1c12,1,False,167,5.123963979403259,0.6766467065868264,0.6551724137931034,0.011976047904191617,0.017241379310344827,0.011976047904191617,0.017241379310344827,0.281437125748503,0.27586206896551724,0.0,0.005747126436781609,0.011976047904191617,0.017241379310344827,0.005988023952095809,0.011494252873563218,like,0.6766467065868264,0.39520958083832336,neutral,0.6733182184772476,0.0017390347157529079,0.4166402278491988,True,0.018562874251497007,0.017964071856287428,neutral,0.016393442622950834,reactionfusion_v1_provisional,train,approved
160,2048,37,9,933,4,2,0,3033,3033,RF_POST_000160,"දැන් ඉල්ලීම් කරමින් ගර්ජන වර්ජන කරන අය ""අපි තමයි අනුර බලයට ගෙනාවෙ "" කියන විදියට 42% නෙවෙයි 75% විතර ඡන්ද ලැබිල තියෙන්නෙ ඕනෙ .",False,sinhala,883a9af17b13347f33d948e967044b87292c39e078f4e30949d9ca42124eb2de,DUP_883a9af17b13347f,1,False,3033,8.017637159908478,0.6752390372568414,0.6740131578947368,0.012199142762940983,0.0125,0.002967359050445104,0.003289473684210526,0.3076162215628091,0.30723684210526314,0.0013188262446422684,0.001644736842105263,0.0006594131223211342,0.000986842105263158,0.0,0.0003289473684210526,like,0.6752390372568414,0.3676228156940323,neutral,0.4588238498514346,0.03939292537884618,0.3661049539620183,True,0.01383119024068579,0.0006594131223211342,positive,0.9089874857792947,reactionfusion_v1_provisional,train,approved
163,174,6,1,18,1,2,1,203,203,RF_POST_000163,සැරියුත් මුගලන් මහ රහතුන් වහන්සේගේ සංඝපරපුරේ අපේ පැවිදි උතුමන් වහන්සේගේ හා කෝකාලික සෝමාරාම පරපුරේ පැවිද්දන්ගේ වෙනස බහුතරයක් නොදනී.,False,sinhala,3eb0f781965289ca4ff2937ab8f23e84a921b4b37ee8ea6eabae0b6150c15e72,DUP_3eb0f781965289ca,1,False,203,5.318119993844216,0.8571428571428571,0.8333333333333334,0.029556650246305417,0.03333333333333333,0.0049261083743842365,0.009523809523809525,0.08866995073891626,0.09047619047619047,0.0049261083743842365,0.009523809523809525,0.009852216748768473,0.014285714285714285,0.0049261083743842365,0.009523809523809525,like,0.8571428571428571,0.7684729064039408,neutral,0.40429884409098743,0.04378831864666986,0.29553369377577554,True,0.03226600985221675,0.014778325123152709,positive,0.3717277486910994,reactionfusion_v1_provisional,train,approved
165,81,0,0,45,0,1,1,128,128,RF_POST_000165,විපක්ෂය එකඟ වුණත් ප්රතිසංස්කරණවලට ගුරු සංගම් කැමැත්ත 2/3 හිඟ වැටුප නොදුණහොත් හා 3 ශ්රේණියෙන් ඉහළ වෙනස් කළ හොත් නොලැබේ .⚡,False,sinhala,a4fcc26563e2acc37d6b825ed00f0359673125fb51c314b7aba2ef4006ce78a7,DUP_a4fcc26563e2acc3,1,False,128,4.859812404361672,0.6328125,0.6074074074074074,0.0,0.007407407407407408,0.0,0.007407407407407408,0.3515625,0.34074074074074073,0.0,0.007407407407407408,0.0078125,0.014814814814814815,0.0078125,0.014814814814814815,like,0.6328125,0.28125,neutral,0.3805218063058736,-0.0481022541670651,0.3766299934374585,True,0.0,0.015625,negative,-1.0,reactionfusion_v1_provisional,train,approved
166,54,1,0,16,3,0,0,74,74,RF_POST_000166,"ද්රෝණාචාර්ය- ""යුධිෂ්ඨිර , අශ්වාත්ම මියගියාද?"" යුධිෂ්ඨිර -ඔව්,(මහ හඬින්) අශ්වාත්ම නම් ඇතා (ඉතා සෙමින්).ද්රෝණ මරා දැමිණි",False,sinhala,cce43f223b8ade881572226e1ce1b4bc3c52950a4a1eea7ad47366f58045d6b4,DUP_cce43f223b8ade88,1,False,74,4.31748811353631,0.7297297297297297,0.6790123456790124,0.013513513513513514,0.024691358024691357,0.0,0.012345679012345678,0.21621621621621623,0.20987654320987653,0.04054054054054054,0.04938271604938271,0.0,0.012345679012345678,0.0,0.012345679012345678,like,0.7297297297297297,0.5135135135135135,neutral,0.3664781424229037,0.03777768741289435,0.3849961236384908,True,0.013513513513513514,0.0,positive,1.0,reactionfusion_v1_provisional,train,approved
169,194,63,4,5,0,1,0,267,267,RF_POST_000169,Paksලා 2nd Eleven එක වගේ වුණත් 1-1 කරගන්න දිනපු එකත් ලොකු දෙයක්. දිනුම් නම් දිනුම් තමයි එනිවේ සදාකල්🏏❤️🏏,False,mixed,3b5ce61f42f5d81c44d194bce3b7ba14a6d60a1af167a2674c972a585d3dd1f8,DUP_3b5ce61f42f5d81c,1,False,267,5.5909869805108565,0.7265917602996255,0.7116788321167883,0.23595505617977527,0.23357664233576642,0.0149812734082397,0.01824817518248175,0.018726591760299626,0.021897810218978103,0.0,0.0036496350364963502,0.003745318352059925,0.0072992700729927005,0.0,0.0036496350364963502,like,0.7265917602996255,0.49063670411985016,positive,0.35706747261635197,0.44178784664240056,0.3757444798921523,False,0.2441947565543071,0.003745318352059925,positive,0.9697885196374623,reactionfusion_v1_provisional,train,approved
173,1517,60,5,151,0,0,2,1735,1735,RF_POST_000173,දුෂ්ට එකාධිපතියකු බව කියන මදුරෝ පලවා හැරියයුත්තේ වෙනිසියුලා ජනතාව මිස ඊනියා ලෝක පොලිස් US නොවේ,False,mixed,17b339751427d200beed20043757ae381e824d6892e677f1d3166637170cb071,DUP_17b339751427d200,1,False,1735,7.459338895220296,0.8743515850144092,0.8714121699196326,0.0345821325648415,0.03501722158438576,0.002881844380403458,0.003444316877152698,0.08703170028818444,0.08725602755453502,0.0,0.000574052812858783,0.0,0.000574052812858783,0.0011527377521613833,0.001722158438576349,like,0.8743515850144092,0.7873198847262248,neutral,0.1661627663595086,0.08789101752884014,0.24199089653810393,True,0.036167146974063404,0.0011527377521613833,positive,0.9382239382239382,reactionfusion_v1_provisional,train,approved
174,926,19,3,250,2,2,0,1202,1202,RF_POST_000174,දේශපාලනඥයකු කාන්තාවක් වීම නිසා අපහාස කර අගතියට පත්කිරීම වැරදිය එමෙන්ම කාන්තාවක් නිසා වරදේ බරපතලබව අඩුනොවේ.,False,sinhala,a1a591c92df7a98a9e1786ac0b719b98a487e8b50b9e89faa9b1f4afadf79599,DUP_a1a591c92df7a98a,1,False,1202,7.0925737159746784,0.7703826955074875,0.7667493796526055,0.015806988352745424,0.016542597187758478,0.0024958402662229617,0.0033085194375516956,0.2079866888519135,0.2076095947063689,0.0016638935108153079,0.0024813895781637717,0.0016638935108153079,0.0024813895781637717,0.0,0.0008271298593879239,like,0.7703826955074875,0.562396006655574,neutral,0.42342988176878066,0.04321250103412217,0.3234338010325325,True,0.017179700499168053,0.0016638935108153079,positive,0.8233995584988962,reactionfusion_v1_provisional,train,approved
175,1145,21,3,496,4,1,3,1673,1673,RF_POST_000175,"ප්රතිසංස්කරණ නොකර අධ්යාපන අමාත්යාංශය, NIE ව්භාග යනාදිය පූජ්ය පූජක උතුමන්ට, ගුරුසංගම් නායකයන්ට, විපක්ෂයට බාරදුන්න නම් හරි 😄",False,mixed,5ee16f40b6b79c6772a71d2e5e82e6cbe7dcbde6f1cb197eadd0be9dd1bb57e3,DUP_5ee16f40b6b79c67,1,False,1673,7.422971251049421,0.6843992827256425,0.6821428571428572,0.012552301255230125,0.013095238095238096,0.0017931858936043037,0.002380952380952381,0.2964734010759115,0.29583333333333334,0.002390914524805738,0.002976190476190476,0.0005977286312014345,0.0011904761904761906,0.0017931858936043037,0.002380952380952381,like,0.6843992827256425,0.387925881649731,neutral,0.495528613231821,0.03307789643621713,0.3682005186214763,True,0.013538553496712492,0.002390914524805738,positive,0.699812382739212,reactionfusion_v1_provisional,train,approved
176,119,14,3,4,0,0,0,140,140,RF_POST_000176,"දියුණට ඔබේ මතු දතයුතු ලොවේ තතු පලබර ගසේ අතු ,නැවේ පහළට නොවේ ඉස්මතු . 2026දීවත් සාකච්ඡාමය ප්රජාතන්ත්රවාදය දිනවමු !",False,sinhala,6503af3e88b19fae173fbf549cdbe2ea3b97830b99b4490a40c6285fcdf2eec8,DUP_6503af3e88b19fae,1,False,140,4.948759890378168,0.85,0.8163265306122449,0.1,0.10204081632653061,0.02142857142857143,0.027210884353741496,0.02857142857142857,0.034013605442176874,0.0,0.006802721088435374,0.0,0.006802721088435374,0.0,0.006802721088435374,like,0.85,0.75,positive,0.19888793128046733,0.2467901391576311,0.2838423030751849,True,0.1117857142857143,0.0,positive,1.0,reactionfusion_v1_provisional,train,approved
178,1807,27,8,4872,24,35,5,6778,6778,RF_POST_000178,"6 පොතේ අවුලේ වරද , කඩදාසි ආනයනය කරපු හාදයා පිටින් නොගියොත් ඇති . 😄😪😡",False,sinhala,dd7d1c308ef9b250274d37686d7fb73c52476b8e573d87e5f77cd8b73a167639,DUP_dd7d1c308ef9b250,1,False,6778,8.821584877430965,0.26659781646503394,0.2664701547531319,0.003983475951608144,0.004126750184229919,0.0011802891708468574,0.0013264554163596167,0.7187961050457362,0.718201915991157,0.0035408675125405725,0.0036845983787767134,0.005163765122455002,0.005305821665438467,0.0007376807317792859,0.0008843036109064112,haha,0.7187961050457362,0.45219828858070227,neutral,0.6455549815938365,-0.004847695338674283,0.34546326309486003,True,0.004632634995573916,0.005901445854234287,negative,-0.1204481792717087,reactionfusion_v1_provisional,train,approved
179,18,0,0,1,0,0,0,19,19,RF_POST_000179,"විශේෂ මෙහෙයුම් මගින් පුද්ගලයින් 33,024ක් පරීක්ෂාවට",False,sinhala,9f20b31a27d838b86fe80a0446dc1f95e1b8f0c291da07e86b2f63d49e5b9e08,DUP_9f20b31a27d838b8,1,False,19,2.995732273553991,0.9473684210526315,0.7307692307692307,0.0,0.038461538461538464,0.0,0.038461538461538464,0.05263157894736842,0.07692307692307693,0.0,0.038461538461538464,0.0,0.038461538461538464,0.0,0.038461538461538464,like,0.9473684210526315,0.8947368421052632,neutral,0.1748185950340059,0.0,0.10596175303023757,True,0.0,0.0,neutral,0.0,reactionfusion_v1_provisional,train,approved
180,186,43,3,0,0,0,0,232,232,RF_POST_000180,"දෙරණ සරුංගල් සැණකෙලිය ප.ව. 1ට ආරම්භවීමට නියමිතව ඇති අතර, ප.ව. 6.30 සිට රාත්රී 7.30 දක්වා ශ්රී ලංකාවේ ප්රථම 'රාත්රී සරුංගල් සැණකෙළියක්ද පැවැත්වීමට කටයුතු යොදා තිබේ.",False,sinhala,97edcb1d8e8a4b5ee380dff267ecab0fa6f9025e617c0e9c1361f77a68e0c930,DUP_97edcb1d8e8a4b5e,1,False,232,5.4510384535657,0.8017241379310345,0.7824267782426778,0.1853448275862069,0.18410041841004185,0.01293103448275862,0.016736401673640166,0.0,0.0041841004184100415,0.0,0.0041841004184100415,0.0,0.0041841004184100415,0.0,0.0041841004184100415,like,0.8017241379310345,0.6163793103448276,positive,0.318408703592914,0.3739593959412931,0.28048825612744854,True,0.19245689655172415,0.0,positive,1.0,reactionfusion_v1_provisional,train,approved
181,106,14,2,463,1,0,0,586,586,RF_POST_000181,ඉදිරි වසර දෙකේ ඩෙංගු තුරන් කරනවා සෞඛ්ය ඇමති නලින් ද ජයතිස්ස,False,sinhala,b7d79c0d63135c4708a8ab4865a995aeb7b8dad1ee72337389186c21420a2977,DUP_b7d79c0d63135c47,1,False,586,6.375024819828097,0.18088737201365188,0.18043844856661045,0.023890784982935155,0.025295109612141653,0.0034129692832764505,0.00505902192242833,0.7901023890784983,0.7824620573355818,0.0017064846416382253,0.003372681281618887,0.0,0.0016863406408094434,0.0,0.0016863406408094434,haha,0.7901023890784983,0.6092150170648464,neutral,0.10258299404782613,0.10129175635565149,0.3160037463163935,True,0.025767918088737202,0.0,positive,1.0,reactionfusion_v1_provisional,train,approved
182,184,39,3,0,0,0,0,226,226,RF_POST_000182,"හෙට ඇරඹෙන ශිෂ්යත්වය විභාගය වෙනුවෙන් සිසුන් 2,94,089 ක්",False,sinhala,6dbbea9bb20b69dcad61caee839c3eca0aac771ae63868fe2a0ae9de629afc5e,DUP_6dbbea9bb20b69dc,1,False,226,5.424950017481403,0.8141592920353983,0.7939914163090128,0.17256637168141592,0.17167381974248927,0.01327433628318584,0.017167381974248927,0.0,0.004291845493562232,0.0,0.004291845493562232,0.0,0.004291845493562232,0.0,0.004291845493562232,like,0.8141592920353983,0.6415929203539823,positive,0.30398362637187515,0.355565359257917,0.2713155617360698,True,0.17986725663716813,0.0,positive,1.0,reactionfusion_v1_provisional,train,approved
184,103,1,0,0,0,61,0,165,165,RF_POST_000184,ශ්රී ලංකාවේ ජන සන්නිවේදන විෂයෙහි පුරෝගාමියෙකු වූ මහාචාර්ය විමල් දිසානායකයන් ඇමෙරිකාවේ හවායි හිදී (86)අභාවප්රාප්තව ඇත!,False,sinhala,d46d35dde98c294bfd7afc024404c6e92f6bc2622671dfebd0473952bb0c646c,DUP_d46d35dde98c294b,1,False,165,5.111987788356544,0.6242424242424243,0.6046511627906976,0.006060606060606061,0.011627906976744186,0.0,0.005813953488372093,0.0,0.005813953488372093,0.0,0.005813953488372093,0.3696969696969697,0.36046511627906974,0.0,0.005813953488372093,like,0.6242424242424243,0.2545454545454545,negative,0.44293591769857416,-0.5595272603393644,0.3561178837196307,False,0.006060606060606061,0.3696969696969697,negative,-0.967741935483871,reactionfusion_v1_provisional,train,approved
185,178,3,0,53,2,2,1,239,239,RF_POST_000185,තුවාල ලැබූ පල්ලන්සේන බන්ධනාගාරයේ රැඳවියන් 28ක් වැලිකඩ රෝහලට,False,sinhala,be307ebfad45a9ee3361143fa4f7e40b1fee71fc5f48c2a49412d0874fc0c0e1,DUP_be307ebfad45a9ee,1,False,239,5.480638923341991,0.7447698744769874,0.7276422764227642,0.012552301255230125,0.016260162601626018,0.0,0.0040650406504065045,0.2217573221757322,0.21951219512195122,0.008368200836820083,0.012195121951219513,0.008368200836820083,0.012195121951219513,0.0041841004184100415,0.008130081300813009,like,0.7447698744769874,0.5230125523012552,neutral,0.6770596476632967,2.4329678207005262e-18,0.36558474342239,True,0.012552301255230125,0.012552301255230124,neutral,0.0,reactionfusion_v1_provisional,train,approved
186,6,0,0,64,0,0,0,70,70,RF_POST_000186,සද්ද නැතුව පාඩුවෙ වැඩ ටික කරගෙන ඉද්දිත් සමහරු හිතන්නෙ අපිට love එකක් සෙට් වෙලා කියලා 😒,False,mixed,07b7170147ca32583a7fe622a3a8f81aa31392a040c6cce88c08ca19f389db56,DUP_07b7170147ca3258,1,False,70,4.2626798770413155,0.08571428571428572,0.09090909090909091,0.0,0.012987012987012988,0.0,0.012987012987012988,0.9142857142857143,0.8441558441558441,0.0,0.012987012987012988,0.0,0.012987012987012988,0.0,0.012987012987012988,haha,0.9142857142857143,0.8285714285714286,neutral,0.43332714597170013,0.0,0.15031961707707941,True,0.0,0.0,neutral,0.0,reactionfusion_v1_provisional,train,approved
187,6,3,0,35,0,1,0,45,45,RF_POST_000187,කාගෙහරි ජීවිතේක temporary person කෙනෙක් කියන්නෙ Art එකක් නම් මම එහි පිකාසෝ වෙමි ! 🫠❤️,False,mixed,b855b68153163f262ce0d688a95a212480df1cda31857e5fb098a1c2b9d87289,DUP_b855b68153163f26,1,False,45,3.828641396489095,0.13333333333333333,0.1346153846153846,0.06666666666666667,0.07692307692307693,0.0,0.019230769230769232,0.7777777777777778,0.6923076923076923,0.0,0.019230769230769232,0.022222222222222223,0.038461538461538464,0.0,0.019230769230769232,haha,0.7777777777777778,0.6444444444444445,positive,0.08147937538123026,0.16896256475803742,0.37476020864802173,True,0.06666666666666667,0.022222222222222223,positive,0.5,reactionfusion_v1_provisional,train,approved
188,2,0,0,31,0,0,0,33,33,RF_POST_000188,සමහරු හිතන් ඉන්නෙ මට management එකේ ගෑනු ලමයෙක් එක්ක සම්බන්ධයක් තියෙනවා කියලා. ඉන්නවනම් මෙන්ශන් කරන් යන්න මටත් බලාගන්න 😒,False,mixed,bd0199614f43e6594c91d5b98f14927480332332b19e6ee6be02b4d367d4cc9b,DUP_bd0199614f43e659,1,False,33,3.5263605246161616,0.06060606060606061,0.075,0.0,0.025,0.0,0.025,0.9393939393939394,0.8,0.0,0.025,0.0,0.025,0.0,0.025,haha,0.9393939393939394,0.8787878787878788,neutral,0.2699577564872166,0.0,0.11749354084712281,True,0.0,0.0,neutral,0.0,reactionfusion_v1_provisional,train,approved
189,1,10,0,0,0,0,0,11,11,RF_POST_000189,කොල්ලෙක් විදිහට උඹ වැඩිපුරම විශ්වාස කරන්නෙ ? ❤️ : සැලුන් එකේ කොණ්ඩෙ කපන ඩයල් එක 👍 : තමන්ගෙ කෙල්ලව,False,sinhala,ac82fe6749a46b961ff56ed1c2695b5f54f40ba6625d624a7bc5c27bcc10a0a3,DUP_ac82fe6749a46b96,1,False,11,2.4849066497880004,0.09090909090909091,0.1111111111111111,0.9090909090909091,0.6111111111111112,0.0,0.05555555555555555,0.0,0.05555555555555555,0.0,0.05555555555555555,0.0,0.05555555555555555,0.0,0.05555555555555555,love,0.9090909090909091,0.8181818181818182,positive,0.17125921488400558,0.9408649441687322,0.15655198545376348,True,0.9090909090909091,0.0,positive,1.0,reactionfusion_v1_provisional,train,approved
190,4,0,0,35,0,0,0,39,39,RF_POST_000190,කැම්පස් එකේ දැන් vlog කරන් නැත්තේ මායි තව දෙතුන් දෙනෙකුයි විතරයි! 🫠,False,mixed,fbed8d4e4f346cbf4be65af5eaffb291b3fb547e235ae8a97f810f375c438b0e,DUP_fbed8d4e4f346cbf,1,False,39,3.6888794541139363,0.10256410256410256,0.10869565217391304,0.0,0.021739130434782608,0.0,0.021739130434782608,0.8974358974358975,0.782608695652174,0.0,0.021739130434782608,0.0,0.021739130434782608,0.0,0.021739130434782608,haha,0.8974358974358975,0.7948717948717948,neutral,0.31681521413090236,0.0,0.16993622803833733,True,0.0,0.0,neutral,0.0,reactionfusion_v1_provisional,train,approved
193,3,0,0,41,0,0,0,44,44,RF_POST_000193,ගැහැණු මිතුරන් නැති ලංකාවේ එකම facebook account එක මා සතුව පවතී 🌝👀,False,mixed,edeb9d36adb2e9bbd0dd0040b668e202cd19fe349b9c95be4833a09d2b3c570d,DUP_edeb9d36adb2e9bb,1,False,44,3.8066624897703196,0.06818181818181818,0.0784313725490196,0.0,0.0196078431372549,0.0,0.0196078431372549,0.9318181818181818,0.8235294117647058,0.0,0.0196078431372549,0.0,0.0196078431372549,0.0,0.0196078431372549,haha,0.9318181818181818,0.8636363636363636,neutral,0.33003744317751144,0.0,0.12791457995818784,True,0.0,0.0,neutral,0.0,reactionfusion_v1_provisional,train,approved
194,35,1,1,57,0,2,0,96,96,RF_POST_000194,දීර්ඝ කාලයක් තනිකඩව සිටීමෙන් ඔබට ආදරේ ගැන තියෙන feelings නැතිවී යාමට හැකිය ! 🫠,False,mixed,24adb0baf1cebf29413848b5cdd98f92a3c7134d405c88386a0b4ca8b4b53dad,DUP_24adb0baf1cebf29,1,False,96,4.574710978503383,0.3645833333333333,0.34951456310679613,0.010416666666666666,0.019417475728155338,0.010416666666666666,0.019417475728155338,0.59375,0.5631067961165048,0.0,0.009708737864077669,0.020833333333333332,0.02912621359223301,0.0,0.009708737864077669,haha,0.59375,0.22916666666666666,neutral,0.5291628058232273,-0.01654157963260016,0.4384196710858209,True,0.01614583333333333,0.020833333333333332,negative,-0.1267605633802817,reactionfusion_v1_provisional,train,approved
195,2,0,0,60,0,0,0,62,62,RF_POST_000195,මම අවසාන පාරට ආදරේ කරද්දි රටේ ජනාධිපති ගෝටාභය රාජපක්ෂ ! 😓,False,sinhala,1a584fe062e0023b5763117832e666a738a86b456604aea050cd80d6697769d6,DUP_1a584fe062e0023b,1,False,62,4.143134726391533,0.03225806451612903,0.043478260869565216,0.0,0.014492753623188406,0.0,0.014492753623188406,0.967741935483871,0.8840579710144928,0.0,0.014492753623188406,0.0,0.014492753623188406,0.0,0.014492753623188406,haha,0.967741935483871,0.9354838709677419,neutral,0.38132834178323083,0.0,0.07323352903109147,True,0.0,0.0,neutral,0.0,reactionfusion_v1_provisional,train,approved
196,13,0,0,55,0,4,0,72,72,RF_POST_000196,දැනට relationship එකක ඉන්න කෙනෙක්ට හිතින් ආදරේ කිරීම වරදක්ද ! 😓,False,mixed,9d60caba451c6da4a0c2156f614b01c7eacaf9aa31022a4b764b3fd16b040c32,DUP_9d60caba451c6da4,1,False,72,4.290459441148391,0.18055555555555555,0.17721518987341772,0.0,0.012658227848101266,0.0,0.012658227848101266,0.7638888888888888,0.7088607594936709,0.0,0.012658227848101266,0.05555555555555555,0.06329113924050633,0.0,0.012658227848101266,haha,0.7638888888888888,0.5833333333333334,negative,0.13327732104327925,-0.21133305268262947,0.34707492299438686,True,0.0,0.05555555555555555,negative,-1.0,reactionfusion_v1_provisional,train,approved
198,6,0,0,34,0,0,0,40,40,RF_POST_000198,අපේ කැම්පස් එකේ කෙල්ලෙක් එක්ක යාලුවෙන්න කලින් සියපාරක් වත් හිතලා ඒ තීරනේ ගන්න ! 😌👍,False,sinhala,58d021cbbe410b49ee0f80a9918298579a3deb10028f65551df205377f54d524,DUP_58d021cbbe410b49,1,False,40,3.713572066704308,0.15,0.14893617021276595,0.0,0.02127659574468085,0.0,0.02127659574468085,0.85,0.7446808510638298,0.0,0.02127659574468085,0.0,0.02127659574468085,0.0,0.02127659574468085,haha,0.85,0.7,neutral,0.3351465147061151,0.0,0.21722949952812812,True,0.0,0.0,neutral,0.0,reactionfusion_v1_provisional,train,approved
199,3,0,0,33,0,0,0,36,36,RF_POST_000199,ඔයා කියන එකට ඔහේ කියලයි දැම්මා කියන එකට දෑවා කියලා කියනවෙන එකයි නවත්තගන්න විදිහක් නැද්ද ! 😒,False,sinhala,d4b91c55a9c5d4e9e9ace7937399d3e92c406e8cd185a7af25982cb2fb231ac1,DUP_d4b91c55a9c5d4e9,1,False,36,3.6109179126442243,0.08333333333333333,0.09302325581395349,0.0,0.023255813953488372,0.0,0.023255813953488372,0.9166666666666666,0.7906976744186046,0.0,0.023255813953488372,0.0,0.023255813953488372,0.0,0.023255813953488372,haha,0.9166666666666666,0.8333333333333334,neutral,0.29445139485927485,0.0,0.14740453622455887,True,0.0,0.0,neutral,0.0,reactionfusion_v1_provisional,train,approved
200,5,0,0,32,0,0,0,37,37,RF_POST_000200,"බොරු කියන්න ඕනි නෑනේ Thanikadayek වෙලාම ඇති වෙලා දැන්, මාත් ආසයි ආදරේ කරන්න, කවුරු හරි කෙනෙක් ඉන්නවද මට කැමති 😒🫶",False,mixed,838a5ace41c7fb8c61389c9f0ab0fb93cd18d99ce574d347a7de7518d79f52ef,DUP_838a5ace41c7fb8c,1,False,37,3.6375861597263857,0.13513513513513514,0.13636363636363635,0.0,0.022727272727272728,0.0,0.022727272727272728,0.8648648648648649,0.75,0.0,0.022727272727272728,0.0,0.022727272727272728,0.0,0.022727272727272728,haha,0.8648648648648649,0.7297297297297297,neutral,0.3146521258289646,0.0,0.2035207482811577,True,0.0,0.0,neutral,0.0,reactionfusion_v1_provisional,train,approved
201,2,0,0,16,0,0,0,18,18,RF_POST_000201,"තනිකඩව හිටියා ඇති , ලඟදි කැම්පස් එකේ event මොකුත් නැද්ද bng 😒",False,mixed,914fb73fcba439af2641a85218112b05031d5a2735ed507e340543f62133382f,DUP_914fb73fcba439af,1,False,18,2.9444389791664403,0.1111111111111111,0.12,0.0,0.04,0.0,0.04,0.8888888888888888,0.68,0.0,0.04,0.0,0.04,0.0,0.04,haha,0.8888888888888888,0.7777777777777778,neutral,0.1782597481529342,0.0,0.17926423581910012,True,0.0,0.0,neutral,0.0,reactionfusion_v1_provisional,train,approved
202,1,0,0,20,0,0,0,21,21,RF_POST_000202,අනුරාධ පෙරේරා සර්ගෙ ක්ලාස් එකේ වයිරල් ගිය කොණ්ඩෙ දිග ගෑනු ලමයා ලස්සන ඇති මගේ crush එක දැකලා නැති අයට ! 😏❤️,False,mixed,ce54e038c77f8e52feec9f598200c314e5f4b11a9f69b6728607d625ad9a00df,DUP_ce54e038c77f8e52,1,False,21,3.091042453358316,0.047619047619047616,0.07142857142857142,0.0,0.03571428571428571,0.0,0.03571428571428571,0.9523809523809523,0.75,0.0,0.03571428571428571,0.0,0.03571428571428571,0.0,0.03571428571428571,haha,0.9523809523809523,0.9047619047619048,neutral,0.1883469365385448,0.0,0.09838279637456963,True,0.0,0.0,neutral,0.0,reactionfusion_v1_provisional,train,approved
203,3,0,0,24,0,0,0,27,27,RF_POST_000203,මම මහත් වෙන්න කලින් අහන්නෙ කවුරු හරි මගෙ කෙට්ටු පෙනුමට කැමති කෙනෙක් ඉන්නවද 😒,False,sinhala,042633b71ac79e0292543216a4a3bd835915db2b9686c9a06d82a41da1a1e97b,DUP_042633b71ac79e02,1,False,27,3.332204510175204,0.1111111111111111,0.11764705882352941,0.0,0.029411764705882353,0.0,0.029411764705882353,0.8888888888888888,0.7352941176470589,0.0,0.029411764705882353,0.0,0.029411764705882353,0.0,0.029411764705882353,haha,0.8888888888888888,0.7777777777777778,neutral,0.24602503165418557,0.0,0.17926423581910012,True,0.0,0.0,neutral,0.0,reactionfusion_v1_provisional,train,approved
204,0,1,0,33,0,0,0,34,34,RF_POST_000204,"සමහරු කියනවා මම කැම්පස් එකේදි දැක්කම හිනාවෙන්නෙවත් නෑ කියලා, හේතුව මං හිනාවෙද්දි මගේ ඉස්සරහා පොල් දත් දෙක පේනවා ! 😓",False,sinhala,6ca85ff9735e2ecbfed4f5c6012dfd6f60128d51b288bd386e624864bbb6cb96,DUP_6ca85ff9735e2ecb,1,False,34,3.5553480614894135,0.0,0.024390243902439025,0.029411764705882353,0.04878048780487805,0.0,0.024390243902439025,0.9705882352941176,0.8292682926829268,0.0,0.024390243902439025,0.0,0.024390243902439025,0.0,0.024390243902439025,haha,0.9705882352941176,0.9411764705882353,positive,0.06005874230804734,0.126025261973634,0.06818990121629709,True,0.029411764705882353,0.0,positive,1.0,reactionfusion_v1_provisional,train,approved
206,5,0,0,15,0,3,0,23,23,RF_POST_000206,"සමහර දවස් තියෙනවා උදා වෙනවට කැමතිවත් නැති, හරියට සඳුදා වගේ ! 😒",False,sinhala,cc5c41fdeae65bb80ec33d0cde8f3ace498a8adc58d3510b05c00159ac383873,DUP_cc5c41fdeae65bb8,1,False,23,3.1780538303479458,0.21739130434782608,0.2,0.0,0.03333333333333333,0.0,0.03333333333333333,0.6521739130434783,0.5333333333333333,0.0,0.03333333333333333,0.13043478260869565,0.13333333333333333,0.0,0.03333333333333333,haha,0.6521739130434783,0.43478260869565216,negative,0.12354956092825001,-0.43243899354487103,0.4502774487758114,True,0.0,0.13043478260869565,negative,-1.0,reactionfusion_v1_provisional,train,approved
208,2,1,0,54,0,0,0,57,57,RF_POST_000208,අම්මට ලේලියෙක් හොයන්න පුතා fb එකේ දාන දේවල් දැකලා අම්මත් හිනාවෙනවා වෙලාවකට ! 🥲,False,mixed,a59e8de9e43c35252d36e7074f1d24f46bf46d687cebafaf009bc200da203868,DUP_a59e8de9e43c3525,1,False,57,4.060443010546419,0.03508771929824561,0.046875,0.017543859649122806,0.03125,0.0,0.015625,0.9473684210526315,0.859375,0.0,0.015625,0.0,0.015625,0.0,0.015625,haha,0.9473684210526315,0.9122807017543859,neutral,0.14381189675158731,0.07482136663794571,0.12317773071347779,True,0.017543859649122806,0.0,positive,1.0,reactionfusion_v1_provisional,train,approved
209,1,0,0,22,0,0,0,23,23,RF_POST_000209,Chat කරන්න කව්රුත් නැත්නම් මගෙ number එක දෙන්නද 😒,False,mixed,3f44e960b4412163f3be0bac845e53f04c6d06f13c9783398b3cca94b9f200ad,DUP_3f44e960b4412163,1,False,23,3.1780538303479458,0.043478260869565216,0.06666666666666667,0.0,0.03333333333333333,0.0,0.03333333333333333,0.9565217391304348,0.7666666666666667,0.0,0.03333333333333333,0.0,0.03333333333333333,0.0,0.03333333333333333,haha,0.9565217391304348,0.9130434782608695,neutral,0.2013021878085359,0.0,0.0919081041864507,True,0.0,0.0,neutral,0.0,reactionfusion_v1_provisional,train,approved
210,4,0,0,30,0,0,0,34,34,RF_POST_000210,"හොඳ කෙනෙක් හම්බෙයි කියලා හැමතිස්සෙම කියන්නෙපා, මම ඔයාගෙන් කැමැත්ත ඇහුවම ඔයා මට දෙන උත්තරේම තමයි වෙන අයත් දෙන්නෙ ! 😓😒",False,sinhala,40900e0834ca5aa5f5f7cffbbbe558636cbbbc8cc58fb8e8fc48822e28e9a3bf,DUP_40900e0834ca5aa5,1,False,34,3.5553480614894135,0.11764705882352941,0.12195121951219512,0.0,0.024390243902439025,0.0,0.024390243902439025,0.8823529411764706,0.7560975609756098,0.0,0.024390243902439025,0.0,0.024390243902439025,0.0,0.024390243902439025,haha,0.8823529411764706,0.7647058823529411,neutral,0.2926105135318062,0.0,0.1861394049007311,True,0.0,0.0,neutral,0.0,reactionfusion_v1_provisional,train,approved
211,39,1,1,180,0,6,0,227,227,RF_POST_000211,2003 ඉපදිච්ච ලස්සන හැමෝම දැන් ඉන්නෙ relationship වල. තාමත් තනිකඩව ඉන්නෙ කැත අපි දෙන්නෙක් තුන්දෙනෙක් විතරයි 😊,False,mixed,d525207ff11605240de28cb8c1d88bf2e1070dd1acec228c1fc1beb84ec1dadc,DUP_d525207ff1160524,1,False,227,5.429345628954441,0.17180616740088106,0.17094017094017094,0.004405286343612335,0.008547008547008548,0.004405286343612335,0.008547008547008548,0.7929515418502202,0.7735042735042735,0.0,0.004273504273504274,0.02643171806167401,0.029914529914529916,0.0,0.004273504273504274,haha,0.7929515418502202,0.6211453744493393,neutral,0.23439009511115672,-0.07705282604792274,0.32396414065111,True,0.00682819383259912,0.02643171806167401,negative,-0.5894039735099338,reactionfusion_v1_provisional,train,approved
212,58,141,36,3,0,0,0,238,238,RF_POST_000212,ජූලි මාසෙ ඉපදුන අය හරි පිං පාටයි ! 🌚💗,False,sinhala,a26d03cb491f775e79d09d1dc9efc9ef86514e16ab43bed81644abdc17e7752f,DUP_a26d03cb491f775e,1,False,238,5.476463551931511,0.24369747899159663,0.24081632653061225,0.592436974789916,0.5795918367346938,0.15126050420168066,0.1510204081632653,0.012605042016806723,0.0163265306122449,0.0,0.004081632653061225,0.0,0.004081632653061225,0.0,0.004081632653061225,love,0.592436974789916,0.3487394957983193,positive,0.5687986130847733,0.7707796181420443,0.5113441003285895,False,0.6756302521008404,0.0,positive,1.0,reactionfusion_v1_provisional,train,approved
214,71,5,0,224,1,0,0,301,301,RF_POST_000214,"""අදුරන්නැති ගෑනු ලමයෙක්ව පලවෙනි පාරට චැට් එකට අල්ලගන්නේ කොහොමද..! 😒💔",False,sinhala,d390602f962537539ca0f7b81aaab6008ded8a511c579efb3f9f52d2cb6cffad,DUP_d390602f96253753,1,False,301,5.71042701737487,0.23588039867109634,0.23376623376623376,0.016611295681063124,0.01948051948051948,0.0,0.003246753246753247,0.7441860465116279,0.7305194805194806,0.0033222591362126247,0.006493506493506494,0.0,0.003246753246753247,0.0,0.003246753246753247,haha,0.7441860465116279,0.5083056478405316,neutral,0.3096097970424067,0.0641126295755911,0.3328115158685487,True,0.016611295681063124,0.0,positive,1.0,reactionfusion_v1_provisional,train,approved
216,2,1,1,24,0,0,0,28,28,RF_POST_000216,ගිය අවුරුද්දෙ ජූනි මාසෙ දවසක කෙනෙක් challenge එකක් කරා මේ අවුරුද්දෙ ජූනි ඉවර වෙනකන් තනිකඩව ඉඳලා පෙන්නන්න. මම හිතන්නෙ මම ඒක කරා 😌,False,mixed,3c41bd12c9d3d01ba66e5070ee9479eb76acfdecdcb23c903513767203d0e3b6,DUP_3c41bd12c9d3d01b,1,False,28,3.367295829986474,0.07142857142857142,0.08571428571428572,0.03571428571428571,0.05714285714285714,0.03571428571428571,0.05714285714285714,0.8571428571428571,0.7142857142857143,0.0,0.02857142857142857,0.0,0.02857142857142857,0.0,0.02857142857142857,haha,0.8571428571428571,0.7857142857142857,positive,0.08062571561477298,0.21954471257625352,0.2870882076703461,True,0.055357142857142855,0.0,positive,1.0,reactionfusion_v1_provisional,train,approved
217,5,2,0,33,0,0,0,40,40,RF_POST_000217,Dp එකේ රතු පාටට හුරු ගවුමක් ඇඳන් ඉස්සරහා බලන් ඉන්න ගෑනු ලමයා මගේ ! 🌝💗,False,mixed,3f47e1a861a6fbda7aefe15d226b64a6ed80135e586c28727f2aecfd46c4a952,DUP_3f47e1a861a6fbda,1,False,40,3.713572066704308,0.125,0.1276595744680851,0.05,0.06382978723404255,0.0,0.02127659574468085,0.825,0.723404255319149,0.0,0.02127659574468085,0.0,0.02127659574468085,0.0,0.02127659574468085,haha,0.825,0.7,positive,0.09265870035878179,0.19704461356755348,0.29211195496245523,True,0.05,0.0,positive,1.0,reactionfusion_v1_provisional,train,approved
218,19,3,0,83,0,0,0,105,105,RF_POST_000218,සැබෑ ආදරය බෙලිඅත්ත පෙරහැර බලන්න ගිහින් වුවද හමුවිය හැක ! 😌❤️,False,sinhala,a058fc944f7474e3c79f6e6b2027e2b719b298b0a47a038c0a372cf8b66f9e6a,DUP_a058fc944f7474e3,1,False,105,4.663439094112067,0.18095238095238095,0.17857142857142858,0.02857142857142857,0.03571428571428571,0.0,0.008928571428571428,0.7904761904761904,0.75,0.0,0.008928571428571428,0.0,0.008928571428571428,0.0,0.008928571428571428,haha,0.7904761904761904,0.6095238095238096,neutral,0.037101022710619026,0.11223470793921761,0.30668419818466697,True,0.02857142857142857,0.0,positive,1.0,reactionfusion_v1_provisional,train,approved
219,4,0,0,63,0,0,0,67,67,RF_POST_000219,සමහරවිට අපේ කැම්පස් එකේ වැඩිපුරම fb එකේ pissek වගේ හැසිරෙන්නෙ මම වෙන්නැති ! 😪,False,mixed,c0f9643c0bb5e54dea51ab13e33cb409f7bd537f6b23023713ddf4c34965998d,DUP_c0f9643c0bb5e54d,1,False,67,4.219507705176107,0.05970149253731343,0.06756756756756757,0.0,0.013513513513513514,0.0,0.013513513513513514,0.9402985074626866,0.8648648648648649,0.0,0.013513513513513514,0.0,0.013513513513513514,0.0,0.013513513513513514,haha,0.9402985074626866,0.8805970149253731,neutral,0.41196973965736206,0.0,0.11621573462836923,True,0.0,0.0,neutral,0.0,reactionfusion_v1_provisional,train,approved
220,17,1,0,72,0,0,0,90,90,RF_POST_000220,අද කාලෙ කාලෙ love story වලට වඩා කාලයක් මගේ profile pic එක තියෙනවා ! 🥲,False,mixed,75bb420cdfe1c992d1a30034775086377c2a6c02cc1ea4796937ac11b605d090,DUP_75bb420cdfe1c992,1,False,90,4.51085950651685,0.18888888888888888,0.18556701030927836,0.011111111111111112,0.020618556701030927,0.0,0.010309278350515464,0.8,0.7525773195876289,0.0,0.010309278350515464,0.0,0.010309278350515464,0.0,0.010309278350515464,haha,0.8,0.6111111111111112,neutral,0.33701161512979955,0.04424978810609069,0.27920829481116244,True,0.011111111111111112,0.0,positive,1.0,reactionfusion_v1_provisional,train,approved
221,6,0,0,35,0,0,0,41,41,RF_POST_000221,සමහරු හිතන් ඉන්නෙ ටිකක් ලොකු follow base එකක් තිබ්බම කෙල්ලො පස්සෙන් එනවා කියලා. මගුල තමයි 👍,False,mixed,f2c18f7bc881de5f9a4091ed26e786a8f31c594193f21f2a691b45872afad176,DUP_f2c18f7bc881de5f,1,False,41,3.7376696182833684,0.14634146341463414,0.14583333333333334,0.0,0.020833333333333332,0.0,0.020833333333333332,0.8536585365853658,0.75,0.0,0.020833333333333332,0.0,0.020833333333333332,0.0,0.020833333333333332,haha,0.8536585365853658,0.7073170731707317,neutral,0.3396415039652313,0.0,0.2139410912008878,True,0.0,0.0,neutral,0.0,reactionfusion_v1_provisional,train,approved
222,133,2,1,1036,2,2,0,1176,1176,RF_POST_000222,"Relationship එකක ඉද්දි ඕනතරම් පස්සෙන් එනවා, හැබැයි උඹ තනිකඩව ඉන්න කාලෙ එකෙක්වත් පස්සෙන් එන්නෙ නෑ නේද ! 😂",False,mixed,46fbf41d60822f3c54e99c3c63670bbd45de3bc5ae98f3429201956fd8cc9738,DUP_46fbf41d60822f3c,1,False,1176,7.0707241072602764,0.1130952380952381,0.1132713440405748,0.0017006802721088435,0.00253592561284869,0.0008503401360544217,0.0016906170752324597,0.8809523809523809,0.8765849535080305,0.0017006802721088435,0.00253592561284869,0.0017006802721088435,0.00253592561284869,0.0,0.0008453085376162299,haha,0.8809523809523809,0.7678571428571429,neutral,0.5921841904618004,0.001943365336231162,0.20386462077527237,True,0.0021683673469387755,0.0017006802721088435,positive,0.12087912087912084,reactionfusion_v1_provisional,train,approved
224,44,0,0,292,0,0,0,336,336,RF_POST_000224,මං single ද breakup වෙලාද ආදරේ කරනවද නැත්තම් one side love ද කියන එක ගොඩක් අයට අභිරහසක් 🥲,False,mixed,d721a12d5f246d5b2467370011fa9d61b17930308b6fa372d4f4f19f7da5e6a7,DUP_d721a12d5f246d5b,1,False,336,5.820082930352362,0.13095238095238096,0.13119533527696792,0.0,0.0029154518950437317,0.0,0.0029154518950437317,0.8690476190476191,0.8542274052478134,0.0,0.0029154518950437317,0.0,0.0029154518950437317,0.0,0.0029154518950437317,haha,0.8690476190476191,0.7380952380952381,neutral,0.599022289651209,0.0,0.1994918120109388,True,0.0,0.0,neutral,0.0,reactionfusion_v1_provisional,train,approved
226,34,26,0,0,0,1,0,61,61,RF_POST_000226,"ඇත්තටම කියපන්, තව කෙනෙක් ප්රශ්නෙක ඉද්දි උඹ හිත හැදුවට උඹ ප්රශ්නෙක ඉද්දි උඹේ හිත හදන්න කවුරුත් නෑ නේද ! 🙂",False,sinhala,8af5ceee8c7b5b4dfeb98e14d8e54649b08d32b22ebc9c9700cf8b8e87ec30ad,DUP_8af5ceee8c7b5b4d,1,False,61,4.127134385045092,0.5573770491803278,0.5147058823529411,0.4262295081967213,0.39705882352941174,0.0,0.014705882352941176,0.0,0.014705882352941176,0.0,0.014705882352941176,0.01639344262295082,0.029411764705882353,0.0,0.014705882352941176,like,0.5573770491803278,0.13114754098360656,positive,0.3353963763594252,0.5907513447555539,0.3888486608314191,True,0.4262295081967213,0.01639344262295082,positive,0.9259259259259259,reactionfusion_v1_provisional,train,approved
227,17,1,0,35,0,0,0,53,53,RF_POST_000227,"සැක්, කොච්චර ගෑනු ලමයි ඇස ගැටුනත් wife material එකට සෙට් වෙන ගෑනු ලමයෙක් නැති හැටි ! 😒",False,mixed,57ded71f5b8e714aa6c8335ba47fa9bac9a772a0ef715ffb20cdf9c34f37c5e4,DUP_57ded71f5b8e714a,1,False,53,3.9889840465642745,0.32075471698113206,0.3,0.018867924528301886,0.03333333333333333,0.0,0.016666666666666666,0.660377358490566,0.6,0.0,0.016666666666666666,0.0,0.016666666666666666,0.0,0.016666666666666666,haha,0.660377358490566,0.33962264150943394,neutral,0.18754742699205978,0.0696082192240411,0.3667456116705746,True,0.018867924528301886,0.0,positive,1.0,reactionfusion_v1_provisional,train,approved
228,7,0,0,100,1,1,0,109,109,RF_POST_000228,"""අහුලගත්ත කෙනාට දිස්නෙ දෙන්න අතෑරපු කෙනාට ඇඬෙන්න"" caption එක දාලා වීඩියෝ එකක් කරන්න කෙනෙක් නැති හැටි ! 😒",False,mixed,13b55bf7f0d349539f6e6ac32604538fbfddb7c99a6fa5eb831d547bbd81ef57,DUP_13b55bf7f0d34953,1,False,109,4.700480365792417,0.06422018348623854,0.06896551724137931,0.0,0.008620689655172414,0.0,0.008620689655172414,0.9174311926605505,0.8706896551724138,0.009174311926605505,0.017241379310344827,0.009174311926605505,0.017241379310344827,0.0,0.008620689655172414,haha,0.9174311926605505,0.8532110091743119,neutral,0.3532348685399153,-0.038687199062780314,0.1754728497813637,True,0.0,0.009174311926605505,negative,-1.0,reactionfusion_v1_provisional,train,approved
229,12,4,2,131,1,0,0,150,150,RF_POST_000229,"""වාසනා සම්පත"" ඇදුනා වගේ තමා KDU කොල්ලෙක් ජීවිතේට ආවම ! 🌝❤️",False,mixed,f1c9925eb6b64d368e1583b20a2f39a65b606f951a823a7030ca72e6bda739fe,DUP_f1c9925eb6b64d36,1,False,150,5.017279836814924,0.08,0.08280254777070063,0.02666666666666667,0.03184713375796178,0.013333333333333334,0.01910828025477707,0.8733333333333333,0.8407643312101911,0.006666666666666667,0.012738853503184714,0.0,0.006369426751592357,0.0,0.006369426751592357,haha,0.8733333333333333,0.7933333333333333,positive,0.11430307587025877,0.1383494427994978,0.2610401211964908,True,0.034,0.0,positive,1.0,reactionfusion_v1_provisional,train,approved
230,23,2,0,173,0,0,0,198,198,RF_POST_000230,පරිණත වුනාම තේරෙනවා කාගෙන්හරි Ask out කරන දවස Birthday එක දවසෙම වුනාම තියෙන වාසිය ! 😂,False,mixed,d7f0b1eb5411c26cb6e1ad6449181323ae5ed981a4836e1265f12bfe4be6ade9,DUP_d7f0b1eb5411c26c,1,False,198,5.293304824724492,0.11616161616161616,0.11707317073170732,0.010101010101010102,0.014634146341463415,0.0,0.004878048780487805,0.8737373737373737,0.848780487804878,0.0,0.004878048780487805,0.0,0.004878048780487805,0.0,0.004878048780487805,haha,0.8737373737373737,0.7575757575757576,neutral,0.38802045168335186,0.0417336303489423,0.21296872558905108,True,0.010101010101010102,0.0,positive,1.0,reactionfusion_v1_provisional,train,approved
231,13,2,0,64,1,1,0,81,81,RF_POST_000231,ඔයාගෙ හොඳම යාලුවා ඔයාට දනගහලා මුද්දක් දීලා propose කරොත් ඔයාගෙ උත්තරේ මොකක්ද ! 😌,False,mixed,7656032c03775dddeaeff291efca70403750a46a4251542adfe3507d19bc1d58,DUP_7656032c03775ddd,1,False,81,4.406719247264253,0.16049382716049382,0.1590909090909091,0.024691358024691357,0.03409090909090909,0.0,0.011363636363636364,0.7901234567901234,0.7386363636363636,0.012345679012345678,0.022727272727272728,0.012345679012345678,0.022727272727272728,0.0,0.011363636363636364,haha,0.7901234567901234,0.6296296296296297,neutral,0.3228332102134426,0.04840842807502421,0.34926833222048526,True,0.024691358024691357,0.012345679012345678,positive,0.3333333333333333,reactionfusion_v1_provisional,train,approved
233,60,79,10,1,0,0,0,150,150,RF_POST_000233,"Guess this Girl, එයා Content creator කෙනෙක් චාම් දිග කොණ්ඩයක් තියෙන ගවුම් ගැන pramotions කරන ! 🌝🤍",False,mixed,9910a1617a9ba176302f7b7cc549c3deb4e72d340d738e23a5ae6c629f83399c,DUP_9910a1617a9ba176,1,False,150,5.017279836814924,0.4,0.3885350318471338,0.5266666666666666,0.5095541401273885,0.06666666666666667,0.07006369426751592,0.006666666666666667,0.012738853503184714,0.0,0.006369426751592357,0.0,0.006369426751592357,0.0,0.006369426751592357,love,0.5266666666666666,0.12666666666666668,positive,0.5124543070608929,0.705820173356102,0.47183538312611767,False,0.5633333333333332,0.0,positive,1.0,reactionfusion_v1_provisional,train,approved
235,3,0,0,18,0,0,0,21,21,RF_POST_000235,බලන් ගියාම fb verify batch එක අරන් නැත්තේ මායි තව දෙතුන් දෙනෙකුයි විතරයි 🥲,False,mixed,9fab7d97bfeec525a5c72a5ae3640b75a33004e4a733dc12d267212080590279,DUP_9fab7d97bfeec525,1,False,21,3.091042453358316,0.14285714285714285,0.14285714285714285,0.0,0.03571428571428571,0.0,0.03571428571428571,0.8571428571428571,0.6785714285714286,0.0,0.03571428571428571,0.0,0.03571428571428571,0.0,0.03571428571428571,haha,0.8571428571428571,0.7142857142857143,neutral,0.2076166697541745,0.0,0.21075809614719845,True,0.0,0.0,neutral,0.0,reactionfusion_v1_provisional,train,approved
236,9,0,0,26,0,0,0,35,35,RF_POST_000236,මං අහිංසක වුනාට මං share කරන පෝස්ට් එහෙම වෙන්නෙ ඕන කියලා එකක් නෑනෙ ! 😌,False,mixed,ddeaad7dc0a693a3ad67ee518aaa08a4209132d1dc01e436941a901b6d00170d,DUP_ddeaad7dc0a693a3,1,False,35,3.58351893845611,0.2571428571428571,0.23809523809523808,0.0,0.023809523809523808,0.0,0.023809523809523808,0.7428571428571429,0.6428571428571429,0.0,0.023809523809523808,0.0,0.023809523809523808,0.0,0.023809523809523808,haha,0.7428571428571429,0.4857142857142857,neutral,0.32544408340571374,0.0,0.29294629599317695,True,0.0,0.0,neutral,0.0,reactionfusion_v1_provisional,train,approved
237,10,8,0,43,0,0,0,61,61,RF_POST_000237,මම social media වල පිළිවෙලකට හැසිරෙන්නෙ මාව තේරුම් ගත්තු ආදරණීය කෙනෙක් හමුවුන දවසට පමණි ! 😌❤️,False,mixed,399c27ced90f3c85ef7658e554b2d10670063d6428a2cbafe8c449f9a2eea2b9,DUP_399c27ced90f3c85,1,False,61,4.127134385045092,0.16393442622950818,0.16176470588235295,0.13114754098360656,0.1323529411764706,0.0,0.014705882352941176,0.7049180327868853,0.6470588235294118,0.0,0.014705882352941176,0.0,0.014705882352941176,0.0,0.014705882352941176,haha,0.7049180327868853,0.5409836065573771,positive,0.24957661685893642,0.4471058890613203,0.41592334939958525,True,0.13114754098360656,0.0,positive,1.0,reactionfusion_v1_provisional,train,approved
238,3,0,0,30,0,0,0,33,33,RF_POST_000238,Post එකකට like ගොඩක් වැටුනම සමහර කෙල්ලො හිතන් ඉන්නෙ උන් නිළියො කියලා ! 😪👍,False,mixed,9be9b3836e19de1616dd859639d551a4d56e322229fb1e936f5d05a234c505be,DUP_9be9b3836e19de16,1,False,33,3.5263605246161616,0.09090909090909091,0.1,0.0,0.025,0.0,0.025,0.9090909090909091,0.775,0.0,0.025,0.0,0.025,0.0,0.025,haha,0.9090909090909091,0.8181818181818182,neutral,0.27939327418148074,0.0,0.15655198545376348,True,0.0,0.0,neutral,0.0,reactionfusion_v1_provisional,train,approved
239,38,23,7,136,2,0,0,206,206,RF_POST_000239,Gf නර්ස් නෝනා කෙනෙක්නම් ඒ ආදරේ සදාකාලිකයි 🌝🤍,False,mixed,989141c6b354b8be2c5bd96a0fd508a15d3acca14653bc9942182d29f5e42b10,DUP_989141c6b354b8be,1,False,206,5.332718793265369,0.18446601941747573,0.18309859154929578,0.11165048543689321,0.11267605633802817,0.03398058252427184,0.03755868544600939,0.6601941747572816,0.6431924882629108,0.009708737864077669,0.014084507042253521,0.0,0.004694835680751174,0.0,0.004694835680751174,haha,0.6601941747572816,0.47572815533980584,positive,0.3161236801724407,0.4310681590464481,0.5090814681071998,True,0.13033980582524274,0.0,positive,1.0,reactionfusion_v1_provisional,train,approved
242,9,5,1,33,0,0,0,48,48,RF_POST_000242,"පුලුවන් නම් මගේ හිතේ ඉන්න කෙනාව මෙන්ශන් කරන්න, ඔට්ටුයි බෑ ! 😌",False,sinhala,fb2bb64a550e2831e0c8a198e64862114bfa557b17189d35e3bf6973b3c573b5,DUP_fb2bb64a550e2831,1,False,48,3.8918202981106265,0.1875,0.18181818181818182,0.10416666666666667,0.10909090909090909,0.020833333333333332,0.03636363636363636,0.6875,0.6181818181818182,0.0,0.01818181818181818,0.0,0.01818181818181818,0.0,0.01818181818181818,haha,0.6875,0.5,positive,0.18887218316859394,0.39650273196042274,0.45619920942130404,True,0.115625,0.0,positive,1.0,reactionfusion_v1_provisional,train,approved
244,2,0,0,37,0,0,0,39,39,RF_POST_000244,මං හුළඟට ගහගෙන ගියා කියන ආරංචිය බොරු යාලුවනේ මං හොඳින් ☺️,False,sinhala,94feb90a22e0030e3f637275200d78a281394f7f1289fe47a661d2cdfca299a0,DUP_94feb90a22e0030e,1,False,39,3.6888794541139363,0.05128205128205128,0.06521739130434782,0.0,0.021739130434782608,0.0,0.021739130434782608,0.9487179487179487,0.8260869565217391,0.0,0.021739130434782608,0.0,0.021739130434782608,0.0,0.021739130434782608,haha,0.9487179487179487,0.8974358974358975,neutral,0.298945735413856,0.0,0.10394776032985614,True,0.0,0.0,neutral,0.0,reactionfusion_v1_provisional,train,approved
245,69,45,2,33,0,3,0,152,152,RF_POST_000245,වැඩිපුරම ආදරණිය චරිත තමයි අද තනිකඩව ඉන්නෙ ! 😌❤️,False,sinhala,2ddb323e5cd17e2dae084d32da0ded1e0578ce6c9aacfd168c712da33f05bc0d,DUP_2ddb323e5cd17e2d,1,False,152,5.030437921392435,0.45394736842105265,0.44025157232704404,0.29605263157894735,0.2893081761006289,0.013157894736842105,0.018867924528301886,0.21710526315789475,0.2138364779874214,0.0,0.006289308176100629,0.019736842105263157,0.025157232704402517,0.0,0.006289308176100629,like,0.45394736842105265,0.15789473684210525,positive,0.3725665568681217,0.5625669177471464,0.6089350421625227,False,0.3032894736842105,0.019736842105263157,positive,0.8778004073319756,reactionfusion_v1_provisional,train,approved
246,5,0,0,27,0,0,0,32,32,RF_POST_000246,දැනට relationship එකක ඉන්න අයගෙන් තනිකඩ සෙට් එකට දෙන්න තියෙන උපදෙස මොකක්ද ! 😌,False,mixed,70eff0f2f3cad5b523deb1ffbfd7757f12329ea390be844a35d19ce29615a7af,DUP_70eff0f2f3cad5b5,1,False,32,3.4965075614664802,0.15625,0.15384615384615385,0.0,0.02564102564102564,0.0,0.02564102564102564,0.84375,0.717948717948718,0.0,0.02564102564102564,0.0,0.02564102564102564,0.0,0.02564102564102564,haha,0.84375,0.6875,neutral,0.28899520385145466,0.0,0.22272296256903185,True,0.0,0.0,neutral,0.0,reactionfusion_v1_provisional,train,approved
248,24,42,10,0,0,0,0,76,76,RF_POST_000248,ඊළඟ වෙසක් එක වෙද්දි ජීවිතේ ගොඩක් දේවල් වෙනස් වෙලා තියේවි ! ❤️🩹,False,sinhala,85f7216ed450cd4acc2231bbe5d44c87f32518b1420d12e025bf3ab7f65aa4ee,DUP_85f7216ed450cd4a,1,False,76,4.343805421853684,0.3157894736842105,0.30120481927710846,0.5526315789473685,0.5180722891566265,0.13157894736842105,0.13253012048192772,0.0,0.012048192771084338,0.0,0.012048192771084338,0.0,0.012048192771084338,0.0,0.012048192771084338,love,0.5526315789473685,0.23684210526315788,positive,0.43224025022608,0.7340468434798949,0.4926288137343463,False,0.625,0.0,positive,1.0,reactionfusion_v1_provisional,train,approved
249,4,0,0,19,0,0,0,23,23,RF_POST_000249,දන්සල් වඳින්න ගිහින් සිදුවුන අමතක නොවෙන සිදුවීමක් කියන් යන්න! 😁,False,sinhala,0dc549447c16439e882dc612cec620d3d25042395525773c3cd3c8c03bf79984,DUP_0dc549447c16439e,1,False,23,3.1780538303479458,0.17391304347826086,0.16666666666666666,0.0,0.03333333333333333,0.0,0.03333333333333333,0.8260869565217391,0.6666666666666666,0.0,0.03333333333333333,0.0,0.03333333333333333,0.0,0.03333333333333333,haha,0.8260869565217391,0.6521739130434783,neutral,0.22813218320010686,0.0,0.23744000188845485,True,0.0,0.0,neutral,0.0,reactionfusion_v1_provisional,train,approved
251,4,0,0,51,0,0,0,55,55,RF_POST_000251,සමහරු පෝය දවසට විතරක් දන්සල් දුන්නට මගේ Ex ගෙ හිතේ හැමදාම දන්සල් තිබ්බා ! 😌,False,mixed,34ef56be499f80bd9b2bf1ea753ea39f3fc1d947d95041f17c0fc4e0dfe4f7fb,DUP_34ef56be499f80bd,1,False,55,4.02535169073515,0.07272727272727272,0.08064516129032258,0.0,0.016129032258064516,0.0,0.016129032258064516,0.9272727272727272,0.8387096774193549,0.0,0.016129032258064516,0.0,0.016129032258064516,0.0,0.016129032258064516,haha,0.9272727272727272,0.8545454545454545,neutral,0.37824240637086,0.0,0.1339409734105424,True,0.0,0.0,neutral,0.0,reactionfusion_v1_provisional,train,approved
252,8,1,0,30,0,0,0,39,39,RF_POST_000252,පෝය දවසේ reload දන්සලක් දෙනවා... ඔයාගෙ නම්බර් එකත් ඉන්බොක්ස් එවම්න ! 👉👈,False,mixed,93ea8649c02f1ee887f814b803300495ebbad72e603248489a42e38f19438476,DUP_93ea8649c02f1ee8,1,False,39,3.6888794541139363,0.20512820512820512,0.1956521739130435,0.02564102564102564,0.043478260869565216,0.0,0.021739130434782608,0.7692307692307693,0.6739130434782609,0.0,0.021739130434782608,0.0,0.021739130434782608,0.0,0.021739130434782608,haha,0.7692307692307693,0.5641025641025641,neutral,0.06010705856965606,0.09980587197161533,0.3189786831193161,True,0.02564102564102564,0.0,positive,1.0,reactionfusion_v1_provisional,train,approved
253,52,2,2,120,1,50,0,227,227,RF_POST_000253,අදත් ගෙදර නේද ! 🌝,False,sinhala,468e86890297ed43141e9a012705731db70ec65ba6df0af8e5fa45ac8932db43,DUP_468e86890297ed43,1,False,227,5.429345628954441,0.2290748898678414,0.2264957264957265,0.00881057268722467,0.01282051282051282,0.00881057268722467,0.01282051282051282,0.5286343612334802,0.5170940170940171,0.004405286343612335,0.008547008547008548,0.22026431718061673,0.21794871794871795,0.0,0.004273504273504274,haha,0.5286343612334802,0.29955947136563876,negative,0.39998452524080363,-0.5666607589465528,0.5730447192906265,False,0.01365638766519824,0.22026431718061673,negative,-0.8832391713747646,reactionfusion_v1_provisional,train,approved
256,8,17,1,66,0,0,0,92,92,RF_POST_000256,කෙල්ලෙක් මේ ලොකේ ලබන හොඳම සම්මානය තමයි දකුණෙ කොල්ලෙක් ලැබීම ! ❤️🙈,False,sinhala,6b31202e13ee4e073ec32eeb33ddf158c3a4802c96082d3d12b5fb93fc984cf9,DUP_6b31202e13ee4e07,1,False,92,4.532599493153256,0.08695652173913043,0.09090909090909091,0.18478260869565216,0.18181818181818182,0.010869565217391304,0.020202020202020204,0.717391304347826,0.6767676767676768,0.0,0.010101010101010102,0.0,0.010101010101010102,0.0,0.010101010101010102,haha,0.717391304347826,0.532608695652174,positive,0.40098369487629265,0.6023349497069259,0.4171914828459011,False,0.19076086956521737,0.0,positive,1.0,reactionfusion_v1_provisional,train,approved
259,46,1,0,144,0,1,0,192,192,RF_POST_000259,ඔන්න දොර ගාව කළු පුල්ලි තියෙන දත් දිග කලුම කලු යකෙක්.ඔය..ඔං ඔතන. බුදියගනිං පෝං එක විසික් කරල,False,sinhala,bdab0e5d950d89cc8393532e4215d321ecad92f540b8680d1d85a4e4789e5b5f,DUP_bdab0e5d950d89cc,1,False,192,5.262690188904886,0.23958333333333334,0.23618090452261306,0.005208333333333333,0.010050251256281407,0.0,0.005025125628140704,0.75,0.7286432160804021,0.0,0.005025125628140704,0.005208333333333333,0.010050251256281407,0.0,0.005025125628140704,haha,0.75,0.5104166666666666,neutral,0.6433415655102134,0.0,0.3149460573677879,True,0.005208333333333333,0.005208333333333333,neutral,0.0,reactionfusion_v1_provisional,train,approved
261,250,78,13,279,6,0,1,627,627,RF_POST_000261,හෙට සිස්සත්තෙ ලියන නංගිල මල්ලිලට ජයින් ජයම වෙන්න ඕනෙ,False,sinhala,db0bd5fb4bccad2ee8a4ad2d637bd0a85c91bda31912b41386133489ab26e268,DUP_db0bd5fb4bccad2e,1,False,627,6.4425401664681985,0.39872408293460926,0.39589905362776023,0.12440191387559808,0.12460567823343849,0.02073365231259968,0.022082018927444796,0.4449760765550239,0.4416403785488959,0.009569377990430622,0.011041009463722398,0.0,0.0015772870662460567,0.001594896331738437,0.0031545741324921135,haha,0.4449760765550239,0.046251993620414676,positive,0.2772057554095049,0.3894053913774378,0.5762562404400783,True,0.1358054226475279,0.001594896331738437,positive,0.9767846778874056,reactionfusion_v1_provisional,train,approved
263,91,5,4,6,2,133,0,241,241,RF_POST_000263,ඊයෙ පාන්දර හතරට නිදාගෙන හයට නැගිට්ටෙ ළමයව ඉස්කෝලෙ යවන්න.ඇහැ ගාවින් උස මිනිහෙක් දෙපාරක් ගියා කියන්නෙ මිග්රේන් කොලුවා මාව සොයා ඇවිත් වගේ.🥹,False,sinhala,1e38e0916186c54cb765ccd386d30dd823c1cbf423ec7c3e0dd99ff5d0a259b1,DUP_1e38e0916186c54c,1,False,241,5.488937726156687,0.3775933609958506,0.3709677419354839,0.02074688796680498,0.024193548387096774,0.016597510373443983,0.020161290322580645,0.024896265560165973,0.028225806451612902,0.008298755186721992,0.012096774193548387,0.5518672199170125,0.5403225806451613,0.0,0.004032258064516129,sad,0.5518672199170125,0.17427385892116182,negative,0.4999310730613012,-0.6726841431240088,0.5015353420503676,False,0.029875518672199168,0.5518672199170125,negative,-0.8972895863052782,reactionfusion_v1_provisional,train,approved
265,74,2,0,334,0,0,0,410,410,RF_POST_000265,බිංචුන් යන්න හිටියෙ.පලාතෙ යන් නෑ.නිකාං මොකටද හැපි කස්ටමර් කියල ලෝකෙට විහිලුවක් වෙන්නෙ,False,sinhala,b20b4de794f5f5c2db3d7286ca440d626a6f732c894734cdc0e0583a4009248e,DUP_b20b4de794f5f5c2,1,False,410,6.018593214496234,0.18048780487804877,0.17985611510791366,0.004878048780487805,0.007194244604316547,0.0,0.002398081534772182,0.8146341463414634,0.8033573141486811,0.0,0.002398081534772182,0.0,0.002398081534772182,0.0,0.002398081534772182,haha,0.8146341463414634,0.6341463414634146,neutral,0.5260035209014908,0.019619782972353294,0.25797224572527877,True,0.004878048780487805,0.0,positive,1.0,reactionfusion_v1_provisional,train,approved
267,158,63,21,0,0,393,0,635,635,RF_POST_000267,දරුවන්ගේ දරුවෝත් ඒ දරුවන්ගේ දරුවෝත් ඒ දරුවන්ගේ දරුවොත් බැලූ ආච්චම්මා අවුරුදු 96 ක් සුජීවත්ව සිට මේ වැහිබරිත හැන්දෑවේ මීදුමක්ව නික්ම ගියාය ( සුවාමිපුරුෂයගේ ආච්චම්මා ),False,sinhala,fbd0a9ebf5adb7e704670a6d1e97418d6f15f6295ce8fdb7e43c0fcbc2d151f5,DUP_fbd0a9ebf5adb7e7,1,False,635,6.455198563340122,0.24881889763779527,0.24766355140186916,0.09921259842519685,0.09968847352024922,0.03307086614173228,0.03426791277258567,0.0,0.001557632398753894,0.0,0.001557632398753894,0.6188976377952756,0.6137071651090342,0.0,0.001557632398753894,sad,0.6188976377952756,0.3700787401574803,negative,0.4372951008918531,-0.5854865688362022,0.5062118982253806,False,0.11740157480314961,0.6188976377952756,negative,-0.6811036252807185,reactionfusion_v1_provisional,train,approved
268,470,16,3,524,5,1,2,1021,1021,RF_POST_000268,බේබද්දෙක්ට ක්රශ්වෙන ලංකාවෙ ගෑනු ඉඳකිං. යකෝ බොන්න ගත්තොත් හේමාල්වත් එපා අපිටනම් .😪,False,sinhala,205cb94365b81c96bc73dbdce30af9acc67ffa6978aafc7c9c84b284abb5d622,DUP_205cb94365b81c96,1,False,1021,6.92951677076365,0.4603330068560235,0.4581712062256809,0.015670910871694418,0.016536964980544747,0.002938295788442703,0.0038910505836575876,0.5132223310479922,0.5107003891050583,0.004897159647404506,0.005836575875486381,0.0009794319294809011,0.0019455252918287938,0.0019588638589618022,0.0029182879377431907,haha,0.5132223310479922,0.05288932419196866,neutral,0.42350801751381084,0.04866631955277695,0.42487985624359403,True,0.017286973555337905,0.002938295788442703,positive,0.7094430992736077,reactionfusion_v1_provisional,train,approved
270,92,4,1,694,1,2,0,794,794,RF_POST_000270,ඉහිම බිලුවාමි මාගී දිහා...ඉහිම බිලුවාම් මාගී දිහා.....,False,sinhala,772121ad0d5ac896c83c2283428a0cbb6c3b22a09a77c0ebfecee85e9dee9a88,DUP_772121ad0d5ac896,1,False,794,6.678342114654332,0.11586901763224182,0.11610486891385768,0.005037783375314861,0.006242197253433208,0.0012594458438287153,0.0024968789013732834,0.8740554156171285,0.867665418227216,0.0012594458438287153,0.0024968789013732834,0.0025188916876574307,0.003745318352059925,0.0,0.0012484394506866417,haha,0.8740554156171285,0.7581863979848866,neutral,0.541997517624094,0.013280207386765927,0.21888749546282416,True,0.005730478589420655,0.0025188916876574307,positive,0.3893129770992366,reactionfusion_v1_provisional,train,approved
271,50,1,0,61,0,0,0,112,112,RF_POST_000271,මිස්ට කොත්තු ඔක්කොම විකුණල වනගත වෙන්නද. නැත්තං අලුත්ම රෙස්ටුරන්ට් එකකට මුල්ගල තියන්නද මේ වෑයම 🙊,False,sinhala,e7e2cdb2c6fa95ecbcff6d06647406daa51f2bd627a13d2f7cf248e31c0e61dd,DUP_e7e2cdb2c6fa95ec,1,False,112,4.727387818712341,0.44642857142857145,0.42857142857142855,0.008928571428571428,0.01680672268907563,0.0,0.008403361344537815,0.5446428571428571,0.5210084033613446,0.0,0.008403361344537815,0.0,0.008403361344537815,0.0,0.008403361344537815,haha,0.5446428571428571,0.09821428571428571,neutral,0.4560187499182792,0.031033332108311423,0.3767398732180682,True,0.008928571428571428,0.0,positive,1.0,reactionfusion_v1_provisional,train,approved
273,123,2,3,802,3,0,0,933,933,RF_POST_000273,දැන් දවස් ගාණක් තිස්සෙ කොල්ලෙක් වගේ මිනිසෙක් 🤦 මට චැට් කරනවා. හායි මම ඔයාගෙ හබ්ස් වගේ නේද කියලමයි අහන්නේ 😄 කොණ්ඩේ කර්ල්.රැවුලත් ඒ වගේ. මම මේ තව පොඩ්ඩක් බලනවා.මේ ගතිගුණම නම් බ්ලොක් කරනවා.වෙන ගතිගුණ නම් සල ලා සල ලා 😄😄,False,sinhala,15c359edff46f6fb00ea57ab28d9e66602e411e1bca89463dc2285cd7ce035c1,DUP_15c359edff46f6fb,1,False,933,6.839476438228843,0.13183279742765272,0.13191489361702127,0.0021436227224008574,0.0031914893617021275,0.003215434083601286,0.00425531914893617,0.8595927116827439,0.8542553191489362,0.003215434083601286,0.00425531914893617,0.0,0.0010638297872340426,0.0,0.0010638297872340426,haha,0.8595927116827439,0.7277599142550911,neutral,0.5325269618332972,0.016079336432995445,0.22984657198259653,True,0.003912111468381565,0.0,positive,1.0,reactionfusion_v1_provisional,train,approved
274,91,3,2,183,3,0,0,282,282,RF_POST_000274,බලන බලන එකේ තුලා ලග්නෙට සුපිරිලු.අනෙ මන්දා මට හෙණ විතරයි ගැහුවෙ නැත්තෙ.මදිපාඩුවට සෙනසුරුත් ඉන්නවා හායි අක්කි මං මෙහේ කියාගෙන🤦,False,sinhala,f96c1779f746f74b56a1c6321c559b334e8fd92c8367dc2f9acb5d93465cc55d,DUP_f96c1779f746f74b,1,False,282,5.645446897643238,0.32269503546099293,0.31833910034602075,0.010638297872340425,0.01384083044982699,0.0070921985815602835,0.010380622837370242,0.648936170212766,0.6366782006920415,0.010638297872340425,0.01384083044982699,0.0,0.0034602076124567475,0.0,0.0034602076124567475,haha,0.648936170212766,0.3262411347517731,neutral,0.3875759123972292,0.05329694186883387,0.39948424294011303,True,0.014539007092198582,0.0,positive,1.0,reactionfusion_v1_provisional,train,approved
275,63,0,1,147,3,0,0,214,214,RF_POST_000275,අපරාදෙ ඩයට් කලේ.කිලෝ 56 යි බර.දැන් ඉතිං කොත්තුවක්වත් කන්නෝන,False,sinhala,b489aa13983eaf79c47e679923174f9f625287de52a2b6eef041e0e13eaeef2f,DUP_b489aa13983eaf79,1,False,214,5.3706380281276624,0.29439252336448596,0.2895927601809955,0.0,0.004524886877828055,0.004672897196261682,0.00904977375565611,0.6869158878504673,0.669683257918552,0.014018691588785047,0.01809954751131222,0.0,0.004524886877828055,0.0,0.004524886877828055,haha,0.6869158878504673,0.3925233644859813,neutral,0.6171054177524777,0.009667624888563112,0.36119837838665414,True,0.0025700934579439253,0.0,positive,1.0,reactionfusion_v1_provisional,train,approved
276,53,1,0,179,1,1,0,235,235,RF_POST_000276,මට සල්ලි තිබ්බ නම් මම mr.කොත්තුට ගෙයක් හදල දෙනවා.කරන්න දෙයක් නෑ සුද්දා.සල්ලි නෑ,False,mixed,dbab195c2a4baba7e6f791ee2eeb74c1e26e87bc105371b5e391465d10893869,DUP_dbab195c2a4baba7,1,False,235,5.4638318050256105,0.225531914893617,0.2231404958677686,0.00425531914893617,0.008264462809917356,0.0,0.004132231404958678,0.7617021276595745,0.743801652892562,0.00425531914893617,0.008264462809917356,0.00425531914893617,0.008264462809917356,0.0,0.004132231404958678,haha,0.7617021276595745,0.5361702127659574,neutral,0.6515080092060279,0.0,0.3149760903357641,True,0.00425531914893617,0.00425531914893617,neutral,0.0,reactionfusion_v1_provisional,train,approved
277,264,360,117,2,1,7,0,751,751,RF_POST_000277,දුවට මම පඹයෙක්මි කියලා රචනාවක් ලියන්න කියල ඉස්කෝලෙන්.එයා තනියම ලියනවා.මේ වාක්ය තමා අන්තිම වාක්ය. කුඹුරුවල පඹයො ඉද්දි පොඩි කාලෙත් එයා අහනවා ඇයි පඹයා තනියම ඉන්නෙ කියල.ගහක් ගලක් උනත් තනියම ඉද්දි එයාට ප්රශ්න. දැන් මේ රචනාවෙත් එයා ලියල තියෙන්නෙ පඹයගෙ සිතුවිල්ල. චූටි හිත් කොයිතරම් අහිංසකද.,False,sinhala,99b76b1bb802be3c9b184b7bef95caf103234834391ff8dbacfcda006124500e,DUP_99b76b1bb802be3c,1,False,751,6.62273632394984,0.35153129161118507,0.3496042216358839,0.4793608521970706,0.4762532981530343,0.15579227696404793,0.15567282321899736,0.002663115845539281,0.00395778364116095,0.0013315579227696406,0.002638522427440633,0.009320905459387484,0.010554089709762533,0.0,0.0013192612137203166,love,0.4793608521970706,0.1278295605858855,positive,0.49055271629178165,0.6784455980653317,0.5538918233665346,False,0.5650466045272969,0.009320905459387484,positive,0.9675437579691666,reactionfusion_v1_provisional,train,approved
278,59,2,0,209,2,2,0,274,274,RF_POST_000278,නිවාඩු දවසේ ඔෆිස් නම්බර් එකෙන් Call එකක් එනකොට දැනෙන හැඟීම සිංදුවකින් කිවුවොත්..😁,False,mixed,0345b3d71649f498b304d5ddbb29a159383bedfddb6cddbbbf6c16055bd3abdd,DUP_0345b3d71649f498,1,False,274,5.616771097666572,0.21532846715328466,0.21352313167259787,0.0072992700729927005,0.010676156583629894,0.0,0.0035587188612099642,0.7627737226277372,0.7473309608540926,0.0072992700729927005,0.010676156583629894,0.0072992700729927005,0.010676156583629894,0.0,0.0035587188612099642,haha,0.7627737226277372,0.5474452554744526,neutral,0.6629431576164732,0.0,0.3314375172143717,True,0.0072992700729927005,0.0072992700729927005,neutral,0.0,reactionfusion_v1_provisional,train,approved
280,235,38,2,0,1,0,0,276,276,RF_POST_000280,ඉබ්බාගමුව අවට ගෙයක් සමග පැත්තකින් දේවාල ගොඩනැගිල්ලක් ඇති location එකක් තියෙයිද රූගත කිරීමකට,False,mixed,ab172159d6d98629ce635ad071deb2145a1f282ff598a98f84505cd2fed142a8,DUP_ab172159d6d98629,1,False,276,5.6240175061873385,0.8514492753623188,0.833922261484099,0.13768115942028986,0.13780918727915195,0.007246376811594203,0.01060070671378092,0.0,0.0035335689045936395,0.0036231884057971015,0.007067137809187279,0.0,0.0035335689045936395,0.0,0.0035335689045936395,like,0.8514492753623188,0.7137681159420289,positive,0.2586212452669924,0.2949812765326692,0.23947192552963398,True,0.14166666666666666,0.0,positive,1.0,reactionfusion_v1_provisional,train,approved
286,125,2,0,740,0,17,0,884,884,RF_POST_000286,"මට පෙන්නපන්, Konde digata තියෙද්දි කැපුවොත් lassanai wei කියල හිතල කපපු moda එළදෙනක්ව.. 🐮😂😹",False,mixed,ce7f0cf1a3c66b9804905c54829f87b7e6578ef2886ad9da79b96e7ba027dc45,DUP_ce7f0cf1a3c66b98,1,False,884,6.785587645007929,0.1414027149321267,0.1414141414141414,0.0022624434389140274,0.003367003367003367,0.0,0.001122334455667789,0.8371040723981901,0.8316498316498316,0.0,0.001122334455667789,0.019230769230769232,0.020202020202020204,0.0,0.001122334455667789,haha,0.8371040723981901,0.6957013574660633,neutral,0.27117279980482223,-0.06854273268203687,0.26476738292382607,True,0.0022624434389140274,0.019230769230769232,negative,-0.7894736842105263,reactionfusion_v1_provisional,train,approved
287,4,0,0,23,0,0,0,27,27,RF_POST_000287,mma nm nidi oyt nidaganna ptiyo ☺️,False,singlish,cbbb565162aa3e46a146ca3eeb89d66f83cc4d37446b0de2f0e296f044ea76f3,DUP_cbbb565162aa3e46,1,False,27,3.332204510175204,0.14814814814814814,0.14705882352941177,0.0,0.029411764705882353,0.0,0.029411764705882353,0.8518518518518519,0.7058823529411765,0.0,0.029411764705882353,0.0,0.029411764705882353,0.0,0.029411764705882353,haha,0.8518518518518519,0.7037037037037037,neutral,0.25359973065527086,0.0,0.2155718081381242,True,0.0,0.0,neutral,0.0,reactionfusion_v1_provisional,train,approved
290,13691,13576,869,12,385,1,2,28536,28536,RF_POST_000290,කාලෙක ඉදන් තිබ්බ ආසාවක්.. picnic එකක් ගිහින් චිත්රයක් අදින්න 🤭 අවුරුදු ගානකට පස්සේ ඇදපු නිසා අඩුපාඩු ගොඩාක් තියෙනවා..🫣 ඊලග පාර තව හොදට try කරනවා 🙂♥️,False,mixed,faad60483d80c64fc977ad84240d0d88e5fee81abd837ff18674dcc5b75495bb,DUP_faad60483d80c64f,1,False,28536,10.258956769878603,0.4797799271096159,0.47969729881231826,0.47574992991309223,0.47566828994849875,0.030452761424165965,0.030480327926286657,0.00042052144659377626,0.0004554531759100305,0.013491729744883656,0.013523455838559366,3.504345388281469e-05,7.006971937077392e-05,7.008690776562938e-05,0.00010510457905616088,like,0.4797799271096159,0.004029997196523689,positive,0.5097526584592657,0.6574923793808042,0.44940359935630875,False,0.4924989486963835,0.00010513036164844407,positive,0.9995731648757377,reactionfusion_v1_provisional,train,approved
291,69,22,3,156,5,0,0,255,255,RF_POST_000291,දඟකාර දිවියට සමුදී පිය පදවියට පා තැබුවෙමි.! 😊❤️,False,sinhala,8aabdc05d12a44177ea54de3714ddce96cadc84c28a7eb2785bf332912f789fc,DUP_8aabdc05d12a4417,1,False,255,5.545177444479562,0.27058823529411763,0.26717557251908397,0.08627450980392157,0.08778625954198473,0.011764705882352941,0.015267175572519083,0.611764705882353,0.5992366412213741,0.0196078431372549,0.022900763358778626,0.0,0.003816793893129771,0.0,0.003816793893129771,haha,0.611764705882353,0.3411764705882353,positive,0.23126343459036386,0.31261229293158166,0.5113698772084977,True,0.09274509803921568,0.0,positive,1.0,reactionfusion_v1_provisional,train,approved
292,22,2,0,108,0,0,0,132,132,RF_POST_000292,මගේ වියදම් වල හැටියට ගොවිසෙත ඇදුනත් හවසට නය වෙන්න වෙනවා 🥹😍😂,False,sinhala,93a2bb5c69e09b7b872abb7a36d7bb6dec595f31460dbfd4ab3d8497a7fefe6c,DUP_93a2bb5c69e09b7b,1,False,132,4.890349128221754,0.16666666666666666,0.16546762589928057,0.015151515151515152,0.02158273381294964,0.0,0.007194244604316547,0.8181818181818182,0.7841726618705036,0.0,0.007194244604316547,0.0,0.007194244604316547,0.0,0.007194244604316547,haha,0.8181818181818182,0.6515151515151515,neutral,0.29111639478355084,0.06077977705212166,0.2704602318008565,True,0.015151515151515152,0.0,positive,1.0,reactionfusion_v1_provisional,train,approved
294,19,0,0,62,0,1,0,82,82,RF_POST_000294,එල් නීනෝත් මට්ටු වෙන්නෙ නුවරඑළියෙන් තමයි! 😂🌧️,False,sinhala,2fe874e367cd1562d9af5961472f81fe201496512861ff9ff9398c2ae39816f9,DUP_2fe874e367cd1562,1,False,82,4.418840607796598,0.23170731707317074,0.2247191011235955,0.0,0.011235955056179775,0.0,0.011235955056179775,0.7560975609756098,0.7078651685393258,0.0,0.011235955056179775,0.012195121951219513,0.02247191011235955,0.0,0.011235955056179775,haha,0.7560975609756098,0.524390243902439,neutral,0.3191726263464942,-0.047473509583591145,0.3103714470362204,True,0.0,0.012195121951219513,negative,-1.0,reactionfusion_v1_provisional,train,approved
295,16,0,0,74,1,1,0,92,92,RF_POST_000295,2000 උන් ගෙන් බැදලා නැත්තෙ මන් විතරයි 😓💔🙂,False,sinhala,582983ef6d229451477184a3bf3740a66cbdb2364e139d611c9527902fa8fe75,DUP_582983ef6d229451,1,False,92,4.532599493153256,0.17391304347826086,0.1717171717171717,0.0,0.010101010101010102,0.0,0.010101010101010102,0.8043478260869565,0.7575757575757576,0.010869565217391304,0.020202020202020204,0.010869565217391304,0.020202020202020204,0.0,0.010101010101010102,haha,0.8043478260869565,0.6304347826086957,neutral,0.34844792657127044,-0.04333965595496835,0.2968450692729647,True,0.0,0.010869565217391304,negative,-1.0,reactionfusion_v1_provisional,train,approved
296,19,0,0,204,0,0,0,223,223,RF_POST_000296,ගෙදර අය තරහ ගස්සන්නේ නැතුව Engage වුණා කියලා කියන්නේ කොහොමද..? 😪,False,mixed,0e09ae46dfe321789e76548858e674230591e2d63e7f5f97b70f8dd9d9848c95,DUP_0e09ae46dfe32178,1,False,223,5.4116460518550396,0.08520179372197309,0.08695652173913043,0.0,0.004347826086956522,0.0,0.004347826086956522,0.9147982062780269,0.8913043478260869,0.0,0.004347826086956522,0.0,0.004347826086956522,0.0,0.004347826086956522,haha,0.9147982062780269,0.8295964125560538,neutral,0.5682010664151794,0.0,0.1496953278812268,True,0.0,0.0,neutral,0.0,reactionfusion_v1_provisional,train,approved
297,107,35,2,3,0,1,0,148,148,RF_POST_000297,ඉස්සර වගේ බලෙන් කතා කිරිලි නෑ දැන් කතාකරොත් කතා කරලා පාඩුවේ ඉන්නවා. 😌👍,False,sinhala,1ce1f199e0f82f0623db713d4f0baf7b6cefa746efefcdfe7bcf3871bd4bf51a,DUP_1ce1f199e0f82f06,1,False,148,5.003946305945459,0.722972972972973,0.6967741935483871,0.23648648648648649,0.23225806451612904,0.013513513513513514,0.01935483870967742,0.02027027027027027,0.025806451612903226,0.0,0.0064516129032258064,0.006756756756756757,0.012903225806451613,0.0,0.0064516129032258064,like,0.722972972972973,0.4864864864864865,positive,0.3348338504150085,0.4369380146605648,0.3836022574725133,True,0.24391891891891893,0.006756756756756757,positive,0.9460916442048517,reactionfusion_v1_provisional,train,approved
298,308,90,7,11,1,1,0,418,418,RF_POST_000298,ලංකාවේ රියදුරු බලපත්රය වයස අවුරුදු 21න් වත් උඩ අයට දෙන්න ඕනේ මොකක්ද ඔයාලගෙ අදහස ? 😐🤔,False,sinhala,a5912a7c90726edc78572e3192e31ba657075b82d4f10b7d0f85df17a9675f8c,DUP_a5912a7c90726edc,1,False,418,6.037870919922137,0.7368421052631579,0.7270588235294118,0.215311004784689,0.21411764705882352,0.01674641148325359,0.018823529411764704,0.02631578947368421,0.02823529411764706,0.0023923444976076554,0.004705882352941176,0.0023923444976076554,0.004705882352941176,0.0,0.002352941176470588,like,0.7368421052631579,0.5215311004784688,positive,0.34050974388254185,0.4217261369842521,0.38478373974818414,True,0.22452153110047848,0.0023923444976076554,positive,0.9789140748550342,reactionfusion_v1_provisional,train,approved
299,136,151,9,7,0,1,0,304,304,RF_POST_000299,වාහනයක් අතට ගත්තම 50- 60 එහා යන්න හිතෙන්නේ නැති ගානට දැන් මම පරිණතයි ! 😌🤍,False,sinhala,8788bdde65c512f063b9fd3b08057b9a47f4d7263df3791ffcefdd0cc113b186,DUP_8788bdde65c512f0,1,False,304,5.720311776607412,0.4473684210526316,0.4405144694533762,0.4967105263157895,0.4887459807073955,0.029605263157894735,0.03215434083601286,0.023026315789473683,0.02572347266881029,0.0,0.003215434083601286,0.003289473684210526,0.006430868167202572,0.0,0.003215434083601286,love,0.4967105263157895,0.049342105263157895,positive,0.5185284508120092,0.6799840961283365,0.4713829056322233,False,0.5129934210526316,0.003289473684210526,positive,0.9872570882446638,reactionfusion_v1_provisional,train,approved
302,14,1,0,123,0,0,0,138,138,RF_POST_000302,Customer කෙනෙක්ට හිත ගිහින් නැත්නම් ඔයාලා ඔය කරන job එකෙනුත් තේරුමක් නෑ 😍🤣,False,mixed,2c497d4a7272c3c8206b11ead9b64b55f02a6314428560395ef697b6597e4016,DUP_2c497d4a7272c3c8,1,False,138,4.9344739331306915,0.10144927536231885,0.10344827586206896,0.007246376811594203,0.013793103448275862,0.0,0.006896551724137931,0.8913043478260869,0.8551724137931035,0.0,0.006896551724137931,0.0,0.006896551724137931,0.0,0.006896551724137931,haha,0.8913043478260869,0.7898550724637681,neutral,0.4170656850486873,0.030228808753123643,0.19034917574371543,True,0.007246376811594203,0.0,positive,1.0,reactionfusion_v1_provisional,train,approved
303,8,0,0,49,0,0,0,57,57,RF_POST_000303,සමහර නෑයෝ ඉන්නවා එහෙන් ගන්නවා මෙහෙට කියනවා මෙහෙන් ගන්නවා එහෙට කියනවා 🥹🤣💔,False,sinhala,850bdf9ee92bac8a602c6aec820ccb23234e014f9fab80fc5b6180fcb8733bb9,DUP_850bdf9ee92bac8a,1,False,57,4.060443010546419,0.14035087719298245,0.140625,0.0,0.015625,0.0,0.015625,0.8596491228070176,0.78125,0.0,0.015625,0.0,0.015625,0.0,0.015625,haha,0.8596491228070176,0.7192982456140351,neutral,0.41097797305582723,0.0,0.20843712552289193,True,0.0,0.0,neutral,0.0,reactionfusion_v1_provisional,train,approved
304,24,0,0,45,0,13,0,82,82,RF_POST_000304,Ane ninda yanne nane halo ai a 😓,False,singlish,16ea3633e8ea877890c933b60aade4d8e69e43e17ed0fddbabd380100255a3ef,DUP_16ea3633e8ea8778,1,False,82,4.418840607796598,0.2926829268292683,0.2808988764044944,0.0,0.011235955056179775,0.0,0.011235955056179775,0.5487804878048781,0.5168539325842697,0.0,0.011235955056179775,0.15853658536585366,0.15730337078651685,0.0,0.011235955056179775,haha,0.5487804878048781,0.25609756097560976,negative,0.28795151877097275,-0.4776343540233704,0.504081208600648,True,0.0,0.15853658536585366,negative,-1.0,reactionfusion_v1_provisional,train,approved
305,65,59,4,0,0,0,0,128,128,RF_POST_000305,"මං අත් හැරියොත්, ඒ සදහටම ! 😌🤍",False,sinhala,6f769b66dc44516797bcfe4c2bebf0b167ebfbdfb279882e6a487a0586de3a51,DUP_6f769b66dc445167,1,False,128,4.859812404361672,0.5078125,0.4888888888888889,0.4609375,0.4444444444444444,0.03125,0.037037037037037035,0.0,0.007407407407407408,0.0,0.007407407407407408,0.0,0.007407407407407408,0.0,0.007407407407407408,like,0.5078125,0.046875,positive,0.47375192013512785,0.6482692085521372,0.4159558006742489,False,0.478125,0.0,positive,1.0,reactionfusion_v1_provisional,train,approved
307,13,2,1,66,0,0,0,82,82,RF_POST_000307,මතක හැටියට අන්තිමට බබා කිව්වේ බර කිරද්දී මිඩ්ෆයිෆ් මිස් තමයි 🥹😭,False,sinhala,62e3f2927bb0e2e7999dc8d365501475ecf3cf518c7bfa518c9bf3e19e7fb724,DUP_62e3f2927bb0e2e7,1,False,82,4.418840607796598,0.15853658536585366,0.15730337078651685,0.024390243902439025,0.033707865168539325,0.012195121951219513,0.02247191011235955,0.8048780487804879,0.7528089887640449,0.0,0.011235955056179775,0.0,0.011235955056179775,0.0,0.011235955056179775,haha,0.8048780487804879,0.6463414634146342,positive,0.08332352657076633,0.12262923129928167,0.31399896453199494,True,0.031097560975609756,0.0,positive,1.0,reactionfusion_v1_provisional,train,approved
308,13,1,0,66,0,0,0,80,80,RF_POST_000308,කලුවර අහස වගේ තියන මගේ ජීවිතේ ආලෝක කරන ඒ පුන් සඳ කොහේ ඉන්නවද මංදා.! 🥹🌚😒,False,sinhala,ff7ffe08218d536c3da535011a27b461a2300b8bf20b904817b32583553030eb,DUP_ff7ffe08218d536c,1,False,80,4.394449154672439,0.1625,0.16091954022988506,0.0125,0.022988505747126436,0.0,0.011494252873563218,0.825,0.7701149425287356,0.0,0.011494252873563218,0.0,0.011494252873563218,0.0,0.011494252873563218,haha,0.825,0.6625,neutral,0.2920686544636676,0.050374693014942754,0.2614494827325757,True,0.0125,0.0,positive,1.0,reactionfusion_v1_provisional,train,approved
309,29,2,0,168,0,4,0,203,203,RF_POST_000309,කවුරු නැතත් මට මම ඉන්නවනෙ කියලා හිතලා ඔලුව අතගාගත්තම තියන කෙස් ගස් ටිකත් ගැලවිලා යනවා 🥹💔,False,sinhala,f2e840dadc99e2856b8e2bc3502ff88596d478bf26f3d43b0e9af40c3ed72824,DUP_f2e840dadc99e285,1,False,203,5.318119993844216,0.14285714285714285,0.14285714285714285,0.009852216748768473,0.014285714285714285,0.0,0.004761904761904762,0.8275862068965517,0.8047619047619048,0.0,0.004761904761904762,0.019704433497536946,0.023809523809523808,0.0,0.004761904761904762,haha,0.8275862068965517,0.6847290640394089,neutral,0.4239143666588109,-0.03952939776131847,0.2864965900858897,True,0.009852216748768473,0.019704433497536946,negative,-0.3333333333333333,reactionfusion_v1_provisional,train,approved
310,4,0,0,22,0,0,0,26,26,RF_POST_000310,මගේ ජීවිත කතාව දාලා ෆිල්ම් එකක් හැදුවනම් ලෝකේ බිහිවූණ සුපිරිම කොමඩි ෆිල්ම් එක ඒක වෙයි 😒💔,False,sinhala,453a61155b11a03dda8414b2746258b00b38f05a1bcb15dea6a701ec6837d00d,DUP_453a61155b11a03d,1,False,26,3.295836866004329,0.15384615384615385,0.15151515151515152,0.0,0.030303030303030304,0.0,0.030303030303030304,0.8461538461538461,0.696969696969697,0.0,0.030303030303030304,0.0,0.030303030303030304,0.0,0.030303030303030304,haha,0.8461538461538461,0.6923076923076923,neutral,0.24746986521498832,0.0,0.22062838931131581,True,0.0,0.0,neutral,0.0,reactionfusion_v1_provisional,train,approved
311,50,2,1,219,1,6,0,279,279,RF_POST_000311,අවුරුදු 26ක් කියන්නෙ ගොඩක් නාකීද 😒💔,False,sinhala,909e391ddc1eb60a75bf3807da40c98dc324382eff78f6721bc340c0bc292185,DUP_909e391ddc1eb60a,1,False,279,5.634789603169249,0.17921146953405018,0.17832167832167833,0.007168458781362007,0.01048951048951049,0.0035842293906810036,0.006993006993006993,0.7849462365591398,0.7692307692307693,0.0035842293906810036,0.006993006993006993,0.021505376344086023,0.024475524475524476,0.0,0.0034965034965034965,haha,0.7849462365591398,0.6057347670250897,neutral,0.3970092874460846,-0.048484443277439865,0.3373740349329504,True,0.00913978494623656,0.021505376344086023,negative,-0.40350877192982454,reactionfusion_v1_provisional,train,approved
313,6,0,0,70,2,0,0,78,78,RF_POST_000313,Mt huuu kiyanna hithenw eka normal da ?🙂,False,singlish,6e3356ed4af9b723520a9f609338645c14d5a70243bad6d3756bf674ba979943,DUP_6e3356ed4af9b723,1,False,78,4.3694478524670215,0.07692307692307693,0.08235294117647059,0.0,0.011764705882352941,0.0,0.011764705882352941,0.8974358974358975,0.8352941176470589,0.02564102564102564,0.03529411764705882,0.0,0.011764705882352941,0.0,0.011764705882352941,haha,0.8974358974358975,0.8205128205128205,neutral,0.47375071664231555,0.0,0.19957552021022038,True,0.0,0.0,neutral,0.0,reactionfusion_v1_provisional,train,approved
314,18,0,0,82,1,0,0,101,101,RF_POST_000314,Ali pataw inne ka lagada ? 🤔,False,singlish,f59d97e48457032935703974e5fcdbfc05e5e34425cb4648096dec6ff98e9f67,DUP_f59d97e484570329,1,False,101,4.624972813284271,0.1782178217821782,0.17592592592592593,0.0,0.009259259259259259,0.0,0.009259259259259259,0.8118811881188119,0.7685185185185185,0.009900990099009901,0.018518518518518517,0.0,0.009259259259259259,0.0,0.009259259259259259,haha,0.8118811881188119,0.6336633663366337,neutral,0.5500676789388297,0.0,0.26839486914999156,True,0.0,0.0,neutral,0.0,reactionfusion_v1_provisional,train,approved
315,3,2,0,63,0,0,0,68,68,RF_POST_000315,10 11 වසරෙ ඉන්න පොඩි අයගේ පෝන් වල බැක් කවර් එක අස්සෙ මොකද කෙස් ගස් තියෙන්නෙ ? 🤔,False,sinhala,c7b02f4578e3c2f642632c91d9c622da8e7da633a6ec1db78509e08cf4cf83f4,DUP_c7b02f4578e3c2f6,1,False,68,4.23410650459726,0.04411764705882353,0.05333333333333334,0.029411764705882353,0.04,0.0,0.013333333333333334,0.9264705882352942,0.8533333333333334,0.0,0.013333333333333334,0.0,0.013333333333333334,0.0,0.013333333333333334,haha,0.9264705882352942,0.8823529411764706,positive,0.08439933750697866,0.12344201338358718,0.16041869520157115,True,0.029411764705882353,0.0,positive,1.0,reactionfusion_v1_provisional,train,approved
316,44,45,2,0,0,0,0,91,91,RF_POST_000316,"මනුස්සයෙක් හොඳ වෙන්න ඕනේ තමන්ට ආදරේ කරන මිනිස්සුන්ට මිසක්, සමාජයට නෙවෙයි 🙂🤍",False,sinhala,d3f3566099f3612a37f8d7119454bdb392015fea086b918338ce74d94a87122e,DUP_d3f3566099f3612a,1,False,91,4.5217885770490405,0.4835164835164835,0.45918367346938777,0.4945054945054945,0.46938775510204084,0.02197802197802198,0.030612244897959183,0.0,0.01020408163265306,0.0,0.01020408163265306,0.0,0.01020408163265306,0.0,0.01020408163265306,love,0.4945054945054945,0.01098901098901099,positive,0.4484438743354771,0.6700439783617907,0.40263519939900005,False,0.5065934065934066,0.0,positive,1.0,reactionfusion_v1_provisional,train,approved
317,23,1,0,83,0,0,0,107,107,RF_POST_000317,ඔබට සවන්දෙන්නෙකු නොමැතිනම් තනියම කියවන්න. 🤔,False,sinhala,9bc11915d7fee4963029536bca99b1a7ff20f3240171132282661b8f368df507,DUP_9bc11915d7fee496,1,False,107,4.68213122712422,0.21495327102803738,0.21052631578947367,0.009345794392523364,0.017543859649122806,0.0,0.008771929824561403,0.7757009345794392,0.7368421052631579,0.0,0.008771929824561403,0.0,0.008771929824561403,0.0,0.008771929824561403,haha,0.7757009345794392,0.5607476635514018,neutral,0.3956874830452499,0.036793922929339785,0.2935106266393242,True,0.009345794392523364,0.0,positive,1.0,reactionfusion_v1_provisional,train,approved
319,17,0,0,111,0,1,0,129,129,RF_POST_000319,Data ඉවර වුණාම Gallery එකෙත් අමුතු ලස්සනක් තියෙන්නෙ 📱🙂👌,False,mixed,254c06405179fcf6deb96de725d7a8ab348282328caa808488b96c87ff91de21,DUP_254c06405179fcf6,1,False,129,4.867534450455582,0.13178294573643412,0.1323529411764706,0.0,0.007352941176470588,0.0,0.007352941176470588,0.8604651162790697,0.8235294117647058,0.0,0.007352941176470588,0.007751937984496124,0.014705882352941176,0.0,0.007352941176470588,haha,0.8604651162790697,0.7286821705426356,neutral,0.4151651802929047,-0.03185334219194201,0.22306104518797293,True,0.0,0.007751937984496124,negative,-1.0,reactionfusion_v1_provisional,train,approved
320,16,0,0,56,0,1,0,73,73,RF_POST_000320,"දැනිලා තියෙනවා ද ""කෑගහන්න එපා, හිමින් කතා කරන්න."" කිව්වාම දැනෙන ඒ වේදනාව ! 🙂❤️😂",False,sinhala,b05591bd3f7f328f2dee4afbc85800d96eacce7b914f262b56a03ffe82acdebc,DUP_b05591bd3f7f328f,1,False,73,4.30406509320417,0.2191780821917808,0.2125,0.0,0.0125,0.0,0.0125,0.7671232876712328,0.7125,0.0,0.0125,0.0136986301369863,0.025,0.0,0.0125,haha,0.7671232876712328,0.547945205479452,neutral,0.2773826760437357,-0.05359115827067207,0.30568098920722786,True,0.0,0.0136986301369863,negative,-1.0,reactionfusion_v1_provisional,train,approved
321,11,0,0,50,0,0,0,61,61,RF_POST_000321,අවසානයේ මං තේරුම් ගත්ත දේ තමයි මේක මට සෙට් වෙන ග්රහලෝකයක් නෙවෙයි 🙂🙏,False,sinhala,3532170acf62b67d6544af8e9d25064e2048499b6e563c7d844c5e502b21c185,DUP_3532170acf62b67d,1,False,61,4.127134385045092,0.18032786885245902,0.17647058823529413,0.0,0.014705882352941176,0.0,0.014705882352941176,0.819672131147541,0.75,0.0,0.014705882352941176,0.0,0.014705882352941176,0.0,0.014705882352941176,haha,0.819672131147541,0.639344262295082,neutral,0.43783953997321695,0.0,0.24250363572531264,True,0.0,0.0,neutral,0.0,reactionfusion_v1_provisional,train,approved
322,50,61,7,0,0,0,0,118,118,RF_POST_000322,කෙනෙකු වෙනුවෙන් මා තබන ගෞරවය ඔවුන්ගේ හැසිරීම මත රඳාපවතී ! 🤍😇,False,sinhala,9527262a80fe6597c989564a61fbc881bf474c3f45f2353335a328eeaebb268f,DUP_9527262a80fe6597,1,False,118,4.77912349311153,0.423728813559322,0.408,0.5169491525423728,0.496,0.059322033898305086,0.064,0.0,0.008,0.0,0.008,0.0,0.008,0.0,0.008,love,0.5169491525423728,0.09322033898305085,positive,0.48776737000678405,0.6942718720989146,0.4483761236684541,False,0.5495762711864406,0.0,positive,1.0,reactionfusion_v1_provisional,train,approved
326,20,0,0,126,0,0,0,146,146,RF_POST_000326,නින්ද යන්නේ නෑ වහලට නැගලා හූ කියන්න හිතෙනවා 🙄🙁,False,sinhala,2a30f5ec18a3f596e7633f66f2390c3410b80c83b43b9321a50302db0d6c0db6,DUP_2a30f5ec18a3f596,1,False,146,4.990432586778736,0.136986301369863,0.13725490196078433,0.0,0.006535947712418301,0.0,0.006535947712418301,0.863013698630137,0.8300653594771242,0.0,0.006535947712418301,0.0,0.006535947712418301,0.0,0.006535947712418301,haha,0.863013698630137,0.726027397260274,neutral,0.5701370055052163,0.0,0.20527916035463506,True,0.0,0.0,neutral,0.0,reactionfusion_v1_provisional,train,approved
328,79,15,4,14,3,31,1,147,147,RF_POST_000328,Iphone පාවිච්චි කරන අයගෙන් අහන්නේ දැන් ඔයාගේ battery helth එක කීයද 🥹🔋,False,mixed,7edf756272c7fc56e3ae391d864b9ddb30f67dfea2558b602c6788a93fda48e0,DUP_7edf756272c7fc56,1,False,147,4.997212273764115,0.5374149659863946,0.5194805194805194,0.10204081632653061,0.1038961038961039,0.027210884353741496,0.032467532467532464,0.09523809523809523,0.09740259740259741,0.02040816326530612,0.025974025974025976,0.2108843537414966,0.2077922077922078,0.006802721088435374,0.012987012987012988,like,0.5374149659863946,0.32653061224489793,negative,0.12809678859950807,-0.20548078417122184,0.6836072801582074,True,0.11700680272108843,0.217687074829932,negative,-0.30081300813008127,reactionfusion_v1_provisional,train,approved
330,974,21,5,4085,6,0,1,5092,5092,RF_POST_000330,ඉස්සර රජ කාලේ අපේ රජවරුන්ට FB තිබ්බනම් දාන Post මොනවද? 😍😂,False,mixed,3e17f9414749a34a5fb135003be3044024e9d42d6d5a025ae412f49b974492bd,DUP_3e17f9414749a34a,1,False,5092,8.535622326884605,0.19128043990573448,0.19121396352225928,0.004124116260801257,0.004314571484604825,0.0009819324430479183,0.001176701313983134,0.8022388059701493,0.8013335948225142,0.001178318931657502,0.0013728181996469895,0.0,0.00019611688566385565,0.00019638648860958367,0.0003922337713277113,haha,0.8022388059701493,0.6109583660644148,neutral,0.5420129801532423,0.017854478347498755,0.27350776747041844,True,0.004664179104477612,0.00019638648860958367,positive,0.9191919191919192,reactionfusion_v1_provisional,train,approved
331,107,2,3,85,0,0,1,198,198,RF_POST_000331,රි' අකුරෙන් දුවෙකුට නමක් ඕනේ 🫶😑,False,sinhala,b1a96c40c8389d990b5d207145a7f70893be8447f330f6eeb8b5c6a71b531e22,DUP_b1a96c40c8389d99,1,False,198,5.293304824724492,0.5404040404040404,0.526829268292683,0.010101010101010102,0.014634146341463415,0.015151515151515152,0.01951219512195122,0.4292929292929293,0.4195121951219512,0.0,0.004878048780487805,0.0,0.004878048780487805,0.005050505050505051,0.00975609756097561,like,0.5404040404040404,0.1111111111111111,neutral,0.4492170614283703,0.0430162834953746,0.4276690522958999,True,0.018434343434343435,0.005050505050505051,positive,0.5698924731182796,reactionfusion_v1_provisional,train,approved
332,15,0,0,118,0,0,0,133,133,RF_POST_000332,ඇයි මෙ බයික් වල කපල් යද්දි කෙල්ල අපි දිහා බලලා ඔරවන්නෙ අපි මොකක්ද කරපු වරද ? 🥹💔,False,sinhala,adf2bc36ffd81dc19b733c5cb8867c2f4aeb251e3a40c091c85995a035dcea83,DUP_adf2bc36ffd81dc1,1,False,133,4.897839799950911,0.11278195488721804,0.11428571428571428,0.0,0.007142857142857143,0.0,0.007142857142857143,0.8872180451127819,0.85,0.0,0.007142857142857143,0.0,0.007142857142857143,0.0,0.007142857142857143,haha,0.8872180451127819,0.7744360902255639,neutral,0.5492153405910771,0.0,0.1810425041524747,True,0.0,0.0,neutral,0.0,reactionfusion_v1_provisional,train,approved
334,14,0,0,78,0,19,0,111,111,RF_POST_000334,අද යන්න කෙනෙක් හම්බුනාද😒,False,sinhala,596eede0179237fe77b58d7ae254f57bc21064f51c36705e49a13a9319ec8e60,DUP_596eede0179237fe,1,False,111,4.718498871295094,0.12612612612612611,0.1271186440677966,0.0,0.00847457627118644,0.0,0.00847457627118644,0.7027027027027027,0.6694915254237288,0.0,0.00847457627118644,0.17117117117117117,0.1694915254237288,0.0,0.00847457627118644,haha,0.7027027027027027,0.5315315315315315,negative,0.38987056197485165,-0.5525443451815433,0.4168753568542488,False,0.0,0.17117117117117117,negative,-1.0,reactionfusion_v1_provisional,train,approved
335,19,0,1,89,0,0,0,109,109,RF_POST_000335,කෙට්ටු වෙන්න ඇඟ මහන්සි නොවී ඉඳගෙන වගේ කරන්න පුළුවන් ව්යායාම නැද්ද ? 😒👍,False,sinhala,2b694c7afd6bc9d5aef35237f2a7d41c8eadd3b4498c18311b9151075ec99eaa,DUP_2b694c7afd6bc9d5,1,False,109,4.700480365792417,0.1743119266055046,0.1724137931034483,0.0,0.008620689655172414,0.009174311926605505,0.017241379310344827,0.8165137614678899,0.7758620689655172,0.0,0.008620689655172414,0.0,0.008620689655172414,0.0,0.008620689655172414,haha,0.8165137614678899,0.6422018348623854,neutral,0.4656839149636976,0.020283260473037378,0.263662577193408,True,0.005045871559633028,0.0,positive,1.0,reactionfusion_v1_provisional,train,approved
336,10,0,0,97,0,0,0,107,107,RF_POST_000336,Pesbuk ekama kottuwk wela 👍,False,singlish,5f6a4c5cef12e67330f332faa6e41713353293c157918ed3261ef6a690572d8a,DUP_5f6a4c5cef12e673,1,False,107,4.68213122712422,0.09345794392523364,0.09649122807017543,0.0,0.008771929824561403,0.0,0.008771929824561403,0.9065420560747663,0.8596491228070176,0.0,0.008771929824561403,0.0,0.008771929824561403,0.0,0.008771929824561403,haha,0.9065420560747663,0.8130841121495327,neutral,0.5115607803835136,0.0,0.15954799850766474,True,0.0,0.0,neutral,0.0,reactionfusion_v1_provisional,train,approved
337,59,0,0,435,0,0,0,494,494,RF_POST_000337,දැන් ඉන්න නංගිලා මල්ලිලා එක්ක මාව තියලා බැලුවම මටම හිතාගන්න බෑ මන් වැඩිමල්ද කියලා.. 🥹😒👍,False,sinhala,4af28120b16377cfe9b27a393bd515dee1fdd51a54b88571a82ab2f3d1023c0c,DUP_4af28120b16377cf,1,False,494,6.20455776256869,0.1194331983805668,0.11976047904191617,0.0,0.001996007984031936,0.0,0.001996007984031936,0.8805668016194332,0.8702594810379242,0.0,0.001996007984031936,0.0,0.001996007984031936,0.0,0.001996007984031936,haha,0.8805668016194332,0.7611336032388664,neutral,0.5939600997080718,0.0,0.187981010118193,True,0.0,0.0,neutral,0.0,reactionfusion_v1_provisional,train,approved
338,142,3,0,928,1,1,0,1075,1075,RF_POST_000338,බස් එකක ඉස්සරහා දොරෙන් ගොඩ වුණාම මට දැනෙන්නේ 'ලොකු සභාවක් ඉදිරියේ' කතාවක් කරන්න යනව කියලා 🥹😂,False,sinhala,7ab5d041ef7f21fea94e203db608b286338666be2ae1178bbf01f3208c2b7dee,DUP_7ab5d041ef7f21fe,1,False,1075,6.98100574072173,0.13209302325581396,0.1321626617375231,0.0027906976744186047,0.0036968576709796672,0.0,0.0009242144177449168,0.8632558139534884,0.8585951940850277,0.0009302325581395349,0.0018484288354898336,0.0009302325581395349,0.0018484288354898336,0.0,0.0009242144177449168,haha,0.8632558139534884,0.7311627906976744,neutral,0.5699751383855144,0.0076667397583688145,0.21775183041237264,True,0.0027906976744186047,0.0009302325581395349,positive,0.5,reactionfusion_v1_provisional,train,approved
339,107,78,11,3,0,0,0,199,199,RF_POST_000339,දැන් මම ඉන්නේ කවුරු වෙනස්කම් කරත් තරහා උනත් මට වැඩක් නැහැ කියලා හිතෙන වයසක! 😌🖐❤️,False,sinhala,969ff027a7d172a0c97183fea4f4e17a7a5d33c7cb16ab39f5ef82ceedcca4bc,DUP_969ff027a7d172a0,1,False,199,5.298317366548036,0.5376884422110553,0.5242718446601942,0.39195979899497485,0.38349514563106796,0.05527638190954774,0.05825242718446602,0.01507537688442211,0.019417475728155338,0.0,0.0048543689320388345,0.0,0.0048543689320388345,0.0,0.0048543689320388345,like,0.5376884422110553,0.1457286432160804,positive,0.45656554721582576,0.6101159334811379,0.47484981939358145,False,0.42236180904522613,0.0,positive,1.0,reactionfusion_v1_provisional,train,approved
340,68,5,2,200,1,1,0,277,277,RF_POST_000340,ඔබට සවන්දෙන්නෙකු නොමැතිනම් තනියම කියවන්න ! 😌🫴,False,sinhala,2cc87df1988231c27c34ae8ff0e0b9baee762d8172b7c23187a5493056450318,DUP_2cc87df1988231c2,1,False,277,5.627621113690637,0.24548736462093862,0.24295774647887325,0.018050541516245487,0.02112676056338028,0.007220216606498195,0.01056338028169014,0.7220216606498195,0.7077464788732394,0.0036101083032490976,0.007042253521126761,0.0036101083032490976,0.007042253521126761,0.0,0.0035211267605633804,haha,0.7220216606498195,0.47653429602888087,neutral,0.28572662122704673,0.06991070676159652,0.3744396305835654,True,0.022021660649819495,0.0036101083032490976,positive,0.7183098591549295,reactionfusion_v1_provisional,train,approved
341,29,2,0,112,0,2,0,145,145,RF_POST_000341,අපරාදේ ලස්සනවත් උනා නම් කාගෙහරි Crush එකක්වත් වෙන්න තිබ්බා. 🤌😞,False,mixed,3585a040b0207635e9f6e35f9f43cfc90339097dd56a4579fca8aba6d79239a8,DUP_3585a040b0207635,1,False,145,4.983606621708336,0.2,0.19736842105263158,0.013793103448275862,0.019736842105263157,0.0,0.006578947368421052,0.7724137931034483,0.743421052631579,0.0,0.006578947368421052,0.013793103448275862,0.019736842105263157,0.0,0.006578947368421052,haha,0.7724137931034483,0.5724137931034483,neutral,0.6277707993502992,0.0,0.32864809522149707,True,0.013793103448275862,0.013793103448275862,neutral,0.0,reactionfusion_v1_provisional,train,approved
342,69,1,0,361,0,6,0,437,437,RF_POST_000342,ඊයේ ගත්ත ටිකට් එකෙත් 40යි තියෙන්නේ අදත් වැඩට යන්න වෙනවා 😑🖐,False,sinhala,6a06b2d63b405d87133d0c2b639a5aec8a537855634ea4569e1270cd12c7e2c4,DUP_6a06b2d63b405d87,1,False,437,6.082218910376446,0.15789473684210525,0.15765765765765766,0.002288329519450801,0.0045045045045045045,0.0,0.0022522522522522522,0.8260869565217391,0.8153153153153153,0.0,0.0022522522522522522,0.013729977116704805,0.015765765765765764,0.0,0.0022522522522522522,haha,0.8260869565217391,0.6681922196796338,neutral,0.39055545141072495,-0.04608277693024885,0.26828781205848834,True,0.002288329519450801,0.013729977116704805,negative,-0.7142857142857143,reactionfusion_v1_provisional,train,approved
345,33,1,1,97,0,4,0,136,136,RF_POST_000345,ඉස්සර උපන්දිනේ ළං වෙනකොට මාරම සතුටුයි ඒකට දැන් පපුවත් එක්ක සීතලවෙලා යනවා 🖐🤣🍰,False,sinhala,12f6edcceb54186dc5c85bd8e74ab0c5cee5487b83e9b80822c587a06524dd4d,DUP_12f6edcceb54186d,1,False,136,4.919980925828125,0.2426470588235294,0.23776223776223776,0.007352941176470588,0.013986013986013986,0.007352941176470588,0.013986013986013986,0.7132352941176471,0.6853146853146853,0.0,0.006993006993006993,0.029411764705882353,0.03496503496503497,0.0,0.006993006993006993,haha,0.7132352941176471,0.47058823529411764,neutral,0.282945429026407,-0.06773404352201025,0.3908808000938792,True,0.011397058823529413,0.029411764705882353,negative,-0.4414414414414415,reactionfusion_v1_provisional,train,approved
346,62,10,2,142,1,5,0,222,222,RF_POST_000346,හොඳ පඩියක් අරන් කීයක් හරි ඉතුරු කරගන්න හිතෙනවා නේද ආන්න ඒවා තමයි හීන කියන්නෙ 😍😂,False,sinhala,bb0ba2523497efffe7d9faedbfc98851b22ad16ebcfa5e26d0cbc0f168e2f546,DUP_bb0ba2523497efff,1,False,222,5.407171771460119,0.27927927927927926,0.27510917030567683,0.04504504504504504,0.048034934497816595,0.009009009009009009,0.013100436681222707,0.6396396396396397,0.6244541484716157,0.0045045045045045045,0.008733624454148471,0.02252252252252252,0.026200873362445413,0.0,0.004366812227074236,haha,0.6396396396396397,0.36036036036036034,neutral,0.13516280010857298,0.09781900249985968,0.4799284347643144,True,0.049999999999999996,0.02252252252252252,positive,0.3788819875776397,reactionfusion_v1_provisional,train,approved
347,138,18,3,413,0,1,0,573,573,RF_POST_000347,දැන් මට ඕනේ කාර් එකකුයි තට්ටු දෙකේ ගෙදරකුයි තියන කෙනෙක් කසාද බඳින්න 😍🥹,False,sinhala,cdcf353afc5a8985224e0fdb8938b8401a97c3d350ca0caa94f226a072ed4e29,DUP_cdcf353afc5a8985,1,False,573,6.352629396319567,0.24083769633507854,0.2396551724137931,0.031413612565445025,0.032758620689655175,0.005235602094240838,0.006896551724137931,0.7207678883071553,0.7137931034482758,0.0,0.0017241379310344827,0.0017452006980802793,0.0034482758620689655,0.0,0.0017241379310344827,haha,0.7207678883071553,0.4799301919720768,positive,0.09986624402125073,0.12277554498543794,0.3731728173555076,True,0.03429319371727749,0.0017452006980802793,positive,0.9031476997578692,reactionfusion_v1_provisional,train,approved
350,127,3,0,911,3,0,0,1044,1044,RF_POST_000350,බන්ධනාගාර බස් එක තේ බොන්න නවත්තනවද? 🤔😐,False,sinhala,b449ea9de9bbc40dea19c7921d3871e1de87d4d3dcfb30fd35e928aa04b03572,DUP_b449ea9de9bbc40d,1,False,1044,6.951772164398911,0.12164750957854406,0.12178877259752617,0.0028735632183908046,0.003805899143672693,0.0,0.0009514747859181732,0.8726053639846744,0.8677450047573739,0.0028735632183908046,0.003805899143672693,0.0,0.0009514747859181732,0.0,0.0009514747859181732,haha,0.8726053639846744,0.7509578544061303,neutral,0.5450623025904353,0.011896264472550997,0.21008725642349882,True,0.0028735632183908046,0.0,positive,1.0,reactionfusion_v1_provisional,train,approved
351,62,1,1,144,0,12,0,220,220,RF_POST_000351,හීන පස්සේ දුවන්නවත් වෙලාවක් නෑ උදෙන්ම නැගිටලා වැඩට යන්න එපැයි 🥹😅,False,sinhala,09736e77a78e34fcd06442b46676c3b19d56270c5eb59f2b660630aae1380620,DUP_09736e77a78e34fc,1,False,220,5.3981627015177525,0.2818181818181818,0.2775330396475771,0.004545454545454545,0.00881057268722467,0.004545454545454545,0.00881057268722467,0.6545454545454545,0.6387665198237885,0.0,0.004405286343612335,0.05454545454545454,0.05726872246696035,0.0,0.004405286343612335,haha,0.6545454545454545,0.37272727272727274,negative,0.13195067767569793,-0.17047376484372695,0.4327111251029256,True,0.007045454545454546,0.05454545454545454,negative,-0.7712177121771217,reactionfusion_v1_provisional,train,approved
352,45,2,0,161,1,1,0,210,210,RF_POST_000352,මම දැන් ඉන්නේ මම කසාද බැඳලා නැති එක මට ප්රශ්නයක් නොවුනට අනිත් අයට ප්රශ්නයක් වෙන වයසක 😴🙂,False,sinhala,684813ebc7555574fc003241aed97a44c4fb6f61126056daaed93c546448b30c,DUP_684813ebc7555574,1,False,210,5.351858133476067,0.21428571428571427,0.2119815668202765,0.009523809523809525,0.013824884792626729,0.0,0.004608294930875576,0.7666666666666667,0.7465437788018433,0.004761904761904762,0.009216589861751152,0.004761904761904762,0.009216589861751152,0.0,0.004608294930875576,haha,0.7666666666666667,0.5523809523809524,neutral,0.5505654718498808,0.018624173915782617,0.3232674397376877,True,0.009523809523809525,0.004761904761904762,positive,0.3333333333333333,reactionfusion_v1_provisional,train,approved
354,48,0,0,170,0,0,0,218,218,RF_POST_000354,මගේ වයසයි මං කරන වැඩයි අතර කිසිම ගැලපීමක් නෑ 😂🖐,False,sinhala,1a357297f707e30ec6e05cac76285f79f6c8e845efffea044fec1810a92a6e51,DUP_1a357297f707e30e,1,False,218,5.389071729816501,0.22018348623853212,0.21777777777777776,0.0,0.0044444444444444444,0.0,0.0044444444444444444,0.7798165137614679,0.76,0.0,0.0044444444444444444,0.0,0.0044444444444444444,0.0,0.0044444444444444444,haha,0.7798165137614679,0.5596330275229358,neutral,0.6273282071248879,0.0,0.2708964213846366,True,0.0,0.0,neutral,0.0,reactionfusion_v1_provisional,train,approved
355,29,0,0,72,0,0,0,101,101,RF_POST_000355,වම් සාක්කුවේ ෆෝන් එක දාගෙන දකුණු සක්වේ ෆෝන් එක හොයලා බයවෙන්න මිනිස්සු අපි 😍😂,False,sinhala,fcec639ec5049b96abf99cdd9e5ebcee45de8a3b53b630659f923f5f2b33fc05,DUP_fcec639ec5049b96,1,False,101,4.624972813284271,0.2871287128712871,0.2777777777777778,0.0,0.009259259259259259,0.0,0.009259259259259259,0.7128712871287128,0.6759259259259259,0.0,0.009259259259259259,0.0,0.009259259259259259,0.0,0.009259259259259259,haha,0.7128712871287128,0.42574257425742573,neutral,0.5672924432789505,0.0,0.3081132593551294,True,0.0,0.0,neutral,0.0,reactionfusion_v1_provisional,train,approved
356,177,3,0,7,1,322,0,510,510,RF_POST_000356,මලගෙවල් වල කෑම අපිට මාර රසයි ඒක අපේ ගෙදර ඉදෙන දවසක් එනකන් 🙌🤍,False,sinhala,04e0411585aff6b2acb579ef994360cf7b9e3bf9c156b200d74415927cbc1f71,DUP_04e0411585aff6b2,1,False,510,6.236369590203704,0.34705882352941175,0.344294003868472,0.0058823529411764705,0.007736943907156673,0.0,0.0019342359767891683,0.013725490196078431,0.015473887814313346,0.00196078431372549,0.0038684719535783366,0.6313725490196078,0.6247582205029013,0.0,0.0019342359767891683,sad,0.6313725490196078,0.28431372549019607,negative,0.6096302106822346,-0.7573359039312504,0.39000668393214166,False,0.0058823529411764705,0.6313725490196078,negative,-0.9815384615384616,reactionfusion_v1_provisional,train,approved
357,287,22,4,10,4,455,1,783,783,RF_POST_000357,Sorry කියන වචනය පොඩි දෙයක් ඒක අපිට දොස්තර කෙනෙක්ගෙන් අහන්න ලැබෙනකල් 🥺💔,False,mixed,b371f0fa3782b6b62b2b90aed8ee1f190b1e2a9146c2cb9553c484159828d2dd,DUP_b371f0fa3782b6b6,1,False,783,6.664409020350408,0.3665389527458493,0.36455696202531646,0.0280970625798212,0.02911392405063291,0.005108556832694764,0.006329113924050633,0.01277139208173691,0.013924050632911392,0.005108556832694764,0.006329113924050633,0.5810983397190294,0.5772151898734177,0.001277139208173691,0.002531645569620253,sad,0.5810983397190294,0.21455938697318008,negative,0.5289813530608737,-0.6885232914249665,0.46343197598662,False,0.03090676883780332,0.5823754789272031,negative,-0.8992086630570596,reactionfusion_v1_provisional,train,approved
361,45,56,4,1,1,0,0,107,107,RF_POST_000361,මමත් හොඳයි හැබයි මට හොඳ අයට 😌❤️,False,sinhala,b169131cf765353036ac04405633cfa48eb18e8f6e764110d9aad8199ed13327,DUP_b169131cf7653530,1,False,107,4.68213122712422,0.4205607476635514,0.40350877192982454,0.5233644859813084,0.5,0.037383177570093455,0.043859649122807015,0.009345794392523364,0.017543859649122806,0.009345794392523364,0.017543859649122806,0.0,0.008771929824561403,0.0,0.008771929824561403,love,0.5233644859813084,0.102803738317757,positive,0.47093170338038853,0.6973941750771107,0.4693668951379656,False,0.5439252336448598,0.0,positive,1.0,reactionfusion_v1_provisional,train,approved
362,32,1,0,145,0,0,0,178,178,RF_POST_000362,Voice msg ekk ewnnd ! 🌝❤️,False,singlish,6ac208962675e8a7063392bad10f25598efb92b9e33d1aa55542430897eb739a,DUP_6ac208962675e8a7,1,False,178,5.187385805840755,0.1797752808988764,0.1783783783783784,0.0056179775280898875,0.010810810810810811,0.0,0.005405405405405406,0.8146067415730337,0.7891891891891892,0.0,0.005405405405405406,0.0,0.005405405405405406,0.0,0.005405405405405406,haha,0.8146067415730337,0.6348314606741573,neutral,0.4966030476613075,0.022588987848503043,0.2593383088628954,True,0.0056179775280898875,0.0,positive,1.0,reactionfusion_v1_provisional,train,approved
363,166,7,1,213,0,1,0,388,388,RF_POST_000363,දෙයක් ස්තීර වනතුරු කාගෙන් නැතැත් නෑයන්ගෙන් රහසිගතව තබාගන්න 😍😂,False,sinhala,5d5c4cb62ed902a9517f12d2b383a867ff31ff2334cdbd813ccdffdfbb3e2f68,DUP_5d5c4cb62ed902a9,1,False,388,5.963579343618446,0.42783505154639173,0.42278481012658226,0.01804123711340206,0.020253164556962026,0.002577319587628866,0.005063291139240506,0.5489690721649485,0.5417721518987342,0.0,0.002531645569620253,0.002577319587628866,0.005063291139240506,0.0,0.002531645569620253,haha,0.5489690721649485,0.1211340206185567,neutral,0.3612280006811979,0.058438888243811715,0.4088716885814536,True,0.01945876288659794,0.002577319587628866,positive,0.7660818713450291,reactionfusion_v1_provisional,train,approved
364,54,1,0,149,0,0,0,204,204,RF_POST_000364,අපිත් ලොකු මාතෘකා තමයි ඉන්න තැනින් නැගිටලා ගියාම 😌,False,sinhala,0a989704f94ea041c22f37ce3e4165f587ee98373025fb22080348c9c00b4c08,DUP_0a989704f94ea041,1,False,204,5.3230099791384085,0.2647058823529412,0.26066350710900477,0.004901960784313725,0.009478672985781991,0.0,0.004739336492890996,0.7303921568627451,0.7109004739336493,0.0,0.004739336492890996,0.0,0.004739336492890996,0.0,0.004739336492890996,haha,0.7303921568627451,0.46568627450980393,neutral,0.5434416533949119,0.018889979794887293,0.3121260851517764,True,0.004901960784313725,0.0,positive,1.0,reactionfusion_v1_provisional,train,approved
365,51,0,0,217,0,0,0,268,268,RF_POST_000365,Adare thitthaid ? 😐,False,singlish,8e0a26311c756a3425f2b81981fb26ed42231d2060af721a12cfec0d556cd345,DUP_8e0a26311c756a34,1,False,268,5.594711379601839,0.19029850746268656,0.1890909090909091,0.0,0.0036363636363636364,0.0,0.0036363636363636364,0.8097014925373134,0.7927272727272727,0.0,0.0036363636363636364,0.0,0.0036363636363636364,0.0,0.0036363636363636364,haha,0.8097014925373134,0.6194029850746269,neutral,0.6221074497165563,0.0,0.25009146202196936,True,0.0,0.0,neutral,0.0,reactionfusion_v1_provisional,train,approved
366,62,1,0,225,1,2,0,291,291,RF_POST_000366,පාරෙදි දැකපු කෙනෙක්ව Fb එකෙන් හොයාගන්නේ කෝමද? 😒,False,mixed,9eb9da79b10652b91c59027ed63bd2805ed1f00962d601d8281b904056037151,DUP_9eb9da79b10652b9,1,False,291,5.676753802268282,0.21305841924398625,0.21140939597315436,0.003436426116838488,0.006711409395973154,0.0,0.003355704697986577,0.7731958762886598,0.7583892617449665,0.003436426116838488,0.006711409395973154,0.006872852233676976,0.010067114093959731,0.0,0.003355704697986577,haha,0.7731958762886598,0.5601374570446735,neutral,0.5791653697135827,-0.013506527951567817,0.309126371883267,True,0.003436426116838488,0.006872852233676976,negative,-0.3333333333333333,reactionfusion_v1_provisional,train,approved
368,32,1,0,69,0,0,0,102,102,RF_POST_000368,හිත් රිද්දන්නෙ නැතුව දීපූ ණය ඉල්ලන්නෙ කොහොමද 🥹💔,False,sinhala,96a879664efb3fefe2c09419854af2cad63d9449a2b8aa8a3f827a040c67f711,DUP_96a879664efb3fef,1,False,102,4.634728988229636,0.3137254901960784,0.30275229357798167,0.00980392156862745,0.01834862385321101,0.0,0.009174311926605505,0.6764705882352942,0.6422018348623854,0.0,0.009174311926605505,0.0,0.009174311926605505,0.0,0.009174311926605505,haha,0.6764705882352942,0.3627450980392157,neutral,0.4067186351051838,0.036645219250959815,0.3460769248772455,True,0.00980392156862745,0.0,positive,1.0,reactionfusion_v1_provisional,train,approved
369,25,1,0,74,0,2,0,102,102,RF_POST_000369,මාත් හරියට සඳුදා වගේ කවුරුත් කැමති නෑ 🫤,False,sinhala,134404965111b0023b5462bba47ee00f4f68602246aeb552b82c90ab4e6bbbfc,DUP_134404965111b002,1,False,102,4.634728988229636,0.24509803921568626,0.23853211009174313,0.00980392156862745,0.01834862385321101,0.0,0.009174311926605505,0.7254901960784313,0.6880733944954128,0.0,0.009174311926605505,0.0196078431372549,0.027522935779816515,0.0,0.009174311926605505,haha,0.7254901960784313,0.4803921568627451,neutral,0.40741656805587456,-0.03733690623489966,0.3596694898166805,True,0.00980392156862745,0.0196078431372549,negative,-0.3333333333333333,reactionfusion_v1_provisional,train,approved
370,80,1,2,221,1,0,0,305,305,RF_POST_000370,අත්භූත විදිහට සල්ලි හම්බ කරන ඔයාගෙ යාලුවා කවුද 😍😂￼,False,sinhala,d0a9eb3f494dc08b4fdad60b449599fd185e2324706e68e1579a81573b7a28bb,DUP_d0a9eb3f494dc08b,1,False,305,5.723585101952381,0.26229508196721313,0.25961538461538464,0.003278688524590164,0.00641025641025641,0.006557377049180328,0.009615384615384616,0.7245901639344262,0.7115384615384616,0.003278688524590164,0.00641025641025641,0.0,0.003205128205128205,0.0,0.003205128205128205,haha,0.7245901639344262,0.46229508196721314,neutral,0.5201261391863459,0.026393777828859075,0.3365658570361548,True,0.006885245901639345,0.0,positive,1.0,reactionfusion_v1_provisional,train,approved
371,63,2,0,98,2,1,0,166,166,RF_POST_000371,මෝඩ වැඩකට නාස්ති කරපු වැඩිම මුදල කීයද 😍😂,False,sinhala,e2579803c4a85f0c367d6746b603b821c372a514a3d71127e8b036d9b65312e6,DUP_e2579803c4a85f0c,1,False,166,5.117993812416755,0.3795180722891566,0.3699421965317919,0.012048192771084338,0.017341040462427744,0.0,0.005780346820809248,0.5903614457831325,0.5722543352601156,0.012048192771084338,0.017341040462427744,0.006024096385542169,0.011560693641618497,0.0,0.005780346820809248,haha,0.5903614457831325,0.21084337349397592,neutral,0.5621310594212219,0.02138619799545355,0.4193939339293338,True,0.012048192771084338,0.006024096385542169,positive,0.3333333333333333,reactionfusion_v1_provisional,train,approved
372,25,3,0,119,0,0,0,147,147,RF_POST_000372,Mn oyt chooty kynnd 👀,False,singlish,5d50d96cfe58310618240b101d9f6572e00ef9bbdc13c7efb7504f71bc4ce9f4,DUP_5d50d96cfe583106,1,False,147,4.997212273764115,0.17006802721088435,0.16883116883116883,0.02040816326530612,0.025974025974025976,0.0,0.006493506493506494,0.8095238095238095,0.7792207792207793,0.0,0.006493506493506494,0.0,0.006493506493506494,0.0,0.006493506493506494,haha,0.8095238095238095,0.6394557823129252,neutral,0.1960156156000791,0.08130308397117464,0.2835535907933217,True,0.02040816326530612,0.0,positive,1.0,reactionfusion_v1_provisional,train,approved
374,30,1,0,105,0,2,0,138,138,RF_POST_000374,මොනවා වුණත් දෙවෙනි ඉනිම ඉවර වෙන එකට චුට්ටක් දුකයි 👀💔,False,sinhala,7cc581cb2b1b332a975b1c8a90b1a9d13413500cec66645781122feeaac36e20,DUP_7cc581cb2b1b332a,1,False,138,4.9344739331306915,0.21739130434782608,0.21379310344827587,0.007246376811594203,0.013793103448275862,0.0,0.006896551724137931,0.7608695652173914,0.7310344827586207,0.0,0.006896551724137931,0.014492753623188406,0.020689655172413793,0.0,0.006896551724137931,haha,0.7608695652173914,0.5434782608695652,neutral,0.47557598010781454,-0.028191992034687505,0.3272301914076515,True,0.007246376811594203,0.014492753623188406,negative,-0.3333333333333333,reactionfusion_v1_provisional,train,approved
376,28,1,0,169,1,0,0,199,199,RF_POST_000376,oya ylu weld inne.🌚,False,singlish,42df4422fd19966619b181a2918a4563d952636cb491c75258536de0351b4a34,DUP_42df4422fd199666,1,False,199,5.298317366548036,0.1407035175879397,0.1407766990291262,0.005025125628140704,0.009708737864077669,0.0,0.0048543689320388345,0.8492462311557789,0.8252427184466019,0.005025125628140704,0.009708737864077669,0.0,0.0048543689320388345,0.0,0.0048543689320388345,haha,0.8492462311557789,0.7085427135678392,neutral,0.5044197417886076,0.020547895611809325,0.24045549029501964,True,0.005025125628140704,0.0,positive,1.0,reactionfusion_v1_provisional,train,approved
378,203,250,8,4,1,0,0,466,466,RF_POST_000378,කොල්ලෙක් පරිණත වුණාම බයික් එකේ 50ට වඩා වෙගෙන් යන්නේ නෑ. 😌❤️,False,sinhala,a4f28bc26ced706892effb553db8454de94fb405ff3334f1514417954453b72c,DUP_a4f28bc26ced7068,1,False,466,6.1463292576688975,0.4356223175965665,0.4312896405919662,0.5364806866952789,0.5306553911205074,0.017167381974248927,0.019027484143763214,0.008583690987124463,0.010570824524312896,0.002145922746781116,0.004228329809725159,0.0,0.0021141649048625794,0.0,0.0021141649048625794,love,0.5364806866952789,0.10085836909871244,positive,0.5542256523773298,0.7022074814556879,0.4213346117946346,False,0.5459227467811159,0.0,positive,1.0,reactionfusion_v1_provisional,train,approved
379,36,0,0,84,0,5,0,125,125,RF_POST_000379,තෙල් මිල වගේ පඩි හම්බ වෙන ජොබ් නැද්ද ! සතියෙන් සතිය වැඩි වෙනවනේ 😍😂,False,sinhala,53f58b93c144ddbc6dd872135540452995cea0149f435a5c2b1070df768a9130,DUP_53f58b93c144ddbc,1,False,125,4.836281906951478,0.288,0.2803030303030303,0.0,0.007575757575757576,0.0,0.007575757575757576,0.672,0.6439393939393939,0.0,0.007575757575757576,0.04,0.045454545454545456,0.0,0.007575757575757576,haha,0.672,0.384,negative,0.10849130101042301,-0.14661179488791928,0.38767148528060186,True,0.0,0.04,negative,-1.0,reactionfusion_v1_provisional,train,approved
380,133,245,74,0,0,0,0,452,452,RF_POST_000380,මගේම සල්ලි වලින් පොඩියට දන්සලක් දෙනවා මම කවදා හරි 🥺❤️,False,sinhala,18700dd4d72150303d925119d2978794986115c8e9f5fbac120c71e4bcd554ee,DUP_18700dd4d7215030,1,False,452,6.115892125483034,0.2942477876106195,0.29193899782135074,0.5420353982300885,0.5359477124183006,0.16371681415929204,0.16339869281045752,0.0,0.002178649237472767,0.0,0.002178649237472767,0.0,0.002178649237472767,0.0,0.002178649237472767,love,0.5420353982300885,0.24778761061946902,positive,0.5473864054540346,0.7337632491076946,0.5078257383962136,False,0.6320796460176992,0.0,positive,1.0,reactionfusion_v1_provisional,train,approved
381,86,110,15,1,1,0,0,213,213,RF_POST_000381,කවුරු මොනවා කිව්වත් pixel LED වලින් ගහන තොරණට වඩා ඉස්සර ෆ්ළෑශර් කොටෙන් ගහන තොරණ ලස්සනයි 😌❤️,False,mixed,f4e98dd834af418213b5335826329526f166fe551fc1855b417bf93b451b9846,DUP_f4e98dd834af4182,1,False,213,5.365976015021851,0.40375586854460094,0.39545454545454545,0.5164319248826291,0.5045454545454545,0.07042253521126761,0.07272727272727272,0.004694835680751174,0.00909090909090909,0.004694835680751174,0.00909090909090909,0.0,0.004545454545454545,0.0,0.004545454545454545,love,0.5164319248826291,0.11267605633802817,positive,0.5212873955275396,0.6982322036144711,0.48544760453081987,False,0.5551643192488263,0.0,positive,1.0,reactionfusion_v1_provisional,train,approved
382,51,1,0,249,1,3,0,305,305,RF_POST_000382,පුලුවන් නම් පෙට්රල් Full Tank කරලා පෙන්නන්න ශ්රිලංකා රජයේ පනිවිඩයක් 😍😂,False,mixed,859ebda22dc587839c93b7c3cddc1b4edde2a5d9d6031df02d74ce9728a46ead,DUP_859ebda22dc58783,1,False,305,5.723585101952381,0.16721311475409836,0.16666666666666666,0.003278688524590164,0.00641025641025641,0.0,0.003205128205128205,0.8163934426229508,0.8012820512820513,0.003278688524590164,0.00641025641025641,0.009836065573770493,0.01282051282051282,0.0,0.003205128205128205,haha,0.8163934426229508,0.6491803278688525,neutral,0.49911168236337916,-0.02631097671809491,0.2814315856203097,True,0.003278688524590164,0.009836065573770493,negative,-0.5,reactionfusion_v1_provisional,train,approved
383,62,69,14,0,0,0,0,145,145,RF_POST_000383,"🪔 “සබ්බ පාපස්ස අකරණං, කුසලස්ස උපසම්පදා; සචිත්ත පරියෝදපනං, ඒතං බුද්ධාන සාසනං.” පිංබර වෙසක් මංගල්යයක් වේවා ! 🙏❤️",False,sinhala,0cf05eb92a4d08937818a002843582e3c89578a75f05ca01dc3cf63b78f5cba3,DUP_0cf05eb92a4d0893,1,False,145,4.983606621708336,0.42758620689655175,0.4144736842105263,0.47586206896551725,0.4605263157894737,0.09655172413793103,0.09868421052631579,0.0,0.006578947368421052,0.0,0.006578947368421052,0.0,0.006578947368421052,0.0,0.006578947368421052,love,0.47586206896551725,0.04827586206896552,positive,0.4829306099646555,0.6743347748110102,0.48428330005529985,False,0.5289655172413793,0.0,positive,1.0,reactionfusion_v1_provisional,train,approved
384,96,2,0,340,1,0,0,439,439,RF_POST_000384,ඉතුරු උන සුදු සව් කොල කෑලී තියාගන්න මචං 🙂,False,sinhala,206cf65b4728911550ed76826d0eaada654cd11a115e75572d2d2f3ae054e3be,DUP_206cf65b47289115,1,False,439,6.0867747269123065,0.21867881548974943,0.21748878923766815,0.004555808656036446,0.006726457399103139,0.0,0.002242152466367713,0.7744874715261959,0.7645739910313901,0.002277904328018223,0.004484304932735426,0.0,0.002242152466367713,0.0,0.002242152466367713,haha,0.7744874715261959,0.5558086560364465,neutral,0.5493752058322974,0.01795608228384398,0.29228993866268466,True,0.004555808656036446,0.0,positive,1.0,reactionfusion_v1_provisional,train,approved
387,30,23,2,123,1,0,0,179,179,RF_POST_000387,මට ආසයි ඉක්මනට කසාද බැදලා හස්බන්ට එක එක කෑම ජාති හදලා දෙන්න😌,False,sinhala,84d9f3cc7300dd1f13c8cbfdffd99a022db7d3bda1cbf073c2d5ff5e56ca5269,DUP_84d9f3cc7300dd1f,1,False,179,5.19295685089021,0.16759776536312848,0.16666666666666666,0.12849162011173185,0.12903225806451613,0.0111731843575419,0.016129032258064516,0.6871508379888268,0.6666666666666666,0.00558659217877095,0.010752688172043012,0.0,0.005376344086021506,0.0,0.005376344086021506,haha,0.6871508379888268,0.5195530726256983,positive,0.33739426430792224,0.4514784891273932,0.46252229082124185,True,0.13463687150837989,0.0,positive,1.0,reactionfusion_v1_provisional,train,approved
388,53,6,3,214,1,0,0,277,277,RF_POST_000388,කේන්දරේට කිව්වා ආත්ම ගත සහාකාරයා ලබන අවුරුද්දේ එනවලු 😌,False,sinhala,bbc1db8d19a0be8c01b2736d40a6323d97b41c9b5d71fe82d68c84fc25106604,DUP_bbc1db8d19a0be8c,1,False,277,5.627621113690637,0.19133574007220217,0.19014084507042253,0.021660649819494584,0.02464788732394366,0.010830324909747292,0.014084507042253521,0.7725631768953068,0.7570422535211268,0.0036101083032490976,0.007042253521126761,0.0,0.0035211267605633804,0.0,0.0035211267605633804,haha,0.7725631768953068,0.5812274368231047,neutral,0.07061755758547211,0.10733372177672033,0.343332545523942,True,0.027617328519855596,0.0,positive,1.0,reactionfusion_v1_provisional,train,approved
389,19,0,0,92,0,0,0,111,111,RF_POST_000389,මට වෙලාවකට හිතෙනවා මමත් නාග කන්යාවියක්ද දන්නේ නෑ කියලා 😃😃,False,sinhala,402c6c6f7c00bb68f958c3148992a7b6506ad2c66e4f5562604e5f33a8fb19fc,DUP_402c6c6f7c00bb68,1,False,111,4.718498871295094,0.17117117117117117,0.1694915254237288,0.0,0.00847457627118644,0.0,0.00847457627118644,0.8288288288288288,0.788135593220339,0.0,0.00847457627118644,0.0,0.00847457627118644,0.0,0.00847457627118644,haha,0.8288288288288288,0.6576576576576577,neutral,0.5505368336985834,0.0,0.23523100617027665,True,0.0,0.0,neutral,0.0,reactionfusion_v1_provisional,train,approved
390,132,1,0,0,0,0,0,133,133,RF_POST_000390,රට ඉන්න කෙනෙක්ට ලංකාවේ Bank එකක account එකක් open කරන්න විදිහක් තියෙනවද 🥲,False,mixed,17b9b3ed3939a4b1ba3dee47b62e7078af5415174ef5235be9a565097aaffbcc,DUP_17b9b3ed3939a4b1,1,False,133,4.897839799950911,0.9924812030075187,0.95,0.007518796992481203,0.014285714285714285,0.0,0.007142857142857143,0.0,0.007142857142857143,0.0,0.007142857142857143,0.0,0.007142857142857143,0.0,0.007142857142857143,like,0.9924812030075187,0.9849624060150376,neutral,0.4044098859077972,0.01796281880880117,0.02274514168462189,True,0.007518796992481203,0.0,positive,1.0,reactionfusion_v1_provisional,train,approved
391,81,2,1,580,0,2,1,667,667,RF_POST_000391,හොරෙන්ම බැන්දා කියලා යාලුවොන්ට කියන්නේ කොහොමද හිත රිදෙන් නැති වෙන්න එයාලට වෙඩින් එක කිව්වේත් නෑ 😞,False,sinhala,3d54ad71b4f5183efbbbad58d40de6d5974cdbe1e8a8dbfc1dc4f4bedfc1ddda,DUP_3d54ad71b4f5183e,1,False,667,6.504288173536645,0.12143928035982009,0.12166172106824925,0.0029985007496251873,0.004451038575667656,0.0014992503748125937,0.002967359050445104,0.8695652173913043,0.8620178041543026,0.0,0.001483679525222552,0.0029985007496251873,0.004451038575667656,0.0014992503748125937,0.002967359050445104,haha,0.8695652173913043,0.7481259370314842,neutral,0.5968023104732798,-0.0027840151631090266,0.22195607664665268,True,0.003823088455772114,0.004497751124437781,negative,-0.08108108108108111,reactionfusion_v1_provisional,train,approved
393,101,4,0,232,0,0,0,337,337,RF_POST_000393,වෙඩින් එක දවසට ෆෝන් එකෙන්ම ෆොටෝ ටිකක් අරන් ලස්සනට එඩිට් කරලා ගන්න එක හොදයි වගේ 🤣,False,sinhala,b5c1bb646fe0ba438f9e89fd25b81b87c2dee8a63eada322be9307868561a624,DUP_b5c1bb646fe0ba43,1,False,337,5.823045895483019,0.2997032640949555,0.29651162790697677,0.011869436201780416,0.014534883720930232,0.0,0.0029069767441860465,0.6884272997032641,0.6773255813953488,0.0,0.0029069767441860465,0.0,0.0029069767441860465,0.0,0.0029069767441860465,haha,0.6884272997032641,0.3887240356083086,neutral,0.421923261472858,0.044607302947365125,0.3447122232975614,True,0.011869436201780416,0.0,positive,1.0,reactionfusion_v1_provisional,train,approved
394,465,476,88,2,0,0,0,1031,1031,RF_POST_000394,දැකපු හොදම Quality එකට වැඩේ කරලා දෙන photographer කවුද ?,False,mixed,28aebbcce67888df772b8bd0bfbe118010d4ac5595b0c1613de51160a2dc0b23,DUP_28aebbcce67888df,1,False,1031,6.939253946041508,0.4510184287099903,0.4489402697495183,0.46168768186226966,0.4595375722543353,0.08535402521823472,0.08574181117533719,0.0019398642095053346,0.002890173410404624,0.0,0.0009633911368015414,0.0,0.0009633911368015414,0.0,0.0009633911368015414,love,0.46168768186226966,0.01066925315227934,positive,0.5030161177906657,0.6627763773582823,0.48209400475815833,False,0.5086323957322988,0.0,positive,1.0,reactionfusion_v1_provisional,train,approved
397,160,14,0,788,0,1,0,963,963,RF_POST_000397,"Electric බස් 100කුත් ගේනවලු හෙට අනිද්දට, ගැමුනුවට නම් සැනසීමක් ඇත්තෙම නෑ 🤦♂️",False,mixed,adb6f01a6d0e6ba0685704ca9eac2f5ac4040d8b547a36cd002167719814b5a2,DUP_adb6f01a6d0e6ba0,1,False,963,6.871091294610546,0.16614745586708204,0.16597938144329896,0.014537902388369679,0.015463917525773196,0.0,0.0010309278350515464,0.818276220145379,0.8134020618556701,0.0,0.0010309278350515464,0.0010384215991692627,0.002061855670103093,0.0,0.0010309278350515464,haha,0.818276220145379,0.652128764278297,neutral,0.3492023340619833,0.05415747207284785,0.27286365173673344,True,0.014537902388369679,0.0010384215991692627,positive,0.8666666666666667,reactionfusion_v1_provisional,train,approved
398,49,1,1,1086,0,0,0,1137,1137,RF_POST_000398,"දිලිත් වගකීමෙන් කියනවා ආණ්ඩුවට දැන් බුද්ධි තොරතුරු එන්නෙ නෑලු, උගෙ අම්මටලු එන්නෙ ❤️",False,sinhala,e7de8ae0fb433144b8536937bffa38d2fd73465500311fa3b7e1446dbed54750,DUP_e7de8ae0fb433144,1,False,1137,7.037027614686276,0.04309586631486367,0.043706293706293704,0.0008795074758135445,0.0017482517482517483,0.0008795074758135445,0.0017482517482517483,0.9551451187335093,0.9501748251748252,0.0,0.0008741258741258741,0.0,0.0008741258741258741,0.0,0.0008741258741258741,haha,0.9551451187335093,0.9120492524186455,neutral,0.5223820227191088,0.005872543525457091,0.09852343460608849,True,0.001363236587510994,0.0,positive,1.0,reactionfusion_v1_provisional,train,approved
400,330,2,0,68,3,269,8,680,680,RF_POST_000400,"අර ගුවන් නියමුවරිය දාපු නඩුවෙන් චාමික කියන http දිනයි වගේ බන්, DNA එකක් කරන්ඩ ඒ කෙල්ල කරපු ඉල්ලීමත් උසාවියෙන් ප්රතික්ශේප කරලා ප්රමාණවත් සාක්ෂි නෑ කියලා 😏",False,mixed,025112bc9d172b3027cc68b7ade17036763751983e71f5355b12be32dfe7ea03,DUP_025112bc9d172b30,1,False,680,6.523562306149512,0.4852941176470588,0.48180494905385735,0.0029411764705882353,0.004366812227074236,0.0,0.001455604075691412,0.1,0.10043668122270742,0.004411764705882353,0.005822416302765648,0.39558823529411763,0.3930131004366812,0.011764705882352941,0.013100436681222707,like,0.4852941176470588,0.08970588235294118,negative,0.4694792290980625,-0.6409872138763804,0.5351351748616883,False,0.0029411764705882353,0.4073529411764706,negative,-0.985663082437276,reactionfusion_v1_provisional,train,approved
401,981,343,17,3272,8,0,1,4622,4622,RF_POST_000401,"බිමල් බොසා අර ගැමුනුවා එක්ක පෞද්ගලික අවුලක් තියෙනවද දන්නෙත් නෑ, අයෙත් Metro බස් 50ක් ගේනවලු 🤣",False,mixed,631a3c7f68518ee675e7169d1eb5907f2b3bf64c1909be9327236ab58fdc2e3a,DUP_631a3c7f68518ee6,1,False,4622,8.438799123988225,0.21224578104716574,0.21214085115575718,0.07421029857204674,0.07431410671851371,0.0036780614452617912,0.0038885288399222295,0.707918649935093,0.7070641607258588,0.0017308524448290783,0.0019442644199611147,0.0,0.00021602937999567941,0.00021635655560363478,0.00043205875999135883,haha,0.707918649935093,0.49567286888792733,positive,0.21894170599024793,0.2755901424242111,0.41110640558953815,True,0.07623323236694073,0.00021635655560363478,positive,0.9943398896278477,reactionfusion_v1_provisional,train,approved
403,68,2,1,689,0,2,1,763,763,RF_POST_000403,"මේ කාවඩි htc නිසා අපිට සුපුන්ව අමතක උනා නේත, පොර සල්ලි හොයාගත්තද දන්නෑ 🙂↔️",False,mixed,5a6f4e49b07ce2c48b55b82084870cbbd65415516a303a31d4fdeab72b691622,DUP_5a6f4e49b07ce2c4,1,False,763,6.638567789166521,0.0891218872870249,0.08961038961038961,0.002621231979030144,0.003896103896103896,0.001310615989515072,0.0025974025974025974,0.9030144167758847,0.8961038961038961,0.0,0.0012987012987012987,0.002621231979030144,0.003896103896103896,0.001310615989515072,0.0025974025974025974,haha,0.9030144167758847,0.8138925294888598,neutral,0.579318362587209,-0.00247412343306981,0.18302831577507142,True,0.003342070773263434,0.003931847968545217,negative,-0.08108108108108111,reactionfusion_v1_provisional,train,approved
405,231,5,3,1855,2,0,0,2096,2096,RF_POST_000405,නාමලයා දැන් high capacity බයික් පදින උන්ව හාවෝ කරන්ඩ යන්නෙ 😍,False,mixed,edc01291f7c820efae9f4ef5d5c9a83dec0e9de9e086e365bee4d174ce113c39,DUP_edc01291f7c820ef,1,False,2096,7.64826303090192,0.11020992366412213,0.11031859248692344,0.002385496183206107,0.0028530670470756064,0.0014312977099236641,0.0019020446980504042,0.8850190839694656,0.8825487398953875,0.0009541984732824427,0.0014265335235378032,0.0,0.00047551117451260106,0.0,0.00047551117451260106,haha,0.8850190839694656,0.7748091603053435,neutral,0.5322012195522736,0.013211618166611878,0.19608791237073067,True,0.0031727099236641223,0.0,positive,1.0,reactionfusion_v1_provisional,train,approved
407,29,2,0,344,1,2,0,378,378,RF_POST_000407,"ඩොලර් යුපුන්ට ක්රීඩා ඇමතිගෙ බලකායක් fb එකේ දැන් අනම් මනම් කියනවලු, ඒවා නම් මහ cry වැඩ මචං 💔",False,mixed,528a65ceefa42fa260d16565279bcfa288400738d8ad5c42d5f9ee61d3b97743,DUP_528a65ceefa42fa2,1,False,378,5.937536205082426,0.07671957671957672,0.07792207792207792,0.005291005291005291,0.007792207792207792,0.0,0.0025974025974025974,0.91005291005291,0.8961038961038961,0.0026455026455026454,0.005194805194805195,0.005291005291005291,0.007792207792207792,0.0,0.0025974025974025974,haha,0.91005291005291,0.8333333333333334,neutral,0.5906339195961618,0.0,0.18188345302416128,True,0.005291005291005291,0.005291005291005291,neutral,0.0,reactionfusion_v1_provisional,train,approved
408,138,7,2,2998,4,1,1,3151,3151,RF_POST_000408,සඳනි අහල පහල අයත් එක්ක රණ්ඩු වෙනවා බලන්ඩ ආසයි 😚,False,sinhala,f151cc8d0363abc1fcad9f81e9d82479da5db1010788b2d637981865cb91ec03,DUP_f151cc8d0363abc1,1,False,3151,8.05579245097777,0.043795620437956206,0.04401519949335022,0.002221516978736909,0.00253324889170361,0.0006347191367819739,0.0009499683343888537,0.951443986036179,0.9496516782773907,0.0012694382735639479,0.0015832805573147563,0.00031735956839098697,0.0006333122229259025,0.00031735956839098697,0.0006333122229259025,haha,0.951443986036179,0.9076483655982228,neutral,0.5170333898891889,0.008319360332105228,0.11109690938739647,True,0.0025706125039669948,0.0006347191367819739,positive,0.6039603960396039,reactionfusion_v1_provisional,train,approved
409,56,2,0,5,0,0,0,63,63,RF_POST_000409,විජය කුමාරතුංගගෙ ඉස්සරහ දත් දෙක අතර හිඩැසක් තිබ්බද??🤔 විජයව ඇත්තට දැකපු අය කෝ🥰♥️,False,sinhala,89c3904fd1cb2cd6d52273b60c56cca463c42a8d42f190b8f5439dbe6fd75552,DUP_89c3904fd1cb2cd6,1,False,63,4.1588830833596715,0.8888888888888888,0.8142857142857143,0.031746031746031744,0.04285714285714286,0.0,0.014285714285714285,0.07936507936507936,0.08571428571428572,0.0,0.014285714285714285,0.0,0.014285714285714285,0.0,0.014285714285714285,like,0.8888888888888888,0.8095238095238095,neutral,0.14645891158635882,0.07956186038847217,0.21342531913734417,True,0.031746031746031744,0.0,positive,1.0,reactionfusion_v1_provisional,train,approved
410,34,1,0,985,0,0,0,1020,1020,RF_POST_000410,"නාමල් අද ගෝඨා වෙනුවෙන් උසාවියට ගිහිම් ලෝයර් කෙනෙක් වගේ, එතන හිටිය පොරක් නාමල්ගෙන් සිවිල් නඩු විධාන සංග්රහයේ පළවෙනි වාක්ය දෙක අහලා නාමලයා නැගිටලා එලියට ඇවිත් 😚",False,sinhala,cf4614092af75a2dab014138b2703c0dc4cfc5d05963ec5526a68f3946f8c00a,DUP_cf4614092af75a2d,1,False,1020,6.928537818164665,0.03333333333333333,0.034079844206426485,0.000980392156862745,0.0019474196689386564,0.0,0.0009737098344693282,0.9656862745098039,0.9600778967867576,0.0,0.0009737098344693282,0.0,0.0009737098344693282,0.0,0.0009737098344693282,haha,0.9656862745098039,0.9323529411764706,neutral,0.5204535432615478,0.004245081303673973,0.07908028412199242,True,0.000980392156862745,0.0,positive,1.0,reactionfusion_v1_provisional,train,approved
412,163,13,3,741,5,1,1,927,927,RF_POST_000412,"ශාන්ත බණ්ඩාර කියන්නෙ හොඳ පියෙක්, පාර්ලිමේන්තු ඇමති වෙලා ඉද්දි තමන්ගෙ අවුරුදු 19ක පුතාට බාර් එකකුත් දාලා දීලා ❤️",False,sinhala,484ba8ab3930dbd55ff773c09fd2c378e9f5a1ff9ef5002cab25b26d0b0d6217,DUP_484ba8ab3930dbd5,1,False,927,6.833031732786201,0.17583603020496225,0.17558886509635974,0.014023732470334413,0.014989293361884369,0.003236245954692557,0.004282655246252677,0.7993527508090615,0.7944325481798715,0.005393743257820928,0.006423982869379015,0.0010787486515641855,0.0021413276231263384,0.0010787486515641855,0.0021413276231263384,haha,0.7993527508090615,0.6235167206040992,neutral,0.3599445799334783,0.054126415912855226,0.3114012414514456,True,0.01580366774541532,0.002157497303128371,positive,0.7597597597597598,reactionfusion_v1_provisional,train,approved
413,20,0,1,629,1,1,0,652,652,RF_POST_000413,කඹුරුපිටියේ ඩයල් එකක් මායා බන්ධන බලලා high tension line එකකට නැගලා සමාන්තර ලෝකෙකට යන්ඩ 😍,False,mixed,7dbf56f54ac484621d688d3c4b36db3d43a5b770ae29136f26640c28fe6ebf69,DUP_7dbf56f54ac48462,1,False,652,6.481577129276431,0.03067484662576687,0.03186646433990895,0.0,0.0015174506828528073,0.0015337423312883436,0.0030349013657056147,0.9647239263803681,0.9559939301972686,0.0015337423312883436,0.0030349013657056147,0.0015337423312883436,0.0030349013657056147,0.0,0.0015174506828528073,haha,0.9647239263803681,0.9340490797546013,neutral,0.5304939712066081,-0.0029847226135242422,0.08805305111965331,True,0.0008435582822085891,0.0015337423312883436,negative,-0.29032258064516125,reactionfusion_v1_provisional,train,approved
415,193,385,55,5,2,0,0,640,640,RF_POST_000415,"අපි ඉස්කෝලේ කොහොම නැටුවත් ගුරුවරු ඒවට කන් පිරෙන්ඩ සැලකුවා මිසක් චරිත සහතික වලින් අපිව වැට්ටුවෙ නෑ, ඒකයි අදටත් දැක්ක තැන ඒ ගුරුවරුන්ට වඳින්නෙ 😘",False,sinhala,780701d5d427435aea6aa99894d1fbf07f182d0dc059c02ba802945836d39276,DUP_780701d5d427435a,1,False,640,6.46302945692067,0.3015625,0.29984544049459044,0.6015625,0.5965996908809892,0.0859375,0.0865533230293663,0.0078125,0.00927357032457496,0.003125,0.00463678516228748,0.0,0.0015455950540958269,0.0,0.0015455950540958269,love,0.6015625,0.3,positive,0.5780066240823768,0.7605457034731529,0.4800171319302703,False,0.648828125,0.0,positive,1.0,reactionfusion_v1_provisional,train,approved
416,48,1,1,465,0,0,0,515,515,RF_POST_000416,මනේෂා දැන් අර සාර්ථකත්වය ගැන කියන කෙල්ලට video එකක් දැම්මා නම් මනේෂගෙ නෝ බෝල් ටික ශේප් වෙනවා 😚,False,mixed,33c79f95fc0bf25dc0f067d4f283e80ad27fd4bfbe8cce054f2f6e8d79e2ffa7,DUP_33c79f95fc0bf25d,1,False,515,6.246106765481563,0.09320388349514563,0.09386973180076628,0.001941747572815534,0.0038314176245210726,0.001941747572815534,0.0038314176245210726,0.9029126213592233,0.89272030651341,0.0,0.0019157088122605363,0.0,0.0019157088122605363,0.0,0.0019157088122605363,haha,0.9029126213592233,0.8097087378640777,neutral,0.5249247798953265,0.012641480200185174,0.1735089559275981,True,0.003009708737864078,0.0,positive,1.0,reactionfusion_v1_provisional,train,approved
417,44,3,0,482,0,0,0,529,529,RF_POST_000417,"ආජන්ටිනාවේ ස්පාඤ්ඤයේ උනුත් ලෝක කුසලානේ බලලා පාඩුවේ ඉන්නවා, අපේ උන් 1800 ගනන්වල ඒ රටවල් තිබුන විදිය ගැනත් හෑලි ලියනවා 😚",False,sinhala,796fee074fd988f465d57e988703d0fb27ee488d0d175d5ee2242538b406bb0f,DUP_796fee074fd988f4,1,False,529,6.272877006546167,0.0831758034026465,0.08395522388059702,0.005671077504725898,0.007462686567164179,0.0,0.0018656716417910447,0.9111531190926276,0.9011194029850746,0.0,0.0018656716417910447,0.0,0.0018656716417910447,0.0,0.0018656716417910447,haha,0.9111531190926276,0.8279773156899811,neutral,0.4664633962851786,0.023896874267049624,0.16493672868254955,True,0.005671077504725898,0.0,positive,1.0,reactionfusion_v1_provisional,train,approved
418,194,6,0,1160,4,1,0,1365,1365,RF_POST_000418,අර සුද්දා එක්ක කතා කරන ලංකාවේ කෙල්ල කුරුණෑගල කෙල්ලෙක්ලු නේත ❤️,False,sinhala,ad2fd9b8dc68bc7aeab8dfefa6958ddab14b433ae08e9f804af79a4b80c9cb9a,DUP_ad2fd9b8dc68bc7a,1,False,1365,7.2196420401307355,0.14212454212454212,0.14212827988338192,0.004395604395604396,0.00510204081632653,0.0,0.0007288629737609329,0.8498168498168498,0.8462099125364432,0.0029304029304029304,0.0036443148688046646,0.0007326007326007326,0.0014577259475218659,0.0,0.0007288629737609329,haha,0.8498168498168498,0.7076923076923077,neutral,0.5414062658354644,0.014985570903124513,0.23733000234496762,True,0.004395604395604396,0.0007326007326007326,positive,0.7142857142857143,reactionfusion_v1_provisional,train,approved
420,34,70,15,11,3,0,0,133,133,RF_POST_000420,"ප්රතිපත්තියක් විදිහට ජීවිතේ කිසිම දවසක,කිසිම මනුස්සයෙක්ට අපහාස කරලා නෑ.කරන්නෙත් නෑ ☺️",False,sinhala,62eefb75cd0a8efd89848fa80447463246b9d42f7f215e8dd5ee58bbdf2bb24a,DUP_62eefb75cd0a8efd,1,False,133,4.897839799950911,0.2556390977443609,0.25,0.5263157894736842,0.5071428571428571,0.11278195488721804,0.11428571428571428,0.08270676691729323,0.08571428571428572,0.022556390977443608,0.02857142857142857,0.0,0.007142857142857143,0.0,0.007142857142857143,love,0.5263157894736842,0.2706766917293233,positive,0.47861320957134107,0.7507974850577552,0.6291664027957536,False,0.5883458646616541,0.0,positive,1.0,reactionfusion_v1_provisional,train,approved
422,190,3,0,1086,4,0,0,1283,1283,RF_POST_000422,"මනේෂා මොකක් හරි කරලද, එයාගෙ ජෝක් වලට හිනා යන දායක සභාවේ අයම අවුල් ගිහිම් post දාලා තියෙනවා දැක්කා 🥹",False,mixed,c89b438c1b6d534d8b1740f2099d64fbb50cf99b251ae73ca8362c5eb32c37cd,DUP_c89b438c1b6d534d,1,False,1283,7.157735484249907,0.1480904130943102,0.14806201550387596,0.002338269680436477,0.0031007751937984496,0.0,0.0007751937984496124,0.8464536243180046,0.8426356589147287,0.003117692907248636,0.003875968992248062,0.0,0.0007751937984496124,0.0,0.0007751937984496124,haha,0.8464536243180046,0.6983632112236945,neutral,0.5680278958485414,0.009559539843261003,0.2343908637391706,True,0.002338269680436477,0.0,positive,1.0,reactionfusion_v1_provisional,train,approved
423,16,8,2,51,1,0,0,78,78,RF_POST_000423,මම මත්ද්රව්ය නිවාරණය ගැන වැඩසටහනක් කරොත් ඔයාලා සහභාගි වෙනවද 🙄,False,sinhala,1b6f39d948623317424225473d07dcdf998aa86713f720af58d50e1e7c733863,DUP_1b6f39d948623317,1,False,78,4.3694478524670215,0.20512820512820512,0.2,0.10256410256410256,0.10588235294117647,0.02564102564102564,0.03529411764705882,0.6538461538461539,0.611764705882353,0.01282051282051282,0.023529411764705882,0.0,0.011764705882352941,0.0,0.011764705882352941,haha,0.6538461538461539,0.44871794871794873,positive,0.23080034179146647,0.3913680000595079,0.5067626330431569,True,0.11666666666666667,0.0,positive,1.0,reactionfusion_v1_provisional,train,approved
425,43,1,1,401,1,3,0,450,450,RF_POST_000425,"Hto රඹුටන් තියෙන්නෙ ලෙල්ල අයින් කරලා කටේ දාගන කන්ඩ, මුන් ඒකටත් මිරිස්කුඩු දාගන කනවා 🤦♂️",False,mixed,a927984444db12e970e60d359c9d8e9f6e6030e347b0852caa63e4cdc744332f,DUP_a927984444db12e9,1,False,450,6.111467339502679,0.09555555555555556,0.0962800875273523,0.0022222222222222222,0.00437636761487965,0.0022222222222222222,0.00437636761487965,0.8911111111111111,0.8796498905908097,0.0022222222222222222,0.00437636761487965,0.006666666666666667,0.0087527352297593,0.0,0.002188183807439825,haha,0.8911111111111111,0.7955555555555556,neutral,0.5355718426780316,-0.013422496899687244,0.2061936451586335,True,0.0034444444444444444,0.006666666666666667,negative,-0.31868131868131866,reactionfusion_v1_provisional,train,approved
427,608,21,5,3607,7,5,4,4257,4257,RF_POST_000427,උමාලි බැද්දේගම එකේ තමන්ගෙ රඟපෑම උපරිමයෙන්ම කරන්නෙ සාරංගට බලන්ඩ වෙන්ඩැති ❤️,False,sinhala,d51c4cc727df2e6906b222202da813ab86c4934f0a2cd0762572ff9cdd8405ad,DUP_d51c4cc727df2e69,1,False,4257,8.356554845453426,0.1428235846840498,0.1428236397748593,0.004933051444679351,0.005159474671669793,0.0011745360582569885,0.0014071294559099437,0.8473103124265915,0.8461538461538461,0.001644350481559784,0.001876172607879925,0.0011745360582569885,0.0014071294559099437,0.0009396288466055908,0.0011726078799249532,haha,0.8473103124265915,0.7044867277425417,neutral,0.5492928250558166,0.014144529584203001,0.24537992694728689,True,0.005579046276720695,0.0021141649048625794,positive,0.45038167938931295,reactionfusion_v1_provisional,train,approved
429,670,22,5,21,4,349,0,1071,1071,RF_POST_000429,"අපි ඒ live එක ගැන ආයෙ කතා නොකර photo නොදා ඉමු මචං, ඕවා දැකලා තව උන් පෙලඹෙනවා 😣",False,mixed,4270ba9527c437b9689781a7e5da53172ef3dfb93c22f0192fd695e003f44209,DUP_4270ba9527c437b9,1,False,1071,6.977281341630747,0.6255835667600373,0.6224489795918368,0.02054154995331466,0.021335807050092765,0.004668534080298786,0.0055658627087198514,0.0196078431372549,0.02040816326530612,0.003734827264239029,0.00463821892393321,0.3258636788048553,0.3246753246753247,0.0,0.0009276437847866419,like,0.6255835667600373,0.29971988795518206,negative,0.38987965511836004,-0.5007469913072011,0.44280779682841376,False,0.023109243697478993,0.3258636788048553,negative,-0.8675585284280937,reactionfusion_v1_provisional,train,approved
430,33,77,9,102,1,7,0,229,229,RF_POST_000430,"මං කැම්පස් ගිහිල්ලත් නෑ, බූට් කාලත් නෑ, බූට් තියලත් නෑ 😞 ඒත් අර දිවුල්ගනේ මහත්තයගෙ සමනළ වැව පුරවන්නට සිංදුව ඇහිච්ච ගමන් මනෝ පාරක් වදිනවනෙ ඕයි උන්හිටිතැන් අමතක වෙලා යන්නම 😩💔",False,sinhala,d21b1c585f3a641633f69723c3340a251b37c7518bdca08fb6540038c7572abb,DUP_d21b1c585f3a6416,1,False,229,5.438079308923196,0.14410480349344978,0.1440677966101695,0.33624454148471616,0.3305084745762712,0.039301310043668124,0.0423728813559322,0.44541484716157204,0.4364406779661017,0.004366812227074236,0.00847457627118644,0.03056768558951965,0.03389830508474576,0.0,0.00423728813559322,haha,0.44541484716157204,0.1091703056768559,positive,0.4672100837992574,0.6989538630765244,0.6492644452326901,False,0.3578602620087336,0.03056768558951965,positive,0.8426082068577853,reactionfusion_v1_provisional,train,approved
431,1048,240,17,1738,9,5,0,3057,3057,RF_POST_000431,Monetization on වෙන්න IQ test එකක් තිබ්බ නම් අපිට ඔය වට්ටක්කා හොදියි පාලම් බෝක්කුයි නැතුව හොඳ content බලන්ඩ පුලුවන් 😚,False,mixed,513fd201eaeb6d2e191d1b8d44178fe9fe42684b2a82718ba1d8d533e6181913,DUP_513fd201eaeb6d2e,1,False,3057,8.025516386489008,0.34281975793261366,0.34236292428198434,0.07850834151128558,0.07865535248041776,0.005561007523716062,0.00587467362924282,0.5685312397775597,0.5675587467362925,0.002944062806673209,0.0032637075718015664,0.0016355904481517827,0.0019582245430809398,0.0,0.00032637075718015666,haha,0.5685312397775597,0.22571148184494602,positive,0.20199718856522667,0.2667155141216367,0.4852985456773616,True,0.08156689564932941,0.0016355904481517827,positive,0.9606840967171221,reactionfusion_v1_provisional,train,approved
432,27,5,1,249,1,1,0,284,284,RF_POST_000432,දැන් තනියම පාඩුවේ හිටියට ඉස්සර මට ලස්සන කොල්ලෙක් හිටියා ❤️,False,sinhala,a778cc510c5ab8dcf8003100d8ae45e2f71fa19c93bea5d2d6c8e1f6234e8f14,DUP_a778cc510c5ab8dc,1,False,284,5.652489180268651,0.09507042253521127,0.09621993127147767,0.017605633802816902,0.020618556701030927,0.0035211267605633804,0.006872852233676976,0.8767605633802817,0.8591065292096219,0.0035211267605633804,0.006872852233676976,0.0035211267605633804,0.006872852233676976,0.0,0.003436426116838488,haha,0.8767605633802817,0.7816901408450704,neutral,0.2788834849155391,0.06590041867153182,0.2414383575150593,True,0.019542253521126762,0.0035211267605633804,positive,0.6946564885496184,reactionfusion_v1_provisional,train,approved
433,198,1,10,4358,0,5,0,4572,4572,RF_POST_000433,"මයෙ ලිස්ටෙකේ යාලුවෙක් ඉන්නවා ඌ ජපන් ගිහිම් නම ජපන් අකුරු වලින් දාගන ඉන්නෙ දැන්, මට දැන් උගෙ නම මතක නෑ 🤦♂️",False,sinhala,23f17403ef986e47c4f445345dcf3a804d619ad0373d504b91899587c393e86e,DUP_23f17403ef986e47,1,False,4572,8.427924723658055,0.04330708661417323,0.043459270583096746,0.00021872265966754156,0.00043677658877484165,0.0021872265966754157,0.0024022712382616293,0.9531933508311461,0.9519545752347675,0.0,0.00021838829438742082,0.0010936132983377078,0.001310329766324525,0.0,0.00021838829438742082,haha,0.9531933508311461,0.9098862642169728,neutral,0.5460099976766225,0.0014112484969767006,0.10501542331397774,True,0.0014216972878390202,0.0010936132983377078,positive,0.13043478260869565,reactionfusion_v1_provisional,train,approved
434,41,11,0,384,0,1,0,437,437,RF_POST_000434,"ඇත්තටම මං හිතුවෙ නෑ කට්ටිය මට මෙච්චර ආදරෙයි කියලා, ආදරෙයි මං ගැන හොයලා බැලුවට, මං ඉන්නෙ මීගමුවෙ නෙමෙයි වැලිකඩ, මම හොඳින් ❤️",False,sinhala,039640177a878167ac1881d5dee4ce9ec6e5fd0ce2778acc8e807f307a1835b7,DUP_039640177a878167,1,False,437,6.082218910376446,0.09382151029748284,0.0945945945945946,0.02517162471395881,0.02702702702702703,0.0,0.0022522522522522522,0.8787185354691075,0.8671171171171171,0.0,0.0022522522522522522,0.002288329519450801,0.0045045045045045045,0.0,0.0022522522522522522,haha,0.8787185354691075,0.7848970251716247,neutral,0.13263769980451115,0.09405747332772992,0.22725685797632447,True,0.02517162471395881,0.002288329519450801,positive,0.8333333333333334,reactionfusion_v1_provisional,train,approved
435,40,0,0,375,0,0,0,415,415,RF_POST_000435,"ජලනිටවත් බැරිද බන් සජියට කියන්ඩ තවුසෙ ඔහොම හැසිරෙන්ඩ එපා කියලා, ඒකිත් දකිනවා ඇතිනෙ පොර කියවන ඒවා 😣",False,sinhala,3d6944ca521b5ac59464d8d0b6e680b0c54b02503cd46c9642117f200ad40485,DUP_3d6944ca521b5ac5,1,False,415,6.030685260261263,0.0963855421686747,0.0971563981042654,0.0,0.002369668246445498,0.0,0.002369668246445498,0.9036144578313253,0.8909952606635071,0.0,0.002369668246445498,0.0,0.002369668246445498,0.0,0.002369668246445498,haha,0.9036144578313253,0.8072289156626506,neutral,0.5813258100675345,0.0,0.16294063045066362,True,0.0,0.0,neutral,0.0,reactionfusion_v1_provisional,train,approved
437,59,0,0,713,3,1,1,777,777,RF_POST_000437,අධිකරණ ඇමති රටෙන් සමාව අරගෙන ඉල්ලා අස් විය යුතුයි!,False,sinhala,01b55658475b119cc130a0db43c02f52048280440a0cc9df475f38910140b9ff,DUP_01b55658475b119c,1,False,777,6.656726524178391,0.07593307593307594,0.07653061224489796,0.0,0.0012755102040816326,0.0,0.0012755102040816326,0.9176319176319176,0.9107142857142857,0.003861003861003861,0.00510204081632653,0.001287001287001287,0.002551020408163265,0.001287001287001287,0.002551020408163265,haha,0.9176319176319176,0.8416988416988417,neutral,0.5278106426901908,-0.010888035252941273,0.1609595439035724,True,0.0,0.002574002574002574,negative,-1.0,reactionfusion_v1_provisional,train,approved
439,343,139,12,428,1,2,1,926,926,RF_POST_000439,"මං නම් කියන්නෙ high capacity බයික් register කරන්ඩ දීලා ct100 pulser වගේ ඒවා තහනම් කරන්ඩෝනි, high capacity බයික් පදිනුන්ට මොලයක් තත්වයක් තියෙනවා 😚",False,mixed,ebda09b1b74f18c17bfae74f5e3971dfb9c4244da382e9a1c622d26b8096a696,DUP_ebda09b1b74f18c1,1,False,926,6.831953565565855,0.37041036717062636,0.3687031082529475,0.15010799136069114,0.15005359056806003,0.012958963282937365,0.013933547695605574,0.46220302375809935,0.45980707395498394,0.0010799136069114472,0.0021436227224008574,0.0021598272138228943,0.003215434083601286,0.0010799136069114472,0.0021436227224008574,haha,0.46220302375809935,0.091792656587473,positive,0.31683251425365305,0.4406522933633311,0.5619840318807261,True,0.15723542116630668,0.0032397408207343412,positive,0.9596231493943472,reactionfusion_v1_provisional,train,approved
441,13,0,1,115,0,0,0,129,129,RF_POST_000441,"සාත්තර අපල හොල්මන් ඇස්වහ වගේ දේවල් මම විශ්වාස කරන්නෑ, ඒත් හූනා චුක් චුක් ගානෙක විශ්වාස කරනවා බන් 😚",False,sinhala,208517f7f6c2007e570a6b23d62e2e955ea03f67917112509f623d73539e0703,DUP_208517f7f6c2007e,1,False,129,4.867534450455582,0.10077519379844961,0.10294117647058823,0.0,0.007352941176470588,0.007751937984496124,0.014705882352941176,0.8914728682170543,0.8529411764705882,0.0,0.007352941176470588,0.0,0.007352941176470588,0.0,0.007352941176470588,haha,0.8914728682170543,0.7906976744186046,neutral,0.46873415216751585,0.01778668247871293,0.19083660260126567,True,0.004263565891472868,0.0,positive,1.0,reactionfusion_v1_provisional,train,approved
442,32,3,0,257,0,4,0,296,296,RF_POST_000442,උදේම වසන්ත කරන්නාගොඩ අංකල් Arrest කරලා කියලා දැනගත්ත ගමන් පපුව හෝස් ගාලා ගියා 🥹,False,mixed,2e2871111e804f6dca64db85515fe8bdb8a42bb8a68f75e647b86597ffc33d69,DUP_2e2871111e804f6d,1,False,296,5.6937321388027,0.10810810810810811,0.10891089108910891,0.010135135135135136,0.013201320132013201,0.0,0.0033003300330033004,0.8682432432432432,0.8514851485148515,0.0,0.0033003300330033004,0.013513513513513514,0.0165016501650165,0.0,0.0033003300330033004,haha,0.8682432432432432,0.7601351351351351,neutral,0.5470993350659824,-0.01386212663619264,0.24043720330805454,True,0.010135135135135136,0.013513513513513514,negative,-0.14285714285714285,reactionfusion_v1_provisional,train,approved
445,23,1,0,240,0,0,0,264,264,RF_POST_000445,සලේ උපවාසේ අතහැරලා දෙන ඕන htc කාලා ශානි එක්කම ඉන්නම් කීවලු ❤️,False,mixed,1b8616746956743a139ae58b756009f80cc104faa3749e82121dd5f05c4bab40,DUP_1b8616746956743a,1,False,264,5.579729825986222,0.08712121212121213,0.08856088560885608,0.003787878787878788,0.007380073800738007,0.0,0.0036900369003690036,0.9090909090909091,0.8892988929889298,0.0,0.0036900369003690036,0.0,0.0036900369003690036,0.0,0.0036900369003690036,haha,0.9090909090909091,0.821969696969697,neutral,0.5023168115679374,0.015956942999848955,0.16464379169360094,True,0.003787878787878788,0.0,positive,1.0,reactionfusion_v1_provisional,train,approved
446,25,0,0,191,1,0,0,217,217,RF_POST_000446,බත් දන්සැල්වල බෝංචි උයද්දි ඕවා අඟලක්වත් තියලා ක/පපම් නැත්තම් තිබ්බටු හොදි කියලා හිතන්නෙ අපි 😣,False,sinhala,5e126ff009065d59c80624c030b0b4a07b1c57ef110c1c8463d0cad165be02a2,DUP_5e126ff009065d59,1,False,217,5.384495062789089,0.1152073732718894,0.11607142857142858,0.0,0.004464285714285714,0.0,0.004464285714285714,0.880184331797235,0.8571428571428571,0.004608294930875576,0.008928571428571428,0.0,0.004464285714285714,0.0,0.004464285714285714,haha,0.880184331797235,0.7649769585253456,neutral,0.591394034077162,0.0,0.1984111894245726,True,0.0,0.0,neutral,0.0,reactionfusion_v1_provisional,train,approved
448,24,3,3,206,2,2,0,240,240,RF_POST_000448,"තුන් වෙනි වරටත් මම තනියම දෙන මහා උම්මා දන්සල තියෙනවා අදයි හෙටයි අපේ ගෙදර ඉස්සරහා, ඔයාලා හැමෝම එන්න ❤️",False,sinhala,41e7b2e55dc42a31af6cf4e709113f11b9bddcdc22a3d87cd3a8a9f00d9329dc,DUP_41e7b2e55dc42a31,1,False,240,5.484796933490655,0.1,0.10121457489878542,0.0125,0.016194331983805668,0.0125,0.016194331983805668,0.8583333333333333,0.8380566801619433,0.008333333333333333,0.012145748987854251,0.008333333333333333,0.012145748987854251,0.0,0.004048582995951417,haha,0.8583333333333333,0.7583333333333333,neutral,0.39827469024677203,0.04488077738359464,0.28301515812748695,True,0.019375000000000003,0.008333333333333333,positive,0.3984962406015038,reactionfusion_v1_provisional,train,approved
449,1286,20,6,8172,43,12,10,9549,9549,RF_POST_000449,Hto කොත්තුවා මහ රෑ ගිහිම් හොඳම සේවකයා කියලා කොල්ලන්ට දෙන බයික් එක video කරලා ඉවර උනාම ආයෙ ගන්නවලු 🤣🤣,False,mixed,f75252bd02b1a814cb33413727134764949dcaea568d6b2eb48ed4e3239ee0db,DUP_f75252bd02b1a814,1,False,9549,9.164296433474776,0.13467378783118653,0.13467978233570532,0.002094460152895591,0.0021975722059439096,0.0006283380458686773,0.0007325240686479698,0.8557964184731386,0.8552741732942654,0.004503089328725521,0.0046044370029300966,0.0012566760917373547,0.0013604018417748011,0.0010472300764477955,0.0011511092507325241,haha,0.8557964184731386,0.721122630641952,neutral,0.6155073967180436,0.0005585485475880661,0.23677143417154484,True,0.0024400460781233636,0.0023039061681851504,neutral,0.028697571743929378,reactionfusion_v1_provisional,train,approved
450,463,16,2,2994,4,1,3,3483,3483,RF_POST_000450,"දකුණේ උන් post දානවා දැන් තේරෙනවද Mr.කොත්තු දකුණෙ open කරන් නැත්තෙ ඇයි අහලා, ඒ උනාට හෙල රැවුලා කු/ගල ඉඳන් දකුණට ගිහිම් කෑමවලට hcnw 😚",False,mixed,148e616a3f2d30d5f3b77aea6d0c26ffdc176f417c3c0b613c91a2bef3c529b6,DUP_148e616a3f2d30d5,1,False,3483,8.155936337972394,0.1329313809933965,0.1329512893982808,0.004593741027849555,0.004871060171919771,0.0005742176284811944,0.0008595988538681948,0.859603789836348,0.8581661891117478,0.0011484352569623888,0.0014326647564469914,0.0002871088142405972,0.0005730659025787965,0.0008613264427217916,0.001146131805157593,haha,0.859603789836348,0.7266724088429515,neutral,0.5348735483092859,0.015456986927385261,0.22791229964898832,True,0.004909560723514212,0.0011484352569623888,positive,0.6208530805687204,reactionfusion_v1_provisional,train,approved
451,620,87,7,523,1,1,1,1240,1240,RF_POST_000451,"කොත්තුවා ගැන අපි නම් කීවේ අද ඊයෙක නෙමෙයි, ඌ ගැන හෑලි ලියාගෙන නටපු උන්ට අද video වලින්ම ඌ කෞද කියලා බලාගන්ඩ පුලුවන් 😚",False,mixed,fac1664992926d174327301af3e2b3a39fc4417aa84db8a34621102c1d5f149b,DUP_fac1664992926d17,1,False,1240,7.123672785204607,0.5,0.49799518845228546,0.07016129032258064,0.07056936647955092,0.00564516129032258,0.006415396952686447,0.4217741935483871,0.4202085004009623,0.0008064516129032258,0.0016038492381716118,0.0008064516129032258,0.0016038492381716118,0.0008064516129032258,0.0016038492381716118,like,0.5,0.07822580645161291,positive,0.16709046522616844,0.22056588931602558,0.4848929655700618,True,0.07326612903225806,0.0016129032258064516,positive,0.9569197630586969,reactionfusion_v1_provisional,train,approved
452,88,5,1,1390,1,1,0,1486,1486,RF_POST_000452,"රඛිත රාජපක්ෂ hrc ktge ගෑනිගෙන් ලක්ෂ 1200ක් අරන් තියෙන්නෙ නීතිඥ ගාස්තුලු බන්, රඛිත ඒකෙන් ලක්ෂ 200ක් චරිත්ට දීලා තියෙන්නෙ බෙහෙත් ගන්ඩලු, අපි නිකම් කලබල උනා 🙂",False,mixed,36e0d585159fad1b771fb331ed30118c31f956cc8e26b7d08eecf41f47525455,DUP_36e0d585159fad1b,1,False,1486,7.304515946460155,0.059219380888290714,0.05961152042866711,0.0033647375504710633,0.004018754186202277,0.0006729475100942127,0.0013395847287340924,0.9353970390309556,0.9316811788345613,0.0006729475100942127,0.0013395847287340924,0.0006729475100942127,0.0013395847287340924,0.0,0.0006697923643670462,haha,0.9353970390309556,0.8761776581426649,neutral,0.5060024641229545,0.01305527526107003,0.13554541082770552,True,0.00373485868102288,0.0006729475100942127,positive,0.6946564885496184,reactionfusion_v1_provisional,train,approved
455,367,8,2,1510,1,1,1,1890,1890,RF_POST_000455,මට නිකම් කඳට දැනෙනවා දයාසිරි http නටන විදියට ඊලඟ ටිකට් එක උට ඇදෙයි කියලා 😍,False,mixed,e49c2f9c4b0302531d1f691000575ba630f0cf6a90d9ece805f5309f5947571c,DUP_e49c2f9c4b030253,1,False,1890,7.544861068658458,0.19417989417989417,0.19399051133368478,0.004232804232804233,0.004744333157617291,0.0010582010582010583,0.0015814443858724301,0.798941798941799,0.7965208223510807,0.0005291005291005291,0.0010542962572482868,0.0005291005291005291,0.0010542962572482868,0.0005291005291005291,0.0010542962572482868,haha,0.798941798941799,0.6047619047619047,neutral,0.5589848010162385,0.014983472373973966,0.2774784624534618,True,0.004814814814814815,0.0010582010582010583,positive,0.6396396396396397,reactionfusion_v1_provisional,train,approved
458,474,13,2,14,3,175,0,681,681,RF_POST_000458,මනුස්සයෙක් අරහෙම ගඟේ පා කරලා යවන්ඩ නම් ඌත් අනිවා ඒ වගේම දෙයක් කරලා ඇති එහෙම කරපු උන්ට 🙃,False,sinhala,06cc68d5b2ed62bf7baaca963bad3a78ea1162952f772a042d2d49a9f498f2fb,DUP_06cc68d5b2ed62bf,1,False,681,6.525029657843462,0.6960352422907489,0.690406976744186,0.01908957415565345,0.020348837209302327,0.002936857562408223,0.00436046511627907,0.020558002936857563,0.02180232558139535,0.004405286343612335,0.005813953488372093,0.25697503671071953,0.2558139534883721,0.0,0.0014534883720930232,like,0.6960352422907489,0.4390602055800294,negative,0.34156759321728775,-0.429646367639377,0.4100039741179506,True,0.020704845814977973,0.25697503671071953,negative,-0.8508725542041249,reactionfusion_v1_provisional,train,approved
460,52,3,1,699,2,0,0,757,757,RF_POST_000460,Monetization නිසා දැන් ගොඩක් කෙල්ලො workout කරන්ඩ පටන්ගෙන නේත 😍,False,mixed,6ee5b2d46939c710aa13a4352dd7830472e0c920da2b510b815423cf86d01608,DUP_6ee5b2d46939c710,1,False,757,6.630683385642372,0.06869220607661823,0.0693717277486911,0.003963011889035667,0.005235602094240838,0.001321003963011889,0.002617801047120419,0.9233817701453104,0.9162303664921466,0.002642007926023778,0.003926701570680628,0.0,0.0013089005235602095,0.0,0.0013089005235602095,haha,0.9233817701453104,0.8546895640686922,neutral,0.4823522254306302,0.01987404118080467,0.1561893264730055,True,0.004689564068692206,0.0,positive,1.0,reactionfusion_v1_provisional,train,approved
461,84,4,0,1179,3,0,0,1270,1270,RF_POST_000461,අඩෝ සුගියට බන්ධනාගාරෙ ඇතුලෙ උන් කතා කරන්නෙ පඩි දෙකා කියලලු 😚,False,sinhala,ec58d4b46ca8461af457ada8e3b97c7f17c4ce10c0f108d445f23b79fc09cbc2,DUP_ec58d4b46ca8461a,1,False,1270,7.147559271189454,0.06614173228346457,0.06656225528582616,0.0031496062992125984,0.003915426781519186,0.0,0.0007830853563038371,0.9283464566929134,0.9240407204385278,0.002362204724409449,0.0031323414252153485,0.0,0.0007830853563038371,0.0,0.0007830853563038371,haha,0.9283464566929134,0.8622047244094488,neutral,0.5083775925588151,0.013389501026037491,0.144452219898625,True,0.0031496062992125984,0.0,positive,1.0,reactionfusion_v1_provisional,train,approved
462,27,9,2,689,1,1,0,729,729,RF_POST_000462,එදා යුlද්ධ කාලේ කොල්ලො හමුදාවට එන්ඩ තිබුන බය නැති කරන්ඩ තමෛ මහින්ද රාජපක්ෂ දෙපාරක් හිතන් නැතුව තමන්ගෙ පුතාව නේවි එකට බාර දුන්නෙ ❤️,False,mixed,1bed88819f0300ccb564df29957cf030a3547cb80a9fc9ccbe85cc95715620ff,DUP_1bed88819f0300cc,1,False,729,6.593044534142437,0.037037037037037035,0.03804347826086957,0.012345679012345678,0.01358695652173913,0.0027434842249657062,0.004076086956521739,0.9451303155006858,0.9375,0.0013717421124828531,0.002717391304347826,0.0013717421124828531,0.002717391304347826,0.0,0.001358695652173913,haha,0.9451303155006858,0.9080932784636488,neutral,0.3159589108830769,0.05322631957719181,0.13562968876596554,True,0.013854595336076816,0.0013717421124828531,positive,0.8198198198198198,reactionfusion_v1_provisional,train,approved
466,99,41,10,330,10,1,0,491,491,RF_POST_000466,Dp eke අහක බලාගෙන සුදු ඇදන් ඉන්න කොල්ලා මගේ echchri!!! 💗😒🫶,False,mixed,87dfdf27f0eefd6daabb6e8cc1051183f467ebe65c0ef0aa32f8f07177aaadd8,DUP_87dfdf27f0eefd6d,1,False,491,6.198478716492308,0.20162932790224034,0.20080321285140562,0.0835030549898167,0.08433734939759036,0.020366598778004074,0.02208835341365462,0.6720977596741344,0.6646586345381527,0.020366598778004074,0.02208835341365462,0.002036659877800407,0.004016064257028112,0.0,0.002008032128514056,haha,0.6720977596741344,0.47046843177189407,positive,0.24190244416910547,0.32206143010854793,0.497705278976557,True,0.09470468431771893,0.002036659877800407,positive,0.9578947368421052,reactionfusion_v1_provisional,train,approved
467,130,1,1,1620,2,0,0,1754,1754,RF_POST_000467,"නාමලයට තාත්තා වගේ උඩු රැවුල තියන්ඩ කියපු පොර තංගල්ලෙ එකෙක්ලු, ඌට එහෙම කියන්ඩ කියලා මුන් ඌව කන්තලේට යවලා තියෙන්නේ 🤣🤣",False,sinhala,70f67a6a9fe6368632c5330b644726b4e192e09e019b1c61ce5f2481fe47efc4,DUP_70f67a6a9fe63686,1,False,1754,7.470224135899966,0.07411630558722919,0.07438955139125497,0.0005701254275940707,0.001135718341851221,0.0005701254275940707,0.001135718341851221,0.9236031927023945,0.9204997160704146,0.0011402508551881414,0.0017035775127768314,0.0,0.0005678591709256105,0.0,0.0005678591709256105,haha,0.9236031927023945,0.8494868871151653,neutral,0.5546892877725219,0.003751406869028148,0.14517884027567668,True,0.0008836944127708097,0.0,positive,1.0,reactionfusion_v1_provisional,train,approved
468,105,2,1,1233,1,1,0,1343,1343,RF_POST_000468,FB වැඩ නැති උන ගමන් ටීපෝසයා එහෙම සෑහෙන්ඩ බය වෙන්ඩැති නේත අයෙ ගෑනිගෙන් හම්බකරන් කන්ඩ නැති වෙයි කියලා 🥹,False,mixed,e01826c542e40eaf8e8861355eb58da1b795af3ed1c03b46266ab071cc598aa7,DUP_e01826c542e40eaf,1,False,1343,7.203405521083095,0.0781831720029784,0.07851851851851852,0.0014892032762472078,0.0022222222222222222,0.0007446016381236039,0.0014814814814814814,0.9180938198064036,0.914074074074074,0.0007446016381236039,0.0014814814814814814,0.0007446016381236039,0.0014814814814814814,0.0,0.0007407407407407407,haha,0.9180938198064036,0.8399106478034252,neutral,0.5544616934292373,0.0048839392857539295,0.1559708141301658,True,0.00189873417721519,0.0007446016381236039,positive,0.43661971830985913,reactionfusion_v1_provisional,train,approved
469,24,0,1,213,0,1,0,239,239,RF_POST_000469,"මං හිතුවේ අකවුන්ට් එකට හරි තමෛ කියලා, බැලින්නම් මෙටා එකේ නෝ බෝලයක් 😚",False,sinhala,ab9b7e2b0a2825f264acf17c47b4c1b14aca6c07d3a5c57ed299ecc059f2f813,DUP_ab9b7e2b0a2825f2,1,False,239,5.480638923341991,0.100418410041841,0.1016260162601626,0.0,0.0040650406504065045,0.0041841004184100415,0.008130081300813009,0.891213389121339,0.8699186991869918,0.0,0.0040650406504065045,0.0041841004184100415,0.008130081300813009,0.0,0.0040650406504065045,haha,0.891213389121339,0.7907949790794979,neutral,0.5536690979092026,-0.007852690824584535,0.1949078061868038,True,0.002301255230125523,0.0041841004184100415,negative,-0.29032258064516125,reactionfusion_v1_provisional,train,approved
470,105,5,2,1255,2,2,0,1371,1371,RF_POST_000470,"ශානු බැන්දට පස්සෙ පලවෙනි කෑම වේල ඉව්වලු නේත, බොන්ඩ හේතුවක් නැතුව හිටියේ අද බොන්ඩෝනි ටිකක් සතුටට 😍",False,sinhala,fbc85fc8bef4eaee9fa36b1275eb7c75eb988bb700a4c3b2c4c4c30cc24217a7,DUP_fbc85fc8bef4eaee,1,False,1371,7.22402480828583,0.07658643326039387,0.07692307692307693,0.0036469730123997084,0.0043541364296081275,0.0014587892049598833,0.0021770682148040637,0.9153902261123268,0.9114658925979681,0.0014587892049598833,0.0021770682148040637,0.0014587892049598833,0.0021770682148040637,0.0,0.000725689404934688,haha,0.9153902261123268,0.8388037928519329,neutral,0.5225335728644874,0.012622536146898443,0.16791785713245366,True,0.004449307075127644,0.0014587892049598833,positive,0.5061728395061729,reactionfusion_v1_provisional,train,approved
471,58,1,3,1773,1,7,0,1843,1843,RF_POST_000471,"පුදුම ආන්ඩුවක් තමෛ මේක නම්, මිනිහා එක්ක තියෙන තරහට ගෑනි අල්ලගෙන, පෞ ශෂී වීරවංශ 🥹",False,sinhala,86172b64b6f5fac8eaa385cdebbce5e83743680a7e481fa98e543008fce25d25,DUP_86172b64b6f5fac8,1,False,1843,7.519692404116539,0.031470428648941944,0.03189189189189189,0.0005425935973955507,0.001081081081081081,0.0016277807921866521,0.002162162162162162,0.9620184481823114,0.9589189189189189,0.0005425935973955507,0.001081081081081081,0.0037981551817688553,0.004324324324324324,0.0,0.0005405405405405405,haha,0.9620184481823114,0.9305480195333695,neutral,0.5012675112872651,-0.010185479949718279,0.09552181855240029,True,0.0014378730330982096,0.0037981551817688553,negative,-0.4507772020725388,reactionfusion_v1_provisional,train,approved
472,557,336,41,1112,0,0,0,2046,2046,RF_POST_000472,යෂ් පැංචි Sunsilk බැයිනම් මාමයිට් ඔලුවෙ ගාන advertisement එකක හිටියත් කමක් නෑ ඒකිට මං හෙන ආදරෙයි 😘,False,mixed,d2f4e2a770f8d6964185fef11addb7d9e6cf88a12bf104a784b21e9ca4a76d7d,DUP_d2f4e2a770f8d696,1,False,2046,7.624130585661289,0.272238514173998,0.2717973697028738,0.16422287390029325,0.16415002435460302,0.020039100684261974,0.020457866536775452,0.5434995112414467,0.5421334632245495,0.0,0.0004870920603994155,0.0,0.0004870920603994155,0.0,0.0004870920603994155,haha,0.5434995112414467,0.27126099706744866,positive,0.3727428836766728,0.512378753997407,0.5450494160085365,False,0.17524437927663733,0.0,positive,1.0,reactionfusion_v1_provisional,train,approved
474,25,4,1,643,1,1,0,675,675,RF_POST_000474,"අද සලේගෙ අම්මා අඬපු නිසයි, කට්ටිය බෝධි පූජා තියපු නිසයි, වීරවංශත් සලේව නිදහස් කරන්ඩ කියපු නිසයි හෙට සලේව නිදහස් කරයි 😍",False,sinhala,b237f0ff29d4ef3f21b541f376a14d737147d33394955beb78eddf1f91a658bf,DUP_b237f0ff29d4ef3f,1,False,675,6.516193076042964,0.037037037037037035,0.03812316715542522,0.005925925925925926,0.007331378299120235,0.0014814814814814814,0.002932551319648094,0.9525925925925925,0.9442815249266863,0.0014814814814814814,0.002932551319648094,0.0014814814814814814,0.002932551319648094,0.0,0.001466275659824047,haha,0.9525925925925925,0.9155555555555556,neutral,0.45345178690828697,0.02257096616033359,0.11700356422101045,True,0.006740740740740741,0.0014814814814814814,positive,0.6396396396396397,reactionfusion_v1_provisional,train,approved
475,159,4,0,1955,5,1,0,2124,2124,RF_POST_000475,"අපේ htyo තමෛ තවුසෙ ඒයි හලෝ ගගා අපිට කතා කරන්නෙ, ඒකට සලේගෙ වයිෆ් සර් කියලා කතා කරන්නෙ 😏",False,mixed,676222f54b9a7b39ce2696dae4a7f6a83aebaeb17f0d6cccb431839d94091322,DUP_676222f54b9a7b39,1,False,2124,7.661527081358517,0.0748587570621469,0.07508212106992022,0.0018832391713747645,0.002346316283435007,0.0,0.0004692632566870014,0.9204331450094162,0.9178789300797747,0.0023540489642184556,0.0028155795401220087,0.00047080979284369113,0.0009385265133740028,0.0,0.0004692632566870014,haha,0.9204331450094162,0.8455743879472694,neutral,0.5483150213980411,0.005983890629006962,0.1541843153701685,True,0.0018832391713747645,0.00047080979284369113,positive,0.6,reactionfusion_v1_provisional,train,approved
477,577,8,2,348,2,16,26,979,979,RF_POST_000477,"අර වැඩිහිටි නිවාසේ සීන්නෙකේදී සමහර Film වල තියෙන ඒවයි, ඒ ලොකු අය්යා කියන පොරගෙ මූන දැක්කමයි මට හිතෙනවා බන් ඒක උගෙ ගේමක් කියලා 🙃",False,mixed,e0118e5844a05753bdbaf798c0c76a6c661871613b2861d9c760baf052ba7fab,DUP_e0118e5844a05753,1,False,979,6.887552571664617,0.5893769152196119,0.5862068965517241,0.008171603677221655,0.009127789046653144,0.0020429009193054137,0.0030425963488843813,0.355464759959142,0.3539553752535497,0.0020429009193054137,0.0030425963488843813,0.01634320735444331,0.017241379310344827,0.026557711950970377,0.02738336713995943,like,0.5893769152196119,0.23391215526046988,neutral,0.11236120009953084,-0.1016094849213106,0.4663367498461387,True,0.009295199182839633,0.04290091930541369,negative,-0.6438356164383561,reactionfusion_v1_provisional,train,approved
478,49,0,0,1056,1,2,1,1109,1109,RF_POST_000478,"නාමලයා අර ටැමිල් කොල්ලා Arrest කරපු එක ගැන tweet එකක් දාලා තියෙන්නෙ තලපතිට පේන්ඩ, ඌ ගනම් අරගෙන නෑ දවස් 2ක් ගිහිල්ලත් 💔",False,mixed,1d0d1a137680dd1a7d406c85cb51b3f360a25e5a0205d371997ab30491fc22a9,DUP_1d0d1a137680dd1a,1,False,1109,7.01211529430638,0.04418394950405771,0.044802867383512544,0.0,0.0008960573476702509,0.0,0.0008960573476702509,0.9522091974752029,0.9471326164874552,0.0009017132551848512,0.0017921146953405018,0.0018034265103697023,0.002688172043010753,0.0009017132551848512,0.0017921146953405018,haha,0.9522091974752029,0.9080252479711451,neutral,0.4999109049546487,-0.011632484354831475,0.10714559158041716,True,0.0,0.0027051397655545534,negative,-1.0,reactionfusion_v1_provisional,train,approved
479,36,1,0,389,1,0,0,427,427,RF_POST_000479,දැන් ඔය දෙවනි ඉනිමේ රඟපාපු උන්ට පැන්ෂන් එකක් එහෙම හම්බෙනවද 🙂,False,sinhala,5c7d43dbaff31a2e7de842187dee936d1f63153436e9f9fc2a38d04bf51e505d,DUP_5c7d43dbaff31a2e,1,False,427,6.059123195581797,0.08430913348946135,0.08525345622119816,0.00234192037470726,0.004608294930875576,0.0,0.002304147465437788,0.9110070257611241,0.8986175115207373,0.00234192037470726,0.004608294930875576,0.0,0.002304147465437788,0.0,0.002304147465437788,haha,0.9110070257611241,0.8266978922716628,neutral,0.5346187305522243,0.009877528041768235,0.16537143614787256,True,0.00234192037470726,0.0,positive,1.0,reactionfusion_v1_provisional,train,approved
480,258,51,5,82,1,2,0,399,399,RF_POST_000480,වැඩිහිටි නිවාසෙකට කෑම වේලක් දීලා තියෙනවද කියලා තමන්ගෙ හිතෙන් අහපම් මේකට ඇවිත් මනුස්සකම ගැන ක|යිවාරු ග්හම්ඩ කලිම් 😚,False,sinhala,8637bf55197c8ba1401541adc4a54a04f45726bfab1d8ba3747e7daf6e26a203,DUP_8637bf55197c8ba1,1,False,399,5.991464547107982,0.6466165413533834,0.6379310344827587,0.12781954887218044,0.12807881773399016,0.012531328320802004,0.014778325123152709,0.20551378446115287,0.2044334975369458,0.002506265664160401,0.0049261083743842365,0.005012531328320802,0.007389162561576354,0.0,0.0024630541871921183,like,0.6466165413533834,0.44110275689223055,positive,0.24134022481991754,0.3211843404355369,0.49667110850395424,True,0.13471177944862156,0.005012531328320802,positive,0.9282511210762332,reactionfusion_v1_provisional,train,approved
481,281,8,3,928,2,13,11,1246,1246,RF_POST_000481,ඒ වැඩිහිටි නිවාසෙට අම්මා තාත්තා දාලා බලාගන්නවට මාසෙට දාහස් ගනම් ගෙවපු දරුවන්ගෙත් සාධාරණ හේතු තියෙන්ඩ ඇති එහෙම කරන්ඩ 🙃,False,sinhala,61cb91cce228ad841e577c77874ffddd86b50795ea02538263d5684c1f408578,DUP_61cb91cce228ad84,1,False,1246,7.1284959456800365,0.22552166934189405,0.22505985634477255,0.006420545746388443,0.007182761372705506,0.002407704654895666,0.0031923383878691143,0.7447833065810594,0.7414205905826018,0.0016051364365971107,0.0023942537909018356,0.01043338683788122,0.0111731843575419,0.00882825040128411,0.009577015163607342,haha,0.7447833065810594,0.5192616372391653,neutral,0.4291296540984262,-0.04431206998149653,0.36073369901903096,True,0.007744783306581059,0.01926163723916533,negative,-0.4264487369985141,reactionfusion_v1_provisional,train,approved
482,44,3,0,1155,3,0,0,1205,1205,RF_POST_000482,මේ රට හදන්ඩ නම් සජිත්ගෙ කඳයි රනිල්ගෙ මොලෙයි නාමල්ගෙ අට දෙකයි ඕනේ ❤️,False,sinhala,5795af23bb19506162df931a8cb9f0b3f28e4d2244b1175b1907f481db04b67e,DUP_5795af23bb195061,1,False,1205,7.095064377287131,0.036514522821576766,0.03712871287128713,0.0024896265560165973,0.0033003300330033004,0.0,0.0008250825082508251,0.9585062240663901,0.9537953795379538,0.0024896265560165973,0.0033003300330033004,0.0,0.0008250825082508251,0.0,0.0008250825082508251,haha,0.9585062240663901,0.9219917012448133,neutral,0.5000310727946695,0.010736319389377635,0.09832889395777067,True,0.0024896265560165973,0.0,positive,1.0,reactionfusion_v1_provisional,train,approved
483,452,6,2,2715,8,8,3,3194,3194,RF_POST_000483,"Hto අශ්නිකයට ඒ වෙඩින් එකට කෙල්ලගෙ පැත්තෙන්වත් කොල්ලගෙ පැත්තෙන්වත් ආරාධනා කරලා නෑලු, වෙඩින් එකට ආපු උන් ඌට එන්ඩ කියලා තියෙන්නෙ 🤣🤣🤣",False,mixed,b0db7ddd71c289901e970f2b0821a04c81b9f1fdb2c9947f67ba5447dbeedc7d,DUP_b0db7ddd71c28990,1,False,3194,8.069342366811636,0.14151534126487164,0.1415182755388941,0.001878522229179712,0.0021868166198063107,0.0006261740763932373,0.0009372071227741331,0.8500313087038197,0.8484848484848485,0.002504696305572949,0.0028116213683223993,0.002504696305572949,0.0028116213683223993,0.000939261114589856,0.0012496094970321774,haha,0.8500313087038197,0.7085159674389481,neutral,0.594382517467553,-0.004994915900119268,0.2403956338862469,True,0.0022229179711959926,0.0034439574201628053,negative,-0.2154696132596685,reactionfusion_v1_provisional,train,approved
484,49,1,1,377,1,0,0,429,429,RF_POST_000484,"ඊයෙ News එකක් දැක්කා Elnino ලඟදිම එනවලු කියලා, අශේනයයි ටීපෝසයයි කන්දසාමියි දැන් ඉඳන්ම ලෑස්ති වෙනව ඇති මිනිස්සුන්ට උදව් කරන්ඩ ❤️",False,mixed,df3484b403524b8fbbfdd3eebb413b3dec1c479c66f6e8100fda5de3d4e5a8a3,DUP_df3484b403524b8f,1,False,429,6.063785208687608,0.11421911421911422,0.11467889908256881,0.002331002331002331,0.0045871559633027525,0.002331002331002331,0.0045871559633027525,0.8787878787878788,0.8669724770642202,0.002331002331002331,0.0045871559633027525,0.0,0.0022935779816513763,0.0,0.0022935779816513763,haha,0.8787878787878788,0.7645687645687645,neutral,0.5282076166028652,0.014993801254706176,0.20748721992473437,True,0.003613053613053613,0.0,positive,1.0,reactionfusion_v1_provisional,train,approved
486,201,1,0,1257,2,0,0,1461,1461,RF_POST_000486,තෙල් මිල පොඩ්ඩක් වැඩි වුන ගමන් නාමලයා හිතනවා ඇති නේත මිනිස්සු ඌව 2029 ජනාධිපති කරයි කියලා 🤣🤣🤣,False,sinhala,2681dad770585d18fa620392d3f083ca9416ae8c20d2007128e39935e27711e8,DUP_2681dad770585d18,1,False,1461,7.2875606403097235,0.1375770020533881,0.13760217983651227,0.0006844626967830253,0.0013623978201634877,0.0,0.0006811989100817438,0.8603696098562629,0.8569482288828338,0.0013689253935660506,0.0020435967302452314,0.0,0.0006811989100817438,0.0,0.0006811989100817438,haha,0.8603696098562629,0.7227926078028748,neutral,0.592707315163058,0.002819456268349343,0.21393664092327533,True,0.0006844626967830253,0.0,positive,1.0,reactionfusion_v1_provisional,train,approved
487,14,0,0,310,1,1,0,326,326,RF_POST_000487,අද මෛනට http කීවොත් පෞ සිද්ධ වෙයිද හලෝ 🙂,False,mixed,280956a480456863ae51adb92cd75381c8540d824221331b02c09a062f8939b7,DUP_280956a480456863,1,False,326,5.7899601708972535,0.04294478527607362,0.04504504504504504,0.0,0.003003003003003003,0.0,0.003003003003003003,0.950920245398773,0.933933933933934,0.003067484662576687,0.006006006006006006,0.003067484662576687,0.006006006006006006,0.0,0.003003003003003003,haha,0.950920245398773,0.9079754601226994,neutral,0.4943475683951644,-0.013178385296189572,0.11230780324287411,True,0.0,0.003067484662576687,negative,-1.0,reactionfusion_v1_provisional,train,approved
489,86,0,0,597,0,2,9,694,694,RF_POST_000489,රාජපක්ෂ නිකායේ මහානායක ගලබොඩ අත්තේ http කියනවා පල්ලේගම ලොකු සේවයක් කරලා තියෙනවලු ඒ නිසා ගිහියන්ට කට පියාගෙන ඉන්ඩලු 😚,False,mixed,e47032214190f14b79f30bf4e6ffa76f65ed9129297396e4cf8513e4fdf50e43,DUP_e47032214190f14b,1,False,694,6.543911845564792,0.1239193083573487,0.12410841654778887,0.0,0.0014265335235378032,0.0,0.0014265335235378032,0.8602305475504323,0.8530670470756063,0.0,0.0014265335235378032,0.002881844380403458,0.0042796005706134095,0.012968299711815562,0.014265335235378032,haha,0.8602305475504323,0.7363112391930836,neutral,0.2840681182721885,-0.06489249104425038,0.23715285985061005,True,0.0,0.01585014409221902,negative,-1.0,reactionfusion_v1_provisional,train,approved
490,125,0,4,1746,3,0,0,1878,1878,RF_POST_000490,අඩෝ සජබෙන් නාමල් ලඟට ගියපු ඡන්ද 63 ක් ගත්ත අර ඩයල් එක නාමල්ට හරි දේශපාලන ගමනක් නෑ කියලා ආයෙ සජබෙටම ගිහිම් 🤣🤣,False,sinhala,b1079f669fed52c1413a1aa9fa78be06675d20272f3d89a2af67fa08a1370ef0,DUP_b1079f669fed52c1,1,False,1878,7.538494999413465,0.06656017039403621,0.06684350132625995,0.0,0.0005305039787798408,0.002129925452609159,0.002652519893899204,0.9297124600638977,0.926790450928382,0.001597444089456869,0.002122015915119363,0.0,0.0005305039787798408,0.0,0.0005305039787798408,haha,0.9297124600638977,0.8631522896698616,neutral,0.5460908947747726,0.004985472033600854,0.13952399808339325,True,0.0011714589989350376,0.0,positive,1.0,reactionfusion_v1_provisional,train,approved
491,123,0,1,1264,1,0,2,1391,1391,RF_POST_000491,"මෛනා කියනවා හරි උනත් වැරදි උනත් මහනායක හිමිවරු කියන දේට අවනත වෙන්ඩෝනලු, පල්ලේගම ශිරන්ති එවන්ඩ කීවොත් ඒත් යවනවලු අවනත වෙලා 😚",False,sinhala,a0dbefa689edd5fc033562636aafbb8db9eb99fd84a5b753eb5cc9a320763f2b,DUP_a0dbefa689edd5fc,1,False,1391,7.238496840894365,0.0884255930984903,0.08869814020028613,0.0,0.000715307582260372,0.0007189072609633358,0.001430615164520744,0.9086987778576564,0.9048640915593705,0.0007189072609633358,0.001430615164520744,0.0,0.000715307582260372,0.0014378145219266715,0.002145922746781116,haha,0.9086987778576564,0.8202731847591661,neutral,0.5612325520650885,-0.004392814044330472,0.16511626316536163,True,0.0003953989935298347,0.0014378145219266715,negative,-0.5686274509803921,reactionfusion_v1_provisional,train,approved
492,33,1,0,876,0,0,0,910,910,RF_POST_000492,"එකෙක් කියනවා නාමලයා බන්ධනාගාරේ දැම්මොත් උගෙ තනියට තරුණයෝ 20000ක් බන්ධනාගාරේ යන්ඩ ඉන්නවලු, ඉන්නවා Pcc 🤣🤣🤣",False,mixed,45f0f44d7069a6113321a68a8354b84d9261145ee0f868522d8e0fef6b3787a7,DUP_45f0f44d7069a611,1,False,910,6.814542897259958,0.03626373626373627,0.03707742639040349,0.001098901098901099,0.0021810250817884407,0.0,0.0010905125408942203,0.9626373626373627,0.9563794983642312,0.0,0.0010905125408942203,0.0,0.0010905125408942203,0.0,0.0010905125408942203,haha,0.9626373626373627,0.9263736263736264,neutral,0.5207794589751341,0.004751335008305246,0.08449908484002494,True,0.001098901098901099,0.0,positive,1.0,reactionfusion_v1_provisional,train,approved
495,17,3,2,282,1,0,0,305,305,RF_POST_000495,"ඊයෙ පානදුරේදි නාමල් දිවුරුම් දුන්නලු නේත, දැන් අපිට අලුත් ජනාධිපති කෙනෙක් ඉන්නවා 😍",False,sinhala,f6e9d304d878eb9a2932e5ac6f273f5bd83398a6698f69226de594070f674aac,DUP_f6e9d304d878eb9a,1,False,305,5.723585101952381,0.05573770491803279,0.057692307692307696,0.009836065573770493,0.01282051282051282,0.006557377049180328,0.009615384615384616,0.9245901639344263,0.907051282051282,0.003278688524590164,0.00641025641025641,0.0,0.003205128205128205,0.0,0.003205128205128205,haha,0.9245901639344263,0.8688524590163934,neutral,0.3076124865093346,0.05675224827672081,0.16989064673957344,True,0.013442622950819674,0.0,positive,1.0,reactionfusion_v1_provisional,train,approved
496,20,0,0,221,0,3,0,244,244,RF_POST_000496,අඩෝ මං status දාන මං ආස background colour එක නෑනෙ දැන් මේ hte update එක නිසා 😭,False,mixed,297f4c8130ac40a6bbe8bcd166671698cbc78410323677ac4fb26e9cb44efa88,DUP_297f4c8130ac40a6,1,False,244,5.501258210544727,0.08196721311475409,0.08366533864541832,0.0,0.00398406374501992,0.0,0.00398406374501992,0.9057377049180327,0.8844621513944223,0.0,0.00398406374501992,0.012295081967213115,0.01593625498007968,0.0,0.00398406374501992,haha,0.9057377049180327,0.8237704918032787,neutral,0.3338372076390532,-0.05153716547382703,0.17924228185726035,True,0.0,0.012295081967213115,negative,-1.0,reactionfusion_v1_provisional,train,approved
497,16772,5828,225,102,10,5,4,22946,22946,RF_POST_000497,අගමැතිතුමිය..! 'හතේ විද්යා පොත' ගේන්න මේක තමයි වෙලාව. එකෙක් හ්ම්.. කියන්නෑ. අධ්යාපන ප්රතිසංස්කරණ එතනින් පටන් ගමු. නීතිය සහ ජීවිතයට විද්යාව සිලබස් එකට ගේන්න වෙලාව මේක. ඒක රටක බලාපොරොත්තුව. ඉදිරිපත් වන්න. පෙනී සිටින්න.!,False,sinhala,6fb56fc5e177711dc7bdfe8bb754870956b30aa0fa224207ea86989859060345,DUP_6fb56fc5e177711d,1,False,22946,10.040942487989975,0.7309334960341671,0.7307541497843419,0.2539876231151399,0.253953731538361,0.009805630610999738,0.00984620746743345,0.0044452192103198816,0.0044874308369276346,0.0004358058049333217,0.0004792401864679998,0.00021790290246666085,0.00026140373807345446,0.0001743223219733287,0.00021783644839454538,like,0.7309334960341671,0.4769458729190273,positive,0.3832792934589906,0.4606007408090934,0.3357417411629846,False,0.2593807199511898,0.00039222522443998955,positive,0.9969802457744411,reactionfusion_v1_provisional,train,approved
498,437,1,2,2687,2,1,4,3134,3134,RF_POST_000498,ඒ අස්සෙ කන්දසාමියා කීයක් හරි හොයාගන්ඩ උගෙ පන්සල හො රු කඩලා කියලා බයිලා ග්හනවා 🤦♂️,False,sinhala,0874c82e7cbcfcc22558fec7ac70f97cb3c8a3c6cfc569d5b8fda8e462ed514e,DUP_0874c82e7cbcfcc2,1,False,3134,8.050384453067021,0.13943841735800894,0.13944603629417382,0.0003190810465858328,0.0006367398917542184,0.0006381620931716656,0.0009551098376313276,0.8573707721761328,0.8557784145176696,0.0006381620931716656,0.0009551098376313276,0.0003190810465858328,0.0006367398917542184,0.0012763241863433313,0.001591849729385546,haha,0.8573707721761328,0.7179323548181238,neutral,0.5910564269755259,-0.0038039582832859187,0.2208121755125283,True,0.000670070197830249,0.001595405232929164,negative,-0.4084507042253521,reactionfusion_v1_provisional,train,approved
499,216,2,1,628,1,73,0,921,921,RF_POST_000499,දිල්කගෙ සීන්නෙකෙ කාන්තාවන් වෙනුවෙන් කියලා ආපු උන් අර පොඩි කෙල්ල වෙනුවෙන් කතා කරන් නැත්තෙ දිල්කගෙ වගේ htt ලොකුවට නැති නිසා 😚,False,mixed,34caa6003ebe286ca7899552ca5bf182f9197063c3da5e82ea3cd4bc453a780d,DUP_34caa6003ebe286c,1,False,921,6.826545223556594,0.23452768729641693,0.2338362068965517,0.002171552660152009,0.003232758620689655,0.0010857763300760044,0.0021551724137931034,0.6818675352877307,0.677801724137931,0.0010857763300760044,0.0021551724137931034,0.07926167209554831,0.07974137931034483,0.0,0.0010775862068965517,haha,0.6818675352877307,0.44733984799131377,negative,0.21470872858582235,-0.27293663216995423,0.4266770713234613,True,0.002768729641693811,0.07926167209554831,negative,-0.9324950363997353,reactionfusion_v1_provisional,train,approved
500,104,1,0,314,0,102,12,533,533,RF_POST_000500,පල්ලේගම හොස්පිට්ල් ඉඳන් අද ඇප අරන් ගිහිම් යාලුවෝ සෙට් උනාම උන්ගෙන් අහනවා ඇති ගොඩ දවසකින් මුකුත් කරගන්ඩ බැරි උනා නැද්ද පොඩි එකක් හොයාගන්ඩ කියලා 😚,False,sinhala,56ac902c10729ffe781aa9687f5b75a2b3ac80e626cfbd1e9119ecaf24638fc1,DUP_56ac902c10729ffe,1,False,533,6.280395838960195,0.1951219512195122,0.19444444444444445,0.001876172607879925,0.003703703703703704,0.0,0.001851851851851852,0.5891181988742964,0.5833333333333334,0.0,0.001851851851851852,0.19136960600375236,0.19074074074074074,0.0225140712945591,0.024074074074074074,haha,0.5891181988742964,0.39399624765478425,negative,0.44242206869473755,-0.6046694179894231,0.5366137687279424,False,0.001876172607879925,0.21388367729831145,negative,-0.9826086956521739,reactionfusion_v1_provisional,train,approved
502,64,1,0,279,2,0,0,346,346,RF_POST_000502,මයිනයි නාමලයයි බැසිලයි පිල්ලෙයාන් බලන්ඩ බන්ධනාගාරෙට ගිහිම් තියෙන්නෙ ලඟම ඥාතියෝ නිසා ❤️,False,sinhala,64478fcf6443bb89c78bb66c294152c52a031c1b822b06259dd180737eb90c80,DUP_64478fcf6443bb89,1,False,346,5.849324779946859,0.18497109826589594,0.18413597733711048,0.002890173410404624,0.0056657223796034,0.0,0.0028328611898017,0.8063583815028902,0.7932011331444759,0.005780346820809248,0.0084985835694051,0.0,0.0028328611898017,0.0,0.0028328611898017,haha,0.8063583815028902,0.6213872832369942,neutral,0.5747835222004465,0.011578683398150097,0.2735913343361218,True,0.002890173410404624,0.0,positive,1.0,reactionfusion_v1_provisional,train,approved
503,92,2,1,1847,2,1,1,1946,1946,RF_POST_000503,නිකමට හිතපම්කො හිතේ තියාගෙන ආපු දේ කරගන්ඩත් නැතුව තව ඇදගෙනත් වැටුනම කොහොම මලක් ඇද්ද විමලට 🤣,False,sinhala,4c0fa75928ed355b237614f26f88215d5002102b0e3d97008d48fa6ec95ac11d,DUP_4c0fa75928ed355b,1,False,1946,7.5740450053721995,0.047276464542651594,0.047619047619047616,0.0010277492291880781,0.0015360983102918587,0.0005138746145940391,0.0010240655401945725,0.9491264131551901,0.946236559139785,0.0010277492291880781,0.0015360983102918587,0.0005138746145940391,0.0010240655401945725,0.0005138746145940391,0.0010240655401945725,haha,0.9491264131551901,0.9018499486125385,neutral,0.5508112275821573,0.0012136864134027416,0.11287816439682286,True,0.0013103802672147996,0.0010277492291880781,positive,0.12087912087912084,reactionfusion_v1_provisional,train,approved
505,232,4,0,1077,8,1,6,1328,1328,RF_POST_000505,"සමහර pgyl ඉන්නවා පාන් කියාගන්ඩ බෑ, ඒ උනාට ආන්ඩුවට බනිම්නෙ custom import duty එක 50% වැඩි කරා කියලා 🤣",False,mixed,b835f3756044ef59fc963dbdf61e0ded45d9d97121651b53b976a5c9916e00df,DUP_b835f3756044ef59,1,False,1328,7.192182058713246,0.1746987951807229,0.1745318352059925,0.0030120481927710845,0.003745318352059925,0.0,0.000749063670411985,0.8109939759036144,0.8074906367041198,0.006024096385542169,0.006741573033707865,0.0007530120481927711,0.00149812734082397,0.004518072289156626,0.0052434456928838954,haha,0.8109939759036144,0.6362951807228916,neutral,0.5935962563215635,-0.009053991102174575,0.28407594768722955,True,0.0030120481927710845,0.005271084337349397,negative,-0.2727272727272727,reactionfusion_v1_provisional,train,approved
506,857,124,3,144,3,1,0,1132,1132,RF_POST_000506,🔴 බන්ධනාගාර නියාමකයන් ලෙස විශ්රාම ගිය හමුදා නිළධාරීන් 1000ක් බදවා ගන්න රජයේ අවධානය,False,sinhala,5a67e905ca67509c3190208f8fcb210a9d32834fd81f35f4ee6f96a283547add,DUP_5a67e905ca67509c,1,False,1132,7.0326242610280065,0.7570671378091873,0.7532923617208077,0.10954063604240283,0.10974539069359086,0.00265017667844523,0.003511852502194908,0.127208480565371,0.1273046532045654,0.00265017667844523,0.003511852502194908,0.0008833922261484099,0.001755926251097454,0.0,0.000877963125548727,like,0.7570671378091873,0.6298586572438163,positive,0.21362322522258395,0.264862221699329,0.3869105689484877,True,0.1109982332155477,0.0008833922261484099,positive,0.9842084484800632,reactionfusion_v1_provisional,train,approved
507,2257,491,20,84,7,2,7,2868,2868,RF_POST_000507,සද්දෙන් 📢 දැම්මොත් අත්අඩංගුවට ගන්න වරෙන්තු ඕනේ නෑ.... නීති අලුත් වෙයි 👌,False,sinhala,8e34a55fb4befea664b1b8592e16dca23e2d737898214f258854c3cec0539f36,DUP_8e34a55fb4befea6,1,False,2868,7.9617188159813645,0.7869595536959554,0.7853913043478261,0.1711994421199442,0.1711304347826087,0.00697350069735007,0.007304347826086957,0.029288702928870293,0.029565217391304348,0.0024407252440725243,0.002782608695652174,0.000697350069735007,0.0010434782608695651,0.0024407252440725243,0.002782608695652174,like,0.7869595536959554,0.6157601115760112,positive,0.29151149067705,0.3513872002288897,0.34079619014487333,True,0.17503486750348674,0.0031380753138075313,positive,0.9647749510763209,reactionfusion_v1_provisional,train,approved
508,95,11,1,31,0,0,0,138,138,RF_POST_000508,පාසලේදී ඔයා ජනප්රිය චරිතයක් වුනේ කොහොමද ? 🤔,False,sinhala,ed02fd991bc6e98631c3ed27e43277abdce66b4acc81f9265df8a6ddd07b03aa,DUP_ed02fd991bc6e986,1,False,138,4.9344739331306915,0.6884057971014492,0.6620689655172414,0.07971014492753623,0.08275862068965517,0.007246376811594203,0.013793103448275862,0.2246376811594203,0.2206896551724138,0.0,0.006896551724137931,0.0,0.006896551724137931,0.0,0.006896551724137931,like,0.6884057971014492,0.463768115942029,positive,0.16443123803446769,0.2231128335822485,0.42643229525959037,True,0.08369565217391303,0.0,positive,1.0,reactionfusion_v1_provisional,train,approved
509,454,3,2,72,37,8,9,585,585,RF_POST_000509,🔴 අස්වැසුම මාටියා.... ඊයේ නෝර්වුඩ් කෝටි 1.6 යි අද තලවාකැලේ 916000 යි,False,sinhala,718f71f7b71507173d46135d909a74905b2b21a29d032c3d76d35df109fb126a,DUP_718f71f7b7150717,1,False,585,6.373319789577012,0.7760683760683761,0.768581081081081,0.005128205128205128,0.006756756756756757,0.003418803418803419,0.005067567567567568,0.12307692307692308,0.12331081081081081,0.06324786324786325,0.06418918918918919,0.013675213675213675,0.015202702702702704,0.015384615384615385,0.016891891891891893,like,0.7760683760683761,0.652991452991453,neutral,0.37290860711660284,-0.056542812310578734,0.4103809395548323,True,0.007008547008547009,0.02905982905982906,negative,-0.6113744075829384,reactionfusion_v1_provisional,train,approved
510,293,2,0,130,17,6,46,494,494,RF_POST_000510,"ඇගිලි සලකුණු යන්ත්ර භාවිතා නොකර රේගු නිලධාරින් සදහා 2025දී අතිකාල දිමනා ලෙස රුපියල් එකසිය හතලිස් දෙකෝටි, හැට දෙලක්ෂ, දාසය දහස් හයසිය හැට දෙකක මුදලක් (1,426,216,662) ශ්රි ලංකා රේගුව විසින් ගෙවා ඇත. 😅",False,sinhala,76e3897379323fda63b8ae6c315b891265bd45ce040a75c5e586a2ccc09db224,DUP_76e3897379323fda,1,False,494,6.20455776256869,0.5931174089068826,0.5868263473053892,0.004048582995951417,0.005988023952095809,0.0,0.001996007984031936,0.2631578947368421,0.26147704590818366,0.03441295546558704,0.03592814371257485,0.012145748987854251,0.013972055888223553,0.0931174089068826,0.09381237524950099,like,0.5931174089068826,0.3299595141700405,negative,0.19560272257441266,-0.2701711401101941,0.5519346324430071,True,0.004048582995951417,0.10526315789473685,negative,-0.9259259259259259,reactionfusion_v1_provisional,train,approved
511,614,1,1,373,4,6,3,1002,1002,RF_POST_000511,"ඊයේ රෑ මැගසින්, උදේ කුරුවිට දැන් පල්ලන්සේන මොනාද බන් මේ නාට්ය 😂😂",False,sinhala,6098a30f1705719d138bc38ab58d997b4333b35d6110f5cc671050ff8bac9880,DUP_6098a30f1705719d,1,False,1002,6.910750787961936,0.6127744510978044,0.6095143706640238,0.000998003992015968,0.0019821605550049554,0.000998003992015968,0.0019821605550049554,0.3722554890219561,0.37066402378592667,0.003992015968063872,0.004955401387512388,0.005988023952095809,0.006937561942517344,0.0029940119760479044,0.003964321110009911,like,0.6127744510978044,0.2405189620758483,neutral,0.5588881409749186,-0.023249039991594007,0.3863754332562193,True,0.0015469061876247504,0.008982035928143714,negative,-0.7061611374407583,reactionfusion_v1_provisional,train,approved
512,159,1,1,32,2,2,0,197,197,RF_POST_000512,🔴 කුරුවිට බන්ධනාගාරයේ නොසන්සුන්තාවය මැද දෙදෙනෙකු මි|ය|ය|යි,False,sinhala,f6516a87afffabeac3b4f104f4bbb745957221977160d90a802d0c3e2cfacacf,DUP_f6516a87afffabea,1,False,197,5.288267030694535,0.8071065989847716,0.7843137254901961,0.005076142131979695,0.00980392156862745,0.005076142131979695,0.00980392156862745,0.16243654822335024,0.16176470588235295,0.01015228426395939,0.014705882352941176,0.01015228426395939,0.014705882352941176,0.0,0.004901960784313725,like,0.8071065989847716,0.6446700507614214,neutral,0.6121635680662154,-0.006150012239817924,0.3160585118849602,True,0.007868020304568527,0.01015228426395939,negative,-0.1267605633802817,reactionfusion_v1_provisional,train,approved
513,260,2,1,264,2,0,0,529,529,RF_POST_000513,📢 මැගසින් බන්ධනාගාරය ලඟට ආපු ඔක්කොම කට්ටිය දැන් ගෙවල් වලට පරිස්සමින් යන්න.... 😂,False,sinhala,2a7e7211e9e8b304f9a79ac67e0f4101108fc243d6038333c7da64ef3ea17002,DUP_2a7e7211e9e8b304,1,False,529,6.272877006546167,0.4914933837429111,0.4869402985074627,0.003780718336483932,0.005597014925373134,0.001890359168241966,0.0037313432835820895,0.499054820415879,0.4944029850746269,0.003780718336483932,0.005597014925373134,0.0,0.0018656716417910447,0.0,0.0018656716417910447,haha,0.499054820415879,0.007561436672967864,neutral,0.5984120495329667,0.01633331335512387,0.38542618971791576,True,0.0048204158790170135,0.0,positive,1.0,reactionfusion_v1_provisional,train,approved
515,369,3,1,273,21,7,9,683,683,RF_POST_000515,පාර්ලිමේන්තුවේ 225ම රුපියල් 60000 කින් ඉන්ධන දීමනාව වැඩි කරගෙන නේත 🤔,False,sinhala,30c75fa8f4bba7a1b93d64b56a25903f0d4a62161a09063b6ec72189d65142ab,DUP_30c75fa8f4bba7a1,1,False,683,6.52795791762255,0.5402635431918009,0.5362318840579711,0.004392386530014641,0.005797101449275362,0.0014641288433382138,0.002898550724637681,0.39970717423133234,0.39710144927536234,0.03074670571010249,0.03188405797101449,0.010248901903367497,0.011594202898550725,0.013177159590043924,0.014492753623188406,like,0.5402635431918009,0.14055636896046853,neutral,0.3880638435119377,-0.057279568477548407,0.48492969496536864,True,0.005197657393850659,0.02342606149341142,negative,-0.6368286445012787,reactionfusion_v1_provisional,train,approved
517,141,26,1,6,2,1,1,178,178,RF_POST_000517,🔴 අකිල 18 දක්වා රිමාන්ඩ්…,False,sinhala,1105924e56d07c1759ef5c110ca17cfa30584990425355bb3fc1984ef3f38f86,DUP_1105924e56d07c17,1,False,178,5.187385805840755,0.7921348314606742,0.7675675675675676,0.14606741573033707,0.14594594594594595,0.0056179775280898875,0.010810810810810811,0.033707865168539325,0.03783783783783784,0.011235955056179775,0.016216216216216217,0.0056179775280898875,0.010810810810810811,0.0056179775280898875,0.010810810810810811,like,0.7921348314606742,0.6460674157303371,positive,0.23203935958713182,0.29282549495466526,0.36877970458007725,True,0.1491573033707865,0.011235955056179775,positive,0.8598949211908932,reactionfusion_v1_provisional,train,approved
518,1269,191,10,31,2,0,0,1503,1503,RF_POST_000518,"නඩු වලදි සුළු වැරදිකරුවන් නිවාස අඩස්සියේ තැබීමට කල යෝජනාවට කැබිනට් අනුමැතිය.. ඒක නම් හොඳ වැඩක්👏 රටේ සල්ලිත් ඉතුරුයි, තදබදයත් අඩුවෙයි ✌️",False,sinhala,f44913a07db878eb161c464c707c54f4ba92436bcc45a3ba2b2a184a55116272,DUP_f44913a07db878eb,1,False,1503,7.315883504509785,0.844311377245509,0.8410596026490066,0.1270791749833666,0.1271523178807947,0.00665335994677312,0.00728476821192053,0.020625415834996674,0.02119205298013245,0.0013306719893546241,0.001986754966887417,0.0,0.0006622516556291391,0.0,0.0006622516556291391,like,0.844311377245509,0.7172322022621423,positive,0.2430605580089951,0.28115040455984885,0.27095708156965576,True,0.13073852295409183,0.0,positive,1.0,reactionfusion_v1_provisional,train,approved
520,104,0,0,20,0,5,6,135,135,RF_POST_000520,"සම 🐂 දිට්ටා එකේ පරණ වීඩියෝ , ෆොටෝ ආයේ දානවා 😡",False,sinhala,bcdd03ba03e0f6f0208518a3740ab066d132acf9bb7143deaef329c0a45e6a12,DUP_bcdd03ba03e0f6f0,1,False,135,4.912654885736052,0.7703703703703704,0.7394366197183099,0.0,0.007042253521126761,0.0,0.007042253521126761,0.14814814814814814,0.14788732394366197,0.0,0.007042253521126761,0.037037037037037035,0.04225352112676056,0.044444444444444446,0.04929577464788732,like,0.7703703703703704,0.6222222222222222,negative,0.15542377709382316,-0.20602424604421718,0.38250424216619006,True,0.0,0.08148148148148149,negative,-1.0,reactionfusion_v1_provisional,train,approved
521,209,0,0,0,2,309,0,520,520,RF_POST_000521,🔴 අධික වර්ෂාව නිසා හැටන් පොල්පිටිය ප්රදේශයේ නිවසක් මතට පස් කන්දක් කඩා වැටීමෙන් 4දෙනෙක් අතුරුදන්ව කාන්තාවක් ජීවිතක්ෂයට පත්වෙයි 😥,False,sinhala,cec8bc40519067e3c0dce73e2ebec55f0e1003f78ef3cb514f7a1169cc4b4e20,DUP_cec8bc40519067e3,1,False,520,6.255750041753367,0.40192307692307694,0.3984819734345351,0.0,0.0018975332068311196,0.0,0.0018975332068311196,0.0,0.0018975332068311196,0.0038461538461538464,0.0056925996204933585,0.5942307692307692,0.5882352941176471,0.0,0.0018975332068311196,sad,0.5942307692307692,0.19230769230769232,negative,0.6020660956819208,-0.7334448944174742,0.35820135039877893,False,0.0,0.5942307692307692,negative,-1.0,reactionfusion_v1_provisional,train,approved
523,55,1,1,0,0,1,0,58,58,RF_POST_000523,🔴 නුවර - නුවරඑළිය දිස්ත්රික්ක වල පාසල් හෙට නිවාඩු...,False,sinhala,155a7e6af1200019454bdecaf68a6c6da450431a90c26b3ee6bf3f7f99fd8bb5,DUP_155a7e6af1200019,1,False,58,4.07753744390572,0.9482758620689655,0.8615384615384616,0.017241379310344827,0.03076923076923077,0.017241379310344827,0.03076923076923077,0.0,0.015384615384615385,0.0,0.015384615384615385,0.017241379310344827,0.03076923076923077,0.0,0.015384615384615385,like,0.9482758620689655,0.9310344827586207,neutral,0.31762371533437245,0.02206590402467857,0.13381176918622614,True,0.02672413793103448,0.017241379310344827,positive,0.21568627450980396,reactionfusion_v1_provisional,train,approved
525,250,2,0,0,2,55,0,309,309,RF_POST_000525,Breaking... 🚨 මහනුවර කොළඹ මාර්ගය අයහපත් කාලගුණය හේතුවෙන් කඩුගන්නාව ප්රදේශයෙන් තාවකාලිකව වසා ඇත.,False,mixed,953bda910cfe41754ccd3f63ea9fcc1ad5c50927eacbd3db3e0b96bb5ccce172,DUP_953bda910cfe4175,1,False,309,5.736572297479192,0.8090614886731392,0.7943037974683544,0.006472491909385114,0.00949367088607595,0.0,0.0031645569620253164,0.0,0.0031645569620253164,0.006472491909385114,0.00949367088607595,0.1779935275080906,0.17721518987341772,0.0,0.0031645569620253164,like,0.8090614886731392,0.6310679611650486,negative,0.2928249668924761,-0.3411020175480916,0.2795030072326139,True,0.006472491909385114,0.1779935275080906,negative,-0.9298245614035088,reactionfusion_v1_provisional,train,approved
528,218,40,1,8,0,0,0,267,267,RF_POST_000528,🔴 Breaking.... මහර බන්ධනාගාරයේ තත්වය සම්පුර්ණයෙන්ම පාලනය කරයි...,False,mixed,0dedbec2a976b8625d1e43f8b0153ddf12bfe663023d45df11323f879576cca9,DUP_0dedbec2a976b862,1,False,267,5.5909869805108565,0.8164794007490637,0.7992700729927007,0.149812734082397,0.14963503649635038,0.003745318352059925,0.0072992700729927005,0.0299625468164794,0.032846715328467155,0.0,0.0036496350364963502,0.0,0.0036496350364963502,0.0,0.0036496350364963502,like,0.8164794007490637,0.6666666666666666,positive,0.27190535161518176,0.32067405708377755,0.2959915056775043,True,0.15187265917602996,0.0,positive,1.0,reactionfusion_v1_provisional,train,approved
529,277,2,3,2686,1,1,0,2970,2970,RF_POST_000529,කවුද මන්දා නැන්දා කෙනෙක් කියනවා ළමයි ටිකට අපි කඩෙන් මොනා හරි අරගෙන දෙන්නම් අනේ සර් උදේට තේ බොන්න එලියට දාන්නලු 😂,False,sinhala,917682ba99921c04243490f10742d02d06412b22ad5f501d2b1afd8dc8bca448,DUP_917682ba99921c04,1,False,2970,7.9966538754626075,0.09326599326599326,0.09338259993281828,0.0006734006734006734,0.001007725898555593,0.00101010101010101,0.0013436345314074571,0.9043771043771044,0.9025864964729594,0.0003367003367003367,0.0006718172657037286,0.0003367003367003367,0.0006718172657037286,0.0,0.0003359086328518643,haha,0.9043771043771044,0.8111111111111111,neutral,0.5663619641427166,0.003752629875585339,0.1692898622031207,True,0.001228956228956229,0.0003367003367003367,positive,0.5698924731182796,reactionfusion_v1_provisional,train,approved
530,325,1,0,106,1,1,0,434,434,RF_POST_000530,මහර ඇතුලේ ඉන්න අය හෙට ඉදන් ගෙදරින් තුන් වේලම ගෙන්නගෙන කන්නත් පුලුවන් නැතිනම් බඩිගින්නෙත් ඉන්න පුළුවන්.... 😂😂,False,sinhala,d305aad030a4cdb9c9ea16248330ea759c0b84e2875c72d1fb09ed5c9f861df4,DUP_d305aad030a4cdb9,1,False,434,6.075346031088684,0.7488479262672811,0.7392290249433107,0.002304147465437788,0.0045351473922902496,0.0,0.0022675736961451248,0.24423963133640553,0.24263038548752835,0.002304147465437788,0.0045351473922902496,0.002304147465437788,0.0045351473922902496,0.0,0.0022675736961451248,like,0.7488479262672811,0.5046082949308756,neutral,0.6547885529018598,0.0,0.3097997076623776,True,0.002304147465437788,0.002304147465437788,neutral,0.0,reactionfusion_v1_provisional,train,approved
531,646,2,2,16,8,151,6,831,831,RF_POST_000531,මහර අහසම කළු දුමින් වැසී යයි බන්ධනාගාර මුළුතැන්ගෙය අවසානයි.. 😥,False,sinhala,8de657d2b9c654ebe7c02efb363891fe8fd9c2c2e1b643d2115fdce01564a9cb,DUP_8de657d2b9c654eb,1,False,831,6.723832440821209,0.7773766546329723,0.7720763723150358,0.0024067388688327317,0.003579952267303103,0.0024067388688327317,0.003579952267303103,0.019253910950661854,0.02028639618138425,0.009626955475330927,0.010739856801909307,0.18170878459687123,0.18138424821002386,0.007220216606498195,0.008353221957040573,like,0.7773766546329723,0.5956678700361011,negative,0.3029282860498406,-0.36832768666188564,0.3551152120340371,True,0.0037304452466907344,0.18892900120336942,negative,-0.9612742036227359,reactionfusion_v1_provisional,train,approved
532,330,3,1,35,3,9,0,381,381,RF_POST_000532,🔴 මහර බන්ධනාගාර පරිශ්රයට හමුදා සන්නද්ධ රථ කැදවයි. තත්වය පාලනයට කදුළු ගෑස්. මොනාද මේ වෙන්නෙ? තවමත් මේක ඉවරයක් නැද්ද?,False,sinhala,127ef780c0267afcd62143766b79fa6901e3b58796d3dac52143ed5f39c5e031,DUP_127ef780c0267afc,1,False,381,5.945420608606575,0.8661417322834646,0.8530927835051546,0.007874015748031496,0.010309278350515464,0.0026246719160104987,0.005154639175257732,0.09186351706036745,0.09278350515463918,0.007874015748031496,0.010309278350515464,0.023622047244094488,0.02577319587628866,0.0,0.002577319587628866,like,0.8661417322834646,0.7742782152230971,neutral,0.4429664652246347,-0.036206564930594876,0.26936110949244085,True,0.00931758530183727,0.023622047244094488,negative,-0.4342629482071713,reactionfusion_v1_provisional,train,approved
533,411,31,1,229,2,0,1,675,675,RF_POST_000533,🔴 මහර බන්ධනාගාර පරිශ්රයට ආරක්ෂක ලේකම් - හමුදාපති ඇතුළුවෙයි. වත්මන් තත්ත්වය නිරීක්ෂණයට ශ්රී ලංකා ගුවන් හමුදාවේ බෙල් 412 හෙලිකොප්ටර් යානයක්,False,sinhala,10d18f6ee3b6bdde6a6a3b912c760ac452939c3c822fd190a5134cb114f8245c,DUP_10d18f6ee3b6bdde,1,False,675,6.516193076042964,0.6088888888888889,0.6041055718475073,0.045925925925925926,0.0469208211143695,0.0014814814814814814,0.002932551319648094,0.33925925925925926,0.33724340175953077,0.002962962962962963,0.004398826979472141,0.0,0.001466275659824047,0.0014814814814814814,0.002932551319648094,like,0.6088888888888889,0.2696296296296296,positive,0.10578023708169863,0.13519964157388212,0.43519729977288185,True,0.04674074074074074,0.0014814814814814814,positive,0.9385560675883258,reactionfusion_v1_provisional,train,approved
535,231,0,1,5,2,35,0,274,274,RF_POST_000535,මහරත් මීගමුවක් වෙන්න එපා 🙏,False,sinhala,d6c75d3a136320b055db2eb50df8396577e85be6701604ef2b335ef5002b95e2,DUP_d6c75d3a136320b0,1,False,274,5.616771097666572,0.843065693430657,0.8256227758007118,0.0,0.0035587188612099642,0.0036496350364963502,0.0071174377224199285,0.01824817518248175,0.021352313167259787,0.0072992700729927005,0.010676156583629894,0.12773722627737227,0.12811387900355872,0.0,0.0035587188612099642,like,0.843065693430657,0.7153284671532847,negative,0.23252794010521527,-0.27081575835560223,0.27556944102485775,True,0.0020072992700729928,0.12773722627737227,negative,-0.9690576652601971,reactionfusion_v1_provisional,train,approved
536,96,0,0,67,2,21,0,186,186,RF_POST_000536,"මැදපෙරදිග අර්බූදය හමුවේ අපේ උද්ධමනය අප්රේල් 5.4%, මැයි 5.5% - ජුනි 6.5% ජුලි 7.3% 😞",False,sinhala,2aca639e438a46c7d1f3bde47f6843f0a6cb0acff98623a5b1f0b11ea49aa6a2,DUP_2aca639e438a46c7,1,False,186,5.231108616854587,0.5161290322580645,0.5025906735751295,0.0,0.0051813471502590676,0.0,0.0051813471502590676,0.3602150537634409,0.35233160621761656,0.010752688172043012,0.015544041450777202,0.11290322580645161,0.11398963730569948,0.0,0.0051813471502590676,like,0.5161290322580645,0.15591397849462366,negative,0.23173595345449233,-0.32007815641384535,0.5160417512329178,True,0.0,0.11290322580645161,negative,-1.0,reactionfusion_v1_provisional,train,approved
538,611,27,5,181,5,0,2,831,831,RF_POST_000538,පොලිස් ඉතිහාසයේ ම|ර|ණ දඬුවමක් නියමු වූ පලමු පොලිස්පතිවරයා පූජිත් ජයසුන්දර ……. ඔබට අපගෙන් උණුසුම් සුබ පැතුම් 💐,False,sinhala,7f65fb8b0fdf34d555a709484a786f27c59cb45c2c78e4fe135fe721f7d60cf6,DUP_7f65fb8b0fdf34d5,1,False,831,6.723832440821209,0.7352587244283996,0.7303102625298329,0.032490974729241874,0.03341288782816229,0.006016847172081829,0.007159904534606206,0.21780986762936222,0.2171837708830549,0.006016847172081829,0.007159904534606206,0.0,0.0011933174224343676,0.0024067388688327317,0.003579952267303103,like,0.7352587244283996,0.5174488567990373,neutral,0.1593561752582346,0.0923479052211158,0.3830953742598203,True,0.03580024067388688,0.0024067388688327317,positive,0.8740157480314961,reactionfusion_v1_provisional,train,approved
540,490,153,5,4,7,2,1,662,662,RF_POST_000540,"🔴 Breaking News - පාස්කු සිදුවීම වලකා නොගැනීම, රාජකාරිය පැ|හැ|ර හැරීම, අනුබල දීම හේතු කොටගෙන හිටපු පොලිස්පති පූජිත් ජයසුන්දරට ම|ර|ණ දඬුවම නියම කෙරේ",False,mixed,35f72ca693b9dc5ebd01e809215aafdb1b622753723eccce27d1dcaf682e2a44,DUP_35f72ca693b9dc5e,1,False,662,6.4967749901858625,0.7401812688821753,0.7339312406576981,0.2311178247734139,0.23019431988041852,0.0075528700906344415,0.008968609865470852,0.006042296072507553,0.007473841554559043,0.010574018126888218,0.01195814648729447,0.0030211480362537764,0.004484304932735426,0.0015105740181268882,0.0029895366218236174,like,0.7401812688821753,0.5090634441087614,positive,0.3479177740183586,0.424813700699133,0.36201896474653017,True,0.23527190332326284,0.004531722054380665,positive,0.9622047244094488,reactionfusion_v1_provisional,train,approved
541,242,4,0,127,3,8,2,386,386,RF_POST_000541,"621,638කගේ අස්වැසුමට රුපියල් කෝටි 310.8 අද බැංකු ගිණුම් වලට...",False,sinhala,44fa135868fff92e6b4d46b4c4caafdceac16c51e0b134bd89dc6256c10da8f2,DUP_44fa135868fff92e,1,False,386,5.958424693029782,0.6269430051813472,0.6183206106870229,0.010362694300518135,0.01272264631043257,0.0,0.002544529262086514,0.3290155440414508,0.3256997455470738,0.007772020725388601,0.010178117048346057,0.02072538860103627,0.022900763358778626,0.0051813471502590676,0.007633587786259542,like,0.6269430051813472,0.2979274611398964,neutral,0.4390778234327674,-0.04665647367707111,0.4374202758301556,True,0.010362694300518135,0.02590673575129534,negative,-0.42857142857142855,reactionfusion_v1_provisional,train,approved
543,1546,7,0,37,10,776,1,2377,2377,RF_POST_000543,කටානේ බයික් ඇක්සිඩන්ට් එක දැක්කහම නම් බයික් පදිනවා තියා අල්ලන්නත් බය හිතෙනවා 😥,False,sinhala,84eefb15e44b2b44f2145f3425a8c372edde30530067022d62286d9b3ec1ae56,DUP_84eefb15e44b2b44,1,False,2377,7.774015077250727,0.6503996634413126,0.6489093959731543,0.002944888514934792,0.003355704697986577,0.0,0.00041946308724832214,0.015565839293226757,0.015939597315436243,0.004206983592763988,0.004614093959731544,0.3264619267984855,0.3259228187919463,0.00042069835927639884,0.0008389261744966443,like,0.6503996634413126,0.3239377366428271,negative,0.42911634546100647,-0.5321424392135427,0.38721246854432156,False,0.002944888514934792,0.3268826251577619,negative,-0.9821428571428571,reactionfusion_v1_provisional,train,approved
544,1324,28,9,1846,35,10,8,3260,3260,RF_POST_000544,"බෝපිටිය කහ බත් දන්සලට ඇවිත් හතර පාරකට බත් බෙදාගෙන කාලා එකක් අරගෙන ගිය කහ බල්ව්ස් එකේ රෝස මල් තිබ්බ, කළු සායක් ඇඳලා හිටපු නංගි මේක දැක්කොත් මැසේජ් එකක් දාන්න. මමයි දන්සලේ බත් බෙදපු අයියා 😔",False,sinhala,4d6300dc0b8f3cff343af5a94f6f3c9a1ae9566c71d43fff4c5d5b9d8fa7a789,DUP_4d6300dc0b8f3cff,1,False,3260,8.089789175789319,0.40613496932515336,0.40557086011631466,0.008588957055214725,0.008876645240281604,0.0027607361963190185,0.003060912151821243,0.5662576687116564,0.5653504744413835,0.010736196319018405,0.011019283746556474,0.003067484662576687,0.003367003367003367,0.00245398773006135,0.0027548209366391185,haha,0.5662576687116564,0.16012269938650306,neutral,0.6169226081879955,0.016070426115622975,0.42463228156635324,True,0.010107361963190184,0.005521472392638037,positive,0.2934249263984299,reactionfusion_v1_provisional,train,approved
545,102,1,0,24,1,0,0,128,128,RF_POST_000545,🔴 පුස්තකාල සේවා මණ්ඩල සභාපති රත්න ශ්රී විජේසිංහ මහතා ඉල්ලා අස්වෙයි.,False,sinhala,284ba314e9b96d6e03c7719d5cdd1f57b55a464d03afc23cd31a679e98b8d7c3,DUP_284ba314e9b96d6e,1,False,128,4.859812404361672,0.796875,0.762962962962963,0.0078125,0.014814814814814815,0.0,0.007407407407407408,0.1875,0.18518518518518517,0.0078125,0.014814814814814815,0.0,0.007407407407407408,0.0,0.007407407407407408,like,0.796875,0.609375,neutral,0.48941176718312107,0.021565347671748916,0.2932406516408244,True,0.0078125,0.0,positive,1.0,reactionfusion_v1_provisional,train,approved
547,135,1,0,12,0,0,0,148,148,RF_POST_000547,🔴 ප්රදේශීය වාර්තාකරුවනි... තම බලප්රදේශයේ අද පැවැත්වෙන දන්සල් පිලිබඳ වාර්තාවක් කරුණාකර ලබාදෙන්න 🥰,False,sinhala,4fb4e568d9f063704460eba76492e0796bd3c37b83ee333613721f40e4160b5d,DUP_4fb4e568d9f06370,1,False,148,5.003946305945459,0.9121621621621622,0.8774193548387097,0.006756756756756757,0.012903225806451613,0.0,0.0064516129032258064,0.08108108108108109,0.08387096774193549,0.0,0.0064516129032258064,0.0,0.0064516129032258064,0.0,0.0064516129032258064,like,0.9121621621621622,0.831081081081081,neutral,0.4729937302962822,0.017245437504258068,0.16512957110060486,True,0.006756756756756757,0.0,positive,1.0,reactionfusion_v1_provisional,train,approved
548,6,0,0,32,2,1,0,41,41,RF_POST_000548,අපි දන්නේ නැති උනාට සමහරු බැච් Fund එකෙන් කාලා බීලත් තියනවා 😡,False,mixed,5df8ce5c4bf19b8eec6f337eac011dfc58a5303139c4f2d84e6397cc0ff1492b,DUP_5df8ce5c4bf19b8e,1,False,41,3.7376696182833684,0.14634146341463414,0.14583333333333334,0.0,0.020833333333333332,0.0,0.020833333333333332,0.7804878048780488,0.6875,0.04878048780487805,0.0625,0.024390243902439025,0.041666666666666664,0.0,0.020833333333333332,haha,0.7804878048780488,0.6341463414634146,neutral,0.07939038704468186,-0.09507629193631659,0.36619712353363104,True,0.0,0.024390243902439025,negative,-1.0,reactionfusion_v1_provisional,train,approved
551,3,0,0,96,0,2,0,101,101,RF_POST_000551,උදේ ඇහැරෙද්දි මෙච්චර ඇඟට අමාරු මං හිතන්නෙ හීනෙනුත් තව මොකක් හරි රස්සාවක් කරනව ඇති. 🤔,False,sinhala,ba946823025992280a13991765133c23780ae141b0ecb4d4e924c328e17a64c1,DUP_ba94682302599228,1,False,101,4.624972813284271,0.0297029702970297,0.037037037037037035,0.0,0.009259259259259259,0.0,0.009259259259259259,0.9504950495049505,0.8981481481481481,0.0,0.009259259259259259,0.019801980198019802,0.027777777777777776,0.0,0.009259259259259259,haha,0.9504950495049505,0.9207920792079208,neutral,0.14354816950573418,-0.08448394225537083,0.11838800564559716,True,0.0,0.019801980198019802,negative,-1.0,reactionfusion_v1_provisional,train,approved
554,2,0,0,40,0,0,0,42,42,RF_POST_000554,සඳෙන් සඳට කල් ගෙවුනා සිංදුවට ටික්ටොක් එකක් හදලා මේ කපේට දාන්න වෙන්නැති සීන් එකක් තියෙන්නෙ 😞💔,False,sinhala,f9951a352cd20be079b5bbfeb29483f703480ea7a0185517d7888cd136f4a38d,DUP_f9951a352cd20be0,1,False,42,3.7612001156935624,0.047619047619047616,0.061224489795918366,0.0,0.02040816326530612,0.0,0.02040816326530612,0.9523809523809523,0.8367346938775511,0.0,0.02040816326530612,0.0,0.02040816326530612,0.0,0.02040816326530612,haha,0.9523809523809523,0.9047619047619048,neutral,0.31209969221310396,0.0,0.09838279637456963,True,0.0,0.0,neutral,0.0,reactionfusion_v1_provisional,train,approved
555,6,3,2,51,1,0,0,63,63,RF_POST_000555,මං කවදහරි දවසක Relationship එකක් පටන් අරන් ඉන්නවා දැක්කොත් ඔයාලා බලාපොරොත්තු නැති කරගන්න එපා. මේ හිත ඇතුලේ තව 50කට උනත් ඉඩ තියෙනව. 😚,False,mixed,56303fa59a27258028d0e87ca1182c5b9675940b03ac7c07880010272f6b581b,DUP_56303fa59a272580,1,False,63,4.1588830833596715,0.09523809523809523,0.1,0.047619047619047616,0.05714285714285714,0.031746031746031744,0.04285714285714286,0.8095238095238095,0.7428571428571429,0.015873015873015872,0.02857142857142857,0.0,0.014285714285714285,0.0,0.014285714285714285,haha,0.8095238095238095,0.7142857142857143,positive,0.14603239401516055,0.24975991283036614,0.3675734770645135,True,0.06507936507936507,0.0,positive,1.0,reactionfusion_v1_provisional,train,approved
556,2,2,0,14,0,0,0,18,18,RF_POST_000556,ඒ රූපෙට මං ආස උනත් බාල උනා😓🫶🏻,False,sinhala,c42b34510b3b03d555555a3b57dd299a98e7af3368d0889796e24ec16e570a43,DUP_c42b34510b3b03d5,1,False,18,2.9444389791664403,0.1111111111111111,0.12,0.1111111111111111,0.12,0.0,0.04,0.7777777777777778,0.6,0.0,0.04,0.0,0.04,0.0,0.04,haha,0.7777777777777778,0.6666666666666666,positive,0.10049034579661245,0.4032362661523209,0.3513722903293815,True,0.1111111111111111,0.0,positive,1.0,reactionfusion_v1_provisional,train,approved
557,299,83,10,0,0,0,0,392,392,RF_POST_000557,"මගේ ලොකුකමක් නම් නෑ, ඒත් මගේ ඔලුව නැමෙන්නේ ගෞරවයක් ලබන්න සුදුසු අය ළග විතරයි ♥️🙂🙂",False,sinhala,4155ba52fea2f137f35a2bab493d3b4bc3f810caaf0d6b41416df2413d38e337,DUP_4155ba52fea2f137,2,True,392,5.973809611869261,0.7627551020408163,0.7518796992481203,0.21173469387755103,0.21052631578947367,0.025510204081632654,0.02756892230576441,0.0,0.002506265664160401,0.0,0.002506265664160401,0.0,0.002506265664160401,0.0,0.002506265664160401,like,0.7627551020408163,0.5510204081632653,positive,0.34980703413792397,0.41738831069624077,0.3231691563832586,True,0.225765306122449,0.0,positive,1.0,reactionfusion_v1_provisional,train,approved
558,134,36,6,3,0,4,0,183,183,RF_POST_000558,"පිරිමි ලමයෙක්ට එක්තරා යුගයක් එනවා,කැපකිරීම් විතරක්ම ජීවිතේ වන....එදාට තමංගේ පුංචිම සතුටත් අතාරින්න වෙනවා.. 💔",False,sinhala,a9255b183079f76cbb9dd836529240ad08e2b1c1e8521c6ad8f085f5a9c00817,DUP_a9255b183079f76c,2,True,183,5.214935757608986,0.73224043715847,0.7105263157894737,0.19672131147540983,0.19473684210526315,0.03278688524590164,0.03684210526315789,0.01639344262295082,0.021052631578947368,0.0,0.005263157894736842,0.02185792349726776,0.02631578947368421,0.0,0.005263157894736842,like,0.73224043715847,0.5355191256830601,positive,0.28377770372635347,0.3679572761826153,0.41681137538743757,True,0.21475409836065573,0.02185792349726776,positive,0.8152424942263279,reactionfusion_v1_provisional,train,approved
559,353,134,35,20,0,0,0,542,542,RF_POST_000559,සිස්සත්වෙ ලේසිලු දරු පැටියට 🙈💜,False,sinhala,ae6d71d785d205709ee11363682986bd7bfabd20b064ec5f3846880ec7b9528c,DUP_ae6d71d785d20570,2,True,542,6.297109319933935,0.6512915129151291,0.644808743169399,0.24723247232472326,0.2459016393442623,0.06457564575645756,0.06557377049180328,0.03690036900369004,0.03825136612021858,0.0,0.0018214936247723133,0.0,0.0018214936247723133,0.0,0.0018214936247723133,like,0.6512915129151291,0.4040590405904059,positive,0.3761275214766722,0.4931487896663272,0.4745581801591633,False,0.28274907749077494,0.0,positive,1.0,reactionfusion_v1_provisional,train,approved
562,463,264,25,0,0,0,0,752,752,RF_POST_000562,තමන්ට රස්සාව උගන්නපු අයව කවදාවත් අමතක කරන්න එපා ❤️,False,sinhala,af7991a39d0bb1f3da20b634bd06b13bf1d40b8c5030c64a2d20566bbbd3ffea,DUP_af7991a39d0bb1f3,1,False,752,6.6240652277998935,0.6156914893617021,0.61133069828722,0.35106382978723405,0.34914361001317523,0.03324468085106383,0.034255599472990776,0.0,0.0013175230566534915,0.0,0.0013175230566534915,0.0,0.0013175230566534915,0.0,0.0013175230566534915,like,0.6156914893617021,0.2646276595744681,positive,0.45067102072186677,0.5635020863979389,0.40046323143748414,False,0.3693484042553192,0.0,positive,1.0,reactionfusion_v1_provisional,train,approved
564,217,27,5,1191,5,3,1,1449,1449,RF_POST_000564,කොල්ලො කවදාවත් කෙල්ලෙක් ඉන්නවනම් වෙන කෙල්ලො එක්ක මැසේජ් කරන්නයි හුරතල් වෙන්නයි යන්නෙ නෑ ♥️,False,sinhala,5e30e5b539f194c80719e0201f0a358843af7a3dc7515ec9cba50a2f5ce4b630,DUP_5e30e5b539f194c8,1,False,1449,7.27931883541462,0.1497584541062802,0.14972527472527472,0.018633540372670808,0.019230769230769232,0.003450655624568668,0.004120879120879121,0.8219461697722568,0.8186813186813187,0.003450655624568668,0.004120879120879121,0.002070393374741201,0.0027472527472527475,0.0006901311249137336,0.0013736263736263737,haha,0.8219461697722568,0.6721877156659766,neutral,0.26396425125465167,0.0711310216912579,0.29635246108265795,True,0.020531400966183576,0.0027605244996549345,positive,0.762962962962963,reactionfusion_v1_provisional,train,approved
565,53,1,0,76,0,1,0,131,131,RF_POST_000565,ලස්සනම ලස්සන ගැහැනු ලමයින්ට බූට් තියෙන්නෙ නළුවො වෙන්න ඇති නේද ? 😌👍,False,sinhala,612a4100fdea4b1d4c7079154a8cba6a8fb510c74e700fbe6186ed00b04ee3bc,DUP_612a4100fdea4b1d,1,False,131,4.882801922586371,0.40458015267175573,0.391304347826087,0.007633587786259542,0.014492753623188406,0.0,0.007246376811594203,0.5801526717557252,0.5579710144927537,0.0,0.007246376811594203,0.007633587786259542,0.014492753623188406,0.0,0.007246376811594203,haha,0.5801526717557252,0.17557251908396945,neutral,0.6438074852599532,0.0,0.38871758647402205,True,0.007633587786259542,0.007633587786259542,neutral,0.0,reactionfusion_v1_provisional,train,approved
566,590,346,79,2,0,0,0,1017,1017,RF_POST_000566,තමන්ගේ මහන්සියෙන් ගොඩයන්න ගේමක් ගහන ගැහැනු ලමයින්ට ජීවිතේ කොතනකදිවත් වරදින්න එපා ❤️,False,sinhala,b132a5afb4cfcaf9dee6991de18e5da732d712918fa0802b51aaf9e2e878c890,DUP_b132a5afb4cfcaf9,1,False,1017,6.925595197110468,0.5801376597836775,0.5771484375,0.34021632251720746,0.3388671875,0.0776794493608653,0.078125,0.0019665683382497543,0.0029296875,0.0,0.0009765625,0.0,0.0009765625,0.0,0.0009765625,like,0.5801376597836775,0.23992133726647,positive,0.4386723850997852,0.5693834899635097,0.4591320490467305,False,0.38294001966568336,0.0,positive,1.0,reactionfusion_v1_provisional,train,approved
567,1343,6651,91,100,4,3,2,8194,8194,RF_POST_000567,තමන්ගෙ ෆෝන් එක බෝයිෆ්රෙන්ඩ් ගාව පැයක් නෙවෙයි ඕන තරම් වෙලා තියලා යන්න පුළුවන් අවංක ගැහැණු ලමයි මේකට හාර්ට් දාන්න ❤️,False,sinhala,b1712d97e0f9fb8e7bd3647c4823f8dc05d73550d665a0f01de7a444bbdb6a27,DUP_b1712d97e0f9fb8e,1,False,8194,9.01127949117793,0.16390041493775934,0.16388245335934642,0.8116914815718819,0.8111205950493843,0.011105687088113254,0.011218144128764785,0.0122040517451794,0.012315571271796123,0.000488162069807176,0.0006096817461285209,0.000366121552355382,0.00048774539690281675,0.000244081034903588,0.00036580904767711256,love,0.8116914815718819,0.6477910666341226,positive,0.7534019822502971,0.8848537852673931,0.29711530923128227,False,0.8177996094703441,0.00061020258725897,positive,0.9985088092095943,reactionfusion_v1_provisional,train,approved
569,291,139,16,0,0,0,0,446,446,RF_POST_000569,මා වෙනුවෙන් ඇවිද ආ මිනිසුන් වෙනුවෙන් දවසක මා දිව යාමට වුවද අවිවාදයෙන් ඉදිරිපත් වෙමි ❤️ ඔවුන් සුන්දරයි ❤️,False,sinhala,2c97f9e11b382002a5cfd6d9e562fd657ea5b127139fbcf8ae0e860cf93e9c96,DUP_2c97f9e11b382002,1,False,446,6.102558594613569,0.6524663677130045,0.6445916114790287,0.3116591928251121,0.3090507726269316,0.03587443946188341,0.037527593818984545,0.0,0.002207505518763797,0.0,0.002207505518763797,0.0,0.002207505518763797,0.0,0.002207505518763797,like,0.6524663677130045,0.34080717488789236,positive,0.4259784237140923,0.5296459797409483,0.39124473353091327,False,0.331390134529148,0.0,positive,1.0,reactionfusion_v1_provisional,train,approved
570,847,248,26,2,0,1,0,1124,1124,RF_POST_000570,තනියම සතුටින් ඉන්න පුරුදු වෙන්න ❤️ මොකද ඔයත් එක්ක හැමදාම ඉන්න කවුරුත් නෑ 🙂👍,False,sinhala,395853e6ebb04de16cc0cae4b01d48c2f6d072238137f4922feb61a99526ff18,DUP_395853e6ebb04de1,1,False,1124,7.025538314638521,0.75355871886121,0.7497789566755084,0.2206405693950178,0.22015915119363394,0.023131672597864767,0.023872679045092837,0.0017793594306049821,0.002652519893899204,0.0,0.0008841732979664014,0.0008896797153024911,0.0017683465959328027,0.0,0.0008841732979664014,like,0.75355871886121,0.5329181494661922,positive,0.3549219452128159,0.42625598606145754,0.33470047633346034,False,0.23336298932384342,0.0008896797153024911,positive,0.9924041017850361,reactionfusion_v1_provisional,train,approved
571,326,30,5,186,2,0,0,549,549,RF_POST_000571,සාර්ථකව විවාහ ජීවිතයක් ගත කිරීමට නම් බිරිද ගිරවියක් වන විට සැමියා බකමූනෙකු විය යුතුය 🤓👍,False,sinhala,9902fc22aa2ee65131f3631942cfc6b47286eb1c8ca3d1251233ea53f411605c,DUP_9902fc22aa2ee651,1,False,549,6.309918278226516,0.5938069216757741,0.5881294964028777,0.0546448087431694,0.05575539568345324,0.009107468123861567,0.01079136690647482,0.33879781420765026,0.3363309352517986,0.0036429872495446266,0.00539568345323741,0.0,0.0017985611510791368,0.0,0.0017985611510791368,like,0.5938069216757741,0.2550091074681239,positive,0.13535903279315464,0.1759799682901726,0.46162787113339604,True,0.05965391621129326,0.0,positive,1.0,reactionfusion_v1_provisional,train,approved
573,2361,681,90,647,7,0,0,3786,3786,RF_POST_000573,"තාමත් බියර් එකක් නොබී, Tatoo එකක් කරලා නැත්නම් රැල්ලට අහුනොවුනු ඔයා ඇත්තටම ගැහැනු ලමයෝ බුද්ධිමත් වගේම මාරම පරිණතයි💚🥰",False,mixed,d676c20f1ba371428369a08cb2eaf0a477f11b23363ab73efec4d5b43bf519c1,DUP_d676c20f1ba37142,1,False,3786,8.239329427901795,0.6236133122028527,0.6227260743474822,0.17987321711568938,0.17980490377010283,0.02377179080824089,0.023991563406274716,0.17089276281035393,0.1708410229369892,0.0018489170628631802,0.0021091484313208544,0.0,0.0002636435539151068,0.0,0.0002636435539151068,like,0.6236133122028527,0.4437400950871632,positive,0.3180134688295321,0.4287993826271309,0.5167260881713276,True,0.19294770206022185,0.0,positive,1.0,reactionfusion_v1_provisional,train,approved
574,756,135,8,4,0,9,0,912,912,RF_POST_000574,මිනිස්සුන්ව ඕනෑවට වඩා විශ්වාස කරන්න එපා.⁣. වෙනස් වෙන්න යන්නෙ චූටි කාලයයි.. ආදරේ කරන අය පවා.. 💔,False,sinhala,fecf576838038dd574d43eead3112b80482eca8ff0eb3545a442badd81aec666,DUP_fecf576838038dd5,1,False,912,6.816735880594968,0.8289473684210527,0.823721436343852,0.14802631578947367,0.14798694232861806,0.008771929824561403,0.009793253536452665,0.0043859649122807015,0.00544069640914037,0.0,0.001088139281828074,0.009868421052631578,0.01088139281828074,0.0,0.001088139281828074,like,0.8289473684210527,0.680921052631579,positive,0.25323260023431726,0.29484181761734984,0.28224771292940815,True,0.15285087719298243,0.009868421052631578,positive,0.8787061994609164,reactionfusion_v1_provisional,train,approved
575,520,163,21,2,0,0,0,706,706,RF_POST_000575,"ගොඩක්ම Professional වෙන්නත් එපා 😼 ආදරණීය මනුස්සයෙක් විදියට හිනාවෙලා ආතල් එකේ ඉන්න, මොකද අපි මැරෙන මිනිස්සු 🙂❤️",False,mixed,dcb65349e2c4d83c80c0cfecd206fc82125d839f4e2f5f1d95db0892fb1a3569,DUP_dcb65349e2c4d83c,1,False,706,6.561030665896573,0.7365439093484419,0.7307152875175316,0.23087818696883852,0.2300140252454418,0.029745042492917848,0.030855539971949508,0.0028328611898017,0.004207573632538569,0.0,0.001402524544179523,0.0,0.001402524544179523,0.0,0.001402524544179523,like,0.7365439093484419,0.5056657223796034,positive,0.366023061524385,0.4441859651352217,0.351936530209381,False,0.24723796033994333,0.0,positive,1.0,reactionfusion_v1_provisional,train,approved
576,226,3,2,378,8,7,1,625,625,RF_POST_000576,පිරිමි ලමයින්ගෙන් බහුතරයකට අතිරේක ආදරවන්තියක් ඇත 😂😾🌝,False,sinhala,131c3dcac4a3401dd222f92b8b319b8b91f7fc558688118339df98a5be1f77ce,DUP_131c3dcac4a3401d,1,False,625,6.439350371100098,0.3616,0.35917721518987344,0.0048,0.006329113924050633,0.0032,0.004746835443037975,0.6048,0.5996835443037974,0.0128,0.014240506329113924,0.0112,0.012658227848101266,0.0016,0.0031645569620253164,haha,0.6048,0.2432,neutral,0.5811692581508241,-0.02230690996836523,0.42774828505138546,True,0.00656,0.0128,negative,-0.3223140495867769,reactionfusion_v1_provisional,train,approved
577,102,7,1,129,4,0,0,243,243,RF_POST_000577,ගැහැණු ලමයි සෑහිමකට පත්වෙන්නෙ පිරිමි ලමයින්ට තරහගිය පසුවය 🙈😬😒,False,sinhala,ead74c4f284dd3adf2edc43ed16f9bf3f34b170592ddff586b6770ea5e67e19c,DUP_ead74c4f284dd3ad,1,False,243,5.497168225293202,0.41975308641975306,0.412,0.02880658436213992,0.032,0.00411522633744856,0.008,0.5308641975308642,0.52,0.01646090534979424,0.02,0.0,0.004,0.0,0.004,haha,0.5308641975308642,0.1111111111111111,neutral,0.08723946327711887,0.10553615742123575,0.4588802486400888,True,0.031069958847736626,0.0,positive,1.0,reactionfusion_v1_provisional,train,approved
578,1270,551,69,10,1,9,0,1910,1910,RF_POST_000578,අගහිගකම් දරාගෙන ගොඩ යන්න හයියක් වෙන Wife කෙනෙක් ලැබෙන්නත් වාසනාව තියෙන්නෙ ඕන 🥺❤️,False,mixed,f1e178fb6d36e8f1e0590850ec05cddb28ad9f79b351ab8f77b6a3e45b96e17a,DUP_f1e178fb6d36e8f1,1,False,1910,7.555381944240273,0.6649214659685864,0.6630151278038602,0.28848167539267017,0.28794992175273865,0.03612565445026178,0.036515388628064686,0.005235602094240838,0.005738132498695879,0.0005235602094240838,0.0010432968179447052,0.004712041884816754,0.005216484089723527,0.0,0.0005216484089723526,like,0.6649214659685864,0.37643979057591626,positive,0.398357699860776,0.5025088577462321,0.4145246647097022,False,0.3083507853403141,0.004712041884816754,positive,0.9698971485910193,reactionfusion_v1_provisional,train,approved
579,590,3513,3,22,1,1,3,4133,4133,RF_POST_000579,ඔබ සිතන්නේ බන්ධනාගාර සිදුවීම් සැලසුම් සහගත එකක් ද.? ❤ ඔව් 👍 නෑ,False,sinhala,7c2ebdc29e87b034b26bae22f0f198b8dac84f3357693fbd6f2e6399fdb00eb2,DUP_7c2ebdc29e87b034,1,False,4133,8.327000740241713,0.14275344785869828,0.1427536231884058,0.8499879022501815,0.8487922705314009,0.0007258649891120251,0.000966183574879227,0.005323009920154851,0.005555555555555556,0.00024195499637067505,0.0004830917874396135,0.00024195499637067505,0.0004830917874396135,0.0007258649891120251,0.000966183574879227,love,0.8499879022501815,0.7072344543914831,positive,0.797378548821828,0.9038461225003491,0.23558783077808698,False,0.8503871279941931,0.0009678199854827002,positive,0.9977264007502877,reactionfusion_v1_provisional,train,approved
580,895,245,16,3,3,4,1,1167,1167,RF_POST_000580,දැන් මං මගෙ මානසික නිදහස වෙනුවෙන් ඕනම දෙයක් අත්හරිනවා.. 🙂❤️,False,sinhala,cb5934c2938caadfc385b2f4b9dfe15b083b4d0acdc761dfe20ca420fa048e83,DUP_cb5934c2938caadf,1,False,1167,7.0630481633881725,0.766923736075407,0.7632027257240205,0.2099400171379606,0.20954003407155025,0.013710368466152529,0.014480408858603067,0.002570694087403599,0.0034071550255536627,0.002570694087403599,0.0034071550255536627,0.003427592116538132,0.004258943781942078,0.000856898029134533,0.0017035775127768314,like,0.766923736075407,0.5569837189374465,positive,0.33445410717192187,0.40104344915478374,0.332080437163469,True,0.2174807197943445,0.004284490145672665,positive,0.9613601236476044,reactionfusion_v1_provisional,train,approved
581,182,25,3,3,0,0,0,213,213,RF_POST_000581,ඔබ චරිතයක් විය හැකිය.. එහෙත් ඔබේ අම්මාට එය අදාල නැත.. 🙂👍,False,sinhala,fb753b8d3650b0bb58d196337fe7aa4b02a97cd44e38de23cf7904553d3ffb63,DUP_fb753b8d3650b0bb,1,False,213,5.365976015021851,0.8544600938967136,0.8318181818181818,0.11737089201877934,0.11818181818181818,0.014084507042253521,0.01818181818181818,0.014084507042253521,0.01818181818181818,0.0,0.004545454545454545,0.0,0.004545454545454545,0.0,0.004545454545454545,like,0.8544600938967136,0.7370892018779343,positive,0.23069629078223491,0.26896580971784584,0.25999503192935475,True,0.12511737089201877,0.0,positive,1.0,reactionfusion_v1_provisional,train,approved
582,272,314,75,6,1,3,0,671,671,RF_POST_000582,"""ඔයාගෙ පාර්ට්නර් ලයිෆ් එකේ කට්ටක් කාගෙන ගේමක් ගහන කෙනෙක් නම්, එයාව හයියට අල්ල ගන්න"" ❤",False,sinhala,bb473d217332d381527f5df7ba86e5beb0da67e489617912900f3657b0507582,DUP_bb473d217332d381,1,False,671,6.51025834052315,0.40536512667660207,0.4026548672566372,0.46795827123695977,0.4646017699115044,0.11177347242921014,0.11209439528023599,0.00894187779433681,0.01032448377581121,0.0014903129657228018,0.0029498525073746312,0.004470938897168405,0.0058997050147492625,0.0,0.0014749262536873156,love,0.46795827123695977,0.06259314456035768,positive,0.4908285522855546,0.6703846045043385,0.535678540530444,False,0.5294336810730254,0.004470938897168405,positive,0.9832519190509421,reactionfusion_v1_provisional,train,approved
583,309,5,1,349,4,0,1,669,669,RF_POST_000583,ලව් කරන අය රෑට පැය ගනන් කතා කරන්නෙ මොනවද 🙄,False,sinhala,43188d96015c4448d999327cd979e1bb58ffadd478cc9bdac9fc8fa5b8db7bc4,DUP_43188d96015c4448,1,False,669,6.507277712385012,0.4618834080717489,0.45857988165680474,0.007473841554559043,0.008875739644970414,0.0014947683109118087,0.0029585798816568047,0.5216741405082213,0.5177514792899408,0.005979073243647235,0.0073964497041420114,0.0,0.0014792899408284023,0.0014947683109118087,0.0029585798816568047,haha,0.5216741405082213,0.059790732436472344,neutral,0.5650262684340404,0.023298921311297002,0.40232679797458504,True,0.008295964125560537,0.0014947683109118087,positive,0.6946564885496184,reactionfusion_v1_provisional,train,approved
585,402,206,22,0,0,0,0,630,630,RF_POST_000585,කොහෙදි දැක්කත් හිනා වෙලා කතා කරලා යන මිනිස්සුන්ට හදවතින්ම ආදරෙයි ❤️,False,sinhala,c207a400698012a321dc403927832d686804dff026d712f5e07ecac9c383ae2b,DUP_c207a400698012a3,1,False,630,6.447305862541213,0.638095238095238,0.6326530612244898,0.326984126984127,0.3249607535321821,0.03492063492063492,0.03610675039246468,0.0,0.0015698587127158557,0.0,0.0015698587127158557,0.0,0.0015698587127158557,0.0,0.0015698587127158557,like,0.638095238095238,0.3111111111111111,positive,0.4357966971136608,0.5431734050825013,0.3953626501079325,False,0.3461904761904762,0.0,positive,1.0,reactionfusion_v1_provisional,train,approved
586,476,23,7,500,4,8,0,1018,1018,RF_POST_000586,මට නිදිමත වේවා! මට නිදිමත වේවා! මට නිදිමත වේවා! මට මෙන්ම සියලුම සත්වයන්ට නිදිමත වේවා!!!,False,sinhala,1275830250dcef74205c73a83868c7bee8cd7fd87e46a7324e55980b1e1b1cf1,DUP_1275830250dcef74,1,False,1018,6.926577033222725,0.4675834970530452,0.4653658536585366,0.022593320235756387,0.023414634146341463,0.0068762278978389,0.007804878048780488,0.4911591355599214,0.48878048780487804,0.003929273084479371,0.004878048780487805,0.007858546168958742,0.00878048780487805,0.0,0.000975609756097561,haha,0.4911591355599214,0.023575638506876228,neutral,0.3542024963098246,0.061553927121652446,0.4544792327372062,True,0.02637524557956778,0.007858546168958742,positive,0.5408895265423243,reactionfusion_v1_provisional,train,approved
588,932,121,14,10,0,3,2,1082,1082,RF_POST_000588,"සල්ලි හම්බ කරන්න, සහෝදරයෙක් වුනත් ඔබව සහෝදරයෙක් විදියට පිළිගන්නෙ අත දිග ඇරලා වියදම් කරන්න සල්ලි තියෙනම් විතරයි 🙂👍",False,sinhala,26dbb0abb9b90c6fd9d5acb904635e2f18fae613183c15b7bb1bb206112cb000,DUP_26dbb0abb9b90c6f,1,False,1082,6.9874902470009905,0.8613678373382625,0.8567493112947658,0.11182994454713494,0.11202938475665748,0.012939001848428836,0.013774104683195593,0.009242144177449169,0.010101010101010102,0.0,0.0009182736455463728,0.0027726432532347504,0.0036730945821854912,0.0018484288354898336,0.0027548209366391185,like,0.8613678373382625,0.7495378927911276,positive,0.21492550629901788,0.24668405969478746,0.25748362783660306,True,0.11894639556377079,0.004621072088724584,positive,0.925205684367988,reactionfusion_v1_provisional,train,approved
589,501,7,2,535,5,13,1,1064,1064,RF_POST_000589,දවස් දෙකක වෙඩින් එකට අවුරුදු 5 ක ලෝන් එකක් ගන්න ජාතියක් අපි 🤓👍,False,sinhala,12ae7e4bb08fd281e7f36c986cd9e7d29884bb87ea5a7d653488fd0da6f955cc,DUP_12ae7e4bb08fd281,1,False,1064,6.970730078143525,0.4708646616541353,0.46872082166199813,0.006578947368421052,0.007469654528478058,0.0018796992481203006,0.0028011204481792717,0.5028195488721805,0.5004668534080299,0.004699248120300752,0.0056022408963585435,0.012218045112781954,0.013071895424836602,0.0009398496240601503,0.0018674136321195146,haha,0.5028195488721805,0.03195488721804511,neutral,0.6022558404685846,-0.018704259215405982,0.4269247717202829,True,0.007612781954887218,0.013157894736842105,negative,-0.2669683257918552,reactionfusion_v1_provisional,train,approved
590,1045,33,9,366,12,349,1,1815,1815,RF_POST_000590,බිලියන අටක් ඉන්න ලෝකේ ඇයි ඔබ තෝරගත්තෙ ඔබව මගහරින කෙනාවම 🙄💔,False,sinhala,3ac0572803333c164c9c3fb5fc3828ee33caf9a2f48be0a0d55269610e64aefa,DUP_3ac0572803333c16,1,False,1815,7.504391559161238,0.5757575757575758,0.5740944017563118,0.01818181818181818,0.018660812294182216,0.0049586776859504135,0.005488474204171241,0.20165289256198346,0.20142700329308452,0.006611570247933884,0.007135016465422613,0.19228650137741046,0.19209659714599342,0.0005509641873278236,0.0010976948408342481,like,0.5757575757575758,0.3741046831955923,negative,0.2841993998402547,-0.39536532981917416,0.5623453631089133,True,0.02090909090909091,0.1928374655647383,negative,-0.8043562314731281,reactionfusion_v1_provisional,train,approved
591,830,76,14,1,0,158,1,1080,1080,RF_POST_000591,"සමහර මිනිස්සු මට විතරක් වෙනස්කම් කරා , මං ඇස් දෙකෙන් දැක්කා..🙂💔",False,sinhala,b94fd7cc1a717f566b6e3bd71e7142b8396fdcade2c721d40ffcfd424743cd40,DUP_b94fd7cc1a717f56,1,False,1080,6.985641817639208,0.7685185185185185,0.764489420423183,0.07037037037037037,0.07083716651333946,0.012962962962962963,0.013799448022079117,0.000925925925925926,0.0018399264029438822,0.0,0.0009199632014719411,0.14629629629629629,0.14627414903403863,0.000925925925925926,0.0018399264029438822,like,0.7685185185185185,0.6222222222222222,negative,0.115878757560369,-0.14306591867041354,0.3800648164774294,True,0.0775,0.1472222222222222,negative,-0.31025957972805934,reactionfusion_v1_provisional,train,approved
592,213,6,0,440,2,0,0,661,661,RF_POST_000592,මාළු කවදාවත් කසාද බදින්නෙ නෑ මොකද වයසට ගියාම බොන්න වතුර තියෙනව 🐠🐳🤓👍,False,sinhala,b6f1874c35cb0ffec92d6dae666811eb2aac5a554584ae7bcbd3ff7460fe1b00,DUP_b6f1874c35cb0ffe,1,False,661,6.495265555937008,0.32223903177004537,0.3203592814371258,0.009077155824508321,0.010479041916167664,0.0,0.0014970059880239522,0.6656580937972768,0.6601796407185628,0.0030257186081694403,0.004491017964071856,0.0,0.0014970059880239522,0.0,0.0014970059880239522,haha,0.6656580937972768,0.3434190620272315,neutral,0.4880233880314663,0.03373256624697155,0.3577061527535294,True,0.009077155824508321,0.0,positive,1.0,reactionfusion_v1_provisional,train,approved
595,564,167,13,2,0,3,0,749,749,RF_POST_000595,කසාදෙ ඇතුලෙ දුක් විදින අය වගේම කසාද ජීවිතේ උපරිම සතුටින් ගෙවන අයත් ඕන තරම් ඉන්නවා ❤️,False,sinhala,0ad132365f98dcde6f71990e4446bdbb7e34fa602a6483379a4e8db5fb2bae0a,DUP_0ad132365f98dcde,1,False,749,6.620073206530356,0.753004005340454,0.7473544973544973,0.22296395193591456,0.2222222222222222,0.017356475300400534,0.018518518518518517,0.0026702269692923898,0.003968253968253968,0.0,0.0013227513227513227,0.004005340453938585,0.005291005291005291,0.0,0.0013227513227513227,like,0.753004005340454,0.5300400534045394,positive,0.34973777373251225,0.4207080813728509,0.3373845268760528,True,0.23251001335113486,0.004005340453938585,positive,0.9661303979678239,reactionfusion_v1_provisional,train,approved
596,526,61,4,0,2,5,0,598,598,RF_POST_000596,සමහරු අන් අයගෙන් තමන්ට වෙන වැරදි සෙව්වා මිස තමන්ගෙන් අන් අයට වුන වැරදි සිතුවේ නැත 🙂👍,False,sinhala,8a2ae9d8a0bd48cefa0099a7689949275fc086ec60c0046b17cfd4e2accbe0c0,DUP_8a2ae9d8a0bd48ce,1,False,598,6.395261598115449,0.8795986622073578,0.8710743801652893,0.1020066889632107,0.1024793388429752,0.006688963210702341,0.008264462809917356,0.0,0.001652892561983471,0.0033444816053511705,0.0049586776859504135,0.008361204013377926,0.009917355371900827,0.0,0.001652892561983471,like,0.8795986622073578,0.7775919732441472,positive,0.18792571095804195,0.211774743940831,0.22521884105224602,True,0.10568561872909699,0.008361204013377926,positive,0.8533724340175953,reactionfusion_v1_provisional,train,approved
597,253,27,1,1,0,0,0,282,282,RF_POST_000597,අපි හිතන තරම් මිනිස්සු අහිංසක නෑ.. කොහමහරි තමන්ට ඕන දේවල් ලබාගන්න හැමකෙනෙක්ම සූදානමින් ඉන්නෙ.. 🥸👍,False,sinhala,1be6ffacb743a12188fbe5eace9666295e79379b68f528974a68972af50b295a,DUP_1be6ffacb743a121,1,False,282,5.645446897643238,0.8971631205673759,0.8788927335640139,0.09574468085106383,0.09688581314878893,0.0035460992907801418,0.006920415224913495,0.0035460992907801418,0.006920415224913495,0.0,0.0034602076124567475,0.0,0.0034602076124567475,0.0,0.0034602076124567475,like,0.8971631205673759,0.8014184397163121,positive,0.19488504393810194,0.21563728102055013,0.18602875431817803,True,0.09769503546099291,0.0,positive,1.0,reactionfusion_v1_provisional,train,approved
598,271,48,10,1,0,1,0,331,331,RF_POST_000598,මිනිස්සු දුක් විදින්නෙ වටින දේවල් නිසා නෙවෙයි.. ආස දේවල් නිසා.. 🙄💔,False,sinhala,bf54b57f290037ca2ddcd9bbcedd0ba69e931eb6a7b7e95f45072558c77240c2,DUP_bf54b57f290037ca,1,False,331,5.805134968916488,0.8187311178247734,0.8047337278106509,0.14501510574018128,0.14497041420118342,0.030211480362537766,0.03254437869822485,0.0030211480362537764,0.005917159763313609,0.0,0.0029585798816568047,0.0030211480362537764,0.005917159763313609,0.0,0.0029585798816568047,like,0.8187311178247734,0.6737160120845922,positive,0.2722857076594026,0.32083844550026824,0.30039528957513123,True,0.16163141993957705,0.0030211480362537764,positive,0.963302752293578,reactionfusion_v1_provisional,train,approved
604,309,6,3,371,5,3,0,697,697,RF_POST_000604,කසාද බැදලා ඉද්දිත් කෙල්ලො ටෝක් කරන යාළුවෙක් අපි හැමෝටම ඉන්නවා 😴👍,False,sinhala,cea6ac4755b8a3c858a0f652cf5c327ea5a43fc076364709584ba51b234b0299,DUP_cea6ac4755b8a3c8,1,False,697,6.548219102762372,0.4433285509325681,0.4403409090909091,0.00860832137733142,0.009943181818181818,0.00430416068866571,0.005681818181818182,0.5322812051649928,0.5284090909090909,0.007173601147776184,0.008522727272727272,0.00430416068866571,0.005681818181818182,0.0,0.0014204545454545455,haha,0.5322812051649928,0.08895265423242468,neutral,0.5747967005305398,0.022929845208227082,0.42115081846778785,True,0.01097560975609756,0.00430416068866571,positive,0.4366197183098592,reactionfusion_v1_provisional,train,approved
605,678,146,22,1,0,77,0,924,924,RF_POST_000605,කවදාවත් පිරිමි ලමයෙක්ට සල්ලි නැති වෙන්න හොඳ නෑ.ඒ ඇයි කියලා අහන්න එපා.එහෙම වෙන්න හොඳ නෑ.. 🙏💰,False,sinhala,666ebd28737a265fef60a2197ac163be954d5441c3fc84a50ef7e1daba6c5ef9,DUP_666ebd28737a265f,1,False,924,6.829793737512425,0.7337662337662337,0.7293233082706767,0.15800865800865802,0.15789473684210525,0.023809523809523808,0.024704618689581095,0.0010822510822510823,0.0021482277121374865,0.0,0.0010741138560687433,0.08333333333333333,0.08378088077336197,0.0,0.0010741138560687433,like,0.7337662337662337,0.5757575757575758,positive,0.13780608841034944,0.17471464072313747,0.4225009519675308,True,0.17110389610389612,0.08333333333333333,positive,0.34495959166312207,reactionfusion_v1_provisional,train,approved
606,61,3,2,224,11,1,0,302,302,RF_POST_000606,ඔබ මේ කියවන්නේ ස්ත්රී ස්ඵර්ශයක්වත් ලබා නැති කුළුඳුල් පිරිමියෙකුගේ post එකකි 😇😏🤍,False,mixed,5717b20ef63a36970e05726bde63c83be9ef35b2f68d39e2286c3088df392e9b,DUP_5717b20ef63a3697,1,False,302,5.713732805509369,0.20198675496688742,0.20064724919093851,0.009933774834437087,0.012944983818770227,0.006622516556291391,0.009708737864077669,0.7417218543046358,0.7281553398058253,0.03642384105960265,0.038834951456310676,0.0033112582781456954,0.006472491909385114,0.0,0.003236245954692557,haha,0.7417218543046358,0.5397350993377483,neutral,0.46638627148686734,0.03941171764776527,0.39226091674450436,True,0.013576158940397352,0.0033112582781456954,positive,0.6078431372549019,reactionfusion_v1_provisional,train,approved
609,170,2,0,103,1,0,0,276,276,RF_POST_000609,සතුට සල්ලි වලට ගන්න බෑ කියන කෙනෙක්ට හාරදාහක් පන්දාහක් දීලා බලන්නකො සතුටු වෙන හැටි බලාගන්න පුළුවන් 🤓😂,False,sinhala,65b9d69c4371d91698535fea0456441c7fb9c0ebc636485e2b95249cde2d6103,DUP_65b9d69c4371d916,1,False,276,5.6240175061873385,0.6159420289855072,0.6042402826855123,0.007246376811594203,0.01060070671378092,0.0,0.0035335689045936395,0.37318840579710144,0.3674911660777385,0.0036231884057971015,0.007067137809187279,0.0,0.0035335689045936395,0.0,0.0035335689045936395,like,0.6159420289855072,0.2427536231884058,neutral,0.5536306544525685,0.02271148519435933,0.3712385323727597,True,0.007246376811594203,0.0,positive,1.0,reactionfusion_v1_provisional,train,approved
610,216,16,2,251,2,1,0,488,488,RF_POST_000610,සමහර ගැහැනු ලමයි ඉන්නවා අන්තක්පුරයක අගබිසව වෙන්න ගිහින් නූලෙන් බේරුන 🌝🙏 වාසනාව කියන්නෙ මොකක්ද ඇහැව්වොත් ඒ ගැහැනු ලමයින්ව පෙන්නන්න ❤️,False,sinhala,f0e5ec58030a98f8ebeb88d6b6a517e825676a9bc597b00baafbef2b2f9d5886,DUP_f0e5ec58030a98f8,1,False,488,6.192362489474872,0.4426229508196721,0.4383838383838384,0.03278688524590164,0.03434343434343434,0.004098360655737705,0.006060606060606061,0.514344262295082,0.509090909090909,0.004098360655737705,0.006060606060606061,0.0020491803278688526,0.00404040404040404,0.0,0.00202020202020202,haha,0.514344262295082,0.07172131147540983,neutral,0.05542805743221574,0.11081495994727064,0.44838797805198166,True,0.03504098360655738,0.0020491803278688526,positive,0.8895027624309393,reactionfusion_v1_provisional,train,approved
613,96,3,0,131,2,2,1,235,235,RF_POST_000613,ඔන්න ගහක් උඩ ගිරව් දෙන්නෙක් ඉන්නවලු.. එක්කෙනෙක්ගෙ නම I Love You අනිත් කෙනාගෙ නම You Love Me.. රෑ වැස්සක් ඇවිත් You Love Me ගිරවා ගහගෙන ගියාලු.. ඉතිරි ගිරවගේ නම මොකක්ද? 🌝💘,False,mixed,31895851144c8b7320f8bdd0d2086e8e129d73db540ac272369e0059cd5279cc,DUP_31895851144c8b73,1,False,235,5.4638318050256105,0.4085106382978723,0.40082644628099173,0.01276595744680851,0.01652892561983471,0.0,0.004132231404958678,0.5574468085106383,0.5454545454545454,0.00851063829787234,0.012396694214876033,0.00851063829787234,0.012396694214876033,0.00425531914893617,0.008264462809917356,haha,0.5574468085106383,0.14893617021276595,neutral,0.7122582826590341,-3.0147279471869276e-18,0.4375918616589995,True,0.01276595744680851,0.012765957446808512,neutral,0.0,reactionfusion_v1_provisional,train,approved
615,1217,446,42,2,0,11,0,1718,1718,RF_POST_000615,"""මඟහරින්න එපා..' පවසා සමුගන්න, ඒක හරිම ගෞරවාන්විතයි ❤️",False,sinhala,32fc24fc24708c4fab8b231cac331f08d47a2689c698dee088e60d89356ebefd,DUP_32fc24fc24708c4f,1,False,1718,7.449498005382849,0.7083818393480792,0.7060869565217391,0.259604190919674,0.2591304347826087,0.024447031431897557,0.024927536231884057,0.0011641443538998836,0.0017391304347826088,0.0,0.0005797101449275362,0.006402793946449359,0.006956521739130435,0.0,0.0005797101449275362,like,0.7083818393480792,0.4487776484284051,positive,0.3765881449757224,0.46284170350757337,0.3727129940028802,False,0.27305005820721767,0.006402793946449359,positive,0.9541762132888981,reactionfusion_v1_provisional,train,approved
616,208,7,3,143,0,1,0,362,362,RF_POST_000616,ඔබ සිංහයෙකු විය හැක.එහෙත් ඔබේ බිරිදට එය අදාල නැත 🦁🤐🙏,False,sinhala,154f96fd04c01578e3950a252935ee7b804f645f23aee07013d2760474e1044d,DUP_154f96fd04c01578,1,False,362,5.8944028342648505,0.574585635359116,0.5663956639566395,0.019337016574585635,0.02168021680216802,0.008287292817679558,0.01084010840108401,0.39502762430939226,0.3902439024390244,0.0,0.0027100271002710027,0.0027624309392265192,0.005420054200542005,0.0,0.0027100271002710027,like,0.574585635359116,0.17955801104972377,neutral,0.31689628902034594,0.06640735607145823,0.42015206138967887,True,0.02389502762430939,0.0027624309392265192,positive,0.7927461139896373,reactionfusion_v1_provisional,train,approved
617,301,10,5,103,1,9,0,429,429,RF_POST_000617,මේ ලෝකෙ මිනිස්සු වර්ග 2 යි.කොටසක් ඇත්තටම තනිකඩයි 🥺💔 තව කොටසක් කසාද බැදලත් තනිකඩයි 😞💔,False,sinhala,c6470a909b8b4e145b821ea92ca9529a73a2bbccde4e4a7f68b4d4daedcccb4a,DUP_c6470a909b8b4e14,1,False,429,6.063785208687608,0.7016317016317016,0.6926605504587156,0.023310023310023312,0.02522935779816514,0.011655011655011656,0.013761467889908258,0.2400932400932401,0.23853211009174313,0.002331002331002331,0.0045871559633027525,0.02097902097902098,0.022935779816513763,0.0,0.0022935779816513763,like,0.7016317016317016,0.46153846153846156,neutral,0.5668269170400854,0.024477262652810965,0.42441496222903,True,0.029720279720279724,0.02097902097902098,positive,0.1724137931034483,reactionfusion_v1_provisional,train,approved
618,320,5,1,100,3,1,1,431,431,RF_POST_000618,බොහෝ අය ලංකාව දියුණු වෙනවට කැමතිය.. අල්ලපු ගෙදර කෙනා පොඩ්ඩක්හරි උඩට එනවට අකමැතිය.. 🙂👍,False,sinhala,4bfd5c40f108b0f8af0822c79ce0dab39874d4b4d78a8101dd36cf4c9b472752,DUP_4bfd5c40f108b0f8,1,False,431,6.068425588244111,0.7424593967517401,0.7328767123287672,0.01160092807424594,0.0136986301369863,0.002320185614849188,0.0045662100456621,0.23201856148491878,0.23059360730593606,0.0069605568445475635,0.0091324200913242,0.002320185614849188,0.0045662100456621,0.002320185614849188,0.0045662100456621,like,0.7424593967517401,0.5104408352668214,neutral,0.5451216533765422,0.02334765861958175,0.3538503948586147,True,0.012877030162412992,0.004640371229698376,positive,0.47019867549668876,reactionfusion_v1_provisional,train,approved
620,327,34,4,2,0,37,0,404,404,RF_POST_000620,හැමෝම පරිස්සමින් 🥺💔 ඔයාලගෙ පැත්තෙ කාලගුන තත්වෙ කොහමද 🥺🙏,False,sinhala,65918904ce0379c0a13295825bae3f16bf7d2a050ba2b84e9f05b36a1116b956,DUP_65918904ce0379c0,1,False,404,6.003887067106539,0.8094059405940595,0.7980535279805353,0.08415841584158416,0.0851581508515815,0.009900990099009901,0.012165450121654502,0.0049504950495049506,0.0072992700729927005,0.0,0.0024330900243309003,0.09158415841584158,0.09245742092457421,0.0,0.0024330900243309003,like,0.8094059405940595,0.7178217821782178,neutral,0.6481959926542009,-0.004257378120146094,0.34449371578305005,True,0.08960396039603961,0.09158415841584158,neutral,-0.01092896174863384,reactionfusion_v1_provisional,train,approved
622,683,119,17,11,0,4,0,834,834,RF_POST_000622,කියවිමට නොදත් පිරිමියෙකු ලගට නොගිය යුතු පොතකි ගැහැනිය.... 🙂🌻📌,False,sinhala,7f15f9cd3868ae8ac17994d7bfbeb870bd69632d5d78a8f306dc6cfea1b902ff,DUP_7f15f9cd3868ae8a,1,False,834,6.727431724850855,0.8189448441247003,0.8133174791914387,0.14268585131894485,0.1426872770511296,0.02038369304556355,0.02140309155766944,0.013189448441247002,0.014268727705112961,0.0,0.0011890606420927466,0.004796163069544364,0.005945303210463734,0.0,0.0011890606420927466,like,0.8189448441247003,0.6762589928057554,positive,0.2604897319062768,0.3082926521410982,0.3101138158936165,True,0.1538968824940048,0.004796163069544364,positive,0.9395542123158293,reactionfusion_v1_provisional,train,approved
624,1329,60,16,7,1,419,1,1833,1833,RF_POST_000624,කවදාවත් මානසික රෝහලකින් බෙහෙත් තුණ්ඩුවක් ලියාගන්න වෙන තරමට ආදරේ කරන්න එපා.. එච්චරයි... 🙂👍,False,sinhala,d47557cf481d6836ca1b3b3956ece8e35a0ebe833f341931748adc92b7bb7427,DUP_d47557cf481d6836,1,False,1833,7.51425465281641,0.7250409165302782,0.7228260869565217,0.03273322422258593,0.03315217391304348,0.00872885979268958,0.00923913043478261,0.0038188761593016913,0.004347826086956522,0.0005455537370430987,0.0010869565217391304,0.22858701582105836,0.22826086956521738,0.0005455537370430987,0.0010869565217391304,like,0.7250409165302782,0.49645390070921985,negative,0.28823743229806587,-0.35741381390484606,0.3870940568916954,True,0.037534097108565194,0.22913256955810146,negative,-0.718494271685761,reactionfusion_v1_provisional,train,approved
625,87,3,4,58,0,2,0,154,154,RF_POST_000625,Crush එකට ලව් කරන්න ගිහින් ගොඩක් අය වරද්දා ගත්තා මිත්රයා 🙋🥸🥸🙋♀️,False,mixed,f5d16f0a55271235b248b7805d57fab880e09a0bc397411a6a9e9ff5874797b2,DUP_f5d16f0a55271235,1,False,154,5.043425116919247,0.564935064935065,0.546583850931677,0.01948051948051948,0.024844720496894408,0.025974025974025976,0.031055900621118012,0.37662337662337664,0.36645962732919257,0.0,0.006211180124223602,0.012987012987012988,0.018633540372670808,0.0,0.006211180124223602,like,0.564935064935065,0.18831168831168832,neutral,0.32928637514653797,0.06372304663392767,0.4719311718294699,True,0.033766233766233764,0.012987012987012988,positive,0.4444444444444445,reactionfusion_v1_provisional,train,approved
627,128,1,2,249,1,8,0,389,389,RF_POST_000627,අපිට ඉතිං සෙට් වුනේම love නෙවෙයිනෙ මාස දෙකේ කෝස්නෙ නැත්තන් අපිත් දැන් බැදලා 🥴👍,False,mixed,7f7b9b67ed368768bc0cc751fa9fd58924e37ef4d1f97846162fa6e1922af0d6,DUP_7f7b9b67ed368768,1,False,389,5.966146739123692,0.32904884318766064,0.32575757575757575,0.002570694087403599,0.005050505050505051,0.005141388174807198,0.007575757575757576,0.6401028277634961,0.6313131313131313,0.002570694087403599,0.005050505050505051,0.02056555269922879,0.022727272727272728,0.0,0.0025252525252525255,haha,0.6401028277634961,0.3110539845758355,neutral,0.37958685372580203,-0.055152941859912104,0.40544451353025146,True,0.005398457583547558,0.02056555269922879,negative,-0.5841584158415842,reactionfusion_v1_provisional,train,approved
628,705,201,40,1,2,39,0,988,988,RF_POST_000628,පවුලේ එකම කෙල්ල වෙලා බලන්නම ඕනී..එහෙම අය තනිකරම කොල්ලෙක් වගේ තනියම හැම වැඩක්ම කරගන්න වෙද්දි පුදුම දුකක් දැනෙන්නේ 🥺,False,sinhala,4e32a65eb56cd5a2abe1ff50f5199168f52f5a5002b8c8452ee801e026858e4d,DUP_4e32a65eb56cd5a2,1,False,988,6.8966943316227125,0.7135627530364372,0.7095477386934673,0.2034412955465587,0.20301507537688443,0.04048582995951417,0.04120603015075377,0.0010121457489878543,0.0020100502512562816,0.0020242914979757085,0.003015075376884422,0.039473684210526314,0.04020100502512563,0.0,0.0010050251256281408,like,0.7135627530364372,0.5101214574898786,positive,0.2703589671380897,0.34496861612288066,0.4325590490806214,True,0.2257085020242915,0.039473684210526314,positive,0.7022900763358778,reactionfusion_v1_provisional,train,approved
629,1910,1239,268,192,12,9,1,3631,3631,RF_POST_000629,තමන්ගේ සහෝදරී වගේ නෑනලත් ඉන්නවා 🌻😍♥️,False,sinhala,9afa9713cefe8514a0913b0031f0f3c85bd35f42a2d00db8f3642da6b454bd79,DUP_9afa9713cefe8514,1,False,3631,8.197538739721184,0.526025888185073,0.5252886201209456,0.34122831175984575,0.34084661902144037,0.07380886808041862,0.07394172622319956,0.05287799504268796,0.05305112699285321,0.0033048746901679976,0.0035733919736118747,0.0024786560176259984,0.002748763056624519,0.0002754062241806665,0.0005497526113249038,like,0.526025888185073,0.1847975764252272,positive,0.4233871709779837,0.5878123031319911,0.5594477396199935,False,0.381823189204076,0.002754062241806665,positive,0.9856774563162418,reactionfusion_v1_provisional,train,approved
630,236,8,5,441,8,2,1,701,701,RF_POST_000630,හැම ගැහැනු ලමයෙක්ටම ඉන්නවා දුක අහන අයියා කෙනෙක්... 😌,False,sinhala,2e568d4255124322a1c64d61d945be7d2333aa934ebd192e790927c822c6ca3c,DUP_2e568d4255124322,1,False,701,6.553933404025811,0.33666191155492153,0.3347457627118644,0.011412268188302425,0.012711864406779662,0.007132667617689016,0.00847457627118644,0.6291012838801712,0.6242937853107344,0.011412268188302425,0.012711864406779662,0.0028530670470756064,0.00423728813559322,0.0014265335235378032,0.002824858757062147,haha,0.6291012838801712,0.29243937232524964,neutral,0.47392996906422785,0.04002112856162875,0.4221666702442016,True,0.015335235378031385,0.0042796005706134095,positive,0.5636363636363636,reactionfusion_v1_provisional,train,approved
631,287,13,4,248,5,53,0,610,610,RF_POST_000631,බලන් ගියාම මට විතරයි Love ekak neththe 🥲👍,False,mixed,59318ddfc0fdc3a913162a35374491c16ed89d532ce30ada16e61afb202b9150,DUP_59318ddfc0fdc3a9,1,False,610,6.415096959171596,0.4704918032786885,0.46677471636953,0.021311475409836064,0.022690437601296597,0.006557377049180328,0.008103727714748784,0.4065573770491803,0.4035656401944895,0.00819672131147541,0.009724473257698542,0.08688524590163935,0.08752025931928688,0.0,0.0016207455429497568,like,0.4704918032786885,0.06393442622950819,negative,0.13433122229460912,-0.18641101891223893,0.5587558200247655,True,0.024918032786885244,0.08688524590163935,negative,-0.5542521994134897,reactionfusion_v1_provisional,train,approved
632,886,25,3,686,1,2,0,1603,1603,RF_POST_000632,අද කාලේ engagement එකක් ගන්න අය ආයේ වෙඩින් එකක් ගන්නැ... ස්ථීරයි...🙂👍,False,mixed,678a1af857c4d9fe96558d469db7ba2dc39357e4bdec268df2d135063c03514b,DUP_678a1af857c4d9fe,1,False,1603,7.38025578842646,0.5527136618839675,0.5509316770186335,0.015595757953836557,0.016149068322981366,0.0018714909544603868,0.002484472049689441,0.4279475982532751,0.4267080745341615,0.0006238303181534623,0.0012422360248447205,0.0012476606363069245,0.0018633540372670807,0.0,0.0006211180124223603,like,0.5527136618839675,0.12476606363069245,neutral,0.41089126582767344,0.049617349653757165,0.4011109742744576,True,0.01662507797878977,0.0012476606363069245,positive,0.8603839441535777,reactionfusion_v1_provisional,train,approved
633,708,29,3,104,2,0,0,846,846,RF_POST_000633,මීමැස්සන් කරන කාර්යය කිසිදාක ඔබට නිලමැස්සෙකුගෙන් බලාපොරොත්තු විය නොහැකි බව සිහි තබාගන්න 🙂👍,False,sinhala,541f4940f75dd6e056af17d9d0cbf4d78887e792570a0e9a081e436455f9194f,DUP_541f4940f75dd6e0,1,False,846,6.741700694652055,0.8368794326241135,0.8311840562719812,0.034278959810874705,0.035169988276670575,0.0035460992907801418,0.004689331770222743,0.12293144208037825,0.123094958968347,0.002364066193853428,0.0035169988276670576,0.0,0.0011723329425556857,0.0,0.0011723329425556857,like,0.8368794326241135,0.7139479905437353,neutral,0.14197733849539354,0.09350462633832307,0.286057075554137,True,0.036229314420803786,0.0,positive,1.0,reactionfusion_v1_provisional,train,approved
634,240,7,0,448,7,12,0,714,714,RF_POST_000634,පුතේ බලන්න මේ ලමයාගෙ ෆොටො එක එයා නම් ඔයාට නියමෙට ගැලපෙනවා 🥱🙏 මේ දවස් වල අනුගනන් වල ඉපදුන කසාද නොබැදපු අයගෙ ගෙවල් වල තත්වය 🥱👍,False,sinhala,886f55d92713feb3b560a137ed22aad608c42b8707f0a4d04091f41a8e666bc0,DUP_886f55d92713feb3,1,False,714,6.5722825426940075,0.33613445378151263,0.3342579750346741,0.00980392156862745,0.011095700416088766,0.0,0.0013869625520110957,0.6274509803921569,0.6227461858529819,0.00980392156862745,0.011095700416088766,0.01680672268907563,0.018030513176144243,0.0,0.0013869625520110957,haha,0.6274509803921569,0.2913165266106443,neutral,0.5605008372752639,-0.02530141529629519,0.42050998868693623,True,0.00980392156862745,0.01680672268907563,negative,-0.2631578947368421,reactionfusion_v1_provisional,train,approved
635,700,183,30,1,0,58,0,972,972,RF_POST_000635,ප්රශ්න කෝටියක් තියාගෙන සැනසිල්ලේ නින්දක් හොයන අපි වගේ මිනිස්සුන්ට ඒ සැනසීම ඉක්මනට ලැබෙන්න ඕනී.. ❤,False,sinhala,678c857054dd2fdf9afbb262408bb27d612239d22c9c5241ac3719a8a4c1493d,DUP_678c857054dd2fdf,1,False,972,6.880384082186005,0.720164609053498,0.7160367722165475,0.1882716049382716,0.18794688457609807,0.030864197530864196,0.031664964249233915,0.00102880658436214,0.0020429009193054137,0.0,0.0010214504596527069,0.059670781893004114,0.0602655771195097,0.0,0.0010214504596527069,like,0.720164609053498,0.5318930041152263,positive,0.21862179940594786,0.27819814106673,0.42830150225637825,True,0.2052469135802469,0.059670781893004114,positive,0.5495145631067961,reactionfusion_v1_provisional,train,approved
636,473,202,18,6,2,0,0,701,701,RF_POST_000636,දැන් මම ඉන්නෙ Love නෙවෙයි ගේමක් ගහල ජීවිතේ ගොඩ දාගන්න ඕනි කියල හිතෙන වයසක 🤍🙌,False,mixed,b413d0e0338f256b1574e4d8abc6a34a7297263ae7459a1eff7f3a12c2ccf9c8,DUP_b413d0e0338f256b,1,False,701,6.553933404025811,0.6747503566333809,0.6694915254237288,0.28815977175463625,0.2867231638418079,0.025677603423680456,0.026836158192090395,0.008559201141226819,0.009887005649717515,0.0028530670470756064,0.00423728813559322,0.0,0.0014124293785310734,0.0,0.0014124293785310734,like,0.6747503566333809,0.38659058487874465,positive,0.4055689946901016,0.506494988866337,0.3985258130092881,False,0.3022824536376605,0.0,positive,1.0,reactionfusion_v1_provisional,train,approved
639,2816,1879,359,38,2,4,3,5101,5101,RF_POST_000639,තමන්ගේ නංගිගේ හරි මල්ලිගේ ජීවිත තමන්ට වඩා ලස්සන වෙනවා දකින එක තමයි පවුලේ වැඩිමලාගේ එකම හිනේ 💐,False,sinhala,96a5c0cb49331f0b63981cf2c7d8396f672d6ec4ae09e5d260163e8ce8afebde,DUP_96a5c0cb49331f0b,1,False,5101,8.537387898701757,0.5520486179180553,0.5514878621769773,0.3683591452656342,0.36805011746280347,0.07037835718486571,0.07047768206734534,0.007449519702019212,0.007635082223962412,0.00039207998431680063,0.0005873140172278779,0.0007841599686336013,0.0009788566953797965,0.000588119976475201,0.0007830853563038371,like,0.5520486179180553,0.18368947265242108,positive,0.44896364349836027,0.5903738371766531,0.4790530500286373,False,0.40706724171731035,0.001372279945108802,positive,0.9932803762989273,reactionfusion_v1_provisional,train,approved
641,1136,20,0,15,26,8,1,1206,1206,RF_POST_000641,රාගම පොලිස් බල ප්රදේශයට නැවත දැනුම්දෙනතුරු පොලිස් ඇඳිරිනීතිය පනවයි,False,sinhala,ea8ab56ca7df03a5b2cc9ef53db69e8116d97b01b32828c38bf1cd0af9c7b6ef,DUP_ea8ab56ca7df03a5,1,False,1206,7.095893221097532,0.9419568822553898,0.9373454245671888,0.01658374792703151,0.01731244847485573,0.0,0.0008244023083264633,0.012437810945273632,0.013190436933223413,0.02155887230514096,0.02225886232481451,0.006633499170812604,0.00741962077493817,0.0008291873963515755,0.0016488046166529267,like,0.9419568822553898,0.9203980099502488,neutral,0.47276015242225805,0.021726130438545342,0.15455346463373218,True,0.01658374792703151,0.007462686567164179,positive,0.3793103448275862,reactionfusion_v1_provisional,train,approved
642,475,218,32,12,1,4,0,742,742,RF_POST_000642,කොයිතරම් තිබුනත් මෙට්ට.. හබියගෙ අත තමයි දොයියන්න පට්ට.. 🌝❤️,False,sinhala,c3d31767453979999e9440676bda0effcff4451152f384dc40fae7943f127ef9,DUP_c3d3176745397999,1,False,742,6.610696044717759,0.6401617250673854,0.6355140186915887,0.29380053908355797,0.2923898531375167,0.0431266846361186,0.044058744993324434,0.016172506738544475,0.017356475300400534,0.0013477088948787063,0.0026702269692923898,0.005390835579514825,0.006675567423230975,0.0,0.0013351134846461949,like,0.6401617250673854,0.3463611859838275,positive,0.39718236208934055,0.5140406615862622,0.4546650319679259,False,0.3175202156334232,0.005390835579514825,positive,0.9666110183639399,reactionfusion_v1_provisional,train,approved
643,183,1,4,329,5,0,0,522,522,RF_POST_000643,කලින් කසාද බැඳපු අත්දැකීම් බහුල කෙනෙක්ව ම කසාද බඳිනව මිසක් මේක අත්හදාබැලීම් කර කර ඉන්න වෙලාවක් නෙමෙයි 😴🙏,False,sinhala,1abb8277ad49043d6d9cd3f1d20e8f9e37d5e57f1b07b5e374a3cfecc7fda920,DUP_1abb8277ad49043d,1,False,522,6.259581464064923,0.3505747126436782,0.34782608695652173,0.0019157088122605363,0.003780718336483932,0.007662835249042145,0.00945179584120983,0.6302681992337165,0.6238185255198487,0.009578544061302681,0.011342155009451797,0.0,0.001890359168241966,0.0,0.001890359168241966,haha,0.6302681992337165,0.2796934865900383,neutral,0.5642559348480805,0.022331128625806305,0.38657672796999193,True,0.006130268199233717,0.0,positive,1.0,reactionfusion_v1_provisional,train,approved
644,951,376,55,0,0,4,0,1386,1386,RF_POST_000644,ජීවිත ගමන තුල හමුවිය යුතු එකම දෙය නම් ආදරණීය මිනිසුන් පමනි ❤,False,sinhala,fbb632beb2ebd5bfa525b08956ddc34cda635b6fe5dd3b18fa9f4328e2d38676,DUP_fbb632beb2ebd5bf,1,False,1386,7.234898420314831,0.6861471861471862,0.6834170854271356,0.2712842712842713,0.2706389088298636,0.03968253968253968,0.04020100502512563,0.0,0.0007178750897343862,0.0,0.0007178750897343862,0.002886002886002886,0.003589375448671931,0.0,0.0007178750897343862,like,0.6861471861471862,0.4148629148629149,positive,0.39261408778713347,0.4874676048917367,0.3891684951056816,False,0.2931096681096681,0.002886002886002886,positive,0.9804996953077392,reactionfusion_v1_provisional,train,approved
645,524,23,5,479,6,30,0,1067,1067,RF_POST_000645,කාගෙවත් මාරම love එකක් වෙන්න බැරි වුනාට මම හැමදාම කාටහරි time pass කරන්න උදව් වුණා 🙂👍,False,mixed,a1a8dc36069b8bf02d619f04c925c30a33f8eaf7b356354ba34de12754919350,DUP_a1a8dc36069b8bf0,1,False,1067,6.97354301952014,0.49109653233364575,0.4888268156424581,0.02155576382380506,0.0223463687150838,0.004686035613870665,0.00558659217877095,0.44892221180880976,0.44692737430167595,0.005623242736644799,0.006517690875232775,0.028116213683223992,0.028864059590316574,0.0,0.000931098696461825,like,0.49109653233364575,0.04217432052483599,neutral,0.6637079220455793,-0.012822915678953852,0.48623096425873746,True,0.024133083411433928,0.028116213683223992,negative,-0.07623318385650224,reactionfusion_v1_provisional,train,approved
646,126,0,3,604,1,1,0,735,735,RF_POST_000646,"Apitath Love thiyenawa ithin, හැබැයි ප්රසිද්ධ කරන්න බයයි, මොකද තව කාගෙ හරි Love එකක් හරි කසාදයක් හරිද දන්නෑනෙ 🥴👍",False,mixed,f98cb5f5099392e31fe9e01426d81f143b0e98330596153577bcf6a09ee60363,DUP_f98cb5f5099392e3,1,False,735,6.601230118728877,0.17142857142857143,0.1711590296495957,0.0,0.0013477088948787063,0.004081632653061225,0.005390835579514825,0.8217687074829932,0.8153638814016172,0.0013605442176870747,0.0026954177897574125,0.0013605442176870747,0.0026954177897574125,0.0,0.0013477088948787063,haha,0.8217687074829932,0.6503401360544218,neutral,0.6107944297328658,0.003568687030972962,0.2590317838797344,True,0.002244897959183674,0.0013605442176870747,positive,0.24528301886792456,reactionfusion_v1_provisional,train,approved
647,274,44,3,1,0,3,0,325,325,RF_POST_000647,ඔබව අවශ්ය වන දිනය දක්වාම අන් අය ඔබව ප්රතික්ෂේප කරනු ඇත... 🙂✊,False,sinhala,74f61db71af7085a024fa762f532acbc248785e33dba20bb67b8af44170fae04,DUP_74f61db71af7085a,1,False,325,5.786897381366708,0.8430769230769231,0.8283132530120482,0.13538461538461538,0.1355421686746988,0.009230769230769232,0.012048192771084338,0.003076923076923077,0.006024096385542169,0.0,0.0030120481927710845,0.009230769230769232,0.012048192771084338,0.0,0.0030120481927710845,like,0.8430769230769231,0.7076923076923077,positive,0.23759920189119402,0.2745668500633426,0.26667381259066525,True,0.14046153846153847,0.009230769230769232,positive,0.8766700924974307,reactionfusion_v1_provisional,train,approved
648,373,155,25,185,19,5,0,762,762,RF_POST_000648,ඔයා දැනගෙන හිටියද අද ජාත්යන්තර පෙම්වතියන්ගේ දිනය කියලා.. ආදරේ කරන හැම ගැහැනු ලමයෙක්ටම Happy girlfriend day 🌝❤️,False,mixed,fc1f2e757c88d5381f88a59a6b0e4a0c25440b9d8ce9ccda56dbe5d49413519b,DUP_fc1f2e757c88d538,1,False,762,6.637258031284457,0.489501312335958,0.48634590377113135,0.20341207349081364,0.20286085825747724,0.03280839895013123,0.033810143042912875,0.24278215223097113,0.24187256176853056,0.024934383202099737,0.02600780234070221,0.006561679790026247,0.007802340702210663,0.0,0.0013003901170351106,like,0.489501312335958,0.24671916010498687,positive,0.32672088883714967,0.4821218704791291,0.6446540285270858,True,0.22145669291338582,0.006561679790026247,positive,0.9424460431654677,reactionfusion_v1_provisional,train,approved
649,498,13,6,262,8,28,1,816,816,RF_POST_000649,ටයිම් පාස් කරගන්න ආව කෙනෙක්ට අපි හැමෝම සීරියස් ලව් කරලා තියෙනවා 🫣🥴💔🤓,False,sinhala,10545e88303223b2f7f6e71c515e2126626be5157315a27bc9ef3718232776d1,DUP_10545e88303223b2,1,False,816,6.705639094860003,0.6102941176470589,0.606318347509113,0.015931372549019607,0.01701093560145808,0.007352941176470588,0.00850546780072904,0.32107843137254904,0.3195625759416768,0.00980392156862745,0.010935601458080195,0.03431372549019608,0.03523693803159174,0.0012254901960784314,0.002430133657351154,like,0.6102941176470589,0.28921568627450983,neutral,0.45709348166402164,-0.0459652761787987,0.4817701600250754,True,0.01997549019607843,0.035539215686274515,negative,-0.2803532008830022,reactionfusion_v1_provisional,train,approved
650,114,4,4,235,3,2,0,362,362,RF_POST_000650,නැතිවුණු සතුටත් අරගෙන කාගේ හරි Ex කෙනෙක් එයි දවසක 🙂,False,mixed,611ff1268c71037a470adb7bfc942f8382f2c02c1e002e6a7ddddf3447c63741,DUP_611ff1268c71037a,1,False,362,5.8944028342648505,0.3149171270718232,0.3116531165311653,0.011049723756906077,0.013550135501355014,0.011049723756906077,0.013550135501355014,0.649171270718232,0.6395663956639567,0.008287292817679558,0.01084010840108401,0.0055248618784530384,0.008130081300813009,0.0,0.0027100271002710027,haha,0.649171270718232,0.3342541436464088,neutral,0.45798823557145446,0.04239967484543138,0.41746929279459394,True,0.01712707182320442,0.0055248618784530384,positive,0.5121951219512195,reactionfusion_v1_provisional,train,approved
651,522,121,13,2,3,26,0,687,687,RF_POST_000651,ගොඩාක් අය තමන්ට හදවතින්ම වැඩිපුරම ආදරය කරන කෙනාව නැතිකර ගන්නවා 💔🙏,False,sinhala,5b9025274702d1bb5f0ea42828b83afb47d03a1bc575bdf3a165dba995367347,DUP_5b9025274702d1bb,1,False,687,6.5337888379333435,0.759825327510917,0.7536023054755043,0.17612809315866085,0.17579250720461095,0.018922852983988356,0.020172910662824207,0.002911208151382824,0.004322766570605188,0.004366812227074236,0.005763688760806916,0.03784570596797671,0.03890489913544669,0.0,0.001440922190201729,like,0.759825327510917,0.5836972343522562,positive,0.23574593273026223,0.29241979548531977,0.3876181393544174,True,0.18653566229985444,0.03784570596797671,positive,0.6626662341874797,reactionfusion_v1_provisional,train,approved
652,356,10,2,253,3,0,0,624,624,RF_POST_000652,ඇයි ගැහැනු ළමයි කකුල් ලොකු ඩෙනිම් කලිසම් වලට ආස 🤓🤓,False,sinhala,032acc249f4d54f3127bb5674db710079a9a4584ec506ebd795e5018e1d4539f,DUP_032acc249f4d54f3,1,False,624,6.437751649736401,0.5705128205128205,0.5657686212361331,0.016025641025641024,0.017432646592709985,0.003205128205128205,0.004754358161648178,0.40544871794871795,0.40253565768621236,0.004807692307692308,0.006339144215530904,0.0,0.001584786053882726,0.0,0.001584786053882726,like,0.5705128205128205,0.16506410256410256,neutral,0.37265793298613953,0.05653842356828834,0.40932906152187654,True,0.017788461538461538,0.0,positive,1.0,reactionfusion_v1_provisional,train,approved
654,35,1,0,162,4,0,0,202,202,RF_POST_000654,අක්කෙ අක්කෙ ගාගෙන එන්න එපා මං 2009 😒,False,sinhala,fcf15444daaa375f4acc574f534b5623d97e5e1b7adf316f9854827bf4517a34,DUP_fcf15444daaa375f,1,False,202,5.313205979041787,0.17326732673267325,0.1722488038277512,0.0049504950495049506,0.009569377990430622,0.0,0.004784688995215311,0.801980198019802,0.7799043062200957,0.019801980198019802,0.023923444976076555,0.0,0.004784688995215311,0.0,0.004784688995215311,haha,0.801980198019802,0.6287128712871287,neutral,0.533668286253717,0.019746130085511304,0.3004450917759793,True,0.0049504950495049506,0.0,positive,1.0,reactionfusion_v1_provisional,train,approved
655,59,5,0,0,0,0,0,64,64,RF_POST_000655,මාතර අවට IT field එකේ jobs මොනවද තියෙන්නෙ... 🤖,False,mixed,7c966e531f4a3e4f63ce590fabe2ffdfd2e2120cd0cda49b3a7c86654f73ce40,DUP_7c966e531f4a3e4f,1,False,64,4.174387269895637,0.921875,0.8450704225352113,0.078125,0.08450704225352113,0.0,0.014084507042253521,0.0,0.014084507042253521,0.0,0.014084507042253521,0.0,0.014084507042253521,0.0,0.014084507042253521,like,0.921875,0.84375,positive,0.11797731385561493,0.17579618610481312,0.14089340943273912,True,0.078125,0.0,positive,1.0,reactionfusion_v1_provisional,train,approved
656,0,0,0,31,0,0,0,31,31,RF_POST_000656,කැම්පස් එකේ presentation කරන උනුත් හරියට අර විපුල මාම වගේ. පොඩ්ඩ ඇත්තන් lyrics අවුල් යනව. 😅,False,mixed,5c1198b85eb43012409ef175f06a3f6e025205a83823ef26466229cb9ce3380a,DUP_5c1198b85eb43012,2,True,31,3.4657359027997265,0.0,0.02631578947368421,0.0,0.02631578947368421,0.0,0.02631578947368421,1.0,0.8421052631578947,0.0,0.02631578947368421,0.0,0.02631578947368421,0.0,0.02631578947368421,haha,1.0,1.0,neutral,0.23102778120266276,0.0,-0.0,True,0.0,0.0,neutral,0.0,reactionfusion_v1_provisional,train,approved
657,8,17,1,10,0,0,0,36,36,RF_POST_000657,සරසවියේදී ඔබට හමුවූ සුන්දර පොළොන්නරු හදවත් මෙන්ෂන් කරන්න. 😌,False,sinhala,bb62c91f22edac438c3a361e172cf40d989b283b31cb3b513d96e9cfdfc72c3b,DUP_bb62c91f22edac43,2,True,36,3.6109179126442243,0.2222222222222222,0.20930232558139536,0.4722222222222222,0.4186046511627907,0.027777777777777776,0.046511627906976744,0.2777777777777778,0.2558139534883721,0.0,0.023255813953488372,0.0,0.023255813953488372,0.0,0.023255813953488372,love,0.4722222222222222,0.19444444444444445,positive,0.285902303591015,0.788933585844718,0.5878521919432641,True,0.4875,0.0,positive,1.0,reactionfusion_v1_provisional,train,approved
661,9,1,0,166,0,0,0,176,176,RF_POST_000661,"එයත් එක්ක තුරුළු වෙලා ""සරසවි සිරස"" ප්රසංගය නැරඹීමට සූදානමින් සිටින කොළඹ සරසවි සොයුරු සොයුරියනි, මෙය අනාගතයේ රූපවාහිනියේ විකාශනය වන බව හොඳින් මතක තබාගන්න. 😅",False,sinhala,11895a52fd2e390fae3fb6ac87acd9680882379e939f5fa62dca53a6e34cdc6d,DUP_11895a52fd2e390f,2,True,176,5.176149732573829,0.05113636363636364,0.0546448087431694,0.005681818181818182,0.01092896174863388,0.0,0.00546448087431694,0.9431818181818182,0.912568306010929,0.0,0.00546448087431694,0.0,0.00546448087431694,0.0,0.00546448087431694,haha,0.9431818181818182,0.8920454545454546,neutral,0.43396698530288585,0.02430593604053652,0.12158422804373287,True,0.005681818181818182,0.0,positive,1.0,reactionfusion_v1_provisional,train,approved
662,159,4,2,357,5,2,0,529,529,RF_POST_000662,හොද වෙලාවට ඒ 🍼 එක චුටි උනේ තඩි එකක් වුනානම් වසලා හමාරයි හෙන තඩි ඒවා තියෙන ගෑණුත් කමෙන්ට් දාලා අර චුටි එක දැකලා අනේ බං කවදාවත් 🍼එකක් දැකලා නෑ වගේ හැසිරෙන්න එපා,False,sinhala,15bf365dadfbb35024de5f184c2f1a4c9db755c4c120130b9477a40fb875a2b5,DUP_15bf365dadfbb350,1,False,529,6.272877006546167,0.3005671077504726,0.29850746268656714,0.007561436672967864,0.009328358208955223,0.003780718336483932,0.005597014925373134,0.6748582230623819,0.667910447761194,0.00945179584120983,0.011194029850746268,0.003780718336483932,0.005597014925373134,0.0,0.0018656716417910447,haha,0.6748582230623819,0.3742911153119093,neutral,0.5666851034969818,0.021824613963296435,0.38535622380859713,True,0.009640831758034027,0.003780718336483932,positive,0.43661971830985913,reactionfusion_v1_provisional,train,approved
663,10,5,0,42,4,0,0,61,61,RF_POST_000663,දෙවුන්දර ගිහින් ඉල්ලුවෙත් ඔයාව 😊🫶,False,sinhala,c2f4291d551ac2388beb4bccdaafacbc0d9ab8d934aacb833959348612d90f66,DUP_c2f4291d551ac238,2,True,61,4.127134385045092,0.16393442622950818,0.16176470588235295,0.08196721311475409,0.08823529411764706,0.0,0.014705882352941176,0.6885245901639344,0.6323529411764706,0.06557377049180328,0.07352941176470588,0.0,0.014705882352941176,0.0,0.014705882352941176,haha,0.6885245901639344,0.5245901639344263,positive,0.1554994866865422,0.2906148005554102,0.4815729892941338,True,0.08196721311475409,0.0,positive,1.0,reactionfusion_v1_provisional,train,approved
664,778,42,4,2013,13,14,1,2865,2865,RF_POST_000664,පුලුවන්නම් degree එක අරන් පෙන්නපන් මීට open university 😍,False,mixed,2ae79fc3f5c29cd81ee6eb3b1e2714f20b72a7a5a8b37ae0780f484f8ede1bdd,DUP_2ae79fc3f5c29cd8,1,False,2865,7.960672608388117,0.27155322862129144,0.27123955431754876,0.014659685863874346,0.014972144846796657,0.0013961605584642235,0.0017409470752089136,0.7026178010471205,0.7012534818941504,0.004537521815008726,0.004874651810584958,0.004886561954624782,0.005222841225626741,0.00034904013961605586,0.0006963788300835655,haha,0.7026178010471205,0.43106457242582896,neutral,0.46665025078047784,0.03844490331065015,0.3732564209189403,True,0.015427574171029669,0.005235602094240838,positive,0.49324324324324326,reactionfusion_v1_provisional,train,approved
665,341,17,3,757,12,3,1,1134,1134,RF_POST_000665,"""සමහර බබාල දැක්කහම අම්ම එක්කම භාර ගන්න හිතෙනවා නේද?බොරුද මං කියන්නෙ?""",False,sinhala,cf96bb98a7f441339f1bc3aacc1d6b7288e0257d1f49f50a85e35a4952911bff,DUP_cf96bb98a7f44133,1,False,1134,7.034387929915503,0.30070546737213405,0.2997370727432077,0.014991181657848324,0.015775635407537247,0.0026455026455026454,0.0035056967572304996,0.6675485008818343,0.6643295354951797,0.010582010582010581,0.011393514460999123,0.0026455026455026454,0.0035056967572304996,0.0008818342151675485,0.0017528483786152498,haha,0.6675485008818343,0.36684303350970016,neutral,0.4214815291474781,0.047784743619515194,0.40075064577387404,True,0.01644620811287478,0.003527336860670194,positive,0.6467991169977925,reactionfusion_v1_provisional,train,approved
666,124,2,0,32,1,0,1,160,160,RF_POST_000666,"හුගක් දික්කසාද නඩු ඉවර වෙන්නෙ""වෙන කසාදයක් දික්කරගෙනම තමා""(උසාවි ආවොත් ආස හිතෙයි)",False,sinhala,9d7072e5b25ec68829a5cb78d2b6feaf3fa765479113b81102471dfe785c2662,DUP_9d7072e5b25ec688,1,False,160,5.081404364984463,0.775,0.7485029940119761,0.0125,0.017964071856287425,0.0,0.005988023952095809,0.2,0.19760479041916168,0.00625,0.011976047904191617,0.0,0.005988023952095809,0.00625,0.011976047904191617,like,0.775,0.575,neutral,0.5448840939187314,0.01731800676132879,0.32768423654223583,True,0.0125,0.00625,positive,0.3333333333333333,reactionfusion_v1_provisional,train,approved
670,211,14,2,2,2,2,0,233,233,RF_POST_000670,"""නඩත්තු නඩුවක් අපරාධ නඩුවක් නෙමේ හින්ද බලෙන් DNA ගන්න බෑ,නඩත්තු නඩුත් අපරාධ නඩු කරා නම් බඩුම තමා""(1979/15-123)",False,mixed,3cef7449566c33977457d8a11f1080a10c193d1acc7f563df9e25581ae0089e2,DUP_3cef7449566c3397,1,False,233,5.455321115357702,0.9055793991416309,0.8833333333333333,0.060085836909871244,0.0625,0.008583690987124463,0.0125,0.008583690987124463,0.0125,0.008583690987124463,0.0125,0.008583690987124463,0.0125,0.0,0.004166666666666667,like,0.9055793991416309,0.8454935622317596,positive,0.1134014719016035,0.1284140213281256,0.21693548791909778,True,0.0648068669527897,0.008583690987124463,positive,0.7660818713450291,reactionfusion_v1_provisional,train,approved
671,149,6,0,62,1,1,0,219,219,RF_POST_000671,"""DNA බෑ කියන්න හිතාගෙන බබෙක් හදනව නම් ""මල්ලිට"" කියන්න ඕන,ලොකු බබාට සැර අයියලා ඉන්නවද කියල අහල හිටිය නං වටිනවා නේද මචං කියලා""",False,mixed,a39a17313e38a7b12222a23bd3e0f98193923010dfb606ac3d9b83135e2344a5,DUP_a39a17313e38a7b1,1,False,219,5.393627546352362,0.680365296803653,0.6637168141592921,0.0273972602739726,0.030973451327433628,0.0,0.004424778761061947,0.2831050228310502,0.27876106194690264,0.0045662100456621,0.008849557522123894,0.0045662100456621,0.008849557522123894,0.0,0.004424778761061947,like,0.680365296803653,0.3972602739726027,neutral,0.30668386307267054,0.06653689022742522,0.39419011290062017,True,0.0273972602739726,0.0045662100456621,positive,0.7142857142857143,reactionfusion_v1_provisional,train,approved
674,355,5,0,102,3,7,0,472,472,RF_POST_000674,"""WIFE නමට සල්ලි එවලා WIFE ගෙ නමටම ඉඩම් අරන් අමාරුවෙ වැටුන අහිංසක පුරුශයො මේ පිටුවෙ ඉන්නවද?""",False,mixed,04b0c8cabae090910918f8fac8e48647cdcee8f669b480c6ccb236eff7264fa5,DUP_04b0c8cabae09091,1,False,472,6.159095388491933,0.7521186440677966,0.7432150313152401,0.01059322033898305,0.012526096033402923,0.0,0.0020876826722338203,0.21610169491525424,0.2150313152400835,0.006355932203389831,0.008350730688935281,0.014830508474576272,0.016701461377870562,0.0,0.0020876826722338203,like,0.7521186440677966,0.5360169491525424,neutral,0.6099869405452385,-0.011838542458225555,0.3536106637791193,True,0.01059322033898305,0.014830508474576272,negative,-0.16666666666666666,reactionfusion_v1_provisional,train,approved
675,530,40,4,11,2,4,0,591,591,RF_POST_000675,"""ලේසියට පහසුවට රට ඉදන් වයසක අම්ම,තාත්ත නමට ඉඩමක් නම් ගන්නම එපා""(උරුමෙ ,කරුමෙ වෙනවා පස්සෙ)",False,sinhala,d3b209ba52a36e1ff14236aeac6284ed2ca2f5c735e28c9807498e20eb11310f,DUP_d3b209ba52a36e1f,1,False,591,6.3835066348840055,0.8967851099830795,0.8879598662207357,0.0676818950930626,0.06856187290969899,0.00676818950930626,0.008361204013377926,0.018612521150592216,0.020066889632107024,0.00338409475465313,0.005016722408026756,0.00676818950930626,0.008361204013377926,0.0,0.0016722408026755853,like,0.8967851099830795,0.8291032148900169,positive,0.1314432188512576,0.1482413719042266,0.2266194104834538,True,0.07140439932318104,0.00676818950930626,positive,0.8268398268398268,reactionfusion_v1_provisional,train,approved
676,103,4,0,7,0,0,0,114,114,RF_POST_000676,"උසාවියෙ දකින""වැඩිහිටියන්ට පමණි""වගේ නඩු,නීතිය එක්ක කිව්වොත් වටිනවද?ලොකු අය විතරක්ම අහනවද?""",False,sinhala,d3473dc58678798810d22e540245c35bec5143f49b1247d48463dd3ae791b86e,DUP_d3473dc586787988,1,False,114,4.74493212836325,0.9035087719298246,0.859504132231405,0.03508771929824561,0.04132231404958678,0.0,0.008264462809917356,0.06140350877192982,0.06611570247933884,0.0,0.008264462809917356,0.0,0.008264462809917356,0.0,0.008264462809917356,like,0.9035087719298246,0.8421052631578947,neutral,0.14999474634811627,0.0864590687520842,0.19556531625147555,True,0.03508771929824561,0.0,positive,1.0,reactionfusion_v1_provisional,train,approved
678,136,2,0,80,1,8,3,230,230,RF_POST_000678,"""අපේ ළමයි කුඩු බොන්නෙ අපේ සල්ලිවලින්,මේ ආණ්ඩුව ආවහම තමා මේ ඔක්කොම කරදර,ඔබත් එහෙම කියන අම්ම කෙනෙක්ද?""",False,sinhala,aef33c213c697caf99b97a74a0c113ad9e7458dc9333cce6905c9c6f7c219afd,DUP_aef33c213c697caf,1,False,230,5.442417710521793,0.591304347826087,0.5780590717299579,0.008695652173913044,0.012658227848101266,0.0,0.004219409282700422,0.34782608695652173,0.34177215189873417,0.004347826086956522,0.008438818565400843,0.034782608695652174,0.0379746835443038,0.013043478260869565,0.016877637130801686,like,0.591304347826087,0.24347826086956523,neutral,0.0161861404820712,-0.11733217198710594,0.4709037799323911,True,0.008695652173913044,0.04782608695652174,negative,-0.6923076923076923,reactionfusion_v1_provisional,train,approved
679,220,6,1,40,0,2,0,269,269,RF_POST_000679,"""ලෙහා ගන්න තියෙන අමාරුව දන්නව නම් බදින අයගෙන් භාගයක්ම අඩුවෙනවා,ඔබ මොකද කියන්නෙ?""",False,sinhala,a9c16b78822f1a10837cc75c60309ee2def4186109af87670ca816673ea1eb10,DUP_a9c16b78822f1a10,1,False,269,5.598421958998375,0.8178438661710037,0.8007246376811594,0.022304832713754646,0.025362318840579712,0.0037174721189591076,0.007246376811594203,0.14869888475836432,0.14855072463768115,0.0,0.0036231884057971015,0.007434944237918215,0.010869565217391304,0.0,0.0036231884057971015,like,0.8178438661710037,0.6691449814126395,neutral,0.4064931888486932,0.044790330085943075,0.30315660155102747,True,0.024349442379182157,0.007434944237918215,positive,0.5321637426900584,reactionfusion_v1_provisional,train,approved
680,862,84,9,35,0,1,1,992,992,RF_POST_000680,"""GRAM 5 දක්වා මහේස්ත්රාත් අධිකරණයේ දඩ ගහන්න වෙනස කරා නම් බන්ධනාගාර භාගයක් හිස් වෙනවා""",False,mixed,104d5cc5e369e0ba10a601766f8b423093b35b91375f232ab37b67cbc9e696aa,DUP_104d5cc5e369e0ba,1,False,992,6.900730664045173,0.8689516129032258,0.8638638638638638,0.0846774193548387,0.08508508508508508,0.009072580645161291,0.01001001001001001,0.03528225806451613,0.036036036036036036,0.0,0.001001001001001001,0.0010080645161290322,0.002002002002002002,0.0010080645161290322,0.002002002002002002,like,0.8689516129032258,0.7842741935483871,positive,0.17420502769603013,0.20022119804864447,0.25987428089336356,True,0.08966733870967741,0.0020161290322580645,positive,0.9560197910940077,reactionfusion_v1_provisional,train,approved
684,127,8,2,365,1,1,0,504,504,RF_POST_000684,බෛයන්ට පේන්ඩ පොලිස්පතිට ලොකු ටෝක් දීපු සාගර කියන http දැන් bIIc වගේ arrest කරලා නේත 😚,False,mixed,bced109902ae8024f9f1f20f9cb41952854c6c43a74287f1eaef7720dbb08cd6,DUP_bced109902ae8024,2,True,504,6.22455842927536,0.251984126984127,0.25048923679060664,0.015873015873015872,0.01761252446183953,0.003968253968253968,0.005870841487279843,0.7242063492063492,0.7162426614481409,0.001984126984126984,0.003913894324853229,0.001984126984126984,0.003913894324853229,0.0,0.0019569471624266144,haha,0.7242063492063492,0.4722222222222222,neutral,0.3318195406531996,0.06128339862234713,0.3563460001998773,True,0.018055555555555554,0.001984126984126984,positive,0.801980198019802,reactionfusion_v1_provisional,train,approved
685,10,5,0,43,4,0,0,62,62,RF_POST_000685,දෙවුන්දර ගිහින් ඉල්ලුවෙත් ඔයාව 😊🫶,False,sinhala,c2f4291d551ac2388beb4bccdaafacbc0d9ab8d934aacb833959348612d90f66,DUP_c2f4291d551ac238,2,True,62,4.143134726391533,0.16129032258064516,0.15942028985507245,0.08064516129032258,0.08695652173913043,0.0,0.014492753623188406,0.6935483870967742,0.6376811594202898,0.06451612903225806,0.07246376811594203,0.0,0.014492753623188406,0.0,0.014492753623188406,haha,0.6935483870967742,0.532258064516129,positive,0.1553796592655157,0.28711241774194307,0.4768687256068874,True,0.08064516129032258,0.0,positive,1.0,reactionfusion_v1_provisional,train,approved
686,69,3,2,344,1,0,0,419,419,RF_POST_000686,වටෙ ගිහින් මාට්ටු වෙලත් වැරැද්ද මට පටවපු වැදගත් ළමයෙක් එයා ! 😌🖐️,False,sinhala,15e980e5be88a484f2404dcf65e8dc70d73fb513da10a2396afc7420e5a233e0,DUP_15e980e5be88a484,1,False,419,6.040254711277414,0.16467780429594273,0.1643192488262911,0.007159904534606206,0.009389671361502348,0.00477326968973747,0.007042253521126761,0.8210023866348448,0.8098591549295775,0.002386634844868735,0.004694835680751174,0.0,0.002347417840375587,0.0,0.002347417840375587,haha,0.8210023866348448,0.6563245823389021,neutral,0.42813022150257607,0.03936391590718477,0.27455136103375516,True,0.009785202863961815,0.0,positive,1.0,reactionfusion_v1_provisional,train,approved
687,120,101,23,2,2,0,0,248,248,RF_POST_000687,ඔයාගේ ලස්සන Photo එකක් දාන් යන්න 😌👇 ඒවට ලස්සන වදන් දාලා මං page එකේ upload කරන්නම් 🤗💗,False,mixed,8c58b2706d18f8d84528c704267d34270bfedb06f251db33158b0aff6d5a659b,DUP_8c58b2706d18f8d8,1,False,248,5.517452896464707,0.4838709677419355,0.4745098039215686,0.40725806451612906,0.4,0.09274193548387097,0.09411764705882353,0.008064516129032258,0.011764705882352941,0.008064516129032258,0.011764705882352941,0.0,0.00392156862745098,0.0,0.00392156862745098,like,0.4838709677419355,0.07661290322580645,positive,0.4606070269730688,0.6276029247340076,0.5218040716347626,False,0.4582661290322581,0.0,positive,1.0,reactionfusion_v1_provisional,train,approved
688,21,2,0,180,0,1,0,204,204,RF_POST_000688,තාත්තලගේ ගමේ ගිහිම් ඉන්නේ කාට හරි පුලුවන්ද නිතරම කෝල් මැසේජ් කරන්න මට 🥹 නැත්තන් නෑයෝ හිතයි මූට තාම කෙල්ලෙක්වත් නෑ කියලා.. 🥹❤️🩹,False,sinhala,154028816557d8b0e8d89d58b3ed6af65946e023215afac2ec0a5e1017ad90c3,DUP_154028816557d8b0,1,False,204,5.3230099791384085,0.10294117647058823,0.10426540284360189,0.00980392156862745,0.014218009478672985,0.0,0.004739336492890996,0.8823529411764706,0.8578199052132701,0.0,0.004739336492890996,0.004901960784313725,0.009478672985781991,0.0,0.004739336492890996,haha,0.8823529411764706,0.7794117647058824,neutral,0.4956170700089459,0.020312327313653962,0.2137287588209384,True,0.00980392156862745,0.004901960784313725,positive,0.3333333333333333,reactionfusion_v1_provisional,train,approved
689,28,11,3,0,0,1,0,43,43,RF_POST_000689,"ඉතිං, අතිශය වෙහෙසකර සංසාරෙකට පස්සෙ අවසානෙදි මම තීරණය කලා සමහර දේවල් ආයෙත් තිබුන තැන් වලින්ම තියන්න..! 🙂🤍",False,sinhala,e5b241371171540ac4e0794c0fa250d8375938f52647397ea292722ddeee8f68,DUP_e5b241371171540a,1,False,43,3.784189633918261,0.6511627906976745,0.58,0.2558139534883721,0.24,0.06976744186046512,0.08,0.0,0.02,0.0,0.02,0.023255813953488372,0.04,0.0,0.02,like,0.6511627906976745,0.3953488372093023,positive,0.2003551328538623,0.4520193917271221,0.4631920386188418,True,0.29418604651162794,0.023255813953488372,positive,0.8534798534798534,reactionfusion_v1_provisional,train,approved
690,3,1,0,28,0,0,0,32,32,RF_POST_000690,කරන තරම් මගෝඩි වැඩ සේරම කරලා (ai) Poliස් පොටෝ එක දාපු එකෙක් හැමෝගෙම list වල ඉන්නවා. 🫡,False,mixed,e4443fc1c9a41830f5699679c07db987947914c5441f9620c75d7b4f6b66cbf2,DUP_e4443fc1c9a41830,1,False,32,3.4965075614664802,0.09375,0.10256410256410256,0.03125,0.05128205128205128,0.0,0.02564102564102564,0.875,0.7435897435897436,0.0,0.02564102564102564,0.0,0.02564102564102564,0.0,0.02564102564102564,haha,0.875,0.78125,positive,0.05347984439833737,0.1278178779382552,0.229744448658549,True,0.03125,0.0,positive,1.0,reactionfusion_v1_provisional,train,approved
691,57,4,1,58,3,0,2,125,125,RF_POST_000691,"""කැනිමඩල පලාලා සුනු විසුනු කරා මැදුරක්"" කියල ඉංග්රීසියෙන් කියන්නේ කොහොමද... කියල හිතන්නවත් එපා.🤣 එපා කිව්වම එපා.. පීස්. මදු මාදව ඉංග්රිසිවින්ද",False,sinhala,61dfa28e57998ee28ab343d3a3d50a51db50d68c4488572b353b1c39e9ba8c7f,DUP_61dfa28e57998ee2,1,False,125,4.836281906951478,0.456,0.4393939393939394,0.032,0.03787878787878788,0.008,0.015151515151515152,0.464,0.44696969696969696,0.024,0.030303030303030304,0.0,0.007575757575757576,0.016,0.022727272727272728,haha,0.464,0.008,neutral,0.3146940816461548,0.0659948462209429,0.5235690524549584,True,0.0364,0.016,positive,0.3893129770992366,reactionfusion_v1_provisional,train,approved
692,93,1,0,252,3,0,0,349,349,RF_POST_000692,දන්සල් වදින්න යෑම සදහා බයික් එකක් සමග කඩවසම් පිරිමි ලමයෙක් අවශ්යයි 🌝💗,False,sinhala,172d89294cdf371f96ebdb2ac7b11e648a1bbb059aa24868016ae432221476c7,DUP_172d89294cdf371f,1,False,349,5.857933154483459,0.2664756446991404,0.2640449438202247,0.0028653295128939827,0.0056179775280898875,0.0,0.0028089887640449437,0.7220630372492837,0.7106741573033708,0.008595988538681949,0.011235955056179775,0.0,0.0028089887640449437,0.0,0.0028089887640449437,haha,0.7220630372492837,0.45558739255014324,neutral,0.604230774238263,0.010992985713416744,0.3315695385985658,True,0.0028653295128939827,0.0,positive,1.0,reactionfusion_v1_provisional,train,approved
694,125,58,2,0,0,0,0,185,185,RF_POST_000694,"“අපරාදේ අතෑරගත්තේ"" කියන හැගීම දෙන්නම ඕනී ජිවිතේ උබව අතහැරපු හැම මනුස්සයෙක්ටම! 🤍🫰",False,sinhala,7ea45bebc62cd1e13883aecc0230471cabc648f3efdf0bd28fb96d6d7683a793,DUP_7ea45bebc62cd1e1,1,False,185,5.225746673713202,0.6756756756756757,0.65625,0.31351351351351353,0.3072916666666667,0.010810810810810811,0.015625,0.0,0.005208333333333333,0.0,0.005208333333333333,0.0,0.005208333333333333,0.0,0.005208333333333333,like,0.6756756756756757,0.3621621621621622,positive,0.42036700667223653,0.5218700819168698,0.34815813098588816,False,0.31945945945945947,0.0,positive,1.0,reactionfusion_v1_provisional,train,approved
695,87,11,2,0,0,29,0,129,129,RF_POST_000695,මෙ වෙලාවෙ නිදි නැත්තෙ හිතේ පාලුවක් තනිකමක් තියෙන අය🥺😴,False,sinhala,e7570bd1eaccc2b6fc790d33ac7cdd598b7fd154d8d0850b16fb54896052126c,DUP_e7570bd1eaccc2b6,1,False,129,4.867534450455582,0.6744186046511628,0.6470588235294118,0.08527131782945736,0.08823529411764706,0.015503875968992248,0.022058823529411766,0.0,0.007352941176470588,0.0,0.007352941176470588,0.2248062015503876,0.22058823529411764,0.0,0.007352941176470588,like,0.6744186046511628,0.4496124031007752,negative,0.1751262228077413,-0.24450013242212082,0.4500278391700477,True,0.0937984496124031,0.2248062015503876,negative,-0.4111922141119221,reactionfusion_v1_provisional,train,approved
698,7,0,0,34,0,3,0,44,44,RF_POST_000698,එක රැයකින් A/L full syllabus එක පාඩම් කරන්න කන්න හොඳ මොනාද🙂💔,False,mixed,f1bc7c95ac78373985897c0e173e556809435d689c97406d6693f690a3227872,DUP_f1bc7c95ac783739,1,False,44,3.8066624897703196,0.1590909090909091,0.1568627450980392,0.0,0.0196078431372549,0.0,0.0196078431372549,0.7727272727272727,0.6862745098039216,0.0,0.0196078431372549,0.06818181818181818,0.0784313725490196,0.0,0.0196078431372549,haha,0.7727272727272727,0.6136363636363636,negative,0.12472050982114426,-0.2578213443699545,0.3467748423355401,True,0.0,0.06818181818181818,negative,-1.0,reactionfusion_v1_provisional,train,approved
702,38,15,3,1,1,2,3,63,63,RF_POST_000702,කලාකාරයෝ ආදරණීයයි කිව්වට කලාව ඇතුලේ තරම් කුහකයෝ කොහේවත් නෑ.,False,sinhala,deedd8a94337004bad0d913e0bd49de0fa155b06a6a333304c11585aad8e5357,DUP_deedd8a94337004b,1,False,63,4.1588830833596715,0.6031746031746031,0.5571428571428572,0.23809523809523808,0.22857142857142856,0.047619047619047616,0.05714285714285714,0.015873015873015872,0.02857142857142857,0.015873015873015872,0.02857142857142857,0.031746031746031744,0.04285714285714286,0.047619047619047616,0.05714285714285714,like,0.6031746031746031,0.36507936507936506,positive,0.1642048425521739,0.32868139402544955,0.6051804945746934,True,0.2642857142857143,0.07936507936507936,positive,0.5381062355658198,reactionfusion_v1_provisional,train,approved
703,107,9,0,194,4,1,0,315,315,RF_POST_000703,අයියා බොන්නෙත් නෑ මල්ලි බොන්නෙත් නෑ 😌,False,sinhala,b622c271bfdd0e7c3467c33ac2ace354cfb8554b5b2849180f28af0649741aad,DUP_b622c271bfdd0e7c,1,False,315,5.755742213586912,0.3396825396825397,0.33540372670807456,0.02857142857142857,0.031055900621118012,0.0,0.003105590062111801,0.6158730158730159,0.6055900621118012,0.012698412698412698,0.015527950310559006,0.0031746031746031746,0.006211180124223602,0.0,0.003105590062111801,haha,0.6158730158730159,0.2761904761904762,neutral,0.17418693865738957,0.09075240408470814,0.4319731816202065,True,0.02857142857142857,0.0031746031746031746,positive,0.8,reactionfusion_v1_provisional,train,approved
705,23,16,0,198,2,0,0,239,239,RF_POST_000705,"""එයා බාර් එකට ආසයි කිව්වොත් ඒක මතක තියාගෙන ඉඳලා ගල් කාලක් හරි ගෙනිහින් දෙන මනුස්සයෙක් මම "" 😊❤️",False,sinhala,362530712e57f763dbf1ccf24c019afae39a86aaa7e0bf62f95e72f42be33c94,DUP_362530712e57f763,1,False,239,5.480638923341991,0.09623430962343096,0.0975609756097561,0.06694560669456066,0.06910569105691057,0.0,0.0040650406504065045,0.8284518828451883,0.8089430894308943,0.008368200836820083,0.012195121951219513,0.0,0.0040650406504065045,0.0,0.0040650406504065045,haha,0.8284518828451883,0.7322175732217573,positive,0.2183315687340912,0.26048919272978144,0.3094868606946806,True,0.06694560669456066,0.0,positive,1.0,reactionfusion_v1_provisional,train,approved
706,862,898,136,15,0,1,0,1912,1912,RF_POST_000706,"අරගලේ හිටියේ, කුඩ්ඩෝයි,අරුනුයි මුනුයි කියාගෙන එන්න එපා. මොක්කු උනත් උන් වීරයෝ.♥️ නැතුව තොපි ආවායෑ අඩි විස්ස, තිහ උස ගේට්ටු දිගේ නැගලා ඒවා පෙරලන්න.",False,sinhala,40aba2ea6e5bf7f91211a581a04827510d94aefca22241c1d50029d947681786,DUP_40aba2ea6e5bf7f9,1,False,1912,7.556427969440253,0.45083682008368203,0.44971339239187075,0.4696652719665272,0.46847316310578424,0.07112970711297072,0.07139134966128191,0.007845188284518828,0.008337675872850442,0.0,0.0005211047420531526,0.0005230125523012552,0.0010422094841063053,0.0,0.0005211047420531526,love,0.4696652719665272,0.01882845188284519,positive,0.5053324593119383,0.6671809024482283,0.48517109090618504,False,0.5087866108786611,0.0005230125523012552,positive,0.9979461901827891,reactionfusion_v1_provisional,train,approved
707,10,1,0,94,0,0,0,105,105,RF_POST_000707,බඳින්නැද්ද බඳින්නැද්ද අහන්න එපා.. 🤨🤚 කසාද බඳින්නේ රෑට තනියම නිදාගන්න බය මිනිස්සු 👻,False,sinhala,23e7652351ab4cc597bdb5366ca2136b5fdc6300d87bf4551542bb29791ad99f,DUP_23e7652351ab4cc5,1,False,105,4.663439094112067,0.09523809523809523,0.09821428571428571,0.009523809523809525,0.017857142857142856,0.0,0.008928571428571428,0.8952380952380953,0.8482142857142857,0.0,0.008928571428571428,0.0,0.008928571428571428,0.0,0.008928571428571428,haha,0.8952380952380953,0.8,neutral,0.34874326965151237,0.03976768389481543,0.1887733433996913,True,0.009523809523809525,0.0,positive,1.0,reactionfusion_v1_provisional,train,approved
710,19,3,0,136,1,4,0,163,163,RF_POST_000710,තනිකඩව සමරන අවසන් අලුත් අවුරුද්ද මේක කියල මං ශෙයා කරන තුන්වෙනි අවුරුද්ද මේ 🙂👍,False,sinhala,1c665152cb53cdf102928e872a713573bcfeaf8511ef22253bf462d9be38d886,DUP_1c665152cb53cdf1,1,False,163,5.099866427824199,0.1165644171779141,0.11764705882352941,0.018404907975460124,0.023529411764705882,0.0,0.0058823529411764705,0.8343558282208589,0.8058823529411765,0.006134969325153374,0.011764705882352941,0.024539877300613498,0.029411764705882353,0.0,0.0058823529411764705,haha,0.8343558282208589,0.7177914110429447,neutral,0.4997250959650098,-0.024573813972790324,0.3069986556289344,True,0.018404907975460124,0.024539877300613498,negative,-0.14285714285714285,reactionfusion_v1_provisional,train,approved
713,5,0,0,121,0,0,0,126,126,RF_POST_000713,කැම්පස් එකේදි ගොඩක් උ%න්ට පෙම් වසන්තෙ ආව. හැබැයි අවුට් වෙන්කන්වත් වසන්තෙ තිබ්බෙ නෑ. ආයෙ ගියා 😅,False,sinhala,02fe05c584a330ccd45d3795e1ca6052e1bbd628f9636299bfa233d4a0f7b23a,DUP_02fe05c584a330cc,1,False,126,4.844187086458591,0.03968253968253968,0.045112781954887216,0.0,0.007518796992481203,0.0,0.007518796992481203,0.9603174603174603,0.9172932330827067,0.0,0.007518796992481203,0.0,0.007518796992481203,0.0,0.007518796992481203,haha,0.9603174603174603,0.9206349206349206,neutral,0.4992125337200598,0.0,0.08578706794032606,True,0.0,0.0,neutral,0.0,reactionfusion_v1_provisional,train,approved
716,8,0,0,51,0,0,0,59,59,RF_POST_000716,ඩිග්රිය එපාවෙලා මේ මොන කරුමයක්ද කියල හිතහිත ඉන්නකොට MSc. එකකට පාඩම් කරන ඇන්ටි කෙනෙක් දැක්ක. ඊට පස්සෙ මම හිත හදාගත්ත. 😅,False,mixed,a2aa2d4e08bc52a2774c65d8739c6241f4ab25f32be29c37b74942b48a2348b3,DUP_a2aa2d4e08bc52a2,1,False,59,4.0943445622221,0.13559322033898305,0.13636363636363635,0.0,0.015151515151515152,0.0,0.015151515151515152,0.864406779661017,0.7878787878787878,0.0,0.015151515151515152,0.0,0.015151515151515152,0.0,0.015151515151515152,haha,0.864406779661017,0.7288135593220338,neutral,0.41700340181519674,0.0,0.20395727705284428,True,0.0,0.0,neutral,0.0,reactionfusion_v1_provisional,train,approved
717,2,0,0,32,0,0,0,34,34,RF_POST_000717,පාඩම් කරන්න විදියක් නෑ. දරු පැටිය එක දිගට අඬනව 😔,False,sinhala,400c658a36a9b25a9227c8f763ddfde3f638b586c99b384bcdd56baa3087677d,DUP_400c658a36a9b25a,1,False,34,3.5553480614894135,0.058823529411764705,0.07317073170731707,0.0,0.024390243902439025,0.0,0.024390243902439025,0.9411764705882353,0.8048780487804879,0.0,0.024390243902439025,0.0,0.024390243902439025,0.0,0.024390243902439025,haha,0.9411764705882353,0.8823529411764706,neutral,0.275053218587317,0.0,0.11496834844838177,True,0.0,0.0,neutral,0.0,reactionfusion_v1_provisional,train,approved
718,16,0,1,174,0,0,0,191,191,RF_POST_000718,සරසවියේදී ඔබට හමුවූ දකුණේ පාතා%ලයෙකු මෙන්ෂන් කරන්න. 💥 🔫 ☠️,False,sinhala,2ff0c07cd1575edf1f69a31b155f18281b42211e11202885add359399cf0ee80,DUP_2ff0c07cd1575edf,1,False,191,5.2574953720277815,0.08376963350785341,0.08585858585858586,0.0,0.005050505050505051,0.005235602094240838,0.010101010101010102,0.9109947643979057,0.8838383838383839,0.0,0.005050505050505051,0.0,0.005050505050505051,0.0,0.005050505050505051,haha,0.9109947643979057,0.8272251308900523,neutral,0.5118977145593311,0.012136045239166235,0.16452060761814172,True,0.002879581151832461,0.0,positive,1.0,reactionfusion_v1_provisional,train,approved
719,1,0,0,34,0,0,0,35,35,RF_POST_000719,හිතුනොත් ඊළඟ සෙම් එකේ එයත් එක්ක පැනල යනව 😌❤️,False,sinhala,a60203b6514b5863be2fb73a6739c822a81813095b9009c6b282ed99f7b98ed3,DUP_a60203b6514b5863,1,False,35,3.58351893845611,0.02857142857142857,0.047619047619047616,0.0,0.023809523809523808,0.0,0.023809523809523808,0.9714285714285714,0.8333333333333334,0.0,0.023809523809523808,0.0,0.023809523809523808,0.0,0.023809523809523808,haha,0.9714285714285714,0.9428571428571428,neutral,0.26848956501440807,0.0,0.06667352795421409,True,0.0,0.0,neutral,0.0,reactionfusion_v1_provisional,train,approved
720,11,1,0,71,0,0,0,83,83,RF_POST_000720,වෙලාවකට මට හිතෙනව පේරාදෙණි දිවිය කියන්නෙ ගිය ආත්මෙක පේරා කැම්පස් එකේම සිසුවෙක් වෙන්න ඇති කියල. සසර පුරුද්දට ඌ තාමත් ජීවන සහකාරිය හොය හොයා කැම්පස් එකේ ඇවිදිනව. 🐯❤️😌,False,sinhala,81738d5de80b4424a6cc1e1cf250fab2cdb64cf4f0f6f00e62192c6a921d031a,DUP_81738d5de80b4424,1,False,83,4.430816798843313,0.13253012048192772,0.13333333333333333,0.012048192771084338,0.022222222222222223,0.0,0.011111111111111112,0.8554216867469879,0.8,0.0,0.011111111111111112,0.0,0.011111111111111112,0.0,0.011111111111111112,haha,0.8554216867469879,0.7228915662650602,neutral,0.29432928711515316,0.049296178665634766,0.2336482227245611,True,0.012048192771084338,0.0,positive,1.0,reactionfusion_v1_provisional,train,approved
721,2,0,0,28,0,0,0,30,30,RF_POST_000721,"සරසවි සොයුරු සොයුරියනි, ඔබේ බැව් එකේ මුලින්ම මව් පදවිය ලබන යුවතිය කවුරුන් වේවිද? 🤰😌",False,sinhala,79c495a7f973f5919ffec3de24ee1888580c3f8e9d5077280248cb5b494ab729,DUP_79c495a7f973f591,1,False,30,3.4339872044851463,0.06666666666666667,0.08108108108108109,0.0,0.02702702702702703,0.0,0.02702702702702703,0.9333333333333333,0.7837837837837838,0.0,0.02702702702702703,0.0,0.02702702702702703,0.0,0.02702702702702703,haha,0.9333333333333333,0.8666666666666667,neutral,0.25398952644372985,0.0,0.12586913476634173,True,0.0,0.0,neutral,0.0,reactionfusion_v1_provisional,train,approved
722,1,0,0,67,0,0,0,68,68,RF_POST_000722,කැම්පස් එකේ presentation කරන උනුත් හරියට අර විපුල මාම වගේ. පොඩ්ඩ ඇත්තන් lyrics අවුල් යනව. 😅,False,mixed,5c1198b85eb43012409ef175f06a3f6e025205a83823ef26466229cb9ce3380a,DUP_5c1198b85eb43012,2,True,68,4.23410650459726,0.014705882352941176,0.02666666666666667,0.0,0.013333333333333334,0.0,0.013333333333333334,0.9852941176470589,0.9066666666666666,0.0,0.013333333333333334,0.0,0.013333333333333334,0.0,0.013333333333333334,haha,0.9852941176470589,0.9705882352941176,neutral,0.3863095629218185,0.0,0.03938969166351033,True,0.0,0.0,neutral,0.0,reactionfusion_v1_provisional,train,approved
723,11,20,1,14,0,0,0,46,46,RF_POST_000723,සරසවියේදී ඔබට හමුවූ සුන්දර පොළොන්නරු හදවත් මෙන්ෂන් කරන්න. 😌,False,sinhala,bb62c91f22edac438c3a361e172cf40d989b283b31cb3b513d96e9cfdfc72c3b,DUP_bb62c91f22edac43,2,True,46,3.8501476017100584,0.2391304347826087,0.22641509433962265,0.43478260869565216,0.39622641509433965,0.021739130434782608,0.03773584905660377,0.30434782608695654,0.2830188679245283,0.0,0.018867924528301886,0.0,0.018867924528301886,0.0,0.018867924528301886,love,0.43478260869565216,0.13043478260869565,positive,0.3265303801433423,0.7704490310743717,0.5907508133728163,True,0.4467391304347826,0.0,positive,1.0,reactionfusion_v1_provisional,train,approved
725,10,1,0,167,0,0,0,178,178,RF_POST_000725,"එයත් එක්ක තුරුළු වෙලා ""සරසවි සිරස"" ප්රසංගය නැරඹීමට සූදානමින් සිටින කොළඹ සරසවි සොයුරු සොයුරියනි, මෙය අනාගතයේ රූපවාහිනියේ විකාශනය වන බව හොඳින් මතක තබාගන්න. 😅",False,sinhala,11895a52fd2e390fae3fb6ac87acd9680882379e939f5fa62dca53a6e34cdc6d,DUP_11895a52fd2e390f,2,True,178,5.187385805840755,0.056179775280898875,0.05945945945945946,0.0056179775280898875,0.010810810810810811,0.0,0.005405405405405406,0.9382022471910112,0.9081081081081082,0.0,0.005405405405405406,0.0,0.005405405405405406,0.0,0.005405405405405406,haha,0.9382022471910112,0.8820224719101124,neutral,0.4387979090577598,0.023977467681337142,0.12884024547852596,True,0.0056179775280898875,0.0,positive,1.0,reactionfusion_v1_provisional,train,approved
727,16,0,2,165,0,1,0,184,184,RF_POST_000727,"කොළඹ සරසවි සොයුරු සොයුරියනි, 6 වෙනිදා තියෙන ""සරසවි සිරස"" ෂෝ එක තුරුළු වෙලා බලන්න කවුරුත් නැත්තන් ඔයා මහම මහ පව්කාරයෙක් 😌",False,sinhala,aeee4f03acb65b1e87de1708430cd7cf4e2c587167902a89540ca63b613b38c3,DUP_aeee4f03acb65b1e,1,False,184,5.220355825078324,0.08695652173913043,0.08900523560209424,0.0,0.005235602094240838,0.010869565217391304,0.015706806282722512,0.8967391304347826,0.8691099476439791,0.0,0.005235602094240838,0.005434782608695652,0.010471204188481676,0.0,0.005235602094240838,haha,0.8967391304347826,0.8097826086956522,neutral,0.5734314490564703,0.0022666560756501716,0.19918996439824233,True,0.005978260869565218,0.005434782608695652,neutral,0.04761904761904766,reactionfusion_v1_provisional,train,approved
728,604,27,3,9,1,545,0,1189,1189,RF_POST_000728,ආය කවදාවත් Online එන්නැති Account එකක් මෙන්ශන් කරන්න 🥺💔 මේ ලොකෙන් සමුගත්ත කෙනෙක්,False,mixed,e5d6f536fcf2db59a0487f4263d795693e8b79b935bb495b3a532ffed188037f,DUP_e5d6f536fcf2db59,1,False,1189,7.081708586105575,0.5079899074852817,0.5058528428093646,0.022708158116063918,0.023411371237458192,0.002523128679562658,0.0033444816053511705,0.007569386038687973,0.008361204013377926,0.0008410428931875525,0.0016722408026755853,0.45836837678721615,0.45652173913043476,0.0,0.0008361204013377926,like,0.5079899074852817,0.0496215306980656,negative,0.47560501067131117,-0.607626147141912,0.43454725267902,False,0.02409587888982338,0.45836837678721615,negative,-0.9001133095092827,reactionfusion_v1_provisional,train,approved
729,423,10,2,108,3,0,0,546,546,RF_POST_000729,පවුල් සැලසුම් හැර condam වලින් ඇති ප්රයෝජන මොනාද?,False,mixed,388c7555c6a795787fcddefcc789fa62cde2efd2b6b82528dda5b132e3083825,DUP_388c7555c6a79578,1,False,546,6.304448802421981,0.7747252747252747,0.7667269439421338,0.018315018315018316,0.019891500904159132,0.003663003663003663,0.0054249547920434,0.1978021978021978,0.19710669077757687,0.005494505494505495,0.007233273056057866,0.0,0.0018083182640144665,0.0,0.0018083182640144665,like,0.7747252747252747,0.5769230769230769,neutral,0.35399001928555746,0.05608472872106014,0.32924636118834816,True,0.02032967032967033,0.0,positive,1.0,reactionfusion_v1_provisional,train,approved
732,25,0,0,44,0,0,0,69,69,RF_POST_000732,හා කියන්නේ නැති දේකට හා කියා ගන්න ඕන නම් ක්රිකට් මැච් එකක් බලද්දී හබී ගෙන් අහන්න.,False,sinhala,6aeb04c6eaf43bc4356c7130fdaf2e6ea584f73d9aba044e1777a1929225a953,DUP_6aeb04c6eaf43bc4,1,False,69,4.248495242049359,0.36231884057971014,0.34210526315789475,0.0,0.013157894736842105,0.0,0.013157894736842105,0.6376811594202898,0.5921052631578947,0.0,0.013157894736842105,0.0,0.013157894736842105,0.0,0.013157894736842105,haha,0.6376811594202898,0.2753623188405797,neutral,0.500121468419702,0.0,0.3364701678829183,True,0.0,0.0,neutral,0.0,reactionfusion_v1_provisional,train,approved
733,255,22,1,0,2,19,0,299,299,RF_POST_000733,ඔයාට බබා හම්බෙන්න labour room එකේදී වේදනා නාශක ගත්තද? ❤️,False,mixed,e483fc844ce3f06cb92c1842b4b1e436edd989ed841b36b2b5459b8211163f03,DUP_e483fc844ce3f06c,1,False,299,5.703782474656201,0.8528428093645485,0.8366013071895425,0.07357859531772576,0.07516339869281045,0.0033444816053511705,0.006535947712418301,0.0,0.0032679738562091504,0.006688963210702341,0.00980392156862745,0.06354515050167224,0.06535947712418301,0.0,0.0032679738562091504,like,0.8528428093645485,0.7792642140468228,neutral,0.5015624451975675,0.026117635243972065,0.28544020315019036,True,0.07541806020066891,0.06354515050167224,positive,0.08543922984356199,reactionfusion_v1_provisional,train,approved
734,13,0,1,92,0,0,0,106,106,RF_POST_000734,කැම්පස් ආපූ ගමන් කොකු ගහන්නේ මඟුල් විසේ තියන උන් 🤭,False,sinhala,c2e40e855338250385d5c53e2578d93504d92903da5db7b0eba96a2eb7fcd43f,DUP_c2e40e8553382503,1,False,106,4.672828834461906,0.12264150943396226,0.12389380530973451,0.0,0.008849557522123894,0.009433962264150943,0.017699115044247787,0.8679245283018868,0.8230088495575221,0.0,0.008849557522123894,0.0,0.008849557522123894,0.0,0.008849557522123894,haha,0.8679245283018868,0.7452830188679245,neutral,0.440398825999979,0.021388738399349412,0.21804635516246726,True,0.0051886792452830195,0.0,positive,1.0,reactionfusion_v1_provisional,train,approved
735,148,0,0,1343,3,1,0,1495,1495,RF_POST_000735,"අර්ජුන කමලනාත් කියන http කියනවා ඌ සිනමාවට එද්දි ලංකාවේ සිනමාවක් නෑලු, ඌ ජීවත් වෙන්නෙ ඌ විජේ කුමාරතුංග කියලා හිතාගෙන 😚",False,mixed,e16609596c7562982dbbbc8aacf389a284c90815ae8dbed536c12d78618f1e00,DUP_e16609596c756298,1,False,1495,7.310550158534422,0.09899665551839465,0.09920106524633822,0.0,0.0006657789613848203,0.0,0.0006657789613848203,0.8983277591973244,0.8948069241011984,0.002006688963210702,0.002663115845539281,0.0006688963210702341,0.0013315579227696406,0.0,0.0006657789613848203,haha,0.8983277591973244,0.7993311036789298,neutral,0.5742856643031731,-0.0028059590395354004,0.17607139666147584,True,0.0,0.0006688963210702341,negative,-1.0,reactionfusion_v1_provisional,train,approved
736,77,12,4,2314,5,3,0,2415,2415,RF_POST_000736,"නාමල් ජනාධිපති උනාම පලවෙනි සතියෙම ගොවියන්ගෙ පොහොර ඩ්රෝන වලින් දානවලු, වී 450ට ගන්නවලු ❤️",False,sinhala,125051ee10b0270126ef7d54795817010f26558f8ab1f44d8f6722c36c47d10d,DUP_125051ee10b02701,1,False,2415,7.789868559054706,0.03188405797101449,0.03220478943022296,0.004968944099378882,0.0053674649050371595,0.0016563146997929607,0.002064409578860446,0.9581780538302277,0.9558216350123865,0.002070393374741201,0.002477291494632535,0.0012422360248447205,0.0016515276630883566,0.0,0.00041288191577208916,haha,0.9581780538302277,0.9262939958592132,neutral,0.4615690776143843,0.01996120324483302,0.10733617576953372,True,0.0058799171842650105,0.0012422360248447205,positive,0.6511627906976744,reactionfusion_v1_provisional,train,approved
737,170,10,2,518,1,1,0,702,702,RF_POST_000737,බෛයන්ට පේන්ඩ පොලිස්පතිට ලොකු ටෝක් දීපු සාගර කියන http දැන් bIIc වගේ arrest කරලා නේත 😚,False,mixed,bced109902ae8024f9f1f20f9cb41952854c6c43a74287f1eaef7720dbb08cd6,DUP_bced109902ae8024,2,True,702,6.555356891810665,0.24216524216524216,0.24118476727785615,0.014245014245014245,0.015514809590973202,0.002849002849002849,0.004231311706629055,0.7378917378917379,0.7320169252468265,0.0014245014245014246,0.0028208744710860366,0.0014245014245014246,0.0028208744710860366,0.0,0.0014104372355430183,haha,0.7378917378917379,0.49572649572649574,neutral,0.3613200733793191,0.05533629307137454,0.34104416542274857,True,0.01581196581196581,0.0014245014245014246,positive,0.8347107438016529,reactionfusion_v1_provisional,train,approved
738,60,4,0,313,0,0,0,377,377,RF_POST_000738,ඇයි හොඳ අධ්යාපන පසුබිමක් තියෙන උගත් බුද්ධිමත් අය හැම htt ගැනම හෑලි ලියන් නැත්තේ 🙂,False,mixed,65e99f7b905c8c8fec9fd2b2ab4564911cc8fd9c10af21d9e487671b699254ca,DUP_65e99f7b905c8c8f,1,False,377,5.934894195619588,0.15915119363395225,0.15885416666666666,0.010610079575596816,0.013020833333333334,0.0,0.0026041666666666665,0.830238726790451,0.8177083333333334,0.0,0.0026041666666666665,0.0,0.0026041666666666665,0.0,0.0026041666666666665,haha,0.830238726790451,0.6710875331564987,neutral,0.4027616044652541,0.04290499826072783,0.2544805314788656,True,0.010610079575596816,0.0,positive,1.0,reactionfusion_v1_provisional,train,approved
739,811,200,14,56,10,276,19,1386,1386,RF_POST_000739,"ශබ්දය ,මුල් ආකෘතිය වෙනස් කර ඇති සහ ලියාපදිංචි නොකළ ධාරිතාවයෙන් වැඩි ,මුල් ආකෘති වෙනස් කර තියෙන යතුරුපැදි භාරයට ගන්න කියලා රථ වාහන නිලධාරීන්ට අපි උපදෙස් . නි.පොලිස්පති පී. ජේ. සේනාධීර මහතා",False,sinhala,88ec3dd3fb3b7bad0daa3c5d79c3749601b21955e325b2837bb8a1ef7880e3a8,DUP_88ec3dd3fb3b7bad,1,False,1386,7.234898420314831,0.5851370851370852,0.5829145728643216,0.1443001443001443,0.14429289303661164,0.010101010101010102,0.010768126346015794,0.04040404040404041,0.040918880114860015,0.007215007215007215,0.007896625987078248,0.19913419913419914,0.19885139985642497,0.013708513708513708,0.014357501794687724,like,0.5851370851370852,0.386002886002886,negative,0.08516719865220668,-0.12243998802175209,0.608833600389536,True,0.14985569985569985,0.21284271284271283,negative,-0.1736622239904516,reactionfusion_v1_provisional,train,approved
741,127,5,1,1,1,0,0,135,135,RF_POST_000741,කථානායකවරයා විසින් සිදුකළ බව කියන වාහන සහ නිල නිවාස අවභාවිතයක් සම්බන්ධයෙන් පාර්ලිමේන්තු හිටපු නියෝජ්ය මහලේකම් චමින්ද කුලරත්න මහතා විසින් සිදුකර තිබූ පැමිණිල්ලකට අදාළව විමර්ශන ආරම්භ කර තිබේ.,False,sinhala,8c6e56e8281bf68c12aa74465b7c9d20975aa7c59f13791fd5e0b5499db6b7c0,DUP_8c6e56e8281bf68c,1,False,135,4.912654885736052,0.9407407407407408,0.9014084507042254,0.037037037037037035,0.04225352112676056,0.007407407407407408,0.014084507042253521,0.007407407407407408,0.014084507042253521,0.007407407407407408,0.014084507042253521,0.0,0.007042253521126761,0.0,0.007042253521126761,like,0.9407407407407408,0.9037037037037037,neutral,0.10665984282101645,0.09610109680973544,0.14828116241908162,True,0.04111111111111111,0.0,positive,1.0,reactionfusion_v1_provisional,train,approved
744,4795,133,9,557,8,21,3,5526,5526,RF_POST_000744,ටියුෂන් ගාස්තුවලට නියාමනයක් ලබා දෙන්න !දෙමාපියන් ජනපතිට කියයි !තෙල් මිල වැඩි වුණත් පන්ති ගාස්තු වැඩි කරනවා. ගුරුවරු දරුවන් සූරාගෙන කනවා (අරුණ),False,sinhala,d80e6a3a7b7ebf382d756f15ae8350b29b2692e2c679604056b43fe789dadb36,DUP_d80e6a3a7b7ebf38,1,False,5526,8.617400451833262,0.8677162504524069,0.8667992047713717,0.02406804198335143,0.02421832640520513,0.0016286644951140066,0.0018073377914332189,0.10079623597538907,0.10084944876197362,0.0014477017734346724,0.001626604012289897,0.003800217155266015,0.003976143141153081,0.0005428881650380022,0.0007229351165732876,like,0.8677162504524069,0.7669200144770177,neutral,0.3509534892704149,0.05269479876184528,0.25144618655639667,True,0.024963807455664132,0.004343105320304018,positive,0.7036122259956776,reactionfusion_v1_provisional,train,approved
745,413,9,2,92,16,44,3,579,579,RF_POST_000745,රු 3700 ගල් බෝතලේ රු 2200 ක්ම බදු මුදල් පිළිබඳ කාරක සභාවේ දී හෙළිදරව්වක්,False,sinhala,8aeb68d3594051316d33d1b773d3d3fcba6a26877130ea4c8c8d1425f40bd494,DUP_8aeb68d359405131,1,False,579,6.363028103540465,0.7132987910189983,0.7064846416382252,0.015544041450777202,0.017064846416382253,0.0034542314335060447,0.005119453924914676,0.15889464594127806,0.15870307167235495,0.027633851468048358,0.02901023890784983,0.07599309153713299,0.07679180887372014,0.0051813471502590676,0.006825938566552901,like,0.7132987910189983,0.5544041450777202,negative,0.12246380377234786,-0.1614563226719702,0.48299593417441455,True,0.017443868739205528,0.08117443868739206,negative,-0.6462346760070052,reactionfusion_v1_provisional,train,approved
746,134,1,0,34,8,3,2,182,182,RF_POST_000746,රට පුරා හොර ගිනි අවි ලක්ෂයක් ! එල්ටීටීඊ ගිනි අවිත් ඒ අතර (ලංකාදීප),False,sinhala,8df03d15b3c5d543196797de97147ad9f08d6c31592db5ac6771f32f6dea8be2,DUP_8df03d15b3c5d543,1,False,182,5.209486152841421,0.7362637362637363,0.7142857142857143,0.005494505494505495,0.010582010582010581,0.0,0.005291005291005291,0.18681318681318682,0.18518518518518517,0.04395604395604396,0.047619047619047616,0.016483516483516484,0.021164021164021163,0.01098901098901099,0.015873015873015872,like,0.7362637362637363,0.5494505494505495,neutral,0.34937886555918757,-0.05946150995778972,0.42242659031480395,True,0.005494505494505495,0.027472527472527472,negative,-0.6666666666666666,reactionfusion_v1_provisional,train,approved
748,165,5,2,952,1,1,0,1126,1126,RF_POST_000748,සින්ක් ටැප් එකට අත්දෙක තබා වතුරබීමෙන් කැඩෙන සිල්පදය කුමක්ද මිතුරණි -උදෑසන එම ආදීනව දම් දෙසුම ඇසීමෙන් පසු 😁,False,sinhala,eadd28b298397c54eecbe1cbbb100ac93b5900fe61f5c7a6325e3e3341f50b84,DUP_eadd28b298397c54,1,False,1126,7.027314514039777,0.14653641207815277,0.14651368049426303,0.004440497335701598,0.00529567519858782,0.0017761989342806395,0.00264783759929391,0.8454706927175843,0.8411297440423654,0.0008880994671403197,0.00176522506619594,0.0008880994671403197,0.00176522506619594,0.0,0.00088261253309797,haha,0.8454706927175843,0.6989342806394316,neutral,0.5254080751815495,0.01848094346085761,0.24211101209224414,True,0.00541740674955595,0.0008880994671403197,positive,0.7183098591549295,reactionfusion_v1_provisional,train,approved
749,143,1,0,0,1,44,0,189,189,RF_POST_000749,"ඉහල කොත්මලේ වාන් දොරටු ඇරලා, කැළණි ඟං මිටියාවත ගැන අනතුරු ඇඟවීම් කරලා, ගම්පොල, නාවලපිටිය පැතිවල ඟංවතුර.. හැමෝම අවදානයෙන් ඉන්න...",False,sinhala,7dbd3b6870b857999769891877bb9e8d6301d38fc1d9ccc003dc0b453b21cb0a,DUP_7dbd3b6870b85799,1,False,189,5.247024072160486,0.7566137566137566,0.7346938775510204,0.005291005291005291,0.01020408163265306,0.0,0.00510204081632653,0.0,0.00510204081632653,0.005291005291005291,0.01020408163265306,0.2328042328042328,0.22959183673469388,0.0,0.00510204081632653,like,0.7566137566137566,0.5238095238095238,negative,0.34606610360170026,-0.4194403688211528,0.3113273917874982,True,0.005291005291005291,0.2328042328042328,negative,-0.9555555555555556,reactionfusion_v1_provisional,train,approved
750,26,2,0,124,0,0,0,152,152,RF_POST_000750,කැම්පස් එකත් කැළයක් වගේ. ඒකේ එක එක ජාතියේ සත්තු ඉන්නවා. ඒ සත්තු හඳුනගන්න එක තමා ලොකුම ගේම 😔,False,sinhala,725a6891b98766213f5e5358bee6a1c37ca92afaaba15c1777f06d647a42dcd1,DUP_725a6891b9876621,1,False,152,5.030437921392435,0.17105263157894737,0.16981132075471697,0.013157894736842105,0.018867924528301886,0.0,0.006289308176100629,0.8157894736842105,0.7861635220125787,0.0,0.006289308176100629,0.0,0.006289308176100629,0.0,0.006289308176100629,haha,0.8157894736842105,0.6447368421052632,neutral,0.3387125301961795,0.05276814133553434,0.26985789414829514,True,0.013157894736842105,0.0,positive,1.0,reactionfusion_v1_provisional,train,approved
752,590,80,12,328,3,5,1,1019,1019,RF_POST_000752,බබා කක්කා දාගෙන තාත්තා ලගට ගියාම එයාගේ ප්රතිචාර කොහොමද?,False,sinhala,57933a07415da5e1825de65e224f038079ecb0ba68d651e476fa64ece5514275,DUP_57933a07415da5e1,1,False,1019,6.927557906278317,0.5789990186457311,0.5760233918128655,0.07850834151128558,0.07894736842105263,0.011776251226692836,0.012670565302144249,0.32188420019627084,0.3206627680311891,0.002944062806673209,0.003898635477582846,0.004906771344455349,0.005847953216374269,0.0009813542688910696,0.001949317738791423,like,0.5789990186457311,0.25711481844946027,positive,0.16827263454475003,0.22516870096226824,0.5053638977103196,True,0.08498527968596664,0.005888125613346418,positive,0.8704103671706264,reactionfusion_v1_provisional,train,approved
754,233,107,6,0,0,0,0,346,346,RF_POST_000754,🔴 දැඩි මූල්ය විනය යහපත් ප්රතිඵල අත්කරදෙමින් සිටී. නුදුරේදීම ණය ශ්රේණිගත කිරීම්වල CCC සිට B දක්වා ළඟා වනු ඇත. - Softlogic Stockbrokers Equity Research -,False,mixed,8d393b80f9f35bc543f5fdfa7f01534c081ff45445a921f41146f18b008f453a,DUP_8d393b80f9f35bc5,3,True,346,5.849324779946859,0.6734104046242775,0.6628895184135978,0.3092485549132948,0.3059490084985836,0.017341040462427744,0.019830028328611898,0.0,0.0028328611898017,0.0,0.0028328611898017,0.0,0.0028328611898017,0.0,0.0028328611898017,like,0.6734104046242775,0.36416184971098264,positive,0.42639896151234863,0.5203479961500623,0.359480229284895,False,0.31878612716763005,0.0,positive,1.0,reactionfusion_v1_provisional,train,approved
756,233,107,6,0,0,0,0,346,346,RF_POST_000756,🔴 දැඩි මූල්ය විනය යහපත් ප්රතිඵල අත්කරදෙමින් සිටී. නුදුරේදීම ණය ශ්රේණිගත කිරීම්වල CCC සිට B දක්වා ළඟා වනු ඇත. - Softlogic Stockbrokers Equity Research -,False,mixed,8d393b80f9f35bc543f5fdfa7f01534c081ff45445a921f41146f18b008f453a,DUP_8d393b80f9f35bc5,3,True,346,5.849324779946859,0.6734104046242775,0.6628895184135978,0.3092485549132948,0.3059490084985836,0.017341040462427744,0.019830028328611898,0.0,0.0028328611898017,0.0,0.0028328611898017,0.0,0.0028328611898017,0.0,0.0028328611898017,like,0.6734104046242775,0.36416184971098264,positive,0.42639896151234863,0.5203479961500623,0.359480229284895,False,0.31878612716763005,0.0,positive,1.0,reactionfusion_v1_provisional,train,approved
759,21,14,1,0,0,0,0,36,36,RF_POST_000759,🚨 ප්රවාහන යටිතල පහසුකම් වැඩිදියුණු කිරීම සඳහා මෙට්රෝ ට්රාන්සිට් වෙත තවත් රුපියල් මිලියන 1000ක් වෙන්කෙරේ. ✅,False,sinhala,115201807ee464bbb8a824c6b7b3881946a24620986bdb8e0db79bf3b3099e2c,DUP_115201807ee464bb,1,False,36,3.6109179126442243,0.5833333333333334,0.5116279069767442,0.3888888888888889,0.3488372093023256,0.027777777777777776,0.046511627906976744,0.0,0.023255813953488372,0.0,0.023255813953488372,0.0,0.023255813953488372,0.0,0.023255813953488372,like,0.5833333333333334,0.19444444444444445,positive,0.24319568592914098,0.5928450782834864,0.4014817663610513,True,0.4041666666666667,0.0,positive,1.0,reactionfusion_v1_provisional,train,approved
760,26,6,0,2,0,0,0,34,34,RF_POST_000760,"""වෙන කෙනෙක්ගෙ ජීවිතයක් අපිට බලෙන් ගන්න අයිතියක් නෑ"" මතකයි නේද ජනාධිපති වෙන්න කලිනුත් එහෙම කිව්වා ! ඒ නිසා ඔය ගෝත්රික අදහස් ප්රමෝට් කරන්න එපා.",False,sinhala,f9cb4af0c6ac0384cc9c76331cda8ecd5c64ce4673ebaf0188d9d5d299ba4291,DUP_f9cb4af0c6ac0384,1,False,34,3.5553480614894135,0.7647058823529411,0.6585365853658537,0.17647058823529413,0.17073170731707318,0.0,0.024390243902439025,0.058823529411764705,0.07317073170731707,0.0,0.024390243902439025,0.0,0.024390243902439025,0.0,0.024390243902439025,like,0.7647058823529411,0.5882352941176471,positive,0.15060182699553396,0.3696280386292098,0.34837617038654356,True,0.17647058823529413,0.0,positive,1.0,reactionfusion_v1_provisional,train,approved
761,76,26,2,2,0,0,0,106,106,RF_POST_000761,"🚨 බස්, වෙළදසැල්, නිවාස වල අධික ශබ්ද විකාශනයට රුපියල් මිලියනය දක්වා දඩ ! කර්මාන්තශාලා වලත් අධික ශබ්දය පාලනයට දැඩි නීති සකස් කෙරේ. ✅",False,sinhala,368274bbc208e91a911154b66251cfa1eeb292f5768d8fb8d2fe734e29237058,DUP_368274bbc208e91a,2,True,106,4.672828834461906,0.7169811320754716,0.6814159292035398,0.24528301886792453,0.23893805309734514,0.018867924528301886,0.02654867256637168,0.018867924528301886,0.02654867256637168,0.0,0.008849557522123894,0.0,0.008849557522123894,0.0,0.008849557522123894,like,0.7169811320754716,0.4716981132075472,positive,0.32960102901555954,0.46148687840216335,0.37672487059271886,True,0.25566037735849056,0.0,positive,1.0,reactionfusion_v1_provisional,train,approved
762,264,104,3,22,1,0,0,394,394,RF_POST_000762,🚨 දන්න හැම දේම හෙළි කරන සැකකරුවන්ට නඩු නොපවරවා සිටීමේ බලය අල්ලස් කොමිසමේ අධ්යක්ෂක ජනරාල්ට ලබා දෙයි.✅ නියමයි ❤️🔥,False,sinhala,395e1f063a413f1e5e2027b78e6abe6f9346693dfaa1e5e5537a414cf038ae59,DUP_395e1f063a413f1e,1,False,394,5.978885764901122,0.6700507614213198,0.6608478802992519,0.2639593908629442,0.26184538653366585,0.007614213197969543,0.00997506234413965,0.05583756345177665,0.057356608478802994,0.0025380710659898475,0.004987531172069825,0.0,0.0024937655860349127,0.0,0.0024937655860349127,like,0.6700507614213198,0.40609137055837563,positive,0.3861449683534773,0.49153525351681254,0.4282263636461542,False,0.2681472081218274,0.0,positive,1.0,reactionfusion_v1_provisional,train,approved
764,239,3,0,80,1,2,1,326,326,RF_POST_000764,"බන්ධනාගාර කෝලාහල ඇති වෙන සැරයක් පාසා දෙසවනේ දෝංකාර දෙන ඒ හඬින් ඇසුන වචන කීපය ! ""අපිට බලය ගන්න විශාල සැලැස්මක් තියනවා""",False,sinhala,19e564a707172332b1253b1cbee277aeeb7cd03a17e539d89366ca6b210502ba,DUP_19e564a707172332,2,True,326,5.7899601708972535,0.7331288343558282,0.7207207207207207,0.009202453987730062,0.012012012012012012,0.0,0.003003003003003003,0.24539877300613497,0.24324324324324326,0.003067484662576687,0.006006006006006006,0.006134969325153374,0.009009009009009009,0.003067484662576687,0.006006006006006006,like,0.7331288343558282,0.48773006134969327,neutral,0.6743052463174172,1.241976868996892e-18,0.3506008313496079,True,0.009202453987730062,0.009202453987730062,neutral,0.0,reactionfusion_v1_provisional,train,approved
765,72,19,2,0,0,0,0,93,93,RF_POST_000765,"🔴 එකම දුරකථන අංකය, වෙනත් ඕනෑම ජාලයකට මාරු කිරීමේ පහසුකම සැප්තැම්බර් මස සිට ලබා දීමට පියවර. ✅",False,sinhala,90192b2ab5299f6b2a6ff7aec5c81c786f1b703f8dca111894c97f9ee1e6c82f,DUP_90192b2ab5299f6b,1,False,93,4.543294782270004,0.7741935483870968,0.73,0.20430107526881722,0.2,0.021505376344086023,0.03,0.0,0.01,0.0,0.01,0.0,0.01,0.0,0.01,like,0.7741935483870968,0.5698924731182796,positive,0.2890794649632307,0.40542091523716545,0.3109977791175156,True,0.21612903225806454,0.0,positive,1.0,reactionfusion_v1_provisional,train,approved
767,267,89,5,4,0,0,0,365,365,RF_POST_000767,🚨 වරෙන්තු නිකුත් කර ඇති බැසිල් රාජපක්ෂ මෙරටට ගෙන්වා ගැනීමට ඇමරිකානු අධිකරණයේ සහාය ගැනීමට රජය තීරණය කරයි.✅,False,sinhala,5f13918b61ca7b180107bbb1268ad0501ac32b844fad749501713cdaa0312d93,DUP_5f13918b61ca7b18,2,True,365,5.902633333401366,0.7315068493150685,0.7204301075268817,0.24383561643835616,0.24193548387096775,0.0136986301369863,0.016129032258064516,0.010958904109589041,0.013440860215053764,0.0,0.002688172043010753,0.0,0.002688172043010753,0.0,0.002688172043010753,like,0.7315068493150685,0.4876712328767123,positive,0.374348676936938,0.45406120447213943,0.34999453269905617,False,0.2513698630136986,0.0,positive,1.0,reactionfusion_v1_provisional,train,approved
769,41,0,0,29,1,0,0,71,71,RF_POST_000769,රාජපක්ෂ පවුල ගැන ලෝකෙ විවිධ රටවල් වල පාසල් විෂය නිර්දේශයන්ට ඇතුළත් කරලා උගන්වනකොට ඉතිං කාටද ආඩම්බර 😊👍,False,sinhala,62f6f4bde11c53d4ad5ac1419ae5f991c4035760a153abcee85eaa53c44c7445,DUP_62f6f4bde11c53d4,1,False,71,4.276666119016055,0.5774647887323944,0.5384615384615384,0.0,0.01282051282051282,0.0,0.01282051282051282,0.4084507042253521,0.38461538461538464,0.014084507042253521,0.02564102564102564,0.0,0.01282051282051282,0.0,0.01282051282051282,like,0.5774647887323944,0.16901408450704225,neutral,0.5238802860619739,0.0,0.38174856910374677,True,0.0,0.0,neutral,0.0,reactionfusion_v1_provisional,train,approved
772,91,18,2,4,0,0,0,115,115,RF_POST_000772,"""ලෝකයේ පාසල් වල උගන්වන්න ඕන රාජපක්ෂ පරම්පරාව ගැන ! කවදාවත්ම තමන්ගේ පවුල මේ තත්වයට පත්කර ගන්න එපා පුතේ කියලා.."" - නජිත් ඉන්දික -",False,sinhala,a732f4a4d06299218978fc207454a0486e16b54d4c53232678cc2745bd3c43f0,DUP_a732f4a4d0629921,2,True,115,4.7535901911063645,0.7913043478260869,0.7540983606557377,0.1565217391304348,0.1557377049180328,0.017391304347826087,0.02459016393442623,0.034782608695652174,0.040983606557377046,0.0,0.00819672131147541,0.0,0.00819672131147541,0.0,0.00819672131147541,like,0.7913043478260869,0.6347826086956522,positive,0.25698879531628455,0.34425259387183665,0.34060653139170816,True,0.16608695652173913,0.0,positive,1.0,reactionfusion_v1_provisional,train,approved
773,24,0,0,33,0,0,0,57,57,RF_POST_000773,"ට්රින්කො නේවිබේස් එකේ හැංගුනේ, එයාපෝට් වල ට්රැවල් විත් වයිෆ් කරේ, එකෙක් ක්ෂණිකව අමෙරිකාවට පැන්නේ ඒ එයාලගෙ පවුලේ අය නෙමෙයි.🥴🤌",False,sinhala,e18aa7c42f1d2ed18bc3e9b27a152f0a35f4f92204bef52aa9cef853a142a045,DUP_e18aa7c42f1d2ed1,2,True,57,4.060443010546419,0.42105263157894735,0.390625,0.0,0.015625,0.0,0.015625,0.5789473684210527,0.53125,0.0,0.015625,0.0,0.015625,0.0,0.015625,haha,0.5789473684210527,0.15789473684210525,neutral,0.45904542415901184,0.0,0.3497743655954982,True,0.0,0.0,neutral,0.0,reactionfusion_v1_provisional,train,approved
774,42,15,0,0,0,0,0,57,57,RF_POST_000774,"🔴 ගාල්ල,මහනුවර සහ යාපනය නගර ආශ්රිත ධාවනය සඳහා තවත් metro bus රථ 50ක් මිලදී ගැනීමට කැබිනට් අනුමැතිය ✅",False,mixed,8ca127474eecaa152d823d32d4e7d34217b6d36a61089ee9fddee3aeb9cfbd08,DUP_8ca127474eecaa15,1,False,57,4.060443010546419,0.7368421052631579,0.671875,0.2631578947368421,0.25,0.0,0.015625,0.0,0.015625,0.0,0.015625,0.0,0.015625,0.0,0.015625,like,0.7368421052631579,0.47368421052631576,positive,0.26947213101480927,0.46504494991649925,0.2961771529053099,True,0.2631578947368421,0.0,positive,1.0,reactionfusion_v1_provisional,train,approved
775,79,0,0,101,0,0,0,180,180,RF_POST_000775,ලක්ෂ 178ක් අල්මාරියේ අමතක කරලා පැනල ගියේ ඉස්සරහ දොරෙන් වෙන්න ඇති 🥴🤌,False,sinhala,0025753c5293587d6df33cb98ccadcba4e0d404522042196a77d783c10effbd4,DUP_0025753c5293587d,1,False,180,5.198497031265826,0.4388888888888889,0.42780748663101603,0.0,0.0053475935828877,0.0,0.0053475935828877,0.5611111111111111,0.5454545454545454,0.0,0.0053475935828877,0.0,0.0053475935828877,0.0,0.0053475935828877,haha,0.5611111111111111,0.12222222222222222,neutral,0.6577038546239353,0.0,0.3523591965843861,True,0.0,0.0,neutral,0.0,reactionfusion_v1_provisional,train,approved
776,401,140,10,5,1,0,0,557,557,RF_POST_000776,🔴 අල්ලස් කොමිසමේ කොමසාරිස්වරයෙකුගේ අත්සනක් නෑ කියා ඉවත දැමූ ජොන්ස්ටන්ගේ නඩු හතක් යළි අසයි ✅,False,sinhala,7fe6613dcd1e8de59d78c8b4bce8c8c5631607597cbf33d6a4befe6d2717e2e7,DUP_7fe6613dcd1e8de5,2,True,557,6.324358962381311,0.7199281867145422,0.7127659574468085,0.2513464991023339,0.25,0.017953321364452424,0.01950354609929078,0.008976660682226212,0.010638297872340425,0.0017953321364452424,0.0035460992907801418,0.0,0.0017730496453900709,0.0,0.0017730496453900709,like,0.7199281867145422,0.46858168761220825,positive,0.3794164535110984,0.4640131981441865,0.36460702348616664,False,0.2612208258527828,0.0,positive,1.0,reactionfusion_v1_provisional,train,approved
778,32,4,0,15,0,0,0,51,51,RF_POST_000778,"ඇයි අපිට බැරි පොඩි දූපතක් වෙන් කරලා නාමල් ජනාධිපති, ඉරාජ් අගමැති කරලා යූරියා සමන්ත ඉත්තෑකන්ද ඇතුළු අවශේෂ බයිරැල පදිංචි කරලා මේ කරුමෙන් බේරෙන්න 🥹",False,sinhala,954cf3c3ab9b730f02f0a19842227461b1c9a74fafc240cfaa78342aa18897ac,DUP_954cf3c3ab9b730f,1,False,51,3.9512437185814275,0.6274509803921569,0.5689655172413793,0.0784313725490196,0.08620689655172414,0.0,0.017241379310344827,0.29411764705882354,0.27586206896551724,0.0,0.017241379310344827,0.0,0.017241379310344827,0.0,0.017241379310344827,like,0.6274509803921569,0.3333333333333333,positive,0.11042634058583543,0.22110880644894013,0.4378577913173554,True,0.0784313725490196,0.0,positive,1.0,reactionfusion_v1_provisional,train,approved
779,581,7,1,27,92,11,146,865,865,RF_POST_000779,"🔴 ඇමැති ධුරයේ සිටි වසර 2 තුල මර්වින් සිල්වාට මිලියන 600ක වත්කම්, ස්ථාවර තැන්පතු 10ක කෝටි 18ක් !! – අල්ලස් කොමිසම අධිකරණයට කියයි.",False,sinhala,2b09eaeb972c35af6fd1a4ddbd0790a73c143bf673ecd73493b42e6ad2254d49,DUP_2b09eaeb972c35af,2,True,865,6.763884908562435,0.6716763005780347,0.6674311926605505,0.008092485549132947,0.009174311926605505,0.0011560693641618498,0.0022935779816513763,0.03121387283236994,0.03211009174311927,0.10635838150289018,0.10665137614678899,0.012716763005780347,0.013761467889908258,0.16878612716763006,0.16857798165137614,like,0.6716763005780347,0.5028901734104047,negative,0.255129957768859,-0.3453210284935993,0.5223606757659465,True,0.008728323699421964,0.1815028901734104,negative,-0.9082345791552718,reactionfusion_v1_provisional,train,approved
783,356,67,0,65,0,2,0,490,490,RF_POST_000783,"🔴 අද බුද්ධි තක්සේරු වාර්තාව නිසා පෙරහැරේ කාවඩි නතර කරා, එදා බුද්ධි අංශ වාර්ථා පිළිගත්තා නම් අදටත් මිනිස්සු 270+ ජීවත් වෙනවා !",False,sinhala,ee86ca540c33a295a656074f4d65bc9bba246b55c6626e62ef625117c8bd3118,DUP_ee86ca540c33a295,2,True,490,6.19644412779452,0.726530612244898,0.7183098591549296,0.13673469387755102,0.13682092555331993,0.0,0.002012072434607646,0.1326530612244898,0.13279678068410464,0.0,0.002012072434607646,0.004081632653061225,0.006036217303822937,0.0,0.002012072434607646,like,0.726530612244898,0.5897959183673469,positive,0.24747356685657315,0.3109794581662263,0.40833673142244603,True,0.13673469387755102,0.004081632653061225,positive,0.9420289855072463,reactionfusion_v1_provisional,train,approved
784,111,2,0,140,2,0,0,255,255,RF_POST_000784,"ලංකාවේ නිළියන්ට අසීරු කාලයක් ! නොමිලේ aus, eng, nz වගේ ටුවර් ගිහින් මැච් බලපු සැප ගත්තු කාලෙ ඉවරයි 🥹",False,mixed,3c09b0ca233af69ccdce7e2b8ca39987a2826bbb932e088c5f30e44a922dcb5d,DUP_3c09b0ca233af69c,1,False,255,5.545177444479562,0.43529411764705883,0.42748091603053434,0.00784313725490196,0.011450381679389313,0.0,0.003816793893129771,0.5490196078431373,0.5381679389312977,0.00784313725490196,0.011450381679389313,0.0,0.003816793893129771,0.0,0.003816793893129771,haha,0.5490196078431373,0.11372549019607843,neutral,0.535163940705523,0.027318486015412764,0.39431485061454224,True,0.00784313725490196,0.0,positive,1.0,reactionfusion_v1_provisional,train,approved
785,153,73,3,0,0,0,0,229,229,RF_POST_000785,"සැප්තැම්බර් වන විට 122ක්, 2027දී 272ක් > 2029 වන විට 500ක් ❤️🔥 2032-2035 වන විට මුළු ලංකාවේම නාගරික ප්රවාහනය මෙට්රෝ බස් රථ මඟින් ආවරණය කෙරේ ✅",False,sinhala,b6bd3664db7b5a78e6acaf70a0f13593bb6db8e91102de02978b505ae8c14b88,DUP_b6bd3664db7b5a78,2,True,229,5.438079308923196,0.6681222707423581,0.652542372881356,0.31877729257641924,0.3135593220338983,0.013100436681222707,0.01694915254237288,0.0,0.00423728813559322,0.0,0.00423728813559322,0.0,0.00423728813559322,0.0,0.00423728813559322,like,0.6681222707423581,0.34934497816593885,positive,0.429619219598358,0.5277260744306106,0.3549398474216471,False,0.32598253275109174,0.0,positive,1.0,reactionfusion_v1_provisional,train,approved
787,227,115,5,0,1,0,0,348,348,RF_POST_000787,🚨 මියගිය බන්ධනාගාර නිලධාරීන්ට රුපියල් කෝටිය බැගින් වන්දි ලබාදේ. තවද වයස අවු. 55 දක්වා මාසික වැටුප් සහ 55 න් පසුව විශ්රාම වැටුපද හිමිවේ.,False,sinhala,5d756716e39ac3f08eadc0171f47ab84b46a038ffd985b468836b10cca0b52e3,DUP_5d756716e39ac3f0,1,False,348,5.855071922202427,0.6522988505747126,0.6422535211267606,0.33045977011494254,0.3267605633802817,0.014367816091954023,0.016901408450704224,0.0,0.0028169014084507044,0.0028735632183908046,0.005633802816901409,0.0,0.0028169014084507044,0.0,0.0028169014084507044,like,0.6522988505747126,0.3218390804597701,positive,0.43831410122133585,0.5387262059057162,0.3712301572657855,False,0.33836206896551724,0.0,positive,1.0,reactionfusion_v1_provisional,train,approved
788,111,3,0,29,0,0,0,143,143,RF_POST_000788,"දන්න අපරාධ රහස් හංඟගන මෝඩයෙක් වගේ මැරෙන්නෙ නැතුව, ඒ ඔක්කොම social media platform එකකට upload වෙන්න schedule කරලා මැරියල්ලා 😅👍",False,mixed,e753e79d205222f968677b335cc3f505a95a9b227d4a5967cb15af678ac6eaad,DUP_e753e79d205222f9,1,False,143,4.969813299576001,0.7762237762237763,0.7466666666666667,0.02097902097902098,0.02666666666666667,0.0,0.006666666666666667,0.20279720279720279,0.2,0.0,0.006666666666666667,0.0,0.006666666666666667,0.0,0.006666666666666667,like,0.7762237762237763,0.5734265734265734,neutral,0.317992129976815,0.0581552339453774,0.3089913107681284,True,0.02097902097902098,0.0,positive,1.0,reactionfusion_v1_provisional,train,approved
789,208,0,0,1,7,93,1,310,310,RF_POST_000789,🚨 පාස්කු ප්රහාරයට අදාලව ඉතා තීරණාත්මක සාක්ෂියක් ලබා දුන් හිටපු පොලිස්පති සී.ඩී. වික්රමරත්න වෙඩි වැදී අභිරහස් අයුරින් මිය යයි !,False,sinhala,4703be82d65f1b3d778f8f055013e8f0554e2a26773b0973d57196521b6204e7,DUP_4703be82d65f1b3d,2,True,310,5.739792912179234,0.6709677419354839,0.6593059936908517,0.0,0.0031545741324921135,0.0,0.0031545741324921135,0.0032258064516129032,0.006309148264984227,0.02258064516129032,0.025236593059936908,0.3,0.29652996845425866,0.0032258064516129032,0.006309148264984227,like,0.6709677419354839,0.3709677419354839,negative,0.4082156651001507,-0.5069391548899925,0.38621344899950405,False,0.0,0.3032258064516129,negative,-1.0,reactionfusion_v1_provisional,train,approved
791,216,93,4,0,0,0,0,313,313,RF_POST_000791,"🔴 කෙහෙලිය සමයේදී ගෙන්වූ බාල බෙහෙත් නිසා පෙනීම අහිමි වූ, පෙනීම දුර්වල වූ 21 දෙනෙක්ට රුපියල් මිලියනය බැගින් වන්දි ලබා දෙයි.",False,sinhala,d96230b4a2e4060c8793067a0afff776ec7ea06e3261d13ac77f549fd93a3a5b,DUP_d96230b4a2e4060c,2,True,313,5.749392985908253,0.6900958466453674,0.678125,0.2971246006389776,0.29375,0.012779552715654952,0.015625,0.0,0.003125,0.0,0.003125,0.0,0.003125,0.0,0.003125,like,0.6900958466453674,0.3929712460063898,positive,0.4183834620587347,0.5067160318323187,0.3454850425823729,False,0.30415335463258786,0.0,positive,1.0,reactionfusion_v1_provisional,train,approved
794,367,81,0,41,7,0,0,496,496,RF_POST_000794,🚨 ෂැංග්රීලා ඉඩමට මහින්ද රාජපක්ෂ ඩොලර් ලක්ෂ 50ක අල්ලසක් අරන් ! චෝදනාව ගැන අල්ලස් කොමිසමට පැමිණිල්ලක් !,False,sinhala,8c7bc8cb34f90c13f3eca84491a4da3cfae019eb3d10d8c7e0f587ed0201d1a8,DUP_8c7bc8cb34f90c13,1,False,496,6.208590026096629,0.7399193548387096,0.731610337972167,0.16330645161290322,0.16302186878727634,0.0,0.0019880715705765406,0.08266129032258064,0.08349900596421471,0.014112903225806451,0.015904572564612324,0.0,0.0019880715705765406,0.0,0.0019880715705765406,like,0.7399193548387096,0.5766129032258065,positive,0.28278728023439137,0.35425783899037133,0.4034160569037992,True,0.16330645161290322,0.0,positive,1.0,reactionfusion_v1_provisional,train,approved
795,1349,819,50,149,1,1,0,2369,2369,RF_POST_000795,🔴2022.04.12 - 🇱🇰 නිල වශයෙන් බංකොළොත් බව ප්රකාශ කරා. 🔴2026.07.01 - 🇱🇰 නිල වශයෙන් ඉහල මැදි ආදායම් ලබන රටක් බවට ප්රකාශ කරා.✅,False,sinhala,c0a79f04eb1d383084fb3984b131715a6203bd67ed674c07fe41796aea70db13,DUP_c0a79f04eb1d3830,2,True,2369,7.7706452341291765,0.5694385816800338,0.5681818181818182,0.3457154917686788,0.3451178451178451,0.021105951878429716,0.021464646464646464,0.06289573659772056,0.06313131313131314,0.00042211903756859433,0.0008417508417508417,0.00042211903756859433,0.0008417508417508417,0.0,0.00042087542087542086,like,0.5694385816800338,0.223723089911355,positive,0.4401499364215703,0.5822534503127794,0.48811566102312604,False,0.35732376530181514,0.00042211903756859433,positive,0.9976401179941002,reactionfusion_v1_provisional,train,approved
797,55,10,0,17,0,0,0,82,82,RF_POST_000797,ජනාධිපති වැය ශීර්ෂය යටතේ ඇති මුදල් අවභාවිතා කල බවට චෝදනා ලැබූ නන්දසේන ගෝඨාභයගේ හිටපු පුද්ගලික ලේකම් සුගීෂ්වර බණ්ඩාර ලබන 8 දක්වා යළි රිමාන්ඩ් 😅,False,sinhala,4f02f4e321c153d5cfb20cd893ca1c151dae63fd42ec2e16e7857674c67a8cc3,DUP_4f02f4e321c153d5,2,True,82,4.418840607796598,0.6707317073170732,0.6292134831460674,0.12195121951219512,0.12359550561797752,0.0,0.011235955056179775,0.2073170731707317,0.20224719101123595,0.0,0.011235955056179775,0.0,0.011235955056179775,0.0,0.011235955056179775,like,0.6707317073170732,0.4634146341463415,positive,0.19393030106508938,0.30790636298509916,0.43717191170346803,True,0.12195121951219512,0.0,positive,1.0,reactionfusion_v1_provisional,train,approved
798,1372,12,1,1058,6,2,0,2451,2451,RF_POST_000798,"මිහින්තලේ වනචාරියා යකා නටන්නේ පොසොන් උත්සවයට අදාලව රජයෙන් දෙන ලක්ෂ 50 උගෙ අතට නොදී ප්රාදේශීය ලේකම්ට දීපු නිසාලු, නේද ! 😂🖐️",False,sinhala,3217630410e4d3388d42be0339c26a0ebea2bac8fb3cdfa903d3d70ca08f7aa0,DUP_3217630410e4d338,2,True,2451,7.804659297056102,0.5597715218278254,0.5585842148087876,0.004895960832313341,0.0052888527257933275,0.0004079967360261118,0.0008136696501220504,0.43166054671562626,0.43083807973962573,0.0024479804161566705,0.0028478437754271765,0.0008159934720522236,0.0012205044751830757,0.0,0.0004068348250610252,like,0.5597715218278254,0.1281109751121991,neutral,0.6089617428894323,0.014004474147805908,0.37883950401137084,True,0.0051203590371277025,0.0008159934720522236,positive,0.7250859106529209,reactionfusion_v1_provisional,train,approved
799,191,96,10,3,0,0,0,300,300,RF_POST_000799,"යකෝ මිනිස්සු මෙච්චර love කරන්නේ metro bus 10කට, අගොස්තුවේ තව 104ක් දැම්මම සහ පසුව ක්රමිකව වෙනත් නගර වලට ව්යාප්ත වෙද්දි 🤩❤️🔥",False,mixed,e554a9b33779dcd1de618945816681ab110e44bdcea7eaba52f68c84613ebe4e,DUP_e554a9b33779dcd1,2,True,300,5.707110264748875,0.6366666666666667,0.6254071661237784,0.32,0.31596091205211724,0.03333333333333333,0.035830618892508145,0.01,0.013029315960912053,0.0,0.003257328990228013,0.0,0.003257328990228013,0.0,0.003257328990228013,like,0.6366666666666667,0.31666666666666665,positive,0.4269047434262972,0.5407124705357014,0.417030908957583,False,0.3383333333333333,0.0,positive,1.0,reactionfusion_v1_provisional,train,approved
801,53,0,0,99,0,0,0,152,152,RF_POST_000801,පත්තු කොකා වෙනුවෙන් පැයක් ඇතුළත පෝස්ට් 5යි 😂👍,False,sinhala,04cbee4b55ff357295e5a8823c558ed52f84b296832e5aead69846e45478033a,DUP_04cbee4b55ff3572,1,False,152,5.030437921392435,0.34868421052631576,0.33962264150943394,0.0,0.006289308176100629,0.0,0.006289308176100629,0.6513157894736842,0.6289308176100629,0.0,0.006289308176100629,0.0,0.006289308176100629,0.0,0.006289308176100629,haha,0.6513157894736842,0.3026315789473684,neutral,0.6342853667258991,0.0,0.3323012148364876,True,0.0,0.0,neutral,0.0,reactionfusion_v1_provisional,train,approved
802,27,0,2,207,0,0,0,236,236,RF_POST_000802,#Iraj උඹට අසනීප මොකුත් තියනවද ? 🤷♂️👀,False,mixed,38cb3313cd5767b03e9692f51efc37734c8a27803e5672f470be6e907395accd,DUP_38cb3313cd5767b0,1,False,236,5.4680601411351315,0.11440677966101695,0.11522633744855967,0.0,0.00411522633744856,0.00847457627118644,0.012345679012345678,0.8771186440677966,0.8559670781893004,0.0,0.00411522633744856,0.0,0.00411522633744856,0.0,0.00411522633744856,haha,0.8771186440677966,0.7627118644067796,neutral,0.5020336057384168,0.019305973380575176,0.20733974654548007,True,0.004661016949152543,0.0,positive,1.0,reactionfusion_v1_provisional,train,approved
803,179,3,0,220,0,0,0,402,402,RF_POST_000803,හරක් කටාගෙන් ලක්ෂ 1200ක කප්පමක් ගන්න හොඳයි ! හැබැයි දරුවෝ තුන්දෙනා ඉස්සරහ අත් අඩංගුවට පත් වෙන එක ලැජ්ජයි ! අනේ පලයන් චරිත් යන්න. 😸🖕,False,sinhala,064415d2e04eda8f59cac686212e26c89ad9cdec3745b235af406fe681baeb42,DUP_064415d2e04eda8f,2,True,402,5.998936561946683,0.44527363184079605,0.4400977995110024,0.007462686567164179,0.009779951100244499,0.0,0.0024449877750611247,0.5472636815920398,0.5403422982885085,0.0,0.0024449877750611247,0.0,0.0024449877750611247,0.0,0.0024449877750611247,haha,0.5472636815920398,0.10199004975124377,neutral,0.5377914574690179,0.025995089833681637,0.37345552882979394,True,0.007462686567164179,0.0,positive,1.0,reactionfusion_v1_provisional,train,approved
804,40,19,1,1,2,1,0,64,64,RF_POST_000804,🚨 නඳුන් චින්තකගෙන් (හරක් කටා) රු: ලක්ෂ 1200ක් අල්ලස් ලබා ගැනීමේ සිද්ධියකට අදාලව රඛිත රාජපක්ෂ සහ චරිත් අබේසිංහ අල්ලස් කොමිසමේ අත්අඩංගුවට.,False,sinhala,033e8d4b0e456af252c91b04fb07f2a58f2e202b16691dd7077075f7e5da7394,DUP_033e8d4b0e456af2,1,False,64,4.174387269895637,0.625,0.5774647887323944,0.296875,0.28169014084507044,0.015625,0.028169014084507043,0.015625,0.028169014084507043,0.03125,0.04225352112676056,0.015625,0.028169014084507043,0.0,0.014084507042253521,like,0.625,0.328125,positive,0.26493480035804984,0.486716156761975,0.4920793766715217,True,0.30546875,0.015625,positive,0.902676399026764,reactionfusion_v1_provisional,train,approved
806,58,19,2,3,1,0,0,83,83,RF_POST_000806,🚨 රාජ්ය ආයතන දෙකකින් වැටුප් ගත් සුගීශ්වර බණ්ඩාර හෙවත් අසූචි බණ්ඩාර මධ්යම අපරාධ විමර්ශන කොට්ඨාසයේ අත්අඩංගුවට 😸✅,False,sinhala,dc1d7b49dd61e39f5300aba513e579b22300aed0903dcfb79937e9e43f5b1113,DUP_dc1d7b49dd61e39f,2,True,83,4.430816798843313,0.6987951807228916,0.6555555555555556,0.2289156626506024,0.2222222222222222,0.024096385542168676,0.03333333333333333,0.03614457831325301,0.044444444444444446,0.012048192771084338,0.022222222222222223,0.0,0.011111111111111112,0.0,0.011111111111111112,like,0.6987951807228916,0.46987951807228917,positive,0.2849907055487756,0.4503807517983569,0.437318845983657,True,0.24216867469879516,0.0,positive,1.0,reactionfusion_v1_provisional,train,approved
807,1587,500,26,59,9,3,0,2184,2184,RF_POST_000807,"""තුවාන් සුරේෂ් සලේට අදාළව අධිකරණයට ඉදිරිපත් කළ කරුණු පාස්කු ප්රහාරයට සෘජු ලෙස සම්බන්ධයි. "" - කොටුව මහේස්ත්රාත් කියයි ✅",False,sinhala,1ba31f0c6f6549eebe95dadde5695f5b3774a42ea589e75e501e5412ecd327a2,DUP_1ba31f0c6f6549ee,1,False,2184,7.68937110752969,0.7266483516483516,0.7247832040164308,0.22893772893772893,0.22866271109082612,0.011904761904761904,0.012323140118667275,0.027014652014652016,0.02738475581926061,0.004120879120879121,0.004564125969876769,0.0013736263736263737,0.0018256503879507074,0.0,0.00045641259698767686,like,0.7266483516483516,0.4977106227106227,positive,0.3536468310696298,0.4382829458211194,0.38621678328334,False,0.23548534798534798,0.0013736263736263737,positive,0.988401314517688,reactionfusion_v1_provisional,train,approved
809,169,115,4,2,1,0,0,291,291,RF_POST_000809,ඉරාන - අමරිකා යුද්ධය නිල වශයෙන්ම අවසන් බව දෙරටින්ම නිවේදන නිකුත් කරයි. ♥️ #Baiyo_andana_News,False,mixed,5727daf7276c9ebb199267bc9fcdf016c78b2a80eb837d83a264ec7288df6564,DUP_5727daf7276c9ebb,2,True,291,5.676753802268282,0.5807560137457045,0.5704697986577181,0.3951890034364261,0.38926174496644295,0.013745704467353952,0.016778523489932886,0.006872852233676976,0.010067114093959731,0.003436426116838488,0.006711409395973154,0.0,0.003355704697986577,0.0,0.003355704697986577,like,0.5807560137457045,0.18556701030927836,positive,0.47330913882720854,0.5966119160041927,0.4086207418350381,False,0.4027491408934708,0.0,positive,1.0,reactionfusion_v1_provisional,train,approved
810,112,37,5,3,0,0,0,157,157,RF_POST_000810,🚨 ව්යාජ ලේඛන ඉදිරිපත් කරමින් ගුවන් ගමන් බලපත්රයක් ලබා ගැනීම සම්බන්ධයෙන් ශෂී වීරවංශට බරපතල වැඩ ඇතිව වසර දෙකක සිරදඩුවමක් ✅,False,sinhala,c94759cf8e887c5287ebf6c672dfd8b56ae733bc7f48318536b9b482f466783a,DUP_c94759cf8e887c52,2,True,157,5.062595033026967,0.7133757961783439,0.6890243902439024,0.2356687898089172,0.23170731707317074,0.03184713375796178,0.036585365853658534,0.01910828025477707,0.024390243902439025,0.0,0.006097560975609756,0.0,0.006097560975609756,0.0,0.006097560975609756,like,0.7133757961783439,0.47770700636942676,positive,0.3511494781923778,0.4571194911439721,0.3941362277677859,False,0.2531847133757962,0.0,positive,1.0,reactionfusion_v1_provisional,train,approved
811,77,32,3,0,1,0,0,113,113,RF_POST_000811,🚨 Breaking > සියලු චෝදනාවලට වරදකරු වූ සරණ ගුප්ත ගුණවර්ධනට ලක්ෂ 18ක දඩ සමගින් බරපතළ වැඩ සහිතව වසර 16ක සිරදඬුවම් ✅,False,mixed,fbe16c3c37fbdbfa7d4cfde9dbaf18102459e7408f97d4bbf539c4a3ded2f30f,DUP_fbe16c3c37fbdbfa,1,False,113,4.736198448394496,0.6814159292035398,0.65,0.2831858407079646,0.275,0.02654867256637168,0.03333333333333333,0.0,0.008333333333333333,0.008849557522123894,0.016666666666666666,0.0,0.008333333333333333,0.0,0.008333333333333333,like,0.6814159292035398,0.39823008849557523,positive,0.3591500674290204,0.49780036130997996,0.38893654880858836,False,0.297787610619469,0.0,positive,1.0,reactionfusion_v1_provisional,train,approved
812,49,24,1,6,0,0,0,80,80,RF_POST_000812,"වසරේ පළමු කාර්තුවේ අයවැය අතිරික්තය රුපියල් බිලියන 116 ක්, රාජ්ය ආදායම 40% කින් ඉහළට 🧭❤️🔥 අවශේෂ බයියන්ට ඇඬෙන නිව්ස් 😸",False,sinhala,409459e902b6b9b33ea081a954ed644d07686d76e2235046045bdf7d41225a52,DUP_409459e902b6b9b3,1,False,80,4.394449154672439,0.6125,0.5747126436781609,0.3,0.28735632183908044,0.0125,0.022988505747126436,0.075,0.08045977011494253,0.0,0.011494252873563218,0.0,0.011494252873563218,0.0,0.011494252873563218,like,0.6125,0.3125,positive,0.330770101333545,0.5410152672411515,0.4678985785785909,True,0.306875,0.0,positive,1.0,reactionfusion_v1_provisional,train,approved
814,814,412,49,7,1,3,1,1287,1287,RF_POST_000814,හදවතක් සහ කශේරුකාවක් ඇති පිරිමි හම්බවෙන “ ගැහැණු ලමයි” ඇත්තටම වාසනාවන්යි. ❤️🤗🌸,False,sinhala,9f92878253179b238d38f52e358f9f9e9bb6d2940ed82742db09ab887280e013,DUP_9f92878253179b23,2,True,1287,7.160845906664299,0.6324786324786325,0.6298299845440495,0.3201243201243201,0.31916537867078826,0.03807303807303807,0.03863987635239567,0.005439005439005439,0.0061823802163833074,0.000777000777000777,0.0015455950540958269,0.002331002331002331,0.0030911901081916537,0.000777000777000777,0.0015455950540958269,like,0.6324786324786325,0.3123543123543124,positive,0.4211586523786425,0.5357514923172526,0.42778355853075906,False,0.34106449106449105,0.003108003108003108,positive,0.9819392707980584,reactionfusion_v1_provisional,train,approved
817,553,70,17,2,0,133,0,775,775,RF_POST_000817,කවුරුම හරි මගේ ළග ඉන්න ඔනී කියලා මට දැනුණු හැම තැනකදීම මං හිටියේ තනියම🥺💔,False,sinhala,56d2558b26379ab8443147841cf6ab5a3b0af4938f29df7af957084f0ace0a5b,DUP_56d2558b26379ab8,1,False,775,6.654152520183219,0.7135483870967742,0.7084398976982097,0.09032258064516129,0.0907928388746803,0.02193548387096774,0.023017902813299233,0.0025806451612903226,0.0038363171355498722,0.0,0.0012787723785166241,0.17161290322580644,0.17135549872122763,0.0,0.0012787723785166241,like,0.7135483870967742,0.5419354838709678,negative,0.10693991972153409,-0.13725759036876806,0.44176283037223557,True,0.10238709677419354,0.17161290322580644,negative,-0.2526489286555216,reactionfusion_v1_provisional,train,approved
818,366,73,10,2,2,15,0,468,468,RF_POST_000818,එකම කතාවක් ඇතුලේ දෙපාරක් අතරමං වෙන්න එපා.. 🙂💔,False,sinhala,2befe0c07cff2b778d1e45293c15d4d72037713bd283b6201d1726662677db10,DUP_2befe0c07cff2b77,1,False,468,6.150602768446279,0.782051282051282,0.7726315789473684,0.15598290598290598,0.15578947368421053,0.021367521367521368,0.023157894736842106,0.004273504273504274,0.00631578947368421,0.004273504273504274,0.00631578947368421,0.03205128205128205,0.03368421052631579,0.0,0.002105263157894737,like,0.782051282051282,0.6260683760683761,positive,0.22281526115053632,0.2735165204971475,0.3705960662748107,True,0.16773504273504275,0.03205128205128205,positive,0.679144385026738,reactionfusion_v1_provisional,train,approved
820,254,133,36,0,0,1,0,424,424,RF_POST_000820,තාත්තාගෙන් පසු මා දුටු ශක්තිමත්ම චරිතය මගේ අයියා 👊❤️,False,sinhala,070fbad9b5840b78d38bc06f68303d399b6b999174edb7afa606da3300365c89,DUP_070fbad9b5840b78,1,False,424,6.052089168924417,0.5990566037735849,0.5916473317865429,0.3136792452830189,0.3109048723897912,0.08490566037735849,0.08584686774941995,0.0,0.002320185614849188,0.0,0.002320185614849188,0.0023584905660377358,0.004640371229698376,0.0,0.002320185614849188,like,0.5990566037735849,0.28537735849056606,positive,0.4197271068881708,0.5450634490503496,0.45957657914032685,False,0.36037735849056607,0.0023584905660377358,positive,0.9869960988296489,reactionfusion_v1_provisional,train,approved
821,854,523,109,0,0,1,0,1487,1487,RF_POST_000821,කාටහරි මොනවාහරි දීලා ඒ අයගෙ ඇස් වලට එන සතුට දකින එක මාර ලස්සන හැගීමක්! 🥺🤍🕊️,False,sinhala,3858cf095848bb9bc5467bde4049e04e41bcfb303157a1101a0ec500e1e3ddc0,DUP_3858cf095848bb9b,1,False,1487,7.305188215393037,0.574310692669805,0.572289156626506,0.351714862138534,0.3507362784471218,0.07330195023537324,0.07362784471218206,0.0,0.0006693440428380187,0.0,0.0006693440428380187,0.0006724949562878278,0.0013386880856760374,0.0,0.0006693440428380187,like,0.574310692669805,0.22259583053127102,positive,0.4450356147487952,0.5755420246476269,0.45350783890604585,False,0.3920309347679893,0.0006724949562878278,positive,0.9965750492336672,reactionfusion_v1_provisional,train,approved
822,146,2,6,231,1,3,0,389,389,RF_POST_000822,තාක්ෂණය කොච්චර දියුනු උනත් වැඩක් නෑ.. මගේ ෆෝන් එකට ගුඩ් නයිට් මගේ මැණික කියලා එන්නේ නෑනෙ 🥲👍,False,sinhala,9414dc6dad42b93338fa6cb7bb25215effccb516cc74c2cebcf6fbfea0990e12,DUP_9414dc6dad42b933,1,False,389,5.966146739123692,0.37532133676092544,0.3712121212121212,0.005141388174807198,0.007575757575757576,0.015424164524421594,0.017676767676767676,0.5938303341902313,0.5858585858585859,0.002570694087403599,0.005050505050505051,0.007712082262210797,0.010101010101010102,0.0,0.0025252525252525255,haha,0.5938303341902313,0.2185089974293059,neutral,0.5865968897607209,0.02096943062996392,0.4222085984399425,True,0.013624678663239076,0.007712082262210797,positive,0.2771084337349398,reactionfusion_v1_provisional,train,approved
824,306,8,3,149,3,1,0,470,470,RF_POST_000824,ඔබ හඩනා විට සමාජ මාධ්ය භාවිතා නොකර ලෙන්සුවක් හෝ ටිෂූ එකක් භාවිතා කිරීම අගනේය 😬😬,False,sinhala,f6f20d87dec30f2b1383bcfae025b9629f61a740063a80d517d8de698d70b246,DUP_f6f20d87dec30f2b,1,False,470,6.154858094016418,0.6510638297872341,0.6436058700209644,0.01702127659574468,0.018867924528301886,0.006382978723404255,0.008385744234800839,0.3170212765957447,0.31446540880503143,0.006382978723404255,0.008385744234800839,0.002127659574468085,0.0041928721174004195,0.0,0.0020964360587002098,like,0.6510638297872341,0.33404255319148934,neutral,0.3804295028315126,0.0550682408227716,0.406255358294386,True,0.020531914893617022,0.002127659574468085,positive,0.812206572769953,reactionfusion_v1_provisional,train,approved
825,354,49,14,130,6,27,1,581,581,RF_POST_000825,අන්තිම වතාවට එක පාරක් ඔයාට එයාව මුණගැහුනොත් ඔයා එයත් එක්ක කතා කරන්නේ මොනවද.. 🤔,False,sinhala,8a743a13ab3a6787ae39442be11554f2d60878e45c80b74596e1ceb99f05f382,DUP_8a743a13ab3a6787,1,False,581,6.366470447731438,0.6092943201376936,0.6037414965986394,0.08433734939759036,0.08503401360544217,0.024096385542168676,0.025510204081632654,0.22375215146299485,0.2227891156462585,0.010327022375215147,0.011904761904761904,0.04647160068846816,0.047619047619047616,0.0017211703958691911,0.003401360544217687,like,0.6092943201376936,0.3855421686746988,positive,0.09105822706269202,0.12859602393562122,0.5837968795023417,True,0.09759036144578313,0.04819277108433735,positive,0.3388429752066116,reactionfusion_v1_provisional,train,approved
826,472,153,52,0,0,0,0,677,677,RF_POST_000826,ඔබ අනෙක් දරුවන්ට ඔබේ දරුවාට වගෙ ආදරය කරන්න🤱 ඔබේ දරුවා සොබාදහමෙන්ම ආරක්ෂා කරාවි🤴👸 ❤️,False,sinhala,5d26c4031ec32b27f5e29274b5c37861292eaf4c09c9aa7c693f403ed7d0737e,DUP_5d26c4031ec32b27,1,False,677,6.519147287940395,0.6971935007385525,0.6915204678362573,0.2259970457902511,0.22514619883040934,0.07680945347119646,0.07748538011695906,0.0,0.0014619883040935672,0.0,0.0014619883040935672,0.0,0.0014619883040935672,0.0,0.0014619883040935672,like,0.6971935007385525,0.4711964549483013,positive,0.3681734002156184,0.46115708748318807,0.40326042830777964,False,0.26824224519940915,0.0,positive,1.0,reactionfusion_v1_provisional,train,approved
827,396,255,65,0,0,3,1,720,720,RF_POST_000827,තාත්තගේ හයියෙන් තමයි.. ජීවිතේ හැම අඩියක්ම ඉස්සරහට තිබ්බේ.. 🥺❤️🙏,False,sinhala,f72c83b34c3827763411a498f36aeff0e4a26d413788ddd49f8d7ddb27614861,DUP_f72c83b34c382776,1,False,720,6.580639137284949,0.55,0.546079779917469,0.3541666666666667,0.35213204951856947,0.09027777777777778,0.0907840440165062,0.0,0.001375515818431912,0.0,0.001375515818431912,0.004166666666666667,0.005502063273727648,0.001388888888888889,0.002751031636863824,like,0.55,0.19583333333333333,positive,0.4356698907674736,0.5754825672223044,0.48589632972317554,False,0.40381944444444445,0.005555555555555556,positive,0.9728583545377438,reactionfusion_v1_provisional,train,approved
828,705,63,17,3,1,209,0,998,998,RF_POST_000828,දරා ගන්න බැරිතරම් උපරිමේට ගිහින් තියෙන මානසික පිඩනය නැති කරගන්නේ කොහොමද ?🙂🥀🥀,False,sinhala,49b857789cede3a9b144c6dfa18ab5c3107ae48cf4d43f1cf4269ee22eb75d43,DUP_49b857789cede3a9,1,False,998,6.906754778648554,0.7064128256513026,0.7024875621890547,0.06312625250501001,0.06368159203980099,0.017034068136272545,0.01791044776119403,0.003006012024048096,0.003980099502487562,0.001002004008016032,0.001990049751243781,0.2094188376753507,0.208955223880597,0.0,0.0009950248756218905,like,0.7064128256513026,0.4969939879759519,negative,0.20510164050078464,-0.2616465777601157,0.43222378296248426,True,0.07249498997995991,0.2094188376753507,negative,-0.4856939754753865,reactionfusion_v1_provisional,train,approved
830,353,27,5,484,7,16,7,899,899,RF_POST_000830,Ex ආයේ ආවොත් ඔයා Mk 😏🥲👍,False,mixed,59d46cf2ad1dffdfa26743ff17b4152f9eaaca9c6a61b163382939b2d5784fb1,DUP_59d46cf2ad1dffdf,1,False,899,6.802394763324311,0.39265850945494996,0.39072847682119205,0.030033370411568408,0.03090507726269316,0.0055617352614015575,0.006622516556291391,0.5383759733036707,0.5353200883002207,0.00778642936596218,0.008830022075055188,0.017797552836484983,0.018763796909492272,0.00778642936596218,0.008830022075055188,haha,0.5383759733036707,0.1457174638487208,neutral,0.5928550814142887,0.025432775540606346,0.5045933997069216,True,0.03309232480533927,0.02558398220244716,positive,0.12796208530805686,reactionfusion_v1_provisional,train,approved
831,85,1,1,118,1,2,0,208,208,RF_POST_000831,දෝනි නිසා පිඩා විදින යාලුවෙක් අපි හැමෝටම ඉන්නවා 🥱💔😁,False,sinhala,c869202af7ba21abbdadd7647b402922b6fd4ae3dbdfe0e37b0bb4fc84d3a446,DUP_c869202af7ba21ab,1,False,208,5.342334251964811,0.40865384615384615,0.4,0.004807692307692308,0.009302325581395349,0.004807692307692308,0.009302325581395349,0.5673076923076923,0.5534883720930233,0.004807692307692308,0.009302325581395349,0.009615384615384616,0.013953488372093023,0.0,0.004651162790697674,haha,0.5673076923076923,0.15865384615384615,neutral,0.652762973020333,-0.007584461569646732,0.4157029528005097,True,0.007451923076923077,0.009615384615384616,negative,-0.1267605633802817,reactionfusion_v1_provisional,train,approved
834,221,5,2,204,1,0,0,433,433,RF_POST_000834,"රහස් කියන්න හොදම කෙනා තමයි හබී.එයාල කාටවත් ලේසියෙන් කියන්නෑ මොකද, මොකද අහගෙන ඉන්නවා වගේ හිටියට මුකුත් මතක හිටින් නෑ.. 🫠👍",False,sinhala,7423ebd9da9305210b13b891587613ab1009b9b2d5cddd4e2245b03da0d8ec0a,DUP_7423ebd9da930521,1,False,433,6.073044534100405,0.5103926096997691,0.5045454545454545,0.011547344110854504,0.013636363636363636,0.004618937644341801,0.006818181818181818,0.47113163972286376,0.4659090909090909,0.0023094688221709007,0.004545454545454545,0.0,0.0022727272727272726,0.0,0.0022727272727272726,like,0.5103926096997691,0.03926096997690531,neutral,0.42894917794707976,0.04671861106126839,0.4050723768646223,True,0.014087759815242495,0.0,positive,1.0,reactionfusion_v1_provisional,train,approved
835,319,205,65,8,0,0,0,597,597,RF_POST_000835,ඉල්ලන ඉල්ලන දේ අරන් දෙන හබීට.. වැඩි වැඩියෙන් ලැබෙන්න ඕන.. 😘❤️,False,sinhala,01cf9eefc7d90c4aa0f7d92d5d45771a4b268a95e8323dec711d6bb97bb20272,DUP_01cf9eefc7d90c4a,1,False,597,6.393590753950631,0.5343383584589615,0.5298013245033113,0.34338358458961477,0.34105960264900664,0.10887772194304858,0.10927152317880795,0.01340033500837521,0.014900662251655629,0.0,0.0016556291390728477,0.0,0.0016556291390728477,0.0,0.0016556291390728477,like,0.5343383584589615,0.19095477386934673,positive,0.4356361597157072,0.5865189436955517,0.5144929875762225,False,0.4032663316582915,0.0,positive,1.0,reactionfusion_v1_provisional,train,approved
836,549,12,1,276,5,5,0,848,848,RF_POST_000836,"පුතාගෙ සල්ලි වලින් ලේලි සැප විදියි කියලා බහුතරයක් නැන්දම්මලා බයයි.. ''අපි සැප විදින්නේ නැතුව පිට අය සැප විදින්නද ? """,False,sinhala,30a31b0ce06bf03870289a8cd5444005836c50217edc2bf2266a9d3f0029923a,DUP_30a31b0ce06bf038,1,False,848,6.744059186311348,0.6474056603773585,0.6432748538011696,0.014150943396226415,0.0152046783625731,0.0011792452830188679,0.0023391812865497076,0.32547169811320753,0.32397660818713453,0.00589622641509434,0.007017543859649123,0.00589622641509434,0.007017543859649123,0.0,0.0011695906432748538,like,0.6474056603773585,0.32193396226415094,neutral,0.5426969284891549,0.02687029728054985,0.3985577602666269,True,0.014799528301886793,0.00589622641509434,positive,0.43019943019943024,reactionfusion_v1_provisional,train,approved
837,348,33,2,2,3,0,0,388,388,RF_POST_000837,Dialog mobitel hutch අංකය වෙනස් නොකර ඕනෑම නෙට්වර්ක් එකකට මාරු වෙන්න නව නීති.ඒ අනුව පැරනි අංකය වෙනස් නොකර සර්විස් ප්රොවයිඩව මාරු කල හැකිය,False,mixed,d6c69d8a9b9285b9ee66848abbba2b9e8c8d993fa2e5d5317a6f39f94001f7fd,DUP_d6c69d8a9b9285b9,1,False,388,5.963579343618446,0.8969072164948454,0.8835443037974684,0.08505154639175258,0.08607594936708861,0.005154639175257732,0.007594936708860759,0.005154639175257732,0.007594936708860759,0.007731958762886598,0.010126582278481013,0.0,0.002531645569620253,0.0,0.002531645569620253,like,0.8969072164948454,0.8118556701030928,positive,0.17586478325709384,0.196043741166327,0.20509634327691856,True,0.08788659793814434,0.0,positive,1.0,reactionfusion_v1_provisional,train,approved
838,439,159,16,0,1,0,0,615,615,RF_POST_000838,ලොකු ලොකු ආසවල් නෑ.. පුන්චියට ගේ කෑල්ලක් හදාගෙන.. පොඩි වහානයක් අරන් නිදහසේ දෙමාපියන්ට සලකගෙන ඉන්න තිබ්බ නම් ඇති ❤️,False,sinhala,6d1b80f6c0eadd7ca59277d1aafbc0d3161b81f999848742ece136c85c1d9abe,DUP_6d1b80f6c0eadd7c,2,True,615,6.423246963533519,0.7138211382113822,0.707395498392283,0.25853658536585367,0.2572347266881029,0.026016260162601626,0.027331189710610933,0.0,0.001607717041800643,0.0016260162601626016,0.003215434083601286,0.0,0.001607717041800643,0.0,0.001607717041800643,like,0.7138211382113822,0.45528455284552843,positive,0.38793446378276397,0.47238552188632565,0.3575439483401374,False,0.27284552845528454,0.0,positive,1.0,reactionfusion_v1_provisional,train,approved
839,162,4,0,270,0,1,0,437,437,RF_POST_000839,එයාගෙ ෆෝන් එක අන්ලොක් කරලා දාලා ගිහින් තිබ්බත් මං කරන්නෙ ලොක් කරලා තියන එක.. 🌝 මොකද මට මේ තියෙන ප්රශ්න ටික හොදටම ඇති.. 🥱😴,False,sinhala,95a992e51988753862ce686d40daca9c9074eb8a35643fba927f85a876c5382b,DUP_95a992e519887538,1,False,437,6.082218910376446,0.3707093821510298,0.36711711711711714,0.009153318077803204,0.01126126126126126,0.0,0.0022522522522522522,0.6178489702517163,0.6103603603603603,0.0,0.0022522522522522522,0.002288329519450801,0.0045045045045045045,0.0,0.0022522522522522522,haha,0.6178489702517163,0.2471395881006865,neutral,0.543552203538188,0.024844540343694918,0.3711605418882486,True,0.009153318077803204,0.002288329519450801,positive,0.6,reactionfusion_v1_provisional,train,approved
840,332,13,5,66,2,3,0,421,421,RF_POST_000840,ගොඩක් මිනිස්සු මාරම හොදයි.. වැඩේ කරගන්නකන්.. 🥱👍,False,sinhala,065e36e34ca3a0ebbda44a1db27cc79719a1cf48cbece6576173b88db2d3b172,DUP_065e36e34ca3a0eb,1,False,421,6.045005314036012,0.7885985748218527,0.7780373831775701,0.030878859857482184,0.03271028037383177,0.011876484560570071,0.014018691588785047,0.15676959619952494,0.15654205607476634,0.004750593824228029,0.007009345794392523,0.007125890736342043,0.009345794392523364,0.0,0.002336448598130841,like,0.7885985748218527,0.6318289786223278,neutral,0.22776815712391943,0.07976536167429635,0.3589387519499814,True,0.037410926365795724,0.007125890736342043,positive,0.68,reactionfusion_v1_provisional,train,approved
841,513,64,11,2,1,64,0,655,655,RF_POST_000841,"අවාසනාවන්තම මිනිස්සු තමයි,තමන් ආදරේ කරන අය වෙනුවෙන් ගොඩක් දේවල් කරල අන්තිමට නරක මිනිස්සු වෙන්නෙ 🙂👍",False,sinhala,4cf3e6e54130a6fc698dbb8e878b502145a9847695a67945212288e7eb05a94c,DUP_4cf3e6e54130a6fc,1,False,655,6.486160788944089,0.783206106870229,0.7764350453172205,0.09770992366412214,0.09818731117824774,0.016793893129770993,0.01812688821752266,0.0030534351145038168,0.004531722054380665,0.0015267175572519084,0.0030211480362537764,0.09770992366412214,0.09818731117824774,0.0,0.0015105740181268882,like,0.783206106870229,0.6854961832061068,neutral,0.5786181433719164,0.01946985029524107,0.38136309192304146,True,0.10694656488549618,0.09770992366412214,neutral,0.045132413278627354,reactionfusion_v1_provisional,train,approved
842,92,8,3,116,4,0,0,223,223,RF_POST_000842,සුසානයක් වු හදවතක් මැද රෝස පැල සිටුවීමට ඇබෑර්තු ඇත 🤓👍,False,sinhala,e23b2dffd84d6c6ab33741dc9133a221ac5d8123c5bb661abfda95f557ba3cf5,DUP_e23b2dffd84d6c6a,1,False,223,5.4116460518550396,0.4125560538116592,0.4043478260869565,0.03587443946188341,0.0391304347826087,0.013452914798206279,0.017391304347826087,0.5201793721973094,0.508695652173913,0.017937219730941704,0.021739130434782608,0.0,0.004347826086956522,0.0,0.004347826086956522,haha,0.5201793721973094,0.10762331838565023,positive,0.10784201105987508,0.1445679980058492,0.49062715219827335,True,0.04327354260089686,0.0,positive,1.0,reactionfusion_v1_provisional,train,approved
845,685,322,34,3,0,0,0,1044,1044,RF_POST_000845,ලොකු ලොකු ආසවල් නෑ.. පුන්චියට ගේ කෑල්ලක් හදාගෙන.. පොඩි වහානයක් අරන් නිදහසේ දෙමාපියන්ට සලකගෙන ඉන්න තිබ්බ නම් ඇති ❤️,False,sinhala,6d1b80f6c0eadd7ca59277d1aafbc0d3161b81f999848742ece136c85c1d9abe,DUP_6d1b80f6c0eadd7c,2,True,1044,6.951772164398911,0.6561302681992337,0.6527117031398668,0.30842911877394635,0.3073263558515699,0.032567049808429116,0.03330161750713606,0.0028735632183908046,0.003805899143672693,0.0,0.0009514747859181732,0.0,0.0009514747859181732,0.0,0.0009514747859181732,like,0.6561302681992337,0.34770114942528735,positive,0.422777751285904,0.5266557118277084,0.39448147185135407,False,0.32634099616858236,0.0,positive,1.0,reactionfusion_v1_provisional,train,approved
847,1518,174,23,0,1,43,0,1759,1759,RF_POST_000847,කාගෙ ගැනවත් තරහක් නෑ හැබැයි හිතේ උඩින්ම හිටපු මිනිස්සු ගැන ලොකු කලකිරීමක් තියෙනවා 💔😌😊,False,sinhala,4838ff71bd5d0de5c877b2be29915ebf3df2d63cd0edfefecd5d00ea2bd90146,DUP_4838ff71bd5d0de5,1,False,1759,7.473069088032197,0.8629903354178511,0.8601359003397508,0.09891984081864696,0.09909399773499433,0.013075611142694713,0.013590033975084938,0.0,0.0005662514156285391,0.0005685048322910744,0.0011325028312570782,0.0244457077885162,0.02491506228765572,0.0,0.0005662514156285391,like,0.8629903354178511,0.7640704945992041,positive,0.1539206495327207,0.17701202249069306,0.26090174704586955,True,0.10611142694712905,0.0244457077885162,positive,0.6255170912257784,reactionfusion_v1_provisional,train,approved
848,766,164,27,331,7,5,0,1300,1300,RF_POST_000848,90 ගනන් වල බැදල නැති අය ඉන්නව නේද එයාල තමා ඉවසීම උපරිමෙන්ම ප්රගුණ කරපු මිනිස්සු 😌🌝🌝,False,sinhala,59d6c470a3a7c92d43eba8e2390dec91bbfb116df1f3f4c2744455fbc47b8e3b,DUP_59d6c470a3a7c92d,1,False,1300,7.170888478512505,0.5892307692307692,0.586840091813313,0.12615384615384614,0.1262433052792655,0.02076923076923077,0.02142310635042081,0.25461538461538463,0.2540168324407039,0.005384615384615384,0.00612088752869166,0.0038461538461538464,0.0045906656465187455,0.0,0.0007651109410864575,like,0.5892307692307692,0.3346153846153846,positive,0.2489905861821362,0.34112414274167524,0.5401761119443097,True,0.13757692307692307,0.0038461538461538464,positive,0.945607832472124,reactionfusion_v1_provisional,train,approved
849,370,8,3,127,1,0,0,509,509,RF_POST_000849,පිරිමි ලමයි බොරු කියනකොට ගැහැණු ලමයි ප්රශ්න ඇහුවේ උත්තර දැනගෙන මිසක් දැනගන්න නෙවෙයී.. 🙂👍,False,sinhala,bf64e51d1684d4437d32f498a5cd778b807e97f8b69b8d63993f7fdb02a0f561,DUP_bf64e51d1684d443,1,False,509,6.234410725718371,0.7269155206286837,0.7189922480620154,0.015717092337917484,0.01744186046511628,0.005893909626719057,0.007751937984496124,0.24950884086444008,0.24806201550387597,0.0019646365422396855,0.003875968992248062,0.0,0.001937984496124031,0.0,0.001937984496124031,like,0.7269155206286837,0.4774066797642436,neutral,0.3702120278544657,0.05430549382265032,0.35253708896161645,True,0.018958742632612966,0.0,positive,1.0,reactionfusion_v1_provisional,train,approved
850,318,188,58,7,0,2,0,573,573,RF_POST_000850,"ගැහැනු ලමයෙක් නිසා පිරිමි ලමයෙක් හැදෙනවා නම් , ඒ ගැහැනු ලමයා ඒ කොල්ලගෙ කතාවේ රැජිනක් ❤️",False,sinhala,1405f8900cc74020deea35e5c1ca080cc6c857c75009333c6f1b93aecf41802e,DUP_1405f8900cc74020,1,False,573,6.352629396319567,0.5549738219895288,0.55,0.32809773123909247,0.3258620689655172,0.1012216404886562,0.10172413793103448,0.012216404886561954,0.013793103448275862,0.0,0.0017241379310344827,0.0034904013961605585,0.005172413793103448,0.0,0.0017241379310344827,like,0.5549738219895288,0.2268760907504363,positive,0.42107101125401103,0.5662610811320997,0.5127868931919618,False,0.38376963350785337,0.0034904013961605585,positive,0.9819738621000451,reactionfusion_v1_provisional,train,approved
851,278,82,5,2,0,0,0,367,367,RF_POST_000851,ඉවසීමේ හැකියාව වැඩිම පුද්ගලයාට සවන්දීමේ හැකියාවද ඉතා ඉහලින් ඇත 🙂❤️,False,sinhala,64334f56378621b32259d9200fc903595d56b6f93baedd1794802f68a89088a6,DUP_64334f56378621b3,2,True,367,5.908082938168931,0.7574931880108992,0.7459893048128342,0.22343324250681199,0.22192513368983957,0.013623978201634877,0.016042780748663103,0.005449591280653951,0.008021390374331552,0.0,0.00267379679144385,0.0,0.00267379679144385,0.0,0.00267379679144385,like,0.7574931880108992,0.5340599455040872,positive,0.35758614667257815,0.42721234954427023,0.32486870163753234,False,0.23092643051771117,0.0,positive,1.0,reactionfusion_v1_provisional,train,approved
852,278,82,5,2,0,0,0,367,367,RF_POST_000852,ඉවසීමේ හැකියාව වැඩිම පුද්ගලයාට සවන්දීමේ හැකියාවද ඉතා ඉහලින් ඇත 🙂❤️,False,sinhala,64334f56378621b32259d9200fc903595d56b6f93baedd1794802f68a89088a6,DUP_64334f56378621b3,2,True,367,5.908082938168931,0.7574931880108992,0.7459893048128342,0.22343324250681199,0.22192513368983957,0.013623978201634877,0.016042780748663103,0.005449591280653951,0.008021390374331552,0.0,0.00267379679144385,0.0,0.00267379679144385,0.0,0.00267379679144385,like,0.7574931880108992,0.5340599455040872,positive,0.35758614667257815,0.42721234954427023,0.32486870163753234,False,0.23092643051771117,0.0,positive,1.0,reactionfusion_v1_provisional,train,approved
853,933,11,12,1002,19,18,0,1995,1995,RF_POST_000853,"අනියම් සම්බන්ධතා තියෙන අයගෙන් අහන්නෙ, ඇත්තටම හිත නිදහසේද ඉන්නෙ 🥱🥱",False,sinhala,8954a8474ecf33c3a1d438fa198c63aa93cb25862f9e7505685757a07c7f9b19,DUP_8954a8474ecf33c3,1,False,1995,7.59890045687141,0.46766917293233085,0.46653346653346656,0.005513784461152882,0.005994005994005994,0.006015037593984963,0.006493506493506494,0.5022556390977444,0.500999000999001,0.009523809523809525,0.00999000999000999,0.009022556390977444,0.00949050949050949,0.0,0.0004995004995004995,haha,0.5022556390977444,0.03458646616541353,neutral,0.7137298544302714,-0.0006760760533353904,0.4355475364674616,True,0.008822055137844613,0.009022556390977444,neutral,-0.011235955056179735,reactionfusion_v1_provisional,train,approved
854,208,0,0,163,0,1,0,372,372,RF_POST_000854,බොරුවට හරි සැක කරන්න මොකක් හරි දෙයක් අහු වෙනවා 😂👍,False,sinhala,fa3b0fb086d34e4a2590c9419f9c5592f1266dd6366497db31b5d92eb7fe61aa,DUP_fa3b0fb086d34e4a,1,False,372,5.921578419643816,0.5591397849462365,0.5514511873350924,0.0,0.002638522427440633,0.0,0.002638522427440633,0.4381720430107527,0.43271767810026385,0.0,0.002638522427440633,0.002688172043010753,0.005277044854881266,0.0,0.002638522427440633,like,0.5591397849462365,0.12096774193548387,neutral,0.6302554381165161,-0.00879702436485007,0.3610264474511988,True,0.0,0.002688172043010753,negative,-1.0,reactionfusion_v1_provisional,train,approved
855,229,9,3,124,2,8,0,375,375,RF_POST_000855,Fb එකෙ ලව් එකක් නැත්තෙ මටයි මේක බලන ඔයාටයි විතරයි 😪🌝 Shared post,False,mixed,9ab6049c52a959b95b9b28b5945721b9122190ada87a5af25bb4dd877ae62091,DUP_9ab6049c52a959b9,1,False,375,5.929589143389895,0.6106666666666667,0.6020942408376964,0.024,0.02617801047120419,0.008,0.010471204188481676,0.33066666666666666,0.32722513089005234,0.005333333333333333,0.007853403141361256,0.021333333333333333,0.02356020942408377,0.0,0.002617801047120419,like,0.6106666666666667,0.28,neutral,0.60353193141637,0.0210869683266647,0.4652045175510588,True,0.0284,0.021333333333333333,positive,0.14209115281501344,reactionfusion_v1_provisional,train,approved
856,814,412,49,7,1,3,1,1287,1287,RF_POST_000856,හදවතක් සහ කශේරුකාවක් ඇති පිරිමි හම්බවෙන “ ගැහැණු ලමයි” ඇත්තටම වාසනාවන්යි. ❤️🤗🌸,False,sinhala,9f92878253179b238d38f52e358f9f9e9bb6d2940ed82742db09ab887280e013,DUP_9f92878253179b23,2,True,1287,7.160845906664299,0.6324786324786325,0.6298299845440495,0.3201243201243201,0.31916537867078826,0.03807303807303807,0.03863987635239567,0.005439005439005439,0.0061823802163833074,0.000777000777000777,0.0015455950540958269,0.002331002331002331,0.0030911901081916537,0.000777000777000777,0.0015455950540958269,like,0.6324786324786325,0.3123543123543124,positive,0.4211586523786425,0.5357514923172526,0.42778355853075906,False,0.34106449106449105,0.003108003108003108,positive,0.9819392707980584,reactionfusion_v1_provisional,train,approved
859,455,331,73,1,0,107,0,967,967,RF_POST_000859,""" තාත්ත ආයෙමත් තරුණ වෙලා මමත් පුංචි වුනානම් 🥹🥹🥰""",False,sinhala,9b3ba808e917e114f9c22da7bf9a372dc1191a15a481263fa8da29fec57d810a,DUP_9b3ba808e917e114,1,False,967,6.875232087276577,0.4705274043433299,0.4681724845995893,0.3422957600827301,0.3408624229979466,0.07549120992761117,0.07597535934291581,0.001034126163391934,0.002053388090349076,0.0,0.001026694045174538,0.11065149948293691,0.11088295687885011,0.0,0.001026694045174538,like,0.4705274043433299,0.1282316442605998,positive,0.2836918418241757,0.40525870006049924,0.5999469330915759,True,0.38381592554291627,0.11065149948293691,positive,0.552441702394646,reactionfusion_v1_provisional,train,approved
862,1896,279,27,0,1,9,0,2212,2212,RF_POST_000862,අවශ්ය කාලයේ නොමැති කිසිවෙකු.. අනවශ්ය කාලයේ සිටිය යුතුම නැත... 🚧,False,sinhala,1bf6a4fad7a41e09630fbb30f32da6cc2bd8ee8e21da9bd60861bf9f1b44e0d1,DUP_1bf6a4fad7a41e09,1,False,2212,7.70210434005105,0.8571428571428571,0.8548895899053628,0.12613019891500904,0.12618296529968454,0.012206148282097649,0.012618296529968454,0.0,0.0004506534474988734,0.0004520795660036166,0.0009013068949977468,0.00406871609403255,0.004506534474988734,0.0,0.0004506534474988734,like,0.8571428571428571,0.7310126582278481,positive,0.23806932611942988,0.27100110021408974,0.2430379365149727,True,0.13284358047016276,0.00406871609403255,positive,0.9405646359583952,reactionfusion_v1_provisional,train,approved
863,1035,524,100,0,0,4,0,1663,1663,RF_POST_000863,"බිංදුවටම වැටුණත්, බලාපොරොත්තු අතෑරගන්න එපා.මේක කියවන ඔයාගේ ජීවිතෙත් ඕන තරම් ප්රාතිහාර වෙන්න ඉඩ තියනවා ❤️",False,sinhala,75a3ab7050b1fe85a89507985c620baa2af7bbb0ce2b7751817ab59506aae95a,DUP_75a3ab7050b1fe85,1,False,1663,7.416979621381154,0.6223692122669874,0.6203592814371257,0.31509320505111243,0.3143712574850299,0.06013229104028864,0.06047904191616767,0.0,0.0005988023952095808,0.0,0.0005988023952095808,0.0024052916416115455,0.0029940119760479044,0.0,0.0005988023952095808,like,0.6223692122669874,0.30727600721587495,positive,0.42136967900311434,0.5378056222640376,0.4330038156564943,False,0.3481659651232712,0.0024052916416115455,positive,0.9862778730703259,reactionfusion_v1_provisional,train,approved
864,276,9,1,372,0,2,0,660,660,RF_POST_000864,මේ මුළු ලෝකයම ඔබ ආකර්ෂණීය සුරූපිනියක් බව පැවසුවද ඔබගේ සහෝදරයා කිසිදිනක එසේ නොපවසනු ඇත 🙂👍😁😁,False,sinhala,9d23bbc189f2671e23a601f49e59ab48885c409c00ef52d1915be5e8aa48686a,DUP_9d23bbc189f2671e,1,False,660,6.493753839851686,0.41818181818181815,0.41529235382308843,0.013636363636363636,0.014992503748125937,0.0015151515151515152,0.0029985007496251873,0.5636363636363636,0.5592203898050975,0.0,0.0014992503748125937,0.0030303030303030303,0.004497751124437781,0.0,0.0014992503748125937,haha,0.5636363636363636,0.14545454545454545,neutral,0.46564547613498647,0.040038720470132357,0.3976154676816319,True,0.01446969696969697,0.0030303030303030303,positive,0.6536796536796537,reactionfusion_v1_provisional,train,approved
866,1476,203,42,1,0,329,0,2051,2051,RF_POST_000866,මට මං ගැනම පව් කියලා හිතුන තැන් වලදී ඒ දුක කියන්න මට හිටියේ.. මට මං විතරයි 🙂👍🙂,False,sinhala,76b0e8efa09f44c573725968412ad4ad95902cfbf6f2d469c115861477e5f504,DUP_76b0e8efa09f44c5,1,False,2051,7.62657020629066,0.719648951730863,0.717687074829932,0.09897610921501707,0.09912536443148688,0.020477815699658702,0.02089407191448008,0.00048756704046806434,0.0009718172983479105,0.0,0.00048590864917395527,0.16040955631399317,0.16034985422740525,0.0,0.00048590864917395527,like,0.719648951730863,0.5592393954168698,neutral,0.11862684437651834,-0.10013225837373618,0.4329984346448513,True,0.11023890784982936,0.16040955631399317,negative,-0.1853720050441362,reactionfusion_v1_provisional,train,approved
868,3236,454,38,14,1,5,0,3748,3748,RF_POST_000868,බණ කියද්දි දරුවන්ට සලකන හැටිත් කියන්න.හැමෝම කියන්නෙ දෙමාපියන්ට සලකන හැටි විතරයි 🙂🙏,False,sinhala,81d3e5016f6344384f5d8a431b42bc9cb564d5923ae8aa757b62cc5855ed759c,DUP_81d3e5016f634438,1,False,3748,8.229244416735913,0.8633938100320171,0.8620505992010652,0.12113127001067236,0.12117177097203728,0.010138740661686232,0.010386151797603195,0.003735325506937033,0.0039946737683089215,0.00026680896478121667,0.0005326231691078562,0.0013340448239060833,0.0015978695073235686,0.0,0.0002663115845539281,like,0.8633938100320171,0.7422625400213447,positive,0.23526600778760828,0.26687642241429355,0.23689177440796103,True,0.12670757737459978,0.0013340448239060833,positive,0.9791623254844759,reactionfusion_v1_provisional,train,approved
869,449,181,22,0,0,3,0,655,655,RF_POST_000869,කිසිවක් බලාපොරොත්තු නොවී තව කෙනෙකුගේ සතුට සැනසීම පමණක් පතන හිතවත්කම් පමනක්ම මුණගැහෙන්න ඕන ඡීවිතේට ❤️🩹,False,sinhala,329d1e53f8bdcd6f243bd611e4b24770a19a7105fbb71741e3daf00ba6962162,DUP_329d1e53f8bdcd6f,1,False,655,6.486160788944089,0.6854961832061068,0.6797583081570997,0.27633587786259545,0.27492447129909364,0.03358778625954199,0.03474320241691843,0.0,0.0015105740181268882,0.0,0.0015105740181268882,0.004580152671755725,0.006042296072507553,0.0,0.0015105740181268882,like,0.6854961832061068,0.40916030534351144,positive,0.3930162269049426,0.4872874745353503,0.38691921605344565,False,0.29480916030534354,0.004580152671755725,positive,0.9694033656297807,reactionfusion_v1_provisional,train,approved
870,1249,192,9,5,0,12,0,1467,1467,RF_POST_000870,'මට අරයා ඉන්නවා/මෙයා ඉන්නවා' කියලා සතුටුවෙන්න එපා මොනවාහරි දෙයක් වුණාම තමන්ට ඉන්නෙ තමන් විතරයි. 💔🥹,False,sinhala,4ed40fd52a611bc0fb09a324d356e24efaff5620da1f0866a40d0bc8ce2433e5,DUP_4ed40fd52a611bc0,1,False,1467,7.291656209174461,0.8513974096796183,0.8480325644504749,0.130879345603272,0.1309362279511533,0.006134969325153374,0.0067842605156037995,0.0034083162917518746,0.004070556309362279,0.0,0.0006784260515603799,0.0081799591002045,0.008819538670284939,0.0,0.0006784260515603799,like,0.8513974096796183,0.7205180640763463,positive,0.23241728658478777,0.2661324664176603,0.2533714152704604,True,0.13425357873210636,0.0081799591002045,positive,0.8851399856424982,reactionfusion_v1_provisional,train,approved
872,78,2,0,146,0,5,0,231,231,RF_POST_000872,සමහරවිට ඔයාගෙ අනාගත කසාදෙ දැන් වෙන කෙනෙක් එක්ක අත් අල්ලන් ඇවිදින්න ගිහින් ඇති 🥺💔,False,sinhala,beb4ebacb3c2092c45ead742025dc44b474961ae30c3a4daa292a8e3062557d8,DUP_beb4ebacb3c2092c,1,False,231,5.44673737166631,0.33766233766233766,0.3319327731092437,0.008658008658008658,0.012605042016806723,0.0,0.004201680672268907,0.6320346320346321,0.6176470588235294,0.0,0.004201680672268907,0.021645021645021644,0.025210084033613446,0.0,0.004201680672268907,haha,0.6320346320346321,0.2943722943722944,neutral,0.4219731124866905,-0.04700375723754772,0.4011858686632267,True,0.008658008658008658,0.021645021645021644,negative,-0.42857142857142855,reactionfusion_v1_provisional,train,approved
873,1641,345,33,6,0,16,0,2041,2041,RF_POST_000873,ගැහැනිය විවාහ විය යුත්තේ මනුස්සකම පිරි සංවේදී ආදරණීය පිරිමියෙකු සමගයි.නැතිනම් ඇයගේ ජීවිතයේ සතුට අවසන් වනු ඇත 🙂👍💯,False,sinhala,e1ab199479cf8c2d22d5022c36807af1c1b40ad80f455ed66a29e1baf82fc426,DUP_e1ab199479cf8c2d,1,False,2041,7.621684998724611,0.8040176384125429,0.8017578125,0.16903478686918177,0.1689453125,0.016168544830965213,0.0166015625,0.002939735423811857,0.00341796875,0.0,0.00048828125,0.007839294463498285,0.00830078125,0.0,0.00048828125,like,0.8040176384125429,0.6349828515433611,positive,0.2861649685468198,0.3380885717259414,0.30715976534818523,True,0.17792748652621265,0.007839294463498285,positive,0.9156006857444283,reactionfusion_v1_provisional,train,approved
874,529,24,10,256,1,2,0,822,822,RF_POST_000874,"කාට හරි වරදින්න යනවා දැක්කොත් ඒක පෙන්නල දෙන්නෙ එපා! ඇයි කියල අහන්න එපා.. එපා! Otherwise, you will be the නරක මිනිහා 😉💔",False,mixed,eae30314fb4219fc0f91931360cf66ed84ace98d15de433c5630d79b5618dfb4,DUP_eae30314fb4219fc,1,False,822,6.71295620067707,0.6435523114355232,0.6393244873341375,0.029197080291970802,0.030156815440289506,0.012165450121654502,0.013268998793727383,0.31143552311435524,0.3100120627261761,0.0012165450121654502,0.0024125452352231603,0.0024330900243309003,0.0036188178528347406,0.0,0.0012062726176115801,like,0.6435523114355232,0.33211678832116787,neutral,0.12660485990457415,0.09867373588304759,0.4247769047914355,True,0.035888077858880776,0.0024330900243309003,positive,0.873015873015873,reactionfusion_v1_provisional,train,approved
875,576,298,59,1,0,1,0,935,935,RF_POST_000875,ප්රාර්ථනාවක් 🖤💫 පිටරට ගිහින් මහන්සි වෙන හැමෝගේම බලාපොරොත්තු ඉෂ්ට වෙන්න ඕන... ❤️,False,sinhala,58390b0d966630dd223fa3b5301dcc8edecd1f564defb9bbb634cb2f18d91698,DUP_58390b0d966630dd,1,False,935,6.841615476477592,0.6160427807486631,0.6125265392781316,0.31871657754010696,0.3174097664543524,0.06310160427807486,0.06369426751592357,0.0010695187165775401,0.0021231422505307855,0.0,0.0010615711252653928,0.0010695187165775401,0.0021231422505307855,0.0,0.0010615711252653928,like,0.6160427807486631,0.29732620320855613,positive,0.4253099334262946,0.5444897166923909,0.4377668719749743,False,0.35342245989304816,0.0010695187165775401,positive,0.9939659073766782,reactionfusion_v1_provisional,train,approved
876,253,36,2,113,2,3,0,409,409,RF_POST_000876,"මං ඇලඩින්ගේ පුදුම පහන නම්, ඔයාලා මගෙන් මොනාද ඉල්ලන්නේ 😁🙈",False,sinhala,ebaa2bd17973fa7b9f131fac43f4f2e10ef834266279a183f911e4a04438d6ec,DUP_ebaa2bd17973fa7b,1,False,409,6.016157159698354,0.6185819070904646,0.6105769230769231,0.08801955990220049,0.0889423076923077,0.004889975550122249,0.007211538461538462,0.2762836185819071,0.27403846153846156,0.004889975550122249,0.007211538461538462,0.007334963325183374,0.009615384615384616,0.0,0.002403846153846154,like,0.6185819070904646,0.3422982885085575,positive,0.17274679530687317,0.22894635365133642,0.49051788678921326,True,0.09070904645476772,0.007334963325183374,positive,0.8503740648379052,reactionfusion_v1_provisional,train,approved
878,1166,313,40,1,1,0,0,1521,1521,RF_POST_000878,"මගේ ලොකුකමක් නම් නෑ, ඒත් මගේ ඔලුව නැමෙන්නේ ගෞරවයක් ලබන්න සුදුසු අය ළග විතරයි ♥️🙂🙂",False,sinhala,4155ba52fea2f137f35a2bab493d3b4bc3f810caaf0d6b41416df2413d38e337,DUP_4155ba52fea2f137,2,True,1521,7.3277805384216315,0.7666009204470743,0.7637434554973822,0.20578566732412887,0.2054973821989529,0.026298487836949377,0.026832460732984294,0.0006574621959237344,0.0013089005235602095,0.0006574621959237344,0.0013089005235602095,0.0,0.0006544502617801048,0.0,0.0006544502617801048,like,0.7666009204470743,0.5608152531229454,positive,0.3435305481967249,0.4104349139880946,0.32601693233772633,True,0.22024983563445102,0.0,positive,1.0,reactionfusion_v1_provisional,train,approved
879,195,49,7,3,0,5,0,259,259,RF_POST_000879,"පිරිමි ලමයෙක්ට එක්තරා යුගයක් එනවා,කැපකිරීම් විතරක්ම ජීවිතේ වන....එදාට තමංගේ පුංචිම සතුටත් අතාරින්න වෙනවා.. 💔",False,sinhala,a9255b183079f76cbb9dd836529240ad08e2b1c1e8521c6ad8f085f5a9c00817,DUP_a9255b183079f76c,2,True,259,5.560681631015528,0.752895752895753,0.7368421052631579,0.1891891891891892,0.18796992481203006,0.02702702702702703,0.03007518796992481,0.011583011583011582,0.015037593984962405,0.0,0.0037593984962406013,0.019305019305019305,0.022556390977443608,0.0,0.0037593984962406013,like,0.752895752895753,0.5637065637065637,positive,0.28585484362547764,0.3565656735957098,0.38754673626986796,True,0.20405405405405408,0.019305019305019305,positive,0.8271391529818496,reactionfusion_v1_provisional,train,approved
880,440,159,42,26,0,0,0,667,667,RF_POST_000880,සිස්සත්වෙ ලේසිලු දරු පැටියට 🙈💜,False,sinhala,ae6d71d785d205709ee11363682986bd7bfabd20b064ec5f3846880ec7b9528c,DUP_ae6d71d785d20570,2,True,667,6.504288173536645,0.6596701649175413,0.6543026706231454,0.2383808095952024,0.23738872403560832,0.06296851574212893,0.06379821958456973,0.038980509745127435,0.040059347181008904,0.0,0.001483679525222552,0.0,0.001483679525222552,0.0,0.001483679525222552,like,0.6596701649175413,0.42128935532233885,positive,0.3696733763189046,0.48360126256878444,0.4711620929199187,False,0.2730134932533733,0.0,positive,1.0,reactionfusion_v1_provisional,train,approved
881,17,0,0,26,1,0,0,44,44,RF_POST_000881,ඔබ මාතර කෙනෙකු සමග ජීවිතේ එක් වරක් හෝ පෙම් සබදතාවක් පැවැත්විය යුත්තේ ඇයි...?,False,sinhala,2ddb0afb83755c6876f00560f50d5d6ea28a62de09312e41f49589b59961f96e,DUP_2ddb0afb83755c68,1,False,44,3.8066624897703196,0.38636363636363635,0.35294117647058826,0.0,0.0196078431372549,0.0,0.0196078431372549,0.5909090909090909,0.5294117647058824,0.022727272727272728,0.0392156862745098,0.0,0.0196078431372549,0.0,0.0196078431372549,haha,0.5909090909090909,0.20454545454545456,neutral,0.4075371585794789,0.0,0.39277258547083477,True,0.0,0.0,neutral,0.0,reactionfusion_v1_provisional,train,approved
882,46,0,1,523,1,50,0,621,621,RF_POST_000882,තනි ඇහෙන් අඬන්නැත්තම් දෙයක් කියන්නද... Batch photo ගහන දවසට උබට couple photo එකක් ගහන්න වෙන්නෑ 🙂,False,mixed,39f68e958f74dd355320ea8b62d2130f13ba9d3c379ffe8adadf441115bed962,DUP_39f68e958f74dd35,1,False,621,6.432940092739179,0.07407407407407407,0.07484076433121019,0.0,0.0015923566878980893,0.001610305958132045,0.0031847133757961785,0.8421900161030595,0.8343949044585988,0.001610305958132045,0.0031847133757961785,0.08051529790660225,0.08121019108280254,0.0,0.0015923566878980893,haha,0.8421900161030595,0.7616747181964574,negative,0.2638994913659768,-0.30834791034397047,0.2882935289075124,True,0.0008856682769726249,0.08051529790660225,negative,-0.9782393669634026,reactionfusion_v1_provisional,train,approved
884,65,5,0,57,1,1,0,129,129,RF_POST_000884,UAE ශ්රී ලාංකික ජන සමාජයේ තියෙන අමුතු අමුතු ආවේනික දේවල් මොනවද? 🙂,False,mixed,4ccd84b3a82b8ec675e5d5d23c6e96fa02c978f0eb23d393b973f2f88c8a363f,DUP_4ccd84b3a82b8ec6,1,False,129,4.867534450455582,0.5038759689922481,0.4852941176470588,0.03875968992248062,0.04411764705882353,0.0,0.007352941176470588,0.4418604651162791,0.4264705882352941,0.007751937984496124,0.014705882352941176,0.007751937984496124,0.014705882352941176,0.0,0.007352941176470588,like,0.5038759689922481,0.06201550387596899,neutral,0.1165811853445458,0.0993554256324934,0.4664106131030503,True,0.03875968992248062,0.007751937984496124,positive,0.6666666666666666,reactionfusion_v1_provisional,train,approved
888,436,90,2,138,2,0,0,668,668,RF_POST_000888,🔴 දැඩි මූල්ය විනය යහපත් ප්රතිඵල අත්කරදෙමින් සිටී. නුදුරේදීම ණය ශ්රේණිගත කිරීම්වල CCC සිට B දක්වා ළඟා වනු ඇත. - Softlogic Stockbrokers Equity Research -,False,mixed,8d393b80f9f35bc543f5fdfa7f01534c081ff45445a921f41146f18b008f453a,DUP_8d393b80f9f35bc5,3,True,668,6.505784060128229,0.6526946107784432,0.6474074074074074,0.1347305389221557,0.1348148148148148,0.0029940119760479044,0.0044444444444444444,0.20658682634730538,0.20592592592592593,0.0029940119760479044,0.0044444444444444444,0.0,0.0014814814814814814,0.0,0.0014814814814814814,like,0.6526946107784432,0.44610778443113774,positive,0.2587499254967656,0.3376174766317707,0.46719822609987566,True,0.13637724550898203,0.0,positive,1.0,reactionfusion_v1_provisional,train,approved
891,159,41,3,4,0,0,0,207,207,RF_POST_000891,"🚨 බස්, වෙළදසැල්, නිවාස වල අධික ශබ්ද විකාශනයට රුපියල් මිලියනය දක්වා දඩ ! කර්මාන්තශාලා වලත් අධික ශබ්දය පාලනයට දැඩි නීති සකස් කෙරේ. ✅",False,sinhala,368274bbc208e91a911154b66251cfa1eeb292f5768d8fb8d2fe734e29237058,DUP_368274bbc208e91a,2,True,207,5.337538079701318,0.7681159420289855,0.7476635514018691,0.19806763285024154,0.19626168224299065,0.014492753623188406,0.018691588785046728,0.01932367149758454,0.02336448598130841,0.0,0.004672897196261682,0.0,0.004672897196261682,0.0,0.004672897196261682,like,0.7681159420289855,0.5700483091787439,positive,0.32617123283433497,0.3992561809486831,0.3396683163978371,True,0.20603864734299515,0.0,positive,1.0,reactionfusion_v1_provisional,train,approved
893,11,0,0,172,0,0,0,183,183,RF_POST_000893,"""මාග්රට් තැචර්, ජවහර්ලාල් නේරු ඉගන ගත්තේ මගේ විශ්ව විද්යාලයේ, මම ගෞරව උපාධියක් සහිතව සමත් උනා."" -මන්ත්රී නාමල් රාජපක්ෂ-",False,sinhala,3a8fda8cbd5ee863ccbb15ddc8b84e0d32ea863a04ce1244045c8a0c7ec1408e,DUP_3a8fda8cbd5ee863,1,False,183,5.214935757608986,0.060109289617486336,0.06315789473684211,0.0,0.005263157894736842,0.0,0.005263157894736842,0.9398907103825137,0.9105263157894737,0.0,0.005263157894736842,0.0,0.005263157894736842,0.0,0.005263157894736842,haha,0.9398907103825137,0.8797814207650273,neutral,0.5440274164897445,0.0,0.11679271575023795,True,0.0,0.0,neutral,0.0,reactionfusion_v1_provisional,train,approved
894,909,5,1,412,4,1,9,1341,1341,RF_POST_000894,"බන්ධනාගාර කෝලාහල ඇති වෙන සැරයක් පාසා දෙසවනේ දෝංකාර දෙන ඒ හඬින් ඇසුන වචන කීපය ! ""අපිට බලය ගන්න විශාල සැලැස්මක් තියනවා""",False,sinhala,19e564a707172332b1253b1cbee277aeeb7cd03a17e539d89366ca6b210502ba,DUP_19e564a707172332,2,True,1341,7.201916317531627,0.6778523489932886,0.6750741839762612,0.0037285607755406414,0.004451038575667656,0.0007457121551081282,0.001483679525222552,0.30723340790454884,0.306379821958457,0.002982848620432513,0.00370919881305638,0.0007457121551081282,0.001483679525222552,0.006711409395973154,0.00741839762611276,like,0.6778523489932886,0.3706189410887398,neutral,0.6255711588847016,-0.009943485090992236,0.364181650280278,True,0.004138702460850112,0.007457121551081283,negative,-0.28617363344051444,reactionfusion_v1_provisional,train,approved
897,348,83,4,4,0,0,0,439,439,RF_POST_000897,🚨 වරෙන්තු නිකුත් කර ඇති බැසිල් රාජපක්ෂ මෙරටට ගෙන්වා ගැනීමට ඇමරිකානු අධිකරණයේ සහාය ගැනීමට රජය තීරණය කරයි.✅,False,sinhala,5f13918b61ca7b180107bbb1268ad0501ac32b844fad749501713cdaa0312d93,DUP_5f13918b61ca7b18,2,True,439,6.0867747269123065,0.7927107061503417,0.7825112107623319,0.18906605922551253,0.18834080717488788,0.009111617312072893,0.011210762331838564,0.009111617312072893,0.011210762331838564,0.0,0.002242152466367713,0.0,0.002242152466367713,0.0,0.002242152466367713,like,0.7927107061503417,0.6036446469248291,positive,0.32253865738827786,0.37961971916616927,0.3004662397282959,True,0.19407744874715263,0.0,positive,1.0,reactionfusion_v1_provisional,train,approved
899,305,20,0,402,1,0,4,732,732,RF_POST_000899,"""ලෝකයේ පාසල් වල උගන්වන්න ඕන රාජපක්ෂ පරම්පරාව ගැන ! කවදාවත්ම තමන්ගේ පවුල මේ තත්වයට පත්කර ගන්න එපා පුතේ කියලා.."" - නජිත් ඉන්දික -",False,sinhala,a732f4a4d06299218978fc207454a0486e16b54d4c53232678cc2745bd3c43f0,DUP_a732f4a4d0629921,2,True,732,6.597145701886651,0.4166666666666667,0.4140730717185386,0.0273224043715847,0.028416779431664412,0.0,0.0013531799729364006,0.5491803278688525,0.5453315290933695,0.001366120218579235,0.0027063599458728013,0.0,0.0013531799729364006,0.00546448087431694,0.006765899864682003,haha,0.5491803278688525,0.1325136612021858,neutral,0.2655768657424914,0.0753154949471614,0.4264111384813051,True,0.0273224043715847,0.00546448087431694,positive,0.6666666666666666,reactionfusion_v1_provisional,train,approved
900,77,0,0,31,0,0,0,108,108,RF_POST_000900,"ට්රින්කො නේවිබේස් එකේ හැංගුනේ, එයාපෝට් වල ට්රැවල් විත් වයිෆ් කරේ, එකෙක් ක්ෂණිකව අමෙරිකාවට පැන්නේ ඒ එයාලගෙ පවුලේ අය නෙමෙයි.🥴🤌",False,sinhala,e18aa7c42f1d2ed18bc3e9b27a152f0a35f4f92204bef52aa9cef853a142a045,DUP_e18aa7c42f1d2ed1,2,True,108,4.6913478822291435,0.7129629629629629,0.6782608695652174,0.0,0.008695652173913044,0.0,0.008695652173913044,0.28703703703703703,0.2782608695652174,0.0,0.008695652173913044,0.0,0.008695652173913044,0.0,0.008695652173913044,like,0.7129629629629629,0.42592592592592593,neutral,0.578608514270761,0.0,0.30807040649710876,True,0.0,0.0,neutral,0.0,reactionfusion_v1_provisional,train,approved
901,1222,280,15,10,7,0,0,1534,1534,RF_POST_000901,🔴 අල්ලස් කොමිසමේ කොමසාරිස්වරයෙකුගේ අත්සනක් නෑ කියා ඉවත දැමූ ජොන්ස්ටන්ගේ නඩු හතක් යළි අසයි ✅,False,sinhala,7fe6613dcd1e8de59d78c8b4bce8c8c5631607597cbf33d6a4befe6d2717e2e7,DUP_7fe6613dcd1e8de5,2,True,1534,7.336285660021297,0.7966101694915254,0.7936404931862427,0.18252933507170796,0.18234912394548994,0.009778357235984355,0.010382868267358857,0.00651890482398957,0.007138221933809215,0.0045632333767926985,0.005191434133679429,0.0,0.0006489292667099286,0.0,0.0006489292667099286,like,0.7966101694915254,0.6140808344198174,positive,0.3130945904818346,0.36951685093362263,0.30538396454297834,True,0.18790743155149936,0.0,positive,1.0,reactionfusion_v1_provisional,train,approved
903,78,10,0,1,0,0,0,89,89,RF_POST_000903,🚨#BREAKING : හිටපු ආරක්ෂක අමාත්යාංශ ලේකම් හේමසිරි ප්රනාන්දුටත් මරණ දඬුවම ලබා දෙයි. ✅,False,mixed,58a818885c722977281eb93652c2f7225e44be763ae3af094c1a5410ddbccddb,DUP_58a818885c722977,1,False,89,4.499809670330265,0.8764044943820225,0.8229166666666666,0.11235955056179775,0.11458333333333333,0.0,0.010416666666666666,0.011235955056179775,0.020833333333333332,0.0,0.010416666666666666,0.0,0.010416666666666666,0.0,0.010416666666666666,like,0.8764044943820225,0.7640449438202247,positive,0.18262611071141274,0.24565678978703023,0.2115615396365073,True,0.11235955056179775,0.0,positive,1.0,reactionfusion_v1_provisional,train,approved
904,299,4,0,15,48,1,36,403,403,RF_POST_000904,"🔴 ඇමැති ධුරයේ සිටි වසර 2 තුල මර්වින් සිල්වාට මිලියන 600ක වත්කම්, ස්ථාවර තැන්පතු 10ක කෝටි 18ක් !! – අල්ලස් කොමිසම අධිකරණයට කියයි.",False,sinhala,2b09eaeb972c35af6fd1a4ddbd0790a73c143bf673ecd73493b42e6ad2254d49,DUP_2b09eaeb972c35af,2,True,403,6.0014148779611505,0.7419354838709677,0.7317073170731707,0.009925558312655087,0.012195121951219513,0.0,0.0024390243902439024,0.03722084367245657,0.03902439024390244,0.11910669975186104,0.11951219512195121,0.0024813895781637717,0.004878048780487805,0.08933002481389578,0.09024390243902439,like,0.7419354838709677,0.6228287841191067,negative,0.14221636652201003,-0.18345095608325268,0.4490534830589599,True,0.009925558312655087,0.09181141439205955,negative,-0.8048780487804879,reactionfusion_v1_provisional,train,approved
908,458,6,1,110,0,0,0,575,575,RF_POST_000908,කුදලගෙන ලංකාවට ගෙනාපු KPI ඉන්දියාවට පැනලා ගියෙත් උඹලගෙ ආණ්ඩු කාලෙ තමයි 😂 දැන් එනවා මෙතන ජාතික ආරක්ශාව ගැන ටසිරි වෙන ටෝක් ඉශූ කරගෙන 🖕,False,mixed,bc5187ac2deedcd9552e7be97f1f0a5258ce39473fac382df0623b5440dba817,DUP_bc5187ac2deedcd9,1,False,575,6.3561076606958915,0.7965217391304348,0.788659793814433,0.010434782608695653,0.012027491408934709,0.0017391304347826088,0.003436426116838488,0.19130434782608696,0.19072164948453607,0.0,0.001718213058419244,0.0,0.001718213058419244,0.0,0.001718213058419244,like,0.7965217391304348,0.6052173913043478,neutral,0.4742140447787411,0.031489487800519994,0.2858644792599456,True,0.011391304347826089,0.0,positive,1.0,reactionfusion_v1_provisional,train,approved
909,155,8,2,264,0,1,0,430,430,RF_POST_000909,"🔴 අද බුද්ධි තක්සේරු වාර්තාව නිසා පෙරහැරේ කාවඩි නතර කරා, එදා බුද්ධි අංශ වාර්ථා පිළිගත්තා නම් අදටත් මිනිස්සු 270+ ජීවත් වෙනවා !",False,sinhala,ee86ca540c33a295a656074f4d65bc9bba246b55c6626e62ef625117c8bd3118,DUP_ee86ca540c33a295,2,True,430,6.066108090103747,0.36046511627906974,0.35697940503432496,0.018604651162790697,0.020594965675057208,0.004651162790697674,0.006864988558352402,0.6139534883720931,0.6064073226544623,0.0,0.002288329519450801,0.002325581395348837,0.004576659038901602,0.0,0.002288329519450801,haha,0.6139534883720931,0.2534883720930233,neutral,0.30601113812280256,0.06757281173187117,0.4011088385136704,True,0.02116279069767442,0.002325581395348837,positive,0.801980198019802,reactionfusion_v1_provisional,train,approved
910,604,174,12,27,0,0,0,817,817,RF_POST_000910,🔴 විජලන මුත්තා ඉන්දියාවට විකුණන්න ගිය මිල්කෝ ආයතනය ලාභ ලබා සේවකයන්ටත් බෝනස් දෙයි. 🧭✅,False,sinhala,a3018b2df20c95b882f7a8b676d7d736f2767289779162ecb6fbf00aa2aa7cc2,DUP_a3018b2df20c95b8,1,False,817,6.706862336602747,0.7392900856793145,0.7342233009708737,0.21297429620563035,0.21237864077669902,0.014687882496940025,0.015776699029126214,0.033047735618115054,0.03398058252427184,0.0,0.0012135922330097086,0.0,0.0012135922330097086,0.0,0.0012135922330097086,like,0.7392900856793145,0.5263157894736842,positive,0.3449880440516362,0.4242866905046982,0.37379734313827684,True,0.22105263157894736,0.0,positive,1.0,reactionfusion_v1_provisional,train,approved
911,65,20,2,26,0,0,0,113,113,RF_POST_000911,වසරේ මුල් මාස 5 තුළ රු:බිලියන 197 ක අයවැය අතිරික්තයක් ❤️🔥 පසුගිය වසරේ අදාල කාල පරිච්ඡේදය තුල අයවැය හිඟය රු:බිලින 236 ක් !,False,sinhala,4b25c6560070d9efb12442296e6cb4cd5a5c24aa38f1e8acb42f3b3549ce69d0,DUP_4b25c6560070d9ef,1,False,113,4.736198448394496,0.5752212389380531,0.55,0.17699115044247787,0.175,0.017699115044247787,0.025,0.23008849557522124,0.225,0.0,0.008333333333333333,0.0,0.008333333333333333,0.0,0.008333333333333333,like,0.5752212389380531,0.34513274336283184,positive,0.28811668492224807,0.4380831163616195,0.5313990874348614,True,0.18672566371681415,0.0,positive,1.0,reactionfusion_v1_provisional,train,approved
912,143,1,0,402,0,0,0,546,546,RF_POST_000912,බයියෝ බේරෙ වැවේ නාවපු තරහ කොච්චරද කියනව නම් ඉන්දියාවෙ නැගී එන කැරපොතු පක්ෂෙටත් බනිනවා 😂,False,sinhala,fc91aa8482befdadd809f49afe9fb6e88b4e129781fdf4fee36a490bb7833873,DUP_fc91aa8482befdad,1,False,546,6.304448802421981,0.2619047619047619,0.2603978300180832,0.0018315018315018315,0.003616636528028933,0.0,0.0018083182640144665,0.7362637362637363,0.72875226039783,0.0,0.0018083182640144665,0.0,0.0018083182640144665,0.0,0.0018083182640144665,haha,0.7362637362637363,0.47435897435897434,neutral,0.612584106586081,0.007087750965300722,0.30209828325250304,True,0.0018315018315018315,0.0,positive,1.0,reactionfusion_v1_provisional,train,approved
913,124,60,3,8,0,0,0,195,195,RF_POST_000913,"සැප්තැම්බර් වන විට 122ක්, 2027දී 272ක් > 2029 වන විට 500ක් ❤️🔥 2032-2035 වන විට මුළු ලංකාවේම නාගරික ප්රවාහනය මෙට්රෝ බස් රථ මඟින් ආවරණය කෙරේ ✅",False,sinhala,b6bd3664db7b5a78e6acaf70a0f13593bb6db8e91102de02978b505ae8c14b88,DUP_b6bd3664db7b5a78,2,True,195,5.278114659230517,0.6358974358974359,0.6188118811881188,0.3076923076923077,0.30198019801980197,0.015384615384615385,0.019801980198019802,0.041025641025641026,0.04455445544554455,0.0,0.0049504950495049506,0.0,0.0049504950495049506,0.0,0.0049504950495049506,like,0.6358974358974359,0.3282051282051282,positive,0.4106965484260281,0.5355745803111138,0.4346471981371435,False,0.3161538461538462,0.0,positive,1.0,reactionfusion_v1_provisional,train,approved
915,132,39,5,2,1,0,0,179,179,RF_POST_000915,විශ්ව විද්යාල වරම් ලබන ආබාධ සහිත සියලු සිසුන්ට ජනාධිපති අරමුදලෙන් රුපියල් ලක්ෂයක දීමනාවක් ❤️,False,sinhala,a0966efc68db90a20329c08033577fee60f99370b0dc72bbe196cd47f7cde208,DUP_a0966efc68db90a2,1,False,179,5.19295685089021,0.7374301675977654,0.7150537634408602,0.21787709497206703,0.21505376344086022,0.027932960893854747,0.03225806451612903,0.0111731843575419,0.016129032258064516,0.00558659217877095,0.010752688172043012,0.0,0.005376344086021506,0.0,0.005376344086021506,like,0.7374301675977654,0.5195530726256983,positive,0.3390950766085169,0.43013643476049934,0.378102334202922,True,0.23324022346368714,0.0,positive,1.0,reactionfusion_v1_provisional,train,approved
916,156,4,0,26,2,0,0,188,188,RF_POST_000916,"දන්න අපරාධ රහස් හංඟගන මෝඩයෙක් වගේ මැරෙන්නෙ නැතුව, ඒ ඔක්කොම social media platform එකකට upload වෙන්න schedule කරලා මැරියල්ලා 😅🖐️",False,mixed,cd37ba9c2d9a5b82499ff9c00c47206beca382d1b1870c945ffed16b600c99cf,DUP_cd37ba9c2d9a5b82,1,False,188,5.241747015059643,0.8297872340425532,0.8051282051282052,0.02127659574468085,0.02564102564102564,0.0,0.005128205128205128,0.13829787234042554,0.13846153846153847,0.010638297872340425,0.015384615384615385,0.0,0.005128205128205128,0.0,0.005128205128205128,like,0.8297872340425532,0.6914893617021277,neutral,0.33450066679724766,0.056140402634796235,0.2871039881073041,True,0.02127659574468085,0.0,positive,1.0,reactionfusion_v1_provisional,train,approved
917,140,1,0,27,5,36,2,211,211,RF_POST_000917,🚨 පාස්කු ප්රහාරයට අදාලව ඉතා තීරණාත්මක සාක්ෂියක් ලබා දුන් හිටපු පොලිස්පති සී.ඩී. වික්රමරත්න වෙඩි වැදී අභිරහස් අයුරින් මිය යයි !,False,sinhala,4703be82d65f1b3d778f8f055013e8f0554e2a26773b0973d57196521b6204e7,DUP_4703be82d65f1b3d,2,True,211,5.356586274672012,0.6635071090047393,0.6467889908256881,0.004739336492890996,0.009174311926605505,0.0,0.0045871559633027525,0.12796208530805686,0.12844036697247707,0.023696682464454975,0.027522935779816515,0.17061611374407584,0.16972477064220184,0.009478672985781991,0.013761467889908258,like,0.6635071090047393,0.4928909952606635,negative,0.28258464490788304,-0.3853351922886301,0.5114247277907533,True,0.004739336492890996,0.18009478672985785,negative,-0.9487179487179487,reactionfusion_v1_provisional,train,approved
919,171,16,0,58,0,0,0,245,245,RF_POST_000919,බොලාගෙ සමහර පැළවුනු මුල්ගල් තමයි බං මාලිමාවෙ ආණ්ඩුව ප්රමිතියටම වැඩ අහවරක් කරල මිනිස්සුන්ට දෙන්නේ 😊 අවුල් වගේ නේද ?,False,sinhala,dc642beade524f070c14d4b66fa6e78d302b357334aa1ce75e1c42c519f5518f,DUP_dc642beade524f07,1,False,245,5.5053315359323625,0.6979591836734694,0.6825396825396826,0.0653061224489796,0.06746031746031746,0.0,0.003968253968253968,0.23673469387755103,0.23412698412698413,0.0,0.003968253968253968,0.0,0.003968253968253968,0.0,0.003968253968253968,like,0.6979591836734694,0.46122448979591835,positive,0.14258860850685623,0.17910746380865755,0.39584158631078126,True,0.0653061224489796,0.0,positive,1.0,reactionfusion_v1_provisional,train,approved
920,144,44,5,1,0,3,0,197,197,RF_POST_000920,"🔴 කෙහෙලිය සමයේදී ගෙන්වූ බාල බෙහෙත් නිසා පෙනීම අහිමි වූ, පෙනීම දුර්වල වූ 21 දෙනෙක්ට රුපියල් මිලියනය බැගින් වන්දි ලබා දෙයි.",False,sinhala,d96230b4a2e4060c8793067a0afff776ec7ea06e3261d13ac77f549fd93a3a5b,DUP_d96230b4a2e4060c,2,True,197,5.288267030694535,0.7309644670050761,0.7107843137254902,0.2233502538071066,0.22058823529411764,0.025380710659898477,0.029411764705882353,0.005076142131979695,0.00980392156862745,0.0,0.004901960784313725,0.015228426395939087,0.0196078431372549,0.0,0.004901960784313725,like,0.7309644670050761,0.5076142131979695,positive,0.3223649793150606,0.40693642201315205,0.3842254843655388,True,0.23730964467005078,0.015228426395939087,positive,0.8793969849246231,reactionfusion_v1_provisional,train,approved
922,1886,916,62,493,5,0,0,3362,3362,RF_POST_000922,🔴2022.04.12 - 🇱🇰 නිල වශයෙන් බංකොළොත් බව ප්රකාශ කරා. 🔴2026.07.01 - 🇱🇰 නිල වශයෙන් ඉහල මැදි ආදායම් ලබන රටක් බවට ප්රකාශ කරා.✅,False,sinhala,c0a79f04eb1d383084fb3984b131715a6203bd67ed674c07fe41796aea70db13,DUP_c0a79f04eb1d3830,2,True,3362,8.12058871174027,0.5609756097560976,0.560106856634016,0.2724568709101725,0.2721875927574948,0.018441403926234383,0.018699910952804988,0.14663890541344438,0.14663104778866132,0.00148720999405116,0.0017809439002671415,0.0,0.00029682398337785694,0.0,0.00029682398337785694,like,0.5609756097560976,0.28851873884592505,positive,0.39761953013547413,0.5432696433700025,0.5361982397213791,False,0.28259964306960145,0.0,positive,1.0,reactionfusion_v1_provisional,train,approved
923,78,8,1,7,0,0,0,94,94,RF_POST_000923,ජනාධිපති වැය ශීර්ෂය යටතේ ඇති මුදල් අවභාවිතා කල බවට චෝදනා ලැබූ නන්දසේන ගෝඨාභයගේ හිටපු පුද්ගලික ලේකම් සුගීෂ්වර බණ්ඩාර ලබන 8 දක්වා යළි රිමාන්ඩ් 😅,False,sinhala,4f02f4e321c153d5cfb20cd893ca1c151dae63fd42ec2e16e7857674c67a8cc3,DUP_4f02f4e321c153d5,2,True,94,4.553876891600541,0.8297872340425532,0.7821782178217822,0.0851063829787234,0.0891089108910891,0.010638297872340425,0.019801980198019802,0.07446808510638298,0.07920792079207921,0.0,0.009900990099009901,0.0,0.009900990099009901,0.0,0.009900990099009901,like,0.8297872340425532,0.7446808510638298,positive,0.15328107857724677,0.21425939266498237,0.31156190069695777,True,0.09095744680851063,0.0,positive,1.0,reactionfusion_v1_provisional,train,approved
924,1678,10,0,469,5,5,2,2169,2169,RF_POST_000924,"මිහින්තලේ වනචාරියා යකා නටන්නේ පොසොන් උත්සවයට අදාලව රජයෙන් දෙන ලක්ෂ 50 උගෙ අතට නොදී ප්රාදේශීය ලේකම්ට දීපු නිසාලු, නේද ! 😂🖐️",False,sinhala,3217630410e4d3388d42be0339c26a0ebea2bac8fb3cdfa903d3d70ca08f7aa0,DUP_3217630410e4d338,2,True,2169,7.682482446534506,0.7736284001844168,0.7715992647058824,0.004610419548178884,0.00505514705882353,0.0,0.00045955882352941176,0.21622867680958968,0.21599264705882354,0.002305209774089442,0.0027573529411764708,0.002305209774089442,0.0027573529411764708,0.0009220839096357768,0.0013786764705882354,like,0.7736284001844168,0.5573997233748271,neutral,0.6301536240972764,0.0039011672150200214,0.3026562468844412,True,0.004610419548178884,0.003227293683725219,positive,0.17647058823529413,reactionfusion_v1_provisional,train,approved
925,1723,585,41,44,3,1,0,2397,2397,RF_POST_000925,"යකෝ මිනිස්සු මෙච්චර love කරන්නේ metro bus 10කට, අගොස්තුවේ තව 104ක් දැම්මම සහ පසුව ක්රමිකව වෙනත් නගර වලට ව්යාප්ත වෙද්දි 🤩❤️🔥",False,mixed,e554a9b33779dcd1de618945816681ab110e44bdcea7eaba52f68c84613ebe4e,DUP_e554a9b33779dcd1,2,True,2397,7.7823903355874595,0.7188151856487276,0.7171381031613977,0.24405506883604505,0.2437603993344426,0.017104714226115977,0.01747088186356073,0.01835627868168544,0.018718801996672214,0.0012515644555694619,0.0016638935108153079,0.00041718815185648727,0.0008319467554076539,0.0,0.00041597337770382697,like,0.7188151856487276,0.47476011681268254,positive,0.3714771121219609,0.45812861531643,0.3782846139598542,False,0.2534626616604088,0.00041718815185648727,positive,0.9967134993016186,reactionfusion_v1_provisional,train,approved
926,335,2,1,132,1,1,0,472,472,RF_POST_000926,හරක් කටාගෙන් ලක්ෂ 1200ක කප්පමක් ගන්න හොඳයි ! හැබැයි දරුවෝ තුන්දෙනා ඉස්සරහ අත් අඩංගුවට පත් වෙන එක ලැජ්ජයි ! අනේ පලයන් චරිත් යන්න. 😸🖕,False,sinhala,064415d2e04eda8f59cac686212e26c89ad9cdec3745b235af406fe681baeb42,DUP_064415d2e04eda8f,2,True,472,6.159095388491933,0.7097457627118644,0.7014613778705637,0.00423728813559322,0.006263048016701462,0.00211864406779661,0.0041753653444676405,0.2796610169491525,0.2776617954070981,0.00211864406779661,0.0041753653444676405,0.00211864406779661,0.0041753653444676405,0.0,0.0020876826722338203,like,0.7097457627118644,0.4300847457627119,neutral,0.616009051738175,0.009676000506346576,0.34017915037557633,True,0.005402542372881356,0.00211864406779661,positive,0.43661971830985913,reactionfusion_v1_provisional,train,approved
929,94,0,0,46,0,0,1,141,141,RF_POST_000929,"Bye-Bye 🖐️ ta-ta🖐️ නානසාර 😅 නලක වැඩ නොකර හොඳ ළමය වගේ මාස 9ක් ඉන්ට ඕනි, හරිය ! 😘",False,mixed,ea59243917f96c05ae2f785a9d06eafa2e2a86800dc78f37f7dbeb90de87568f,DUP_ea59243917f96c05,1,False,141,4.955827057601261,0.6666666666666666,0.6418918918918919,0.0,0.006756756756756757,0.0,0.006756756756756757,0.3262411347517731,0.31756756756756754,0.0,0.006756756756756757,0.0,0.006756756756756757,0.0070921985815602835,0.013513513513513514,like,0.6666666666666666,0.3404255319148936,neutral,0.5186150431850216,-0.021574506572496353,0.34474170802573967,True,0.0,0.0070921985815602835,negative,-1.0,reactionfusion_v1_provisional,train,approved
930,114,4,0,12,2,0,0,132,132,RF_POST_000930,🚨 රාජ්ය ආයතන දෙකකින් වැටුප් ගත් සුගීශ්වර බණ්ඩාර හෙවත් අසූචි බණ්ඩාර මධ්යම අපරාධ විමර්ශන කොට්ඨාසයේ අත්අඩංගුවට 😸✅,False,sinhala,dc1d7b49dd61e39f5300aba513e579b22300aed0903dcfb79937e9e43f5b1113,DUP_dc1d7b49dd61e39f,2,True,132,4.890349128221754,0.8636363636363636,0.8273381294964028,0.030303030303030304,0.03597122302158273,0.0,0.007194244604316547,0.09090909090909091,0.09352517985611511,0.015151515151515152,0.02158273381294964,0.0,0.007194244604316547,0.0,0.007194244604316547,like,0.8636363636363636,0.7727272727272727,neutral,0.2125757865944925,0.0765414474915735,0.26416274298980874,True,0.030303030303030304,0.0,positive,1.0,reactionfusion_v1_provisional,train,approved
931,117,34,2,2,0,0,1,156,156,RF_POST_000931,ඉරාන - අමරිකා යුද්ධය නිල වශයෙන්ම අවසන් බව දෙරටින්ම නිවේදන නිකුත් කරයි. ♥️ #Baiyo_andana_News,False,mixed,5727daf7276c9ebb199267bc9fcdf016c78b2a80eb837d83a264ec7288df6564,DUP_5727daf7276c9ebb,2,True,156,5.056245805348308,0.75,0.7239263803680982,0.21794871794871795,0.2147239263803681,0.01282051282051282,0.018404907975460124,0.01282051282051282,0.018404907975460124,0.0,0.006134969325153374,0.0,0.006134969325153374,0.00641025641025641,0.012269938650306749,like,0.75,0.532051282051282,positive,0.32296894412099403,0.41094727192572306,0.3555594776523003,True,0.225,0.00641025641025641,positive,0.9445983379501385,reactionfusion_v1_provisional,train,approved
932,167,33,2,1,2,0,0,205,205,RF_POST_000932,🚨 ව්යාජ ලේඛන ඉදිරිපත් කරමින් ගුවන් ගමන් බලපත්රයක් ලබා ගැනීම සම්බන්ධයෙන් ශෂී වීරවංශට බරපතල වැඩ ඇතිව වසර දෙකක සිරදඩුවමක් ✅,False,sinhala,c94759cf8e887c5287ebf6c672dfd8b56ae733bc7f48318536b9b482f466783a,DUP_c94759cf8e887c52,2,True,205,5.327876168789581,0.8146341463414634,0.7924528301886793,0.16097560975609757,0.16037735849056603,0.00975609756097561,0.014150943396226415,0.004878048780487805,0.009433962264150943,0.00975609756097561,0.014150943396226415,0.0,0.0047169811320754715,0.0,0.0047169811320754715,like,0.8146341463414634,0.6536585365853659,positive,0.28149069514837194,0.33609274333244554,0.2966941712599051,True,0.16634146341463416,0.0,positive,1.0,reactionfusion_v1_provisional,train,approved
934,70,20,1,10,0,0,0,101,101,RF_POST_000934,මැයි මාසයේ විදේශ ප්රේෂණ ලැබීම් ඩොලර් මිලියන 847 ක්. පසුගිය වසරේ මැයි මාසය හා සැසදීමේ දී 36.2% ක වර්ධනයක්. 🧭❤️🔥,False,sinhala,472c08fb4d53bdf54b023e57090e1eabde510290d71b08241a7fe727dd9ef389,DUP_472c08fb4d53bdf5,1,False,101,4.624972813284271,0.693069306930693,0.6574074074074074,0.19801980198019803,0.19444444444444445,0.009900990099009901,0.018518518518518517,0.09900990099009901,0.10185185185185185,0.0,0.009259259259259259,0.0,0.009259259259259259,0.0,0.009259259259259259,like,0.693069306930693,0.49504950495049505,positive,0.28676728530512724,0.4229365466155361,0.4365185261378427,True,0.20346534653465348,0.0,positive,1.0,reactionfusion_v1_provisional,train,approved
936,187,26,2,1,0,0,0,216,216,RF_POST_000936,🔴 කරුණාකර සියළු ආගමික ස්ථාන වල පිංකැට වෙනුවට රජයේ ගිණුමක QR කේතයක් ප්රසිද්ධ කරන්න. ළමා දූෂකයන්ගේ නීතීඥ ගාස්තු ගෙවීමට අප බැඳී නොමැත !,False,mixed,b990fe402cb4b5839de37e90d70b17b7e0f45fdee6850b2c68d41f5857837d7b,DUP_b990fe402cb4b583,1,False,216,5.37989735354046,0.8657407407407407,0.8430493273542601,0.12037037037037036,0.1210762331838565,0.009259259259259259,0.013452914798206279,0.004629629629629629,0.008968609865470852,0.0,0.004484304932735426,0.0,0.004484304932735426,0.0,0.004484304932735426,like,0.8657407407407407,0.7453703703703703,positive,0.23378762840768255,0.26775390351783396,0.2301741643194315,True,0.12546296296296294,0.0,positive,1.0,reactionfusion_v1_provisional,train,approved
938,117,13,0,0,0,0,0,130,130,RF_POST_000938,"🔴කොරියාව පිරිසිදු නීතිගරුක රටක් වෙලා තියන්නේ කාලයක් තිස්සේ සෘජුවම ක්රියාත්මක වන විනිවිද නීති පද්ධතිය, කැමරා+දඩ නිසා, දැන් ලංකාවටත් අවශ්ය ඒක !",False,sinhala,73dcf3db8183f43f6e00fbccd80b8650ccb868381a29e5d3df270a846ba27e4f,DUP_73dcf3db8183f43f,1,False,130,4.875197323201151,0.9,0.8613138686131386,0.1,0.10218978102189781,0.0,0.0072992700729927005,0.0,0.0072992700729927005,0.0,0.0072992700729927005,0.0,0.0072992700729927005,0.0,0.0072992700729927005,like,0.9,0.8,positive,0.18637998939669184,0.21968392311039586,0.167059601158495,True,0.1,0.0,positive,1.0,reactionfusion_v1_provisional,train,approved
939,9,1,0,18,0,0,0,28,28,RF_POST_000939,"ගෙදර යතුර සීයාට බාරදෙන්න ලංකාවේ මිනිස්සු බය වුණාට, මොළේ තියෙන අමෙරිකාවේ මිනිස්සු බයවුණේ නෑ කියලත් සිලින්ඩර් බයියෝ ඒ දවස් වල කිව්වා. 😸",False,sinhala,3c03224298e2b601ba625cd61ae4460eba2e6a8d6063729f8a89c05512c59e4e,DUP_3c03224298e2b601,1,False,28,3.367295829986474,0.32142857142857145,0.2857142857142857,0.03571428571428571,0.05714285714285714,0.0,0.02857142857142857,0.6428571428571429,0.5428571428571428,0.0,0.02857142857142857,0.0,0.02857142857142857,0.0,0.02857142857142857,haha,0.6428571428571429,0.32142857142857145,positive,0.04447343900812268,0.12921176517856808,0.39460075968612657,True,0.03571428571428571,0.0,positive,1.0,reactionfusion_v1_provisional,train,approved
941,21,14,5,2,0,0,0,42,42,RF_POST_000941,මෙතෙක් කල් විධායක ජනාධිපතිවරයාට පමණක් වෙන් කර තිබූ ජ'පුර මහ රෝහලේ විශේෂ ප්රතිකාර ඒකකය අද සිට පොදු ජනතාව වෙනුවෙන් විවෘත්තයි ❤️,False,sinhala,a6a9329055e9b6fa3d24812291782ffef93d007d9372ba0eb34c33605f158de2,DUP_a6a9329055e9b6fa,1,False,42,3.7612001156935624,0.5,0.4489795918367347,0.3333333333333333,0.30612244897959184,0.11904761904761904,0.12244897959183673,0.047619047619047616,0.061224489795918366,0.0,0.02040816326530612,0.0,0.02040816326530612,0.0,0.02040816326530612,like,0.5,0.16666666666666666,positive,0.2425097994844019,0.5972520207234338,0.5710006000761706,True,0.3988095238095238,0.0,positive,1.0,reactionfusion_v1_provisional,train,approved
942,5,0,0,24,0,0,0,29,29,RF_POST_000942,"ජපන් ලොලිපොප් කන්න ගිහිං ගුටි නොකා 99න් බේරිලා ආපු පොහොට්ටුවේ මාගල්කන්දේ, සලේ බේරගන්න මෙන්න කළුතරින් මතු වෙලා 😸🤭",False,sinhala,3445ae7edf4ba0d222303b960f7cd744889618549d929ab8763c3fd6e9ccb56a,DUP_3445ae7edf4ba0d2,1,False,29,3.4011973816621555,0.1724137931034483,0.16666666666666666,0.0,0.027777777777777776,0.0,0.027777777777777776,0.8275862068965517,0.6944444444444444,0.0,0.027777777777777776,0.0,0.027777777777777776,0.0,0.027777777777777776,haha,0.8275862068965517,0.6551724137931034,neutral,0.2720346272403177,0.0,0.23623548096075778,True,0.0,0.0,neutral,0.0,reactionfusion_v1_provisional,train,approved
943,6695,2958,131,863,5,2,0,10654,10654,RF_POST_000943,වෙනසක් සිදුකිරීමට අවශ්ය නම් අවදානමට බිය නොවියයුතුය. ගරු ජනපති අ.කු.දි. ✅👊👊👊✅,False,sinhala,7ceca8f6e0c60f8cd026b0014cc278be476536b4151347eb57e4f78ad21e1261,DUP_7ceca8f6e0c60f8c,1,False,10654,9.273784544532717,0.6284024779425568,0.628083669449395,0.27764220011263374,0.27755370040333927,0.012295851323446592,0.012381577713160116,0.0810024403979726,0.08104305412250258,0.0004693073024216257,0.0005627989869618235,0.00018772292096865028,0.0002813994934809117,0.0,9.379983116030391e-05,like,0.6284024779425568,0.35076027782992303,positive,0.3977235090521231,0.5192043925553018,0.4679501377301599,False,0.2844049183405294,0.00018772292096865028,positive,0.9986807605415478,reactionfusion_v1_provisional,train,approved
944,162,13,5,0,1,134,0,315,315,RF_POST_000944,මිතුරන්ගේ ඕනෑම අසීරු අවස්ථාවක ඔවුන් අත් නොහැරි මහින්ද මඩිහහේවා මහතා අප හැර ගොසිනි 😪. ඔහු පිළිබඳ ආදරණීය මතකය දිනේවා !,False,sinhala,4ee0e6bbdd193867eb0ae68c503a46ccc6f707c54edf861a5de66fb539cbee46,DUP_4ee0e6bbdd193867,2,True,315,5.755742213586912,0.5142857142857142,0.5062111801242236,0.04126984126984127,0.043478260869565216,0.015873015873015872,0.018633540372670808,0.0,0.003105590062111801,0.0031746031746031746,0.006211180124223602,0.4253968253968254,0.4192546583850932,0.0,0.003105590062111801,like,0.5142857142857142,0.08888888888888889,negative,0.4107382422376272,-0.5390936663552769,0.4733863664932355,False,0.05,0.4253968253968254,negative,-0.7896494156928213,reactionfusion_v1_provisional,train,approved
946,30,1,0,65,0,0,0,96,96,RF_POST_000946,කවුරුහරි කියපල්ලා Sampath Bank ATM වල එන Fragrance එක මොකද්ද කියලා 😫 ඒ ලගින් යන perfume එකක්හරි කමක් නෑ 😫❤️,False,mixed,6660e976d042b34aff9d5744649a382675e43d01c266766ec1211c0d8d941e1d,DUP_6660e976d042b34a,1,False,96,4.574710978503383,0.3125,0.30097087378640774,0.010416666666666666,0.019417475728155338,0.0,0.009708737864077669,0.6770833333333334,0.6407766990291263,0.0,0.009708737864077669,0.0,0.009708737864077669,0.0,0.009708737864077669,haha,0.6770833333333334,0.3645833333333333,neutral,0.38823812510363814,0.03893748985953855,0.3469152790538494,True,0.010416666666666666,0.0,positive,1.0,reactionfusion_v1_provisional,train,approved
947,26,0,0,0,0,91,1,118,118,RF_POST_000947,අර වත්තේගම දාලා ගිය ළමයා දැක්කම පපුව රිදෙනවා 😶💔,False,sinhala,8a2527618746bb287d300f5555b1139a4902734de878623c376aad17f2c06ec8,DUP_8a2527618746bb28,1,False,118,4.77912349311153,0.22033898305084745,0.216,0.0,0.008,0.0,0.008,0.0,0.008,0.0,0.008,0.7711864406779662,0.736,0.00847457627118644,0.016,sad,0.7711864406779662,0.5508474576271186,negative,0.6611990165361801,-0.8564786923537476,0.29502146316782984,False,0.0,0.7796610169491526,negative,-1.0,reactionfusion_v1_provisional,train,approved
950,16,1,0,51,2,0,0,70,70,RF_POST_000950,වැලිමඩ අල ගොවියට කෙසේවෙතත් නුවරඑලියෙ රාබු ගොවියට නම් හොද කලක් උදාවෙන්නයි යන්නෙ 😌👍,False,sinhala,f45ff179ce791d78473014f920c23611e9ad19c85d8c43c69956f768342405e8,DUP_f45ff179ce791d78,1,False,70,4.2626798770413155,0.22857142857142856,0.22077922077922077,0.014285714285714285,0.025974025974025976,0.0,0.012987012987012988,0.7285714285714285,0.6753246753246753,0.02857142857142857,0.03896103896103896,0.0,0.012987012987012988,0.0,0.012987012987012988,haha,0.7285714285714285,0.5,neutral,0.28231693249287937,0.054609181287800394,0.3753208512910848,True,0.014285714285714285,0.0,positive,1.0,reactionfusion_v1_provisional,train,approved
951,21,0,0,173,0,0,0,194,194,RF_POST_000951,ලබන නඩු වාරය වනවිට Akila Virajට ඇති රෝගී තත්වය නිවැරදිව අනුමාන කරන්න 😌👇 1. නාල බ්ලොක් 👍 2. ස්ලීප් ඇප්නියා 😂,False,mixed,4ce6ab6d68e9f09213ecb8ad02fa1d1f5a8a7a68414697cdabc92e6439d51aa0,DUP_4ce6ab6d68e9f092,1,False,194,5.272999558563747,0.10824742268041238,0.10945273631840796,0.0,0.004975124378109453,0.0,0.004975124378109453,0.8917525773195877,0.8656716417910447,0.0,0.004975124378109453,0.0,0.004975124378109453,0.0,0.004975124378109453,haha,0.8917525773195877,0.7835051546391752,neutral,0.5759466995247801,0.0,0.17618253904516454,True,0.0,0.0,neutral,0.0,reactionfusion_v1_provisional,train,approved
952,122,2,0,375,8,0,0,507,507,RF_POST_000952,ඉදිරි නඩුවකදී NR රිමාන්ඩ් වුනොත් 🤔 බන්ධනාගාර තුල සුරක්ෂිත තත්වයක් නැතිවීම සුවිශේෂ කරුණක් ලෙස සලකා ඇපල් බාගන්න පුලුවන්ද? දැ.ගැ.පි,False,mixed,ea372495d6938a3766b155bcd088a8ce49dab24a8299b30f263bfa65f6ebf89a,DUP_ea372495d6938a37,1,False,507,6.230481447578482,0.2406311637080868,0.23929961089494164,0.0039447731755424065,0.005836575875486381,0.0,0.0019455252918287938,0.7396449704142012,0.7315175097276264,0.015779092702169626,0.017509727626459144,0.0,0.0019455252918287938,0.0,0.0019455252918287938,haha,0.7396449704142012,0.4990138067061144,neutral,0.5829035498168051,0.015255296510939643,0.33565105513758586,True,0.0039447731755424065,0.0,positive,1.0,reactionfusion_v1_provisional,train,approved
953,19,14,1,1,0,0,0,35,35,RF_POST_000953,same vibe එකේ උන් එක්ක chat එකක් දාගෙන බොන්ඩෝනෙ 😒✌️,False,mixed,c7268fa7bda56196e8a65ddfd4af819850e246c557c79f858add1e60e173b505,DUP_c7268fa7bda56196,1,False,35,3.58351893845611,0.5428571428571428,0.47619047619047616,0.4,0.35714285714285715,0.02857142857142857,0.047619047619047616,0.02857142857142857,0.047619047619047616,0.0,0.023809523809523808,0.0,0.023809523809523808,0.0,0.023809523809523808,like,0.5428571428571428,0.14285714285714285,positive,0.23794888893457247,0.6151287873150798,0.46318448903377074,True,0.41571428571428576,0.0,positive,1.0,reactionfusion_v1_provisional,train,approved
954,78,1,0,863,2,4,0,948,948,RF_POST_000954,පොඩි දරුවෙක් කෝච්චියට පැනලා ජිවිතේ අහිමි කරගෙන. මේ මත්ද්රව්ය ව්යසනය හින්ද.යුක්තියේ මෙහෙයුම කාලේ කුඩු සික් කාරයෝ දැක්කට දැන්??,False,sinhala,808595a90e500ce5df2f9d80941e5f2a23b77cfe8eb673fee307813647aad100,DUP_808595a90e500ce5,1,False,948,6.855408798609928,0.08227848101265822,0.08272251308900523,0.0010548523206751054,0.0020942408376963353,0.0,0.0010471204188481676,0.9103375527426161,0.9047120418848168,0.002109704641350211,0.0031413612565445027,0.004219409282700422,0.005235602094240838,0.0,0.0010471204188481676,haha,0.9103375527426161,0.8280590717299579,neutral,0.5208192415093628,-0.013329986363252933,0.1718065314664801,True,0.0010548523206751054,0.004219409282700422,negative,-0.6,reactionfusion_v1_provisional,train,approved
955,122,30,2,194,1,5,0,354,354,RF_POST_000955,"සමහරුට ඕන සල්ලි, සමහරුන්ට ඕන ආදරේ. ඒත් මට ඕන නිවාඩුවක් දාලා දවසක්ම නිදාගන්න 😴",False,sinhala,6d0e4be5432f8c2cb6b2b7d62c8eaa2083ad7302573223e4f1010eab49d0afc7,DUP_6d0e4be5432f8c2c,1,False,354,5.872117789475416,0.3446327683615819,0.3407202216066482,0.0847457627118644,0.08587257617728532,0.005649717514124294,0.008310249307479225,0.5480225988700564,0.5401662049861495,0.002824858757062147,0.00554016620498615,0.014124293785310734,0.01662049861495845,0.0,0.002770083102493075,haha,0.5480225988700564,0.2033898305084746,positive,0.17895521559437752,0.2420359446921029,0.5200050973523681,True,0.08785310734463277,0.014124293785310734,positive,0.7229916897506925,reactionfusion_v1_provisional,train,approved
956,67,0,1,287,3,14,0,372,372,RF_POST_000956,ඔක්කොටම පෙම් වසන්තේ ඇවිත් අපිට තමයි තාම නැත්තේ 😓,False,sinhala,405be34f2952a8d9add1166774db98d3cf6fe47e82caf597f5a7726f921fa56b,DUP_405be34f2952a8d9,1,False,372,5.921578419643816,0.18010752688172044,0.17941952506596306,0.0,0.002638522427440633,0.002688172043010753,0.005277044854881266,0.771505376344086,0.7598944591029023,0.008064516129032258,0.010554089709762533,0.03763440860215054,0.0395778364116095,0.0,0.002638522427440633,haha,0.771505376344086,0.5913978494623656,negative,0.11495592829469596,-0.1396846678944969,0.35309799399491154,True,0.0014784946236559141,0.03763440860215054,negative,-0.9243986254295532,reactionfusion_v1_provisional,train,approved
959,24,0,0,84,2,0,0,110,110,RF_POST_000959,චාන්යගෙ මහරගම පොලිසියෙ තොරණ බලන්න ආසයි. තොරණ ගැහුවම මටත් එවන්න 😂😂😂😂😂😂😂,False,sinhala,39f8ddaf92db2cb123d98812111f5eacc671a4aac4f76308d4a17b80b813f264,DUP_39f8ddaf92db2cb1,1,False,110,4.709530201312334,0.21818181818181817,0.21367521367521367,0.0,0.008547008547008548,0.0,0.008547008547008548,0.7636363636363637,0.7264957264957265,0.01818181818181818,0.02564102564102564,0.0,0.008547008547008548,0.0,0.008547008547008548,haha,0.7636363636363637,0.5454545454545454,neutral,0.5841875907925973,0.0,0.313966859613846,True,0.0,0.0,neutral,0.0,reactionfusion_v1_provisional,train,approved
960,210,37,9,0,0,33,1,290,290,RF_POST_000960,නොමිලේ දෙන දේ තුල ඇද සෙවීමට බොහෝ ඇත. ඇයි මිනිස්සු එහෙම! ☺🥺,False,sinhala,755fa895c854e945f0af8d2ca59bc59753524afbffee78ed12c4a1bb674a532e,DUP_755fa895c854e945,1,False,290,5.673323267171493,0.7241379310344828,0.7104377104377104,0.12758620689655173,0.12794612794612795,0.03103448275862069,0.03367003367003367,0.0,0.003367003367003367,0.0,0.003367003367003367,0.11379310344827587,0.11447811447811448,0.0034482758620689655,0.006734006734006734,like,0.7241379310344828,0.596551724137931,neutral,0.39031161598596004,0.05509484828818238,0.4476393960378211,True,0.1446551724137931,0.11724137931034484,positive,0.1046741277156024,reactionfusion_v1_provisional,train,approved
961,32,8,0,0,0,0,0,40,40,RF_POST_000961,Suno Studio 2.0 ඇවිල්ල ලමායි,False,mixed,0f4a1ff51d3bb2d9b889ac5b57d46f7dfa98f15bb0db173d6ffe22d2ff4751be,DUP_0f4a1ff51d3bb2d9,1,False,40,3.713572066704308,0.8,0.7021276595744681,0.2,0.19148936170212766,0.0,0.02127659574468085,0.0,0.02127659574468085,0.0,0.02127659574468085,0.0,0.02127659574468085,0.0,0.02127659574468085,like,0.8,0.6,positive,0.18519515995413546,0.3859302956749977,0.2571559759740807,True,0.2,0.0,positive,1.0,reactionfusion_v1_provisional,train,approved
963,25,2,0,0,0,0,0,27,27,RF_POST_000963,Muse Code Use කරල වෙබ්සයිට් එකක් හදල බැලුවද?,False,mixed,146744e3dfcdbcab286d484812e33404ef33a77459b7c92a6a8e3b33caa5c74e,DUP_146744e3dfcdbcab,1,False,27,3.332204510175204,0.9259259259259259,0.7647058823529411,0.07407407407407407,0.08823529411764706,0.0,0.029411764705882353,0.0,0.029411764705882353,0.0,0.029411764705882353,0.0,0.029411764705882353,0.0,0.029411764705882353,like,0.9259259259259259,0.8518518518518519,positive,0.0651016457164502,0.1673813424336012,0.1356959117325221,True,0.07407407407407407,0.0,positive,1.0,reactionfusion_v1_provisional,train,approved
964,268,36,2,4,10,0,0,320,320,RF_POST_000964,"පොත ලියන්න ඕනෙ මාතෘකාවයි, භාෂාවයි, පිටු ගාණයි තේරුවම පිටු 200ක වුනත් පොත් ලියන ඒ සයිට් එක දන්නවද? 👇👇👇👇",False,sinhala,5380c033806f49ef6f1d4d019db39cb20ecc74a2ba6d3bd53952384356ca3474,DUP_5380c033806f49ef,1,False,320,5.771441123130016,0.8375,0.8226299694189603,0.1125,0.11314984709480122,0.00625,0.009174311926605505,0.0125,0.01529051987767584,0.03125,0.03363914373088685,0.0,0.0030581039755351682,0.0,0.0030581039755351682,like,0.8375,0.725,positive,0.21255576394364806,0.2508863194462758,0.3027410519324598,True,0.1159375,0.0,positive,1.0,reactionfusion_v1_provisional,train,approved
965,28,3,0,2,3,0,0,36,36,RF_POST_000965,CPU එකේ Core ගණන වැඩි වූ සැනින් හැම Code එකක්ම වේගවත් වෙන්නේ නැහැ.,False,mixed,8734001a0e8f2f78d29faabfefa5e9761053a95954748002a5700bc47cf5f2e0,DUP_8734001a0e8f2f78,1,False,36,3.6109179126442243,0.7777777777777778,0.6744186046511628,0.08333333333333333,0.09302325581395349,0.0,0.023255813953488372,0.05555555555555555,0.06976744186046512,0.08333333333333333,0.09302325581395349,0.0,0.023255813953488372,0.0,0.023255813953488372,like,0.7777777777777778,0.6944444444444444,positive,0.07934511652566019,0.19273697318784777,0.39580146852912684,True,0.08333333333333333,0.0,positive,1.0,reactionfusion_v1_provisional,train,approved
966,74,12,1,1,0,0,0,88,88,RF_POST_000966,Website එකක් හදල Internt එකට දාන හැටි වෙනකන් කරපු Full Course එක. <PHONE> Number එකට Whatsapp කරන්න.,True,mixed,ae26fd57603b287d754b9b18bb4d2eaacd912669ad9bfda790e4ae1aed4564e6,DUP_ae26fd57603b287d,1,False,88,4.48863636973214,0.8409090909090909,0.7894736842105263,0.13636363636363635,0.1368421052631579,0.011363636363636364,0.021052631578947368,0.011363636363636364,0.021052631578947368,0.0,0.010526315789473684,0.0,0.010526315789473684,0.0,0.010526315789473684,like,0.8409090909090909,0.7045454545454546,positive,0.21480227032861202,0.29937259420067236,0.2667946632587846,True,0.14261363636363636,0.0,positive,1.0,reactionfusion_v1_provisional,train,approved_masked
967,273,18,1,0,1,0,0,293,293,RF_POST_000967,AI සම්බන්ධ අලුත්ම දේවල් ඉගෙනගන්න ලයිව් එක අද රෑ 7ට. අපි හැමදාම අඩුම පැය 1.5ක් ලයිව් යනව. සෙට් වෙන්න කැමති අය 👇👇👇👇👇,False,mixed,b25025502fbad5a4b85c2074155bf40ab80a132c7c1e2f3958b7b3e9e1c22447,DUP_b25025502fbad5a4,1,False,293,5.683579767338681,0.931740614334471,0.9133333333333333,0.06143344709897611,0.06333333333333334,0.0034129692832764505,0.006666666666666667,0.0,0.0033333333333333335,0.0034129692832764505,0.006666666666666667,0.0,0.0033333333333333335,0.0,0.0033333333333333335,like,0.931740614334471,0.8703071672354948,positive,0.13376223552639258,0.14438551960057616,0.14185362676096003,True,0.06331058020477816,0.0,positive,1.0,reactionfusion_v1_provisional,train,approved
969,145,24,0,1,0,0,0,170,170,RF_POST_000969,100% නොමිලේ AI ගැන ලයිව් ඉගෙනගන්න ඕනෙද? AI වලින් Game එක වෙනස් කරන්න සෙට් වෙන්නෙ කවුද? අද රෑ 9.30ට,False,mixed,1225818f45a2f7eaaa9482a41eb8560ae3db0bc2c293edb952c4fb0137f10f5e,DUP_1225818f45a2f7ea,1,False,170,5.14166355650266,0.8529411764705882,0.8248587570621468,0.1411764705882353,0.14124293785310735,0.0,0.005649717514124294,0.0058823529411764705,0.011299435028248588,0.0,0.005649717514124294,0.0,0.005649717514124294,0.0,0.005649717514124294,like,0.8529411764705882,0.711764705882353,positive,0.253966032202981,0.29641982144185486,0.22728227247077615,True,0.1411764705882353,0.0,positive,1.0,reactionfusion_v1_provisional,train,approved
970,19,5,0,0,0,0,0,24,24,RF_POST_000970,කිරිල්ලවල KDJ එකේ තියෙන Physical AI Sessions වලට එන්න කැමති අය <PHONE> ට Whatsapp කරන්න. ඉගෙනගන්න ඇම්මක් තියෙන යාලුවන්ටත් කියන්න.,True,mixed,0bb16cbd8c9423e06c566bc83ec5d42e041896a84565e4ce1e27e2f2a97b8652,DUP_0bb16cbd8c9423e0,1,False,24,3.2188758248682006,0.7916666666666666,0.6451612903225806,0.20833333333333334,0.1935483870967742,0.0,0.03225806451612903,0.0,0.03225806451612903,0.0,0.03225806451612903,0.0,0.03225806451612903,0.0,0.03225806451612903,like,0.7916666666666666,0.5833333333333334,positive,0.13156744653621705,0.3973767043784928,0.2629823754533812,True,0.20833333333333334,0.0,positive,1.0,reactionfusion_v1_provisional,train,approved_masked
972,68,10,2,0,1,0,0,81,81,RF_POST_000972,FL Studio - මුල ඉඳන් Practical විදිහට ඉගෙනගන්න සුපිරි සිංහල Course එකක් ඕනෙද? (වීඩියෝ 15ක් සහිතයි) 076 72 33 595 ට මැසේජ් එකක් හෝ 👇👇👇👇,False,mixed,26711a2f6cffe5cbafbdeeb411ce54e01ca1ae36ad84faf910acb56e2cc70433,DUP_26711a2f6cffe5cb,1,False,81,4.406719247264253,0.8395061728395061,0.7840909090909091,0.12345679012345678,0.125,0.024691358024691357,0.03409090909090909,0.0,0.011363636363636364,0.012345679012345678,0.022727272727272728,0.0,0.011363636363636364,0.0,0.011363636363636364,like,0.8395061728395061,0.7160493827160493,positive,0.1964104353651831,0.28523580928886594,0.28303561720691006,True,0.13703703703703704,0.0,positive,1.0,reactionfusion_v1_provisional,train,approved
973,491,68,1,3,0,0,0,563,563,RF_POST_000973,"Google Gemini AI පාවිච්චි කරල පැය ගානක වැඩ, විනාඩි ගානකින් කරගන්න පුලුවන් වීඩියෝ 29ක Course එකක්. 076 72 33 595",False,mixed,109c5c6e341a88896774a33efa5cb8cc11dd376741fd149464e77046087d1e45,DUP_109c5c6e341a8889,1,False,563,6.335054251498059,0.872113676731794,0.8631578947368421,0.12078152753108348,0.12105263157894737,0.0017761989342806395,0.0035087719298245615,0.0053285968028419185,0.007017543859649123,0.0,0.0017543859649122807,0.0,0.0017543859649122807,0.0,0.0017543859649122807,like,0.872113676731794,0.7513321492007105,positive,0.23389986442291366,0.2617303857946661,0.21264255669628473,True,0.12175843694493783,0.0,positive,1.0,reactionfusion_v1_provisional,train,approved
974,108,26,1,3,0,1,0,139,139,RF_POST_000974,"I want to become a Software Engineer"" 💻 තාමත් ඔයාගෙ හීනෙ මේකද? නැත්තන් මීට වඩා වෙනස් විදිහකට හිතන්න ඕන කාලයක්ද මේක? 🤔",False,mixed,59e6ac8829adb69f6b3a7f632aaefcbc31caa90585bc2fff36b37e90cb305b16,DUP_59e6ac8829adb69f,1,False,139,4.941642422609304,0.7769784172661871,0.7465753424657534,0.18705035971223022,0.18493150684931506,0.007194244604316547,0.0136986301369863,0.02158273381294964,0.0273972602739726,0.0,0.00684931506849315,0.007194244604316547,0.0136986301369863,0.0,0.00684931506849315,like,0.7769784172661871,0.5899280575539568,positive,0.28447145780835165,0.36561084318314296,0.34093035444886727,True,0.19100719424460433,0.007194244604316547,positive,0.9274047186932849,reactionfusion_v1_provisional,train,approved
975,633,107,22,5,8,28,2,805,805,RF_POST_000975,සත්ය බොහෝම කටුකයි. මගෙ වීඩියෝ රීච් වෙන්නෙ නැහැ ඔයාලට.,False,sinhala,d1294c52f32462c805331d7a7ef2f71bc9b39b5adf2e4413f05d131322161300,DUP_d1294c52f32462c8,1,False,805,6.692083742506628,0.7863354037267081,0.7807881773399015,0.13291925465838508,0.1330049261083744,0.02732919254658385,0.02832512315270936,0.006211180124223602,0.007389162561576354,0.009937888198757764,0.011083743842364532,0.034782608695652174,0.03571428571428571,0.002484472049689441,0.003694581280788177,like,0.7863354037267081,0.653416149068323,positive,0.18350136292498623,0.22837721495022503,0.39299746561670834,True,0.1479503105590062,0.037267080745341616,positive,0.5975855130784709,reactionfusion_v1_provisional,train,approved
976,2307,597,52,2,12,6,1,2977,2977,RF_POST_000976,මගෙ රීච් එකනම් ෆුල් ලෙෆ්ට් ගයිස්. කෝ බලන්න කවුරිහරි ඉන්නවද මාව බේරගන්න.,False,sinhala,ef54963443d9a59b286be8fedf3968d7e89e0716db43de0ced54376072f527eb,DUP_ef54963443d9a59b,1,False,2977,7.999007213243955,0.7749412159892509,0.7734584450402144,0.200537453812563,0.20040214477211796,0.017467248908296942,0.017761394101876677,0.0006718172657037286,0.0010053619302949062,0.004030903594222372,0.00435656836461126,0.002015451797111186,0.0023458445040214475,0.0003359086328518643,0.0006702412868632708,like,0.7749412159892509,0.574403762176688,positive,0.32960234315235665,0.39360410256508904,0.325208802426792,True,0.21014444071212632,0.0023513604299630502,positive,0.9778691116029087,reactionfusion_v1_provisional,train,approved
977,229,52,1,0,0,0,0,282,282,RF_POST_000977,අද ඉඳන් අපි නැවතත් ලයිව් පටන් ගන්නවා ලමයි. ඉගෙනගන්න ඉවසීමක් වගේම අවශ්ය 100% Live ඉගෙන්ගන්න සෙට් වෙන්න. අද Wordpress with AI පටන් ගන්නවා. Website හදන්න කැමති අය වෙනුවෙන්මයි.,False,mixed,50d042b612fe11b1294cbcae33fce1259353ad33907848823dab1ad2fb2950d5,DUP_50d042b612fe11b1,1,False,282,5.645446897643238,0.8120567375886525,0.7958477508650519,0.18439716312056736,0.18339100346020762,0.0035460992907801418,0.006920415224913495,0.0,0.0034602076124567475,0.0,0.0034602076124567475,0.0,0.0034602076124567475,0.0,0.0034602076124567475,like,0.8120567375886525,0.6276595744680851,positive,0.3178425626921156,0.3660855063760491,0.257369732876381,True,0.18634751773049643,0.0,positive,1.0,reactionfusion_v1_provisional,train,approved
978,117,43,4,0,0,0,0,164,164,RF_POST_000978,"Now working on Our Automated Video Editor. තවත් සුපිරියක් තමයි. කපන එකේ ඉදන්, Captions දාන එකේ ඉඳන් හැමදෙයක්ම 😌🥰🥰",False,mixed,c15e4d89f7ea870b0bd583488e77bf3297f9c4bfdd999755bb808d6063aebc27,DUP_c15e4d89f7ea870b,1,False,164,5.10594547390058,0.7134146341463414,0.6900584795321637,0.2621951219512195,0.2573099415204678,0.024390243902439025,0.029239766081871343,0.0,0.005847953216374269,0.0,0.005847953216374269,0.0,0.005847953216374269,0.0,0.005847953216374269,like,0.7134146341463414,0.45121951219512196,positive,0.37752596733202265,0.47570878833567976,0.350726097047716,False,0.275609756097561,0.0,positive,1.0,reactionfusion_v1_provisional,train,approved
979,48,6,0,1,0,0,0,55,55,RF_POST_000979,NotebookLM vs ShortMe LK ට්රයි කරල බලල කියන්න. ShortMe කියන්නෙ ලංකාවෙ දෙයක්!,False,mixed,203eed635e25bcf68e88926f7e7792aa71adc77a02d5f065a4f07c6b501f6576,DUP_203eed635e25bcf6,1,False,55,4.02535169073515,0.8727272727272727,0.7903225806451613,0.10909090909090909,0.11290322580645161,0.0,0.016129032258064516,0.01818181818181818,0.03225806451612903,0.0,0.016129032258064516,0.0,0.016129032258064516,0.0,0.016129032258064516,like,0.8727272727272727,0.7636363636363637,positive,0.14279458599637174,0.24086444180274674,0.22270597419095647,True,0.10909090909090909,0.0,positive,1.0,reactionfusion_v1_provisional,train,approved
981,98,21,4,0,0,0,0,123,123,RF_POST_000981,"ඔයා හදපු සිංදුවට, වීඩියෝ එකක් හදාගන්න හැටි ඕනෙද AI පාවිච්චි කරල?",False,mixed,2404de7087dfb7bdd6a94eb307b0f197cccd0d4093f98bde3094a69f5001e0be,DUP_2404de7087dfb7bd,1,False,123,4.820281565605037,0.7967479674796748,0.7615384615384615,0.17073170731707318,0.16923076923076924,0.032520325203252036,0.038461538461538464,0.0,0.007692307692307693,0.0,0.007692307692307693,0.0,0.007692307692307693,0.0,0.007692307692307693,like,0.7967479674796748,0.6260162601626016,positive,0.283991565781036,0.36647845583369176,0.3053797621956016,True,0.1886178861788618,0.0,positive,1.0,reactionfusion_v1_provisional,train,approved
982,123,23,0,0,0,0,0,146,146,RF_POST_000982,Powerpoint Presentation එක Auto ම හදාගන්න ඕනෙද?,False,mixed,6c28a867ee92fa0091d704bb9db3ab371b73f685a8c473fd7fbaf1bf324ac74e,DUP_6c28a867ee92fa00,1,False,146,4.990432586778736,0.8424657534246576,0.8104575163398693,0.15753424657534246,0.1568627450980392,0.0,0.006535947712418301,0.0,0.006535947712418301,0.0,0.006535947712418301,0.0,0.006535947712418301,0.0,0.006535947712418301,like,0.8424657534246576,0.684931506849315,positive,0.27063316878217614,0.3221110156950525,0.22383273164224554,True,0.15753424657534246,0.0,positive,1.0,reactionfusion_v1_provisional,train,approved
985,276,43,4,0,0,0,0,323,323,RF_POST_000985,"Website එකක් විනාඩි ගානින් හදාගන්න, ඔයාටම කියල සබ්ඩොමේන් එකක් එක්කම, ඉගෙනගන්න අද රෑ 9ට Live එකට එන්න 👇👇👇",False,mixed,40e077c02a01095d9bf833e0f7a5ee4c0289ad827ee80645561e26b2733d85ba,DUP_40e077c02a01095d,1,False,323,5.780743515792329,0.8544891640866873,0.8393939393939394,0.13312693498452013,0.13333333333333333,0.01238390092879257,0.015151515151515152,0.0,0.0030303030303030303,0.0,0.0030303030303030303,0.0,0.0030303030303030303,0.0,0.0030303030303030303,like,0.8544891640866873,0.7213622291021672,positive,0.2571215030766264,0.2918045383912675,0.23495222046809955,True,0.13993808049535605,0.0,positive,1.0,reactionfusion_v1_provisional,train,approved
986,41,16,0,0,0,0,0,57,57,RF_POST_000986,"බැලුවොත් හැමතැනම ""කොත්තු"". දාමුද, AI කොත්තුවක් සදුද රෑට. පැය ගනන් වැඩ, විනාඩි ගානෙන් කරගන්න වගේම කාලෙ ඉතුරු කරගන්න සෙට් වෙමුද? 👇👇👇👇",False,mixed,eab86fcd9fb054b65a55c64469a4d55fe2418a8420cf15cd7fcee8d4fd457559,DUP_eab86fcd9fb054b6,1,False,57,4.060443010546419,0.7192982456140351,0.65625,0.2807017543859649,0.265625,0.0,0.015625,0.0,0.015625,0.0,0.015625,0.0,0.015625,0.0,0.015625,like,0.7192982456140351,0.43859649122807015,positive,0.27914151640331064,0.48425602039038407,0.3050577011778225,True,0.2807017543859649,0.0,positive,1.0,reactionfusion_v1_provisional,train,approved
988,125,30,3,16,0,0,0,174,174,RF_POST_000988,Website Design වරු පස්සෙ ගිහින් එපා වෙලාද? Solution එකක් ඕනෙද? 👇👇👇👇,False,mixed,058ecad2ff4b684c001cf7661c5f53b502b7febc8e48c3dca645950f56321a73,DUP_058ecad2ff4b684c,1,False,174,5.1647859739235145,0.7183908045977011,0.6961325966850829,0.1724137931034483,0.1712707182320442,0.017241379310344827,0.022099447513812154,0.09195402298850575,0.09392265193370165,0.0,0.0055248618784530384,0.0,0.0055248618784530384,0.0,0.0055248618784530384,like,0.7183908045977011,0.5459770114942529,positive,0.2948973348921832,0.38676999849095217,0.42660422377388413,True,0.18189655172413793,0.0,positive,1.0,reactionfusion_v1_provisional,train,approved
989,295,90,4,2,1,0,0,392,392,RF_POST_000989,"Website Designers ලට පාඩු වෙයිද මේ වැඩෙන්? පල්ලෙහා බලන්න ගායිස්, ඔයාගෙ අදහසත් දාගෙන යන්න!",False,mixed,0075310664f8ef11b3152c51d5efb9434ba834d600c290d5106c00d17820ac0e,DUP_0075310664f8ef11,1,False,392,5.973809611869261,0.7525510204081632,0.7418546365914787,0.22959183673469388,0.22807017543859648,0.01020408163265306,0.012531328320802004,0.00510204081632653,0.007518796992481203,0.002551020408163265,0.005012531328320802,0.0,0.002506265664160401,0.0,0.002506265664160401,like,0.7525510204081632,0.5229591836734694,positive,0.36124959297911685,0.4326143204613209,0.32926537715502974,False,0.23520408163265308,0.0,positive,1.0,reactionfusion_v1_provisional,train,approved
991,15,3,0,0,0,0,0,18,18,RF_POST_000991,"KDJ Singlish (Old) -> Singlish LK (New) කවුද ඒ කාලෙ Use කරේ, අද Use කරන්නෙ කවුද?",False,mixed,4cb062b1cf591cb550912e32cda6809d9b8abdb3a8fe6fc405926df21e82af9a,DUP_4cb062b1cf591cb5,1,False,18,2.9444389791664403,0.8333333333333334,0.64,0.16666666666666666,0.16,0.0,0.04,0.0,0.04,0.0,0.04,0.0,0.04,0.0,0.04,like,0.8333333333333334,0.6666666666666666,positive,0.08999304585907,0.3366450257264738,0.23154265837250498,True,0.16666666666666666,0.0,positive,1.0,reactionfusion_v1_provisional,train,approved
992,70,12,2,0,0,0,0,84,84,RF_POST_000992,"සල්ලි සල්ලි කියල බැලුවෙ නැහැ, දැම්ම Virtual Security Guard ල දෙන්නෙක්ම. දැනගන්න අද රෑ ලයිව් එකට එන්න - Computer එකේ බූතයො රන් කරවන්න අදම ජොයින් වෙන්න - <PHONE> (Whatsapp)",True,mixed,acdb2c2e0ff7791ccc2c80265557f34b885626efe826457b631b30235e7de918,DUP_acdb2c2e0ff7791c,1,False,84,4.442651256490317,0.8333333333333334,0.7802197802197802,0.14285714285714285,0.14285714285714285,0.023809523809523808,0.03296703296703297,0.0,0.01098901098901099,0.0,0.01098901098901099,0.0,0.01098901098901099,0.0,0.01098901098901099,like,0.8333333333333334,0.6904761904761905,positive,0.223861340445808,0.3174700512613201,0.2666690077303714,True,0.15595238095238095,0.0,positive,1.0,reactionfusion_v1_provisional,train,approved_masked
993,44,10,0,0,1,0,0,55,55,RF_POST_000993,Claude එකේ ෆැබල් 5 ආවත් තාමත් කට්ටිය හිතන් ඉන්නෙ AI එක්ක English වලින් විතරයි සම්බන්ධතා පවත්වන්න පුළුවන් කියල. 😊🫠☺ ඔයාගෙ අදහසත් දාගෙන යමු බලන්න. 👇👇👇👇,False,mixed,bcb66fc0980428b03d7af8f1a85fe8a1c09143a813d1e44ab9cf9dafe3f58a60,DUP_bcb66fc0980428b0,1,False,55,4.02535169073515,0.8,0.7258064516129032,0.18181818181818182,0.1774193548387097,0.0,0.016129032258064516,0.0,0.016129032258064516,0.01818181818181818,0.03225806451612903,0.0,0.016129032258064516,0.0,0.016129032258064516,like,0.8,0.6181818181818182,positive,0.2047460245680114,0.35863301904057066,0.2884663730648334,True,0.18181818181818182,0.0,positive,1.0,reactionfusion_v1_provisional,train,approved
994,37,9,0,0,0,0,0,46,46,RF_POST_000994,"Recording බලන්න *Gold Package* එක ඩොලර් 30ක් මාසෙට ගෙවනවද, නැත්තන් ""MACHN"" Coupon එකෙන් ඩොලර් 3ට ගන්නවද? හැමදාම නැහැ, හැමතැනම නැහැ. 👇👇👇👇👇",False,mixed,3f969525bee539d06fcadc3ba1bc18e50ff5a5fc520f0c90ac00681e938b7c3d,DUP_3f969525bee539d0,1,False,46,3.8501476017100584,0.8043478260869565,0.7169811320754716,0.1956521739130435,0.18867924528301888,0.0,0.018867924528301886,0.0,0.018867924528301886,0.0,0.018867924528301886,0.0,0.018867924528301886,0.0,0.018867924528301886,like,0.8043478260869565,0.6086956521739131,positive,0.19943973795474418,0.3798241125188544,0.254027997327749,True,0.1956521739130435,0.0,positive,1.0,reactionfusion_v1_provisional,train,approved
995,855,232,19,1,5,0,0,1112,1112,RF_POST_000995,හෙට(10) රෑ 9ට ලයිව් එකට ආවොත් Telegram බොටෙක් හදාගෙන එයාට කියල ඔයාගෙ ලැප්ටොප් එකට සෙට් වෙලා බූතයෙක් වගේ වැඩ කරවගන්න කියල දෙන්නම්. වෙබ්සයිට් හදන්නත් පුලුවන්. 😌,False,mixed,bcc8706aafd63d09349659067ec0513ae42295c341aa7a4751db50012ca85d86,DUP_bcc8706aafd63d09,1,False,1112,7.014814351275545,0.7688848920863309,0.7649687220732797,0.20863309352517986,0.20822162645218945,0.0170863309352518,0.017873100983020553,0.0008992805755395684,0.0017873100983020554,0.0044964028776978415,0.005361930294906166,0.0,0.0008936550491510277,0.0,0.0008936550491510277,like,0.7688848920863309,0.560251798561151,positive,0.3423696672748728,0.4083934827038494,0.32333432412646557,True,0.21803057553956837,0.0,positive,1.0,reactionfusion_v1_provisional,train,approved
996,577,97,8,0,1,0,0,683,683,RF_POST_000996,"එක Prompt එකකිනුයි, Image එකකිනුයි, සුපිරි ඇඩ් එකක් තප්පර 30කින්, සිංහලෙන්, හදාගන්න හැටි වීඩියෝ එකක් දෙන්නද? වීඩියෝ එක ආපු ගමන් බලන්න ඕනෙනම් 👇👇👇👇",False,mixed,8c1bee94571ca18435cfab15af15e7f60d44c40a8c9bc03a7cccc8f8b096948b,DUP_8c1bee94571ca184,1,False,683,6.52795791762255,0.8448023426061494,0.8376811594202899,0.14202049780380674,0.14202898550724638,0.01171303074670571,0.013043478260869565,0.0,0.0014492753623188406,0.0014641288433382138,0.002898550724637681,0.0,0.0014492753623188406,0.0,0.0014492753623188406,like,0.8448023426061494,0.7027818448023426,positive,0.2682912126787845,0.3061548001876657,0.24734725082181203,True,0.14846266471449487,0.0,positive,1.0,reactionfusion_v1_provisional,train,approved
997,1933,350,29,3,21,1,0,2337,2337,RF_POST_000997,"අද ඉඳන් ඔයාගෙ වෙබ්සයිට් එක හදන්නෙ නැහැ, හැදෙනව. දන්නෙ නැති දේවල් කරන්න ඕනෙ නැහැ, තේරෙන සිංහලෙන් ඔයාට ඕනෙ දේ කිව්වම එයා හදල දෙනවා!🫠🥹☺",False,sinhala,ded66f1b8334e8a3215c3e9f2ec0345a1a311004039c62dc3d81b7317120ec19,DUP_ded66f1b8334e8a3,1,False,2337,7.757051142032013,0.8271287976037656,0.8250853242320819,0.14976465554129226,0.14974402730375427,0.012409071459135643,0.012798634812286689,0.0012836970474967907,0.0017064846416382253,0.008985879332477536,0.00938566552901024,0.0004278990158322636,0.0008532423208191126,0.0,0.0004266211604095563,like,0.8271287976037656,0.6773641420624733,positive,0.2734832954655176,0.3184950824970547,0.2826529482253678,True,0.15658964484381685,0.0004278990158322636,positive,0.9945496661670528,reactionfusion_v1_provisional,train,approved
998,853,210,12,4,63,0,0,1142,1142,RF_POST_000998,"ඔයාගෙ Website එක Auto හැදිල, Maintenance කරන එකත් Auto ම වෙන Solution එක ලඟදීම...",False,mixed,cf8a4fb90f5bc0cc8451803723ea5202a97a3ef8a20a2a4a2a5ab82df684588d,DUP_cf8a4fb90f5bc0cc,1,False,1142,7.04141166379481,0.7469352014010507,0.7432550043516101,0.18388791593695272,0.1836379460400348,0.010507880910683012,0.011314186248912098,0.0035026269702276708,0.004351610095735422,0.05516637478108581,0.0557006092254134,0.0,0.0008703220191470844,0.0,0.0008703220191470844,like,0.7469352014010507,0.5630472854640981,positive,0.2962681381448064,0.367794103296777,0.38894568713940286,True,0.1896672504378284,0.0,positive,1.0,reactionfusion_v1_provisional,train,approved
999,881,171,14,0,1,0,0,1067,1067,RF_POST_000999,කඩ්ඩෙන් කොන් නොවී ගැම්මෙන් කතා කරන්න Patterns 30ක සුපිරි පොත 100% නොමිලේ! ඕනෙද? 👇,False,mixed,8af383a71d3267b0b5dcfa1b9eb5cca3054afea2ea5bae3fcd8997262592ae7f,DUP_8af383a71d3267b0,1,False,1067,6.97354301952014,0.8256794751640113,0.8212290502793296,0.16026241799437677,0.1601489757914339,0.013120899718837863,0.013966480446927373,0.0,0.000931098696461825,0.0009372071227741331,0.00186219739292365,0.0,0.000931098696461825,0.0,0.000931098696461825,like,0.8256794751640113,0.6654170571696345,positive,0.2921046161917355,0.33665198549427,0.26464937718683174,True,0.1674789128397376,0.0,positive,1.0,reactionfusion_v1_provisional,train,approved
